valid_time,latitude,longitude,location,reference_temperature,reference_precipitation,reference_wind_speed,reference_dataset,reference_type
2024-06-15T00:00,28.6139,77.209,Delhi,32.2,0.0,19.4,ERA5_REANALYSIS,REFERENCE_REANALYSIS
2024-06-15T01:00,28.6139,77.209,Delhi,32.8,0.0,20.2,ERA5_REANALYSIS,REFERENCE_REANALYSIS
2024-06-15T02:00,28.6139,77.209,Delhi,34.1,0.0,21.7,ERA5_REANALYSIS,REFERENCE_REANALYSIS
2024-06-15T03:00,28.6139,77.209,Delhi,35.8,0.0,24.4,ERA5_REANALYSIS,REFERENCE_REANALYSIS
2024-06-15T04:00,28.6139,77.209,Delhi,37.7,0.0,27.1,ERA5_REANALYSIS,REFERENCE_REANALYSIS
2024-06-15T05:00,28.6139,77.209,Delhi,39.5,0.0,28.3,ERA5_REANALYSIS,REFERENCE_REANALYSIS
2024-06-15T06:00,28.6139,77.209,Delhi,41.0,0.0,27.4,ERA5_REANALYSIS,REFERENCE_REANALYSIS
2024-06-15T07:00,28.6139,77.209,Delhi,42.4,0.0,25.3,ERA5_REANALYSIS,REFERENCE_REANALYSIS
2024-06-15T08:00,28.6139,77.209,Delhi,43.0,0.0,23.5,ERA5_REANALYSIS,REFERENCE_REANALYSIS
2024-06-15T09:00,28.6139,77.209,Delhi,43.3,0.0,21.3,ERA5_REANALYSIS,REFERENCE_REANALYSIS
2024-06-15T10:00,28.6139,77.209,Delhi,43.3,0.0,20.3,ERA5_REANALYSIS,REFERENCE_REANALYSIS
2024-06-15T11:00,28.6139,77.209,Delhi,43.2,0.0,19.6,ERA5_REANALYSIS,REFERENCE_REANALYSIS
2024-06-15T12:00,28.6139,77.209,Delhi,42.7,0.0,20.5,ERA5_REANALYSIS,REFERENCE_REANALYSIS
2024-06-15T13:00,28.6139,77.209,Delhi,41.4,0.0,17.4,ERA5_REANALYSIS,REFERENCE_REANALYSIS
2024-06-15T14:00,28.6139,77.209,Delhi,39.5,0.0,12.9,ERA5_REANALYSIS,REFERENCE_REANALYSIS
2024-06-15T15:00,28.6139,77.209,Delhi,38.1,0.0,11.9,ERA5_REANALYSIS,REFERENCE_REANALYSIS
2024-06-15T16:00,28.6139,77.209,Delhi,37.1,0.0,11.2,ERA5_REANALYSIS,REFERENCE_REANALYSIS
2024-06-15T17:00,28.6139,77.209,Delhi,36.2,0.0,10.4,ERA5_REANALYSIS,REFERENCE_REANALYSIS
2024-06-15T18:00,28.6139,77.209,Delhi,35.3,0.0,10.7,ERA5_REANALYSIS,REFERENCE_REANALYSIS
2024-06-15T19:00,28.6139,77.209,Delhi,34.7,0.0,11.0,ERA5_REANALYSIS,REFERENCE_REANALYSIS
2024-06-15T20:00,28.6139,77.209,Delhi,33.6,0.0,12.9,ERA5_REANALYSIS,REFERENCE_REANALYSIS
2024-06-15T21:00,28.6139,77.209,Delhi,33.4,0.0,15.9,ERA5_REANALYSIS,REFERENCE_REANALYSIS
2024-06-15T22:00,28.6139,77.209,Delhi,33.2,0.0,15.9,ERA5_REANALYSIS,REFERENCE_REANALYSIS
2024-06-15T23:00,28.6139,77.209,Delhi,32.8,0.0,16.2,ERA5_REANALYSIS,REFERENCE_REANALYSIS
2024-06-16T00:00,28.6139,77.209,Delhi,32.8,0.0,16.9,ERA5_REANALYSIS,REFERENCE_REANALYSIS
2024-06-16T01:00,28.6139,77.209,Delhi,33.3,0.0,14.9,ERA5_REANALYSIS,REFERENCE_REANALYSIS
2024-06-16T02:00,28.6139,77.209,Delhi,35.1,0.0,17.3,ERA5_REANALYSIS,REFERENCE_REANALYSIS
2024-06-16T03:00,28.6139,77.209,Delhi,37.1,0.0,21.9,ERA5_REANALYSIS,REFERENCE_REANALYSIS
2024-06-16T04:00,28.6139,77.209,Delhi,38.9,0.0,24.3,ERA5_REANALYSIS,REFERENCE_REANALYSIS
2024-06-16T05:00,28.6139,77.209,Delhi,40.5,0.0,25.1,ERA5_REANALYSIS,REFERENCE_REANALYSIS
2024-06-16T06:00,28.6139,77.209,Delhi,42.0,0.0,24.0,ERA5_REANALYSIS,REFERENCE_REANALYSIS
2024-06-16T07:00,28.6139,77.209,Delhi,43.1,0.0,23.0,ERA5_REANALYSIS,REFERENCE_REANALYSIS
2024-06-16T08:00,28.6139,77.209,Delhi,43.7,0.0,23.0,ERA5_REANALYSIS,REFERENCE_REANALYSIS
2024-06-16T09:00,28.6139,77.209,Delhi,44.0,0.0,22.1,ERA5_REANALYSIS,REFERENCE_REANALYSIS
2024-06-16T10:00,28.6139,77.209,Delhi,44.1,0.0,23.3,ERA5_REANALYSIS,REFERENCE_REANALYSIS
2024-06-16T11:00,28.6139,77.209,Delhi,43.6,0.0,23.2,ERA5_REANALYSIS,REFERENCE_REANALYSIS
2024-06-16T12:00,28.6139,77.209,Delhi,43.0,0.0,23.2,ERA5_REANALYSIS,REFERENCE_REANALYSIS
2024-06-16T13:00,28.6139,77.209,Delhi,42.3,0.0,19.1,ERA5_REANALYSIS,REFERENCE_REANALYSIS
2024-06-16T14:00,28.6139,77.209,Delhi,40.5,0.0,14.5,ERA5_REANALYSIS,REFERENCE_REANALYSIS
2024-06-16T15:00,28.6139,77.209,Delhi,39.2,0.0,13.3,ERA5_REANALYSIS,REFERENCE_REANALYSIS
2024-06-16T16:00,28.6139,77.209,Delhi,37.8,0.0,10.0,ERA5_REANALYSIS,REFERENCE_REANALYSIS
2024-06-16T17:00,28.6139,77.209,Delhi,36.4,0.0,10.6,ERA5_REANALYSIS,REFERENCE_REANALYSIS
2024-06-16T18:00,28.6139,77.209,Delhi,36.0,0.0,10.9,ERA5_REANALYSIS,REFERENCE_REANALYSIS
2024-06-16T19:00,28.6139,77.209,Delhi,35.4,0.0,11.5,ERA5_REANALYSIS,REFERENCE_REANALYSIS
2024-06-16T20:00,28.6139,77.209,Delhi,34.9,0.0,11.9,ERA5_REANALYSIS,REFERENCE_REANALYSIS
2024-06-16T21:00,28.6139,77.209,Delhi,34.6,0.0,13.7,ERA5_REANALYSIS,REFERENCE_REANALYSIS
2024-06-16T22:00,28.6139,77.209,Delhi,34.6,0.0,16.9,ERA5_REANALYSIS,REFERENCE_REANALYSIS
2024-06-16T23:00,28.6139,77.209,Delhi,34.2,0.0,17.1,ERA5_REANALYSIS,REFERENCE_REANALYSIS
2024-06-17T00:00,28.6139,77.209,Delhi,33.7,0.0,17.8,ERA5_REANALYSIS,REFERENCE_REANALYSIS
2024-06-17T01:00,28.6139,77.209,Delhi,34.3,0.0,19.1,ERA5_REANALYSIS,REFERENCE_REANALYSIS
2024-06-17T02:00,28.6139,77.209,Delhi,36.0,0.0,19.9,ERA5_REANALYSIS,REFERENCE_REANALYSIS
2024-06-17T03:00,28.6139,77.209,Delhi,37.8,0.0,23.9,ERA5_REANALYSIS,REFERENCE_REANALYSIS
2024-06-17T04:00,28.6139,77.209,Delhi,39.2,0.0,25.5,ERA5_REANALYSIS,REFERENCE_REANALYSIS
2024-06-17T05:00,28.6139,77.209,Delhi,40.9,0.0,26.4,ERA5_REANALYSIS,REFERENCE_REANALYSIS
2024-06-17T06:00,28.6139,77.209,Delhi,42.2,0.0,26.1,ERA5_REANALYSIS,REFERENCE_REANALYSIS
2024-06-17T07:00,28.6139,77.209,Delhi,43.4,0.0,26.1,ERA5_REANALYSIS,REFERENCE_REANALYSIS
2024-06-17T08:00,28.6139,77.209,Delhi,43.6,0.0,26.5,ERA5_REANALYSIS,REFERENCE_REANALYSIS
2024-06-17T09:00,28.6139,77.209,Delhi,44.0,0.0,26.8,ERA5_REANALYSIS,REFERENCE_REANALYSIS
2024-06-17T10:00,28.6139,77.209,Delhi,43.9,0.0,26.6,ERA5_REANALYSIS,REFERENCE_REANALYSIS
2024-06-17T11:00,28.6139,77.209,Delhi,43.6,0.0,26.1,ERA5_REANALYSIS,REFERENCE_REANALYSIS
2024-06-17T12:00,28.6139,77.209,Delhi,43.1,0.0,24.6,ERA5_REANALYSIS,REFERENCE_REANALYSIS
2024-06-17T13:00,28.6139,77.209,Delhi,43.1,0.0,20.0,ERA5_REANALYSIS,REFERENCE_REANALYSIS
2024-06-17T14:00,28.6139,77.209,Delhi,41.3,0.0,15.5,ERA5_REANALYSIS,REFERENCE_REANALYSIS
2024-06-17T15:00,28.6139,77.209,Delhi,39.4,0.0,10.1,ERA5_REANALYSIS,REFERENCE_REANALYSIS
2024-06-17T16:00,28.6139,77.209,Delhi,38.0,0.0,9.4,ERA5_REANALYSIS,REFERENCE_REANALYSIS
2024-06-17T17:00,28.6139,77.209,Delhi,37.2,0.0,10.9,ERA5_REANALYSIS,REFERENCE_REANALYSIS
2024-06-17T18:00,28.6139,77.209,Delhi,36.5,0.0,10.9,ERA5_REANALYSIS,REFERENCE_REANALYSIS
2024-06-17T19:00,28.6139,77.209,Delhi,35.9,0.0,11.6,ERA5_REANALYSIS,REFERENCE_REANALYSIS
2024-06-17T20:00,28.6139,77.209,Delhi,35.2,0.0,12.4,ERA5_REANALYSIS,REFERENCE_REANALYSIS
2024-06-17T21:00,28.6139,77.209,Delhi,35.1,0.0,13.7,ERA5_REANALYSIS,REFERENCE_REANALYSIS
2024-06-17T22:00,28.6139,77.209,Delhi,34.9,0.0,15.9,ERA5_REANALYSIS,REFERENCE_REANALYSIS
2024-06-17T23:00,28.6139,77.209,Delhi,34.6,0.0,17.7,ERA5_REANALYSIS,REFERENCE_REANALYSIS
2024-06-18T00:00,28.6139,77.209,Delhi,34.5,0.0,19.8,ERA5_REANALYSIS,REFERENCE_REANALYSIS
2024-06-18T01:00,28.6139,77.209,Delhi,35.1,0.0,16.6,ERA5_REANALYSIS,REFERENCE_REANALYSIS
2024-06-18T02:00,28.6139,77.209,Delhi,36.7,0.0,20.8,ERA5_REANALYSIS,REFERENCE_REANALYSIS
2024-06-18T03:00,28.6139,77.209,Delhi,38.0,0.0,26.9,ERA5_REANALYSIS,REFERENCE_REANALYSIS
2024-06-18T04:00,28.6139,77.209,Delhi,39.4,0.0,30.9,ERA5_REANALYSIS,REFERENCE_REANALYSIS
2024-06-18T05:00,28.6139,77.209,Delhi,40.8,0.0,30.3,ERA5_REANALYSIS,REFERENCE_REANALYSIS
2024-06-18T06:00,28.6139,77.209,Delhi,42.1,0.0,28.2,ERA5_REANALYSIS,REFERENCE_REANALYSIS
2024-06-18T07:00,28.6139,77.209,Delhi,42.8,0.0,27.9,ERA5_REANALYSIS,REFERENCE_REANALYSIS
2024-06-18T08:00,28.6139,77.209,Delhi,43.5,0.0,26.2,ERA5_REANALYSIS,REFERENCE_REANALYSIS
2024-06-18T09:00,28.6139,77.209,Delhi,44.2,0.0,25.0,ERA5_REANALYSIS,REFERENCE_REANALYSIS
2024-06-18T10:00,28.6139,77.209,Delhi,44.0,0.0,24.2,ERA5_REANALYSIS,REFERENCE_REANALYSIS
2024-06-18T11:00,28.6139,77.209,Delhi,43.8,0.0,24.7,ERA5_REANALYSIS,REFERENCE_REANALYSIS
2024-06-18T12:00,28.6139,77.209,Delhi,43.1,0.0,25.3,ERA5_REANALYSIS,REFERENCE_REANALYSIS
2024-06-18T13:00,28.6139,77.209,Delhi,42.2,0.0,18.2,ERA5_REANALYSIS,REFERENCE_REANALYSIS
2024-06-18T14:00,28.6139,77.209,Delhi,39.8,0.0,12.7,ERA5_REANALYSIS,REFERENCE_REANALYSIS
2024-06-18T15:00,28.6139,77.209,Delhi,38.2,0.0,10.9,ERA5_REANALYSIS,REFERENCE_REANALYSIS
2024-06-18T16:00,28.6139,77.209,Delhi,37.1,0.0,11.2,ERA5_REANALYSIS,REFERENCE_REANALYSIS
2024-06-18T17:00,28.6139,77.209,Delhi,36.7,0.0,14.2,ERA5_REANALYSIS,REFERENCE_REANALYSIS
2024-06-18T18:00,28.6139,77.209,Delhi,36.4,0.0,15.9,ERA5_REANALYSIS,REFERENCE_REANALYSIS
2024-06-18T19:00,28.6139,77.209,Delhi,36.0,0.0,16.6,ERA5_REANALYSIS,REFERENCE_REANALYSIS
2024-06-18T20:00,28.6139,77.209,Delhi,35.6,0.0,14.3,ERA5_REANALYSIS,REFERENCE_REANALYSIS
2024-06-18T21:00,28.6139,77.209,Delhi,35.3,0.0,17.0,ERA5_REANALYSIS,REFERENCE_REANALYSIS
2024-06-18T22:00,28.6139,77.209,Delhi,35.3,0.0,21.9,ERA5_REANALYSIS,REFERENCE_REANALYSIS
2024-06-18T23:00,28.6139,77.209,Delhi,34.8,0.0,22.9,ERA5_REANALYSIS,REFERENCE_REANALYSIS
2024-06-19T00:00,28.6139,77.209,Delhi,34.4,0.0,23.4,ERA5_REANALYSIS,REFERENCE_REANALYSIS
2024-06-19T01:00,28.6139,77.209,Delhi,33.7,0.1,18.6,ERA5_REANALYSIS,REFERENCE_REANALYSIS
2024-06-19T02:00,28.6139,77.209,Delhi,33.8,0.0,20.0,ERA5_REANALYSIS,REFERENCE_REANALYSIS
2024-06-19T03:00,28.6139,77.209,Delhi,37.0,0.0,25.3,ERA5_REANALYSIS,REFERENCE_REANALYSIS
2024-06-19T04:00,28.6139,77.209,Delhi,36.6,0.0,32.1,ERA5_REANALYSIS,REFERENCE_REANALYSIS
2024-06-19T05:00,28.6139,77.209,Delhi,38.0,0.0,28.5,ERA5_REANALYSIS,REFERENCE_REANALYSIS
2024-06-19T06:00,28.6139,77.209,Delhi,39.8,0.2,27.1,ERA5_REANALYSIS,REFERENCE_REANALYSIS
2024-06-19T07:00,28.6139,77.209,Delhi,40.5,0.0,26.9,ERA5_REANALYSIS,REFERENCE_REANALYSIS
2024-06-19T08:00,28.6139,77.209,Delhi,39.6,0.5,23.2,ERA5_REANALYSIS,REFERENCE_REANALYSIS
2024-06-19T09:00,28.6139,77.209,Delhi,41.3,0.0,14.4,ERA5_REANALYSIS,REFERENCE_REANALYSIS
2024-06-19T10:00,28.6139,77.209,Delhi,41.3,0.0,21.3,ERA5_REANALYSIS,REFERENCE_REANALYSIS
2024-06-19T11:00,28.6139,77.209,Delhi,41.1,0.0,16.6,ERA5_REANALYSIS,REFERENCE_REANALYSIS
2024-06-19T12:00,28.6139,77.209,Delhi,40.4,0.0,17.8,ERA5_REANALYSIS,REFERENCE_REANALYSIS
2024-06-19T13:00,28.6139,77.209,Delhi,37.3,0.0,21.0,ERA5_REANALYSIS,REFERENCE_REANALYSIS
2024-06-19T14:00,28.6139,77.209,Delhi,37.8,0.0,4.3,ERA5_REANALYSIS,REFERENCE_REANALYSIS
2024-06-19T15:00,28.6139,77.209,Delhi,35.7,0.0,15.3,ERA5_REANALYSIS,REFERENCE_REANALYSIS
2024-06-19T16:00,28.6139,77.209,Delhi,35.3,0.0,9.8,ERA5_REANALYSIS,REFERENCE_REANALYSIS
2024-06-19T17:00,28.6139,77.209,Delhi,34.7,0.0,6.2,ERA5_REANALYSIS,REFERENCE_REANALYSIS
2024-06-19T18:00,28.6139,77.209,Delhi,34.1,0.0,4.6,ERA5_REANALYSIS,REFERENCE_REANALYSIS
2024-06-19T19:00,28.6139,77.209,Delhi,33.4,0.0,7.4,ERA5_REANALYSIS,REFERENCE_REANALYSIS
2024-06-19T20:00,28.6139,77.209,Delhi,33.6,0.0,4.2,ERA5_REANALYSIS,REFERENCE_REANALYSIS
2024-06-19T21:00,28.6139,77.209,Delhi,33.1,0.0,7.4,ERA5_REANALYSIS,REFERENCE_REANALYSIS
2024-06-19T22:00,28.6139,77.209,Delhi,33.5,0.0,11.7,ERA5_REANALYSIS,REFERENCE_REANALYSIS
2024-06-19T23:00,28.6139,77.209,Delhi,33.8,0.0,13.6,ERA5_REANALYSIS,REFERENCE_REANALYSIS
2024-06-20T00:00,28.6139,77.209,Delhi,33.5,0.0,14.5,ERA5_REANALYSIS,REFERENCE_REANALYSIS
2024-06-20T01:00,28.6139,77.209,Delhi,25.6,1.4,13.3,ERA5_REANALYSIS,REFERENCE_REANALYSIS
2024-06-20T02:00,28.6139,77.209,Delhi,25.5,3.2,11.0,ERA5_REANALYSIS,REFERENCE_REANALYSIS
2024-06-20T03:00,28.6139,77.209,Delhi,27.8,0.3,10.0,ERA5_REANALYSIS,REFERENCE_REANALYSIS
2024-06-20T04:00,28.6139,77.209,Delhi,29.2,0.0,12.7,ERA5_REANALYSIS,REFERENCE_REANALYSIS
2024-06-20T05:00,28.6139,77.209,Delhi,31.7,0.0,11.0,ERA5_REANALYSIS,REFERENCE_REANALYSIS
2024-06-20T06:00,28.6139,77.209,Delhi,33.9,0.0,8.7,ERA5_REANALYSIS,REFERENCE_REANALYSIS
2024-06-20T07:00,28.6139,77.209,Delhi,36.1,0.0,5.5,ERA5_REANALYSIS,REFERENCE_REANALYSIS
2024-06-20T08:00,28.6139,77.209,Delhi,37.7,0.0,6.4,ERA5_REANALYSIS,REFERENCE_REANALYSIS
2024-06-20T09:00,28.6139,77.209,Delhi,38.6,0.0,6.1,ERA5_REANALYSIS,REFERENCE_REANALYSIS
2024-06-20T10:00,28.6139,77.209,Delhi,39.3,0.0,5.4,ERA5_REANALYSIS,REFERENCE_REANALYSIS
2024-06-20T11:00,28.6139,77.209,Delhi,39.0,0.0,4.8,ERA5_REANALYSIS,REFERENCE_REANALYSIS
2024-06-20T12:00,28.6139,77.209,Delhi,38.9,0.0,5.6,ERA5_REANALYSIS,REFERENCE_REANALYSIS
2024-06-20T13:00,28.6139,77.209,Delhi,36.8,0.0,5.0,ERA5_REANALYSIS,REFERENCE_REANALYSIS
2024-06-20T14:00,28.6139,77.209,Delhi,36.1,0.0,7.0,ERA5_REANALYSIS,REFERENCE_REANALYSIS
2024-06-20T15:00,28.6139,77.209,Delhi,35.7,0.0,9.9,ERA5_REANALYSIS,REFERENCE_REANALYSIS
2024-06-20T16:00,28.6139,77.209,Delhi,35.3,0.0,8.7,ERA5_REANALYSIS,REFERENCE_REANALYSIS
2024-06-20T17:00,28.6139,77.209,Delhi,34.5,0.0,3.9,ERA5_REANALYSIS,REFERENCE_REANALYSIS
2024-06-20T18:00,28.6139,77.209,Delhi,34.1,0.0,3.3,ERA5_REANALYSIS,REFERENCE_REANALYSIS
2024-06-20T19:00,28.6139,77.209,Delhi,33.1,0.0,4.7,ERA5_REANALYSIS,REFERENCE_REANALYSIS
2024-06-20T20:00,28.6139,77.209,Delhi,32.4,0.0,3.7,ERA5_REANALYSIS,REFERENCE_REANALYSIS
2024-06-20T21:00,28.6139,77.209,Delhi,32.0,0.0,4.9,ERA5_REANALYSIS,REFERENCE_REANALYSIS
2024-06-20T22:00,28.6139,77.209,Delhi,31.5,0.0,9.5,ERA5_REANALYSIS,REFERENCE_REANALYSIS
2024-06-20T23:00,28.6139,77.209,Delhi,26.6,1.8,28.2,ERA5_REANALYSIS,REFERENCE_REANALYSIS
2024-06-21T00:00,28.6139,77.209,Delhi,25.4,0.2,18.7,ERA5_REANALYSIS,REFERENCE_REANALYSIS
2024-06-21T01:00,28.6139,77.209,Delhi,26.3,0.1,15.7,ERA5_REANALYSIS,REFERENCE_REANALYSIS
2024-06-21T02:00,28.6139,77.209,Delhi,28.0,0.0,6.0,ERA5_REANALYSIS,REFERENCE_REANALYSIS
2024-06-21T03:00,28.6139,77.209,Delhi,30.0,0.0,11.4,ERA5_REANALYSIS,REFERENCE_REANALYSIS
2024-06-21T04:00,28.6139,77.209,Delhi,32.1,0.0,10.8,ERA5_REANALYSIS,REFERENCE_REANALYSIS
2024-06-21T05:00,28.6139,77.209,Delhi,33.8,0.0,8.5,ERA5_REANALYSIS,REFERENCE_REANALYSIS
2024-06-21T06:00,28.6139,77.209,Delhi,33.9,0.0,8.2,ERA5_REANALYSIS,REFERENCE_REANALYSIS
2024-06-21T07:00,28.6139,77.209,Delhi,35.0,0.0,6.5,ERA5_REANALYSIS,REFERENCE_REANALYSIS
2024-06-21T08:00,28.6139,77.209,Delhi,37.0,0.0,7.3,ERA5_REANALYSIS,REFERENCE_REANALYSIS
2024-06-21T09:00,28.6139,77.209,Delhi,38.0,0.0,9.5,ERA5_REANALYSIS,REFERENCE_REANALYSIS
2024-06-21T10:00,28.6139,77.209,Delhi,38.1,0.0,9.4,ERA5_REANALYSIS,REFERENCE_REANALYSIS
2024-06-21T11:00,28.6139,77.209,Delhi,38.3,0.0,10.4,ERA5_REANALYSIS,REFERENCE_REANALYSIS
2024-06-21T12:00,28.6139,77.209,Delhi,37.8,0.0,13.2,ERA5_REANALYSIS,REFERENCE_REANALYSIS
2024-06-21T13:00,28.6139,77.209,Delhi,32.9,0.0,9.8,ERA5_REANALYSIS,REFERENCE_REANALYSIS
2024-06-21T14:00,28.6139,77.209,Delhi,32.3,0.0,7.3,ERA5_REANALYSIS,REFERENCE_REANALYSIS
2024-06-21T15:00,28.6139,77.209,Delhi,32.0,0.0,7.0,ERA5_REANALYSIS,REFERENCE_REANALYSIS
2024-06-21T16:00,28.6139,77.209,Delhi,31.8,0.0,7.6,ERA5_REANALYSIS,REFERENCE_REANALYSIS
2024-06-21T17:00,28.6139,77.209,Delhi,31.5,0.0,6.6,ERA5_REANALYSIS,REFERENCE_REANALYSIS
2024-06-21T18:00,28.6139,77.209,Delhi,31.3,0.0,6.4,ERA5_REANALYSIS,REFERENCE_REANALYSIS
2024-06-21T19:00,28.6139,77.209,Delhi,31.1,0.0,7.2,ERA5_REANALYSIS,REFERENCE_REANALYSIS
2024-06-21T20:00,28.6139,77.209,Delhi,30.8,0.0,6.5,ERA5_REANALYSIS,REFERENCE_REANALYSIS
2024-06-21T21:00,28.6139,77.209,Delhi,30.6,0.0,4.5,ERA5_REANALYSIS,REFERENCE_REANALYSIS
2024-06-21T22:00,28.6139,77.209,Delhi,30.3,0.0,4.0,ERA5_REANALYSIS,REFERENCE_REANALYSIS
2024-06-21T23:00,28.6139,77.209,Delhi,30.2,0.0,3.1,ERA5_REANALYSIS,REFERENCE_REANALYSIS
2024-06-22T00:00,28.6139,77.209,Delhi,30.1,0.0,3.6,ERA5_REANALYSIS,REFERENCE_REANALYSIS
2024-06-22T01:00,28.6139,77.209,Delhi,29.9,0.0,8.6,ERA5_REANALYSIS,REFERENCE_REANALYSIS
2024-06-22T02:00,28.6139,77.209,Delhi,31.0,0.0,10.4,ERA5_REANALYSIS,REFERENCE_REANALYSIS
2024-06-22T03:00,28.6139,77.209,Delhi,32.4,0.0,10.7,ERA5_REANALYSIS,REFERENCE_REANALYSIS
2024-06-22T04:00,28.6139,77.209,Delhi,33.5,0.0,9.7,ERA5_REANALYSIS,REFERENCE_REANALYSIS
2024-06-22T05:00,28.6139,77.209,Delhi,35.4,0.0,8.1,ERA5_REANALYSIS,REFERENCE_REANALYSIS
2024-06-22T06:00,28.6139,77.209,Delhi,36.8,0.0,6.1,ERA5_REANALYSIS,REFERENCE_REANALYSIS
2024-06-22T07:00,28.6139,77.209,Delhi,37.4,0.0,4.8,ERA5_REANALYSIS,REFERENCE_REANALYSIS
2024-06-22T08:00,28.6139,77.209,Delhi,36.7,0.0,5.7,ERA5_REANALYSIS,REFERENCE_REANALYSIS
2024-06-22T09:00,28.6139,77.209,Delhi,37.4,0.0,5.6,ERA5_REANALYSIS,REFERENCE_REANALYSIS
2024-06-22T10:00,28.6139,77.209,Delhi,38.4,0.0,6.5,ERA5_REANALYSIS,REFERENCE_REANALYSIS
2024-06-22T11:00,28.6139,77.209,Delhi,38.5,0.0,8.8,ERA5_REANALYSIS,REFERENCE_REANALYSIS
2024-06-22T12:00,28.6139,77.209,Delhi,37.8,0.0,10.1,ERA5_REANALYSIS,REFERENCE_REANALYSIS
2024-06-22T13:00,28.6139,77.209,Delhi,34.8,0.0,12.3,ERA5_REANALYSIS,REFERENCE_REANALYSIS
2024-06-22T14:00,28.6139,77.209,Delhi,34.0,0.0,10.7,ERA5_REANALYSIS,REFERENCE_REANALYSIS
2024-06-22T15:00,28.6139,77.209,Delhi,33.4,0.0,10.1,ERA5_REANALYSIS,REFERENCE_REANALYSIS
2024-06-22T16:00,28.6139,77.209,Delhi,33.0,0.0,7.2,ERA5_REANALYSIS,REFERENCE_REANALYSIS
2024-06-22T17:00,28.6139,77.209,Delhi,32.7,0.0,7.2,ERA5_REANALYSIS,REFERENCE_REANALYSIS
2024-06-22T18:00,28.6139,77.209,Delhi,32.3,0.0,8.0,ERA5_REANALYSIS,REFERENCE_REANALYSIS
2024-06-22T19:00,28.6139,77.209,Delhi,32.0,0.0,9.7,ERA5_REANALYSIS,REFERENCE_REANALYSIS
2024-06-22T20:00,28.6139,77.209,Delhi,31.7,0.0,10.3,ERA5_REANALYSIS,REFERENCE_REANALYSIS
2024-06-22T21:00,28.6139,77.209,Delhi,31.3,0.0,9.2,ERA5_REANALYSIS,REFERENCE_REANALYSIS
2024-06-22T22:00,28.6139,77.209,Delhi,30.9,0.0,7.6,ERA5_REANALYSIS,REFERENCE_REANALYSIS
2024-06-22T23:00,28.6139,77.209,Delhi,30.5,0.0,5.8,ERA5_REANALYSIS,REFERENCE_REANALYSIS
2024-06-23T00:00,28.6139,77.209,Delhi,30.2,0.0,7.3,ERA5_REANALYSIS,REFERENCE_REANALYSIS
2024-06-23T01:00,28.6139,77.209,Delhi,30.5,0.0,6.8,ERA5_REANALYSIS,REFERENCE_REANALYSIS
2024-06-23T02:00,28.6139,77.209,Delhi,31.9,0.0,14.4,ERA5_REANALYSIS,REFERENCE_REANALYSIS
2024-06-23T03:00,28.6139,77.209,Delhi,32.8,0.0,15.5,ERA5_REANALYSIS,REFERENCE_REANALYSIS
2024-06-23T04:00,28.6139,77.209,Delhi,34.1,0.0,14.0,ERA5_REANALYSIS,REFERENCE_REANALYSIS
2024-06-23T05:00,28.6139,77.209,Delhi,35.4,0.0,12.9,ERA5_REANALYSIS,REFERENCE_REANALYSIS
2024-06-23T06:00,28.6139,77.209,Delhi,36.8,0.0,11.5,ERA5_REANALYSIS,REFERENCE_REANALYSIS
2024-06-23T07:00,28.6139,77.209,Delhi,38.1,0.0,11.9,ERA5_REANALYSIS,REFERENCE_REANALYSIS
2024-06-23T08:00,28.6139,77.209,Delhi,38.9,0.0,10.8,ERA5_REANALYSIS,REFERENCE_REANALYSIS
2024-06-23T09:00,28.6139,77.209,Delhi,39.4,0.0,10.9,ERA5_REANALYSIS,REFERENCE_REANALYSIS
2024-06-23T10:00,28.6139,77.209,Delhi,39.5,0.0,9.4,ERA5_REANALYSIS,REFERENCE_REANALYSIS
2024-06-23T11:00,28.6139,77.209,Delhi,37.3,0.2,9.2,ERA5_REANALYSIS,REFERENCE_REANALYSIS
2024-06-23T12:00,28.6139,77.209,Delhi,37.4,0.1,9.0,ERA5_REANALYSIS,REFERENCE_REANALYSIS
2024-06-23T13:00,28.6139,77.209,Delhi,36.9,0.0,7.6,ERA5_REANALYSIS,REFERENCE_REANALYSIS
2024-06-23T14:00,28.6139,77.209,Delhi,36.1,0.0,7.0,ERA5_REANALYSIS,REFERENCE_REANALYSIS
2024-06-23T15:00,28.6139,77.209,Delhi,35.5,0.0,8.7,ERA5_REANALYSIS,REFERENCE_REANALYSIS
2024-06-23T16:00,28.6139,77.209,Delhi,34.7,0.0,10.9,ERA5_REANALYSIS,REFERENCE_REANALYSIS
2024-06-23T17:00,28.6139,77.209,Delhi,34.0,0.0,12.0,ERA5_REANALYSIS,REFERENCE_REANALYSIS
2024-06-23T18:00,28.6139,77.209,Delhi,33.3,0.0,13.2,ERA5_REANALYSIS,REFERENCE_REANALYSIS
2024-06-23T19:00,28.6139,77.209,Delhi,32.8,0.0,12.4,ERA5_REANALYSIS,REFERENCE_REANALYSIS
2024-06-23T20:00,28.6139,77.209,Delhi,32.4,0.0,10.3,ERA5_REANALYSIS,REFERENCE_REANALYSIS
2024-06-23T21:00,28.6139,77.209,Delhi,31.9,0.0,7.7,ERA5_REANALYSIS,REFERENCE_REANALYSIS
2024-06-23T22:00,28.6139,77.209,Delhi,31.5,0.0,5.9,ERA5_REANALYSIS,REFERENCE_REANALYSIS
2024-06-23T23:00,28.6139,77.209,Delhi,31.3,0.0,5.1,ERA5_REANALYSIS,REFERENCE_REANALYSIS
2024-06-24T00:00,28.6139,77.209,Delhi,31.0,0.0,5.5,ERA5_REANALYSIS,REFERENCE_REANALYSIS
2024-06-24T01:00,28.6139,77.209,Delhi,32.3,0.0,2.6,ERA5_REANALYSIS,REFERENCE_REANALYSIS
2024-06-24T02:00,28.6139,77.209,Delhi,33.6,0.0,3.3,ERA5_REANALYSIS,REFERENCE_REANALYSIS
2024-06-24T03:00,28.6139,77.209,Delhi,34.5,0.0,9.1,ERA5_REANALYSIS,REFERENCE_REANALYSIS
2024-06-24T04:00,28.6139,77.209,Delhi,32.8,1.7,6.6,ERA5_REANALYSIS,REFERENCE_REANALYSIS
2024-06-24T05:00,28.6139,77.209,Delhi,33.8,0.0,6.6,ERA5_REANALYSIS,REFERENCE_REANALYSIS
2024-06-24T06:00,28.6139,77.209,Delhi,35.3,0.0,7.2,ERA5_REANALYSIS,REFERENCE_REANALYSIS
2024-06-24T07:00,28.6139,77.209,Delhi,37.3,0.0,7.0,ERA5_REANALYSIS,REFERENCE_REANALYSIS
2024-06-24T08:00,28.6139,77.209,Delhi,38.5,0.0,5.5,ERA5_REANALYSIS,REFERENCE_REANALYSIS
2024-06-24T09:00,28.6139,77.209,Delhi,39.3,0.0,5.0,ERA5_REANALYSIS,REFERENCE_REANALYSIS
2024-06-24T10:00,28.6139,77.209,Delhi,39.5,0.0,4.9,ERA5_REANALYSIS,REFERENCE_REANALYSIS
2024-06-24T11:00,28.6139,77.209,Delhi,39.4,0.0,7.8,ERA5_REANALYSIS,REFERENCE_REANALYSIS
2024-06-24T12:00,28.6139,77.209,Delhi,38.3,0.0,13.8,ERA5_REANALYSIS,REFERENCE_REANALYSIS
2024-06-24T13:00,28.6139,77.209,Delhi,33.5,0.0,15.1,ERA5_REANALYSIS,REFERENCE_REANALYSIS
2024-06-24T14:00,28.6139,77.209,Delhi,33.0,0.0,13.1,ERA5_REANALYSIS,REFERENCE_REANALYSIS
2024-06-24T15:00,28.6139,77.209,Delhi,32.5,0.0,13.0,ERA5_REANALYSIS,REFERENCE_REANALYSIS
2024-06-24T16:00,28.6139,77.209,Delhi,32.1,0.0,9.4,ERA5_REANALYSIS,REFERENCE_REANALYSIS
2024-06-24T17:00,28.6139,77.209,Delhi,31.8,0.0,7.0,ERA5_REANALYSIS,REFERENCE_REANALYSIS
2024-06-24T18:00,28.6139,77.209,Delhi,31.5,0.0,7.4,ERA5_REANALYSIS,REFERENCE_REANALYSIS
2024-06-24T19:00,28.6139,77.209,Delhi,31.2,0.0,9.1,ERA5_REANALYSIS,REFERENCE_REANALYSIS
2024-06-24T20:00,28.6139,77.209,Delhi,30.9,0.0,9.5,ERA5_REANALYSIS,REFERENCE_REANALYSIS
2024-06-24T21:00,28.6139,77.209,Delhi,30.4,0.0,8.7,ERA5_REANALYSIS,REFERENCE_REANALYSIS
2024-06-24T22:00,28.6139,77.209,Delhi,30.1,0.0,9.3,ERA5_REANALYSIS,REFERENCE_REANALYSIS
2024-06-24T23:00,28.6139,77.209,Delhi,29.9,0.0,8.8,ERA5_REANALYSIS,REFERENCE_REANALYSIS
2024-06-25T00:00,28.6139,77.209,Delhi,29.8,0.0,9.5,ERA5_REANALYSIS,REFERENCE_REANALYSIS
2024-06-25T01:00,28.6139,77.209,Delhi,30.1,0.0,4.3,ERA5_REANALYSIS,REFERENCE_REANALYSIS
2024-06-25T02:00,28.6139,77.209,Delhi,31.2,0.0,3.1,ERA5_REANALYSIS,REFERENCE_REANALYSIS
2024-06-25T03:00,28.6139,77.209,Delhi,32.6,0.0,2.1,ERA5_REANALYSIS,REFERENCE_REANALYSIS
2024-06-25T04:00,28.6139,77.209,Delhi,33.4,0.1,5.9,ERA5_REANALYSIS,REFERENCE_REANALYSIS
2024-06-25T05:00,28.6139,77.209,Delhi,34.8,0.2,7.9,ERA5_REANALYSIS,REFERENCE_REANALYSIS
2024-06-25T06:00,28.6139,77.209,Delhi,30.5,3.5,13.1,ERA5_REANALYSIS,REFERENCE_REANALYSIS
2024-06-25T07:00,28.6139,77.209,Delhi,32.5,0.0,4.1,ERA5_REANALYSIS,REFERENCE_REANALYSIS
2024-06-25T08:00,28.6139,77.209,Delhi,34.0,0.1,5.3,ERA5_REANALYSIS,REFERENCE_REANALYSIS
2024-06-25T09:00,28.6139,77.209,Delhi,35.0,0.1,6.0,ERA5_REANALYSIS,REFERENCE_REANALYSIS
2024-06-25T10:00,28.6139,77.209,Delhi,35.8,0.0,3.9,ERA5_REANALYSIS,REFERENCE_REANALYSIS
2024-06-25T11:00,28.6139,77.209,Delhi,36.2,0.0,4.5,ERA5_REANALYSIS,REFERENCE_REANALYSIS
2024-06-25T12:00,28.6139,77.209,Delhi,36.2,0.0,6.7,ERA5_REANALYSIS,REFERENCE_REANALYSIS
2024-06-25T13:00,28.6139,77.209,Delhi,36.6,0.0,10.4,ERA5_REANALYSIS,REFERENCE_REANALYSIS
2024-06-25T14:00,28.6139,77.209,Delhi,35.6,0.0,10.2,ERA5_REANALYSIS,REFERENCE_REANALYSIS
2024-06-25T15:00,28.6139,77.209,Delhi,34.5,0.0,15.3,ERA5_REANALYSIS,REFERENCE_REANALYSIS
2024-06-25T16:00,28.6139,77.209,Delhi,33.1,0.0,12.0,ERA5_REANALYSIS,REFERENCE_REANALYSIS
2024-06-25T17:00,28.6139,77.209,Delhi,32.7,0.0,10.5,ERA5_REANALYSIS,REFERENCE_REANALYSIS
2024-06-25T18:00,28.6139,77.209,Delhi,32.4,0.0,11.3,ERA5_REANALYSIS,REFERENCE_REANALYSIS
2024-06-25T19:00,28.6139,77.209,Delhi,32.1,0.0,7.4,ERA5_REANALYSIS,REFERENCE_REANALYSIS
2024-06-25T20:00,28.6139,77.209,Delhi,31.8,0.0,6.5,ERA5_REANALYSIS,REFERENCE_REANALYSIS
2024-06-25T21:00,28.6139,77.209,Delhi,30.3,1.9,7.6,ERA5_REANALYSIS,REFERENCE_REANALYSIS
2024-06-25T22:00,28.6139,77.209,Delhi,27.7,7.5,10.3,ERA5_REANALYSIS,REFERENCE_REANALYSIS
2024-06-25T23:00,28.6139,77.209,Delhi,27.8,0.1,3.4,ERA5_REANALYSIS,REFERENCE_REANALYSIS
2024-06-26T00:00,28.6139,77.209,Delhi,26.8,8.2,19.4,ERA5_REANALYSIS,REFERENCE_REANALYSIS
2024-06-26T01:00,28.6139,77.209,Delhi,29.2,1.0,7.4,ERA5_REANALYSIS,REFERENCE_REANALYSIS
2024-06-26T02:00,28.6139,77.209,Delhi,30.1,0.3,2.9,ERA5_REANALYSIS,REFERENCE_REANALYSIS
2024-06-26T03:00,28.6139,77.209,Delhi,29.2,0.5,9.8,ERA5_REANALYSIS,REFERENCE_REANALYSIS
2024-06-26T04:00,28.6139,77.209,Delhi,28.2,3.3,12.5,ERA5_REANALYSIS,REFERENCE_REANALYSIS
2024-06-26T05:00,28.6139,77.209,Delhi,28.6,0.5,14.3,ERA5_REANALYSIS,REFERENCE_REANALYSIS
2024-06-26T06:00,28.6139,77.209,Delhi,30.5,0.0,10.0,ERA5_REANALYSIS,REFERENCE_REANALYSIS
2024-06-26T07:00,28.6139,77.209,Delhi,32.4,0.0,12.6,ERA5_REANALYSIS,REFERENCE_REANALYSIS
2024-06-26T08:00,28.6139,77.209,Delhi,33.0,0.0,13.7,ERA5_REANALYSIS,REFERENCE_REANALYSIS
2024-06-26T09:00,28.6139,77.209,Delhi,34.3,0.0,13.7,ERA5_REANALYSIS,REFERENCE_REANALYSIS
2024-06-26T10:00,28.6139,77.209,Delhi,34.2,0.0,13.7,ERA5_REANALYSIS,REFERENCE_REANALYSIS
2024-06-26T11:00,28.6139,77.209,Delhi,34.3,0.0,13.0,ERA5_REANALYSIS,REFERENCE_REANALYSIS
2024-06-26T12:00,28.6139,77.209,Delhi,34.0,0.0,11.5,ERA5_REANALYSIS,REFERENCE_REANALYSIS
2024-06-26T13:00,28.6139,77.209,Delhi,32.9,0.0,14.7,ERA5_REANALYSIS,REFERENCE_REANALYSIS
2024-06-26T14:00,28.6139,77.209,Delhi,32.1,0.0,11.9,ERA5_REANALYSIS,REFERENCE_REANALYSIS
2024-06-26T15:00,28.6139,77.209,Delhi,31.5,0.0,10.8,ERA5_REANALYSIS,REFERENCE_REANALYSIS
2024-06-26T16:00,28.6139,77.209,Delhi,31.3,0.0,11.1,ERA5_REANALYSIS,REFERENCE_REANALYSIS
2024-06-26T17:00,28.6139,77.209,Delhi,30.8,0.0,11.0,ERA5_REANALYSIS,REFERENCE_REANALYSIS
2024-06-26T18:00,28.6139,77.209,Delhi,30.5,0.0,11.6,ERA5_REANALYSIS,REFERENCE_REANALYSIS
2024-06-26T19:00,28.6139,77.209,Delhi,30.1,0.0,12.6,ERA5_REANALYSIS,REFERENCE_REANALYSIS
2024-06-26T20:00,28.6139,77.209,Delhi,29.5,0.0,12.8,ERA5_REANALYSIS,REFERENCE_REANALYSIS
2024-06-26T21:00,28.6139,77.209,Delhi,27.0,2.7,21.7,ERA5_REANALYSIS,REFERENCE_REANALYSIS
2024-06-26T22:00,28.6139,77.209,Delhi,26.6,1.8,19.1,ERA5_REANALYSIS,REFERENCE_REANALYSIS
2024-06-26T23:00,28.6139,77.209,Delhi,25.5,2.6,20.3,ERA5_REANALYSIS,REFERENCE_REANALYSIS
2024-06-27T00:00,28.6139,77.209,Delhi,25.4,1.1,16.5,ERA5_REANALYSIS,REFERENCE_REANALYSIS
2024-06-27T01:00,28.6139,77.209,Delhi,27.0,0.1,14.7,ERA5_REANALYSIS,REFERENCE_REANALYSIS
2024-06-27T02:00,28.6139,77.209,Delhi,27.4,0.1,17.0,ERA5_REANALYSIS,REFERENCE_REANALYSIS
2024-06-27T03:00,28.6139,77.209,Delhi,26.7,0.6,16.6,ERA5_REANALYSIS,REFERENCE_REANALYSIS
2024-06-27T04:00,28.6139,77.209,Delhi,27.4,0.7,10.9,ERA5_REANALYSIS,REFERENCE_REANALYSIS
2024-06-27T05:00,28.6139,77.209,Delhi,28.3,0.5,13.1,ERA5_REANALYSIS,REFERENCE_REANALYSIS
2024-06-27T06:00,28.6139,77.209,Delhi,28.9,0.3,13.4,ERA5_REANALYSIS,REFERENCE_REANALYSIS
2024-06-27T07:00,28.6139,77.209,Delhi,29.4,0.2,16.7,ERA5_REANALYSIS,REFERENCE_REANALYSIS
2024-06-27T08:00,28.6139,77.209,Delhi,28.6,0.4,15.6,ERA5_REANALYSIS,REFERENCE_REANALYSIS
2024-06-27T09:00,28.6139,77.209,Delhi,29.2,0.2,12.5,ERA5_REANALYSIS,REFERENCE_REANALYSIS
2024-06-27T10:00,28.6139,77.209,Delhi,29.3,0.1,14.0,ERA5_REANALYSIS,REFERENCE_REANALYSIS
2024-06-27T11:00,28.6139,77.209,Delhi,29.1,0.1,12.7,ERA5_REANALYSIS,REFERENCE_REANALYSIS
2024-06-27T12:00,28.6139,77.209,Delhi,29.6,0.0,11.3,ERA5_REANALYSIS,REFERENCE_REANALYSIS
2024-06-27T13:00,28.6139,77.209,Delhi,30.4,0.0,14.0,ERA5_REANALYSIS,REFERENCE_REANALYSIS
2024-06-27T14:00,28.6139,77.209,Delhi,29.8,0.0,10.5,ERA5_REANALYSIS,REFERENCE_REANALYSIS
2024-06-27T15:00,28.6139,77.209,Delhi,29.3,0.0,9.5,ERA5_REANALYSIS,REFERENCE_REANALYSIS
2024-06-27T16:00,28.6139,77.209,Delhi,29.0,0.0,6.5,ERA5_REANALYSIS,REFERENCE_REANALYSIS
2024-06-27T17:00,28.6139,77.209,Delhi,28.6,0.0,5.7,ERA5_REANALYSIS,REFERENCE_REANALYSIS
2024-06-27T18:00,28.6139,77.209,Delhi,28.2,0.0,5.8,ERA5_REANALYSIS,REFERENCE_REANALYSIS
2024-06-27T19:00,28.6139,77.209,Delhi,28.0,0.0,9.2,ERA5_REANALYSIS,REFERENCE_REANALYSIS
2024-06-27T20:00,28.6139,77.209,Delhi,27.7,0.0,9.7,ERA5_REANALYSIS,REFERENCE_REANALYSIS
2024-06-27T21:00,28.6139,77.209,Delhi,27.6,0.0,9.9,ERA5_REANALYSIS,REFERENCE_REANALYSIS
2024-06-27T22:00,28.6139,77.209,Delhi,25.6,5.2,14.8,ERA5_REANALYSIS,REFERENCE_REANALYSIS
2024-06-27T23:00,28.6139,77.209,Delhi,25.7,0.3,8.6,ERA5_REANALYSIS,REFERENCE_REANALYSIS
2024-06-28T00:00,28.6139,77.209,Delhi,25.7,0.3,9.4,ERA5_REANALYSIS,REFERENCE_REANALYSIS
2024-06-28T01:00,28.6139,77.209,Delhi,25.9,2.9,10.8,ERA5_REANALYSIS,REFERENCE_REANALYSIS
2024-06-28T02:00,28.6139,77.209,Delhi,25.9,3.4,9.5,ERA5_REANALYSIS,REFERENCE_REANALYSIS
2024-06-28T03:00,28.6139,77.209,Delhi,25.9,3.2,10.0,ERA5_REANALYSIS,REFERENCE_REANALYSIS
2024-06-28T04:00,28.6139,77.209,Delhi,25.8,2.2,10.9,ERA5_REANALYSIS,REFERENCE_REANALYSIS
2024-06-28T05:00,28.6139,77.209,Delhi,26.3,1.5,11.0,ERA5_REANALYSIS,REFERENCE_REANALYSIS
2024-06-28T06:00,28.6139,77.209,Delhi,27.1,0.9,8.2,ERA5_REANALYSIS,REFERENCE_REANALYSIS
2024-06-28T07:00,28.6139,77.209,Delhi,28.2,0.5,6.9,ERA5_REANALYSIS,REFERENCE_REANALYSIS
2024-06-28T08:00,28.6139,77.209,Delhi,28.6,0.3,7.7,ERA5_REANALYSIS,REFERENCE_REANALYSIS
2024-06-28T09:00,28.6139,77.209,Delhi,29.3,0.1,6.4,ERA5_REANALYSIS,REFERENCE_REANALYSIS
2024-06-28T10:00,28.6139,77.209,Delhi,29.9,0.1,5.4,ERA5_REANALYSIS,REFERENCE_REANALYSIS
2024-06-28T11:00,28.6139,77.209,Delhi,30.4,0.0,3.6,ERA5_REANALYSIS,REFERENCE_REANALYSIS
2024-06-28T12:00,28.6139,77.209,Delhi,30.6,0.0,6.2,ERA5_REANALYSIS,REFERENCE_REANALYSIS
2024-06-28T13:00,28.6139,77.209,Delhi,30.4,0.0,10.1,ERA5_REANALYSIS,REFERENCE_REANALYSIS
2024-06-28T14:00,28.6139,77.209,Delhi,29.4,0.0,7.9,ERA5_REANALYSIS,REFERENCE_REANALYSIS
2024-06-28T15:00,28.6139,77.209,Delhi,28.8,0.0,8.1,ERA5_REANALYSIS,REFERENCE_REANALYSIS
2024-06-28T16:00,28.6139,77.209,Delhi,28.5,0.0,8.1,ERA5_REANALYSIS,REFERENCE_REANALYSIS
2024-06-28T17:00,28.6139,77.209,Delhi,28.2,0.0,6.8,ERA5_REANALYSIS,REFERENCE_REANALYSIS
2024-06-28T18:00,28.6139,77.209,Delhi,27.8,0.0,7.6,ERA5_REANALYSIS,REFERENCE_REANALYSIS
2024-06-28T19:00,28.6139,77.209,Delhi,27.6,0.0,8.3,ERA5_REANALYSIS,REFERENCE_REANALYSIS
2024-06-28T20:00,28.6139,77.209,Delhi,27.3,0.0,6.5,ERA5_REANALYSIS,REFERENCE_REANALYSIS
2024-06-28T21:00,28.6139,77.209,Delhi,27.0,0.0,3.6,ERA5_REANALYSIS,REFERENCE_REANALYSIS
2024-06-28T22:00,28.6139,77.209,Delhi,26.8,0.0,4.6,ERA5_REANALYSIS,REFERENCE_REANALYSIS
2024-06-28T23:00,28.6139,77.209,Delhi,26.6,0.0,6.8,ERA5_REANALYSIS,REFERENCE_REANALYSIS
2024-06-29T00:00,28.6139,77.209,Delhi,26.5,0.0,5.9,ERA5_REANALYSIS,REFERENCE_REANALYSIS
2024-06-29T01:00,28.6139,77.209,Delhi,26.8,3.1,4.2,ERA5_REANALYSIS,REFERENCE_REANALYSIS
2024-06-29T02:00,28.6139,77.209,Delhi,27.0,3.5,10.6,ERA5_REANALYSIS,REFERENCE_REANALYSIS
2024-06-29T03:00,28.6139,77.209,Delhi,27.7,0.5,11.7,ERA5_REANALYSIS,REFERENCE_REANALYSIS
2024-06-29T04:00,28.6139,77.209,Delhi,29.4,0.0,10.4,ERA5_REANALYSIS,REFERENCE_REANALYSIS
2024-06-29T05:00,28.6139,77.209,Delhi,31.5,0.1,8.5,ERA5_REANALYSIS,REFERENCE_REANALYSIS
2024-06-29T06:00,28.6139,77.209,Delhi,32.5,0.2,6.2,ERA5_REANALYSIS,REFERENCE_REANALYSIS
2024-06-29T07:00,28.6139,77.209,Delhi,32.9,0.3,7.5,ERA5_REANALYSIS,REFERENCE_REANALYSIS
2024-06-29T08:00,28.6139,77.209,Delhi,32.1,3.2,9.2,ERA5_REANALYSIS,REFERENCE_REANALYSIS
2024-06-29T09:00,28.6139,77.209,Delhi,30.5,7.3,11.3,ERA5_REANALYSIS,REFERENCE_REANALYSIS
2024-06-29T10:00,28.6139,77.209,Delhi,29.8,0.7,3.4,ERA5_REANALYSIS,REFERENCE_REANALYSIS
2024-06-29T11:00,28.6139,77.209,Delhi,30.5,0.0,4.0,ERA5_REANALYSIS,REFERENCE_REANALYSIS
2024-06-29T12:00,28.6139,77.209,Delhi,30.6,0.0,7.1,ERA5_REANALYSIS,REFERENCE_REANALYSIS
2024-06-29T13:00,28.6139,77.209,Delhi,31.1,0.0,5.0,ERA5_REANALYSIS,REFERENCE_REANALYSIS
2024-06-29T14:00,28.6139,77.209,Delhi,30.6,0.0,2.9,ERA5_REANALYSIS,REFERENCE_REANALYSIS
2024-06-29T15:00,28.6139,77.209,Delhi,30.0,0.0,4.6,ERA5_REANALYSIS,REFERENCE_REANALYSIS
2024-06-29T16:00,28.6139,77.209,Delhi,29.7,0.0,7.2,ERA5_REANALYSIS,REFERENCE_REANALYSIS
2024-06-29T17:00,28.6139,77.209,Delhi,29.5,0.0,9.8,ERA5_REANALYSIS,REFERENCE_REANALYSIS
2024-06-29T18:00,28.6139,77.209,Delhi,29.2,0.0,11.4,ERA5_REANALYSIS,REFERENCE_REANALYSIS
2024-06-29T19:00,28.6139,77.209,Delhi,29.0,0.0,9.0,ERA5_REANALYSIS,REFERENCE_REANALYSIS
2024-06-29T20:00,28.6139,77.209,Delhi,28.9,0.0,9.2,ERA5_REANALYSIS,REFERENCE_REANALYSIS
2024-06-29T21:00,28.6139,77.209,Delhi,28.6,0.0,5.0,ERA5_REANALYSIS,REFERENCE_REANALYSIS
2024-06-29T22:00,28.6139,77.209,Delhi,28.6,0.1,1.1,ERA5_REANALYSIS,REFERENCE_REANALYSIS
2024-06-29T23:00,28.6139,77.209,Delhi,27.6,1.5,4.0,ERA5_REANALYSIS,REFERENCE_REANALYSIS
2024-06-30T00:00,28.6139,77.209,Delhi,27.3,0.0,3.9,ERA5_REANALYSIS,REFERENCE_REANALYSIS
2024-06-30T01:00,28.6139,77.209,Delhi,27.1,0.0,5.0,ERA5_REANALYSIS,REFERENCE_REANALYSIS
2024-06-30T02:00,28.6139,77.209,Delhi,28.0,0.0,4.5,ERA5_REANALYSIS,REFERENCE_REANALYSIS
2024-06-30T03:00,28.6139,77.209,Delhi,29.2,0.0,4.1,ERA5_REANALYSIS,REFERENCE_REANALYSIS
2024-06-30T04:00,28.6139,77.209,Delhi,30.6,0.1,6.5,ERA5_REANALYSIS,REFERENCE_REANALYSIS
2024-06-30T05:00,28.6139,77.209,Delhi,31.2,0.2,7.3,ERA5_REANALYSIS,REFERENCE_REANALYSIS
2024-06-30T06:00,28.6139,77.209,Delhi,32.8,0.0,8.1,ERA5_REANALYSIS,REFERENCE_REANALYSIS
2024-06-30T07:00,28.6139,77.209,Delhi,33.1,0.0,7.1,ERA5_REANALYSIS,REFERENCE_REANALYSIS
2024-06-30T08:00,28.6139,77.209,Delhi,33.5,0.1,6.4,ERA5_REANALYSIS,REFERENCE_REANALYSIS
2024-06-30T09:00,28.6139,77.209,Delhi,34.4,0.0,6.8,ERA5_REANALYSIS,REFERENCE_REANALYSIS
2024-06-30T10:00,28.6139,77.209,Delhi,34.8,0.0,7.2,ERA5_REANALYSIS,REFERENCE_REANALYSIS
2024-06-30T11:00,28.6139,77.209,Delhi,34.8,0.0,5.2,ERA5_REANALYSIS,REFERENCE_REANALYSIS
2024-06-30T12:00,28.6139,77.209,Delhi,34.6,0.0,5.2,ERA5_REANALYSIS,REFERENCE_REANALYSIS
2024-06-30T13:00,28.6139,77.209,Delhi,33.2,0.0,4.3,ERA5_REANALYSIS,REFERENCE_REANALYSIS
2024-06-30T14:00,28.6139,77.209,Delhi,32.0,0.0,3.3,ERA5_REANALYSIS,REFERENCE_REANALYSIS
2024-06-30T15:00,28.6139,77.209,Delhi,31.4,0.0,5.5,ERA5_REANALYSIS,REFERENCE_REANALYSIS
2024-06-30T16:00,28.6139,77.209,Delhi,30.7,0.0,7.4,ERA5_REANALYSIS,REFERENCE_REANALYSIS
2024-06-30T17:00,28.6139,77.209,Delhi,30.2,0.0,11.2,ERA5_REANALYSIS,REFERENCE_REANALYSIS
2024-06-30T18:00,28.6139,77.209,Delhi,26.8,9.9,15.6,ERA5_REANALYSIS,REFERENCE_REANALYSIS
2024-06-30T19:00,28.6139,77.209,Delhi,26.5,7.1,4.8,ERA5_REANALYSIS,REFERENCE_REANALYSIS
2024-06-30T20:00,28.6139,77.209,Delhi,26.4,0.4,3.9,ERA5_REANALYSIS,REFERENCE_REANALYSIS
2024-06-30T21:00,28.6139,77.209,Delhi,26.2,0.2,6.8,ERA5_REANALYSIS,REFERENCE_REANALYSIS
2024-06-30T22:00,28.6139,77.209,Delhi,26.1,2.2,3.3,ERA5_REANALYSIS,REFERENCE_REANALYSIS
2024-06-30T23:00,28.6139,77.209,Delhi,26.0,0.2,8.4,ERA5_REANALYSIS,REFERENCE_REANALYSIS
2024-07-01T00:00,28.6139,77.209,Delhi,25.9,0.1,5.4,ERA5_REANALYSIS,REFERENCE_REANALYSIS
2024-07-01T01:00,28.6139,77.209,Delhi,27.9,0.0,6.8,ERA5_REANALYSIS,REFERENCE_REANALYSIS
2024-07-01T02:00,28.6139,77.209,Delhi,28.7,0.0,7.4,ERA5_REANALYSIS,REFERENCE_REANALYSIS
2024-07-01T03:00,28.6139,77.209,Delhi,29.8,0.0,9.2,ERA5_REANALYSIS,REFERENCE_REANALYSIS
2024-07-01T04:00,28.6139,77.209,Delhi,31.1,0.2,11.8,ERA5_REANALYSIS,REFERENCE_REANALYSIS
2024-07-01T05:00,28.6139,77.209,Delhi,32.0,0.1,9.2,ERA5_REANALYSIS,REFERENCE_REANALYSIS
2024-07-01T06:00,28.6139,77.209,Delhi,33.0,0.0,8.4,ERA5_REANALYSIS,REFERENCE_REANALYSIS
2024-07-01T07:00,28.6139,77.209,Delhi,31.7,0.8,10.1,ERA5_REANALYSIS,REFERENCE_REANALYSIS
2024-07-01T08:00,28.6139,77.209,Delhi,32.3,0.0,5.2,ERA5_REANALYSIS,REFERENCE_REANALYSIS
2024-07-01T09:00,28.6139,77.209,Delhi,33.7,0.0,6.8,ERA5_REANALYSIS,REFERENCE_REANALYSIS
2024-07-01T10:00,28.6139,77.209,Delhi,34.1,0.0,9.4,ERA5_REANALYSIS,REFERENCE_REANALYSIS
2024-07-01T11:00,28.6139,77.209,Delhi,33.7,0.2,7.7,ERA5_REANALYSIS,REFERENCE_REANALYSIS
2024-07-01T12:00,28.6139,77.209,Delhi,33.8,0.0,7.2,ERA5_REANALYSIS,REFERENCE_REANALYSIS
2024-07-01T13:00,28.6139,77.209,Delhi,32.5,0.0,7.7,ERA5_REANALYSIS,REFERENCE_REANALYSIS
2024-07-01T14:00,28.6139,77.209,Delhi,31.1,0.0,4.3,ERA5_REANALYSIS,REFERENCE_REANALYSIS
2024-07-01T15:00,28.6139,77.209,Delhi,30.7,0.0,1.5,ERA5_REANALYSIS,REFERENCE_REANALYSIS
2024-07-01T16:00,28.6139,77.209,Delhi,30.4,0.0,5.4,ERA5_REANALYSIS,REFERENCE_REANALYSIS
2024-07-01T17:00,28.6139,77.209,Delhi,30.0,0.0,8.6,ERA5_REANALYSIS,REFERENCE_REANALYSIS
2024-07-01T18:00,28.6139,77.209,Delhi,29.4,0.0,10.9,ERA5_REANALYSIS,REFERENCE_REANALYSIS
2024-07-01T19:00,28.6139,77.209,Delhi,28.1,0.4,9.2,ERA5_REANALYSIS,REFERENCE_REANALYSIS
2024-07-01T20:00,28.6139,77.209,Delhi,27.4,1.0,11.2,ERA5_REANALYSIS,REFERENCE_REANALYSIS
2024-07-01T21:00,28.6139,77.209,Delhi,26.4,4.3,9.2,ERA5_REANALYSIS,REFERENCE_REANALYSIS
2024-07-01T22:00,28.6139,77.209,Delhi,26.5,5.7,4.0,ERA5_REANALYSIS,REFERENCE_REANALYSIS
2024-07-01T23:00,28.6139,77.209,Delhi,26.4,0.2,6.3,ERA5_REANALYSIS,REFERENCE_REANALYSIS
2024-07-02T00:00,28.6139,77.209,Delhi,26.4,0.0,4.6,ERA5_REANALYSIS,REFERENCE_REANALYSIS
2024-07-02T01:00,28.6139,77.209,Delhi,28.2,0.2,5.2,ERA5_REANALYSIS,REFERENCE_REANALYSIS
2024-07-02T02:00,28.6139,77.209,Delhi,28.6,0.0,3.1,ERA5_REANALYSIS,REFERENCE_REANALYSIS
2024-07-02T03:00,28.6139,77.209,Delhi,29.9,0.0,8.4,ERA5_REANALYSIS,REFERENCE_REANALYSIS
2024-07-02T04:00,28.6139,77.209,Delhi,29.8,0.1,4.2,ERA5_REANALYSIS,REFERENCE_REANALYSIS
2024-07-02T05:00,28.6139,77.209,Delhi,29.1,0.6,4.8,ERA5_REANALYSIS,REFERENCE_REANALYSIS
2024-07-02T06:00,28.6139,77.209,Delhi,29.5,0.1,6.4,ERA5_REANALYSIS,REFERENCE_REANALYSIS
2024-07-02T07:00,28.6139,77.209,Delhi,30.6,0.0,6.1,ERA5_REANALYSIS,REFERENCE_REANALYSIS
2024-07-02T08:00,28.6139,77.209,Delhi,32.0,0.0,6.2,ERA5_REANALYSIS,REFERENCE_REANALYSIS
2024-07-02T09:00,28.6139,77.209,Delhi,32.5,0.0,6.5,ERA5_REANALYSIS,REFERENCE_REANALYSIS
2024-07-02T10:00,28.6139,77.209,Delhi,33.2,0.0,6.7,ERA5_REANALYSIS,REFERENCE_REANALYSIS
2024-07-02T11:00,28.6139,77.209,Delhi,33.6,0.0,7.2,ERA5_REANALYSIS,REFERENCE_REANALYSIS
2024-07-02T12:00,28.6139,77.209,Delhi,33.3,0.0,7.6,ERA5_REANALYSIS,REFERENCE_REANALYSIS
2024-07-02T13:00,28.6139,77.209,Delhi,29.7,0.1,8.3,ERA5_REANALYSIS,REFERENCE_REANALYSIS
2024-07-02T14:00,28.6139,77.209,Delhi,29.3,0.0,14.9,ERA5_REANALYSIS,REFERENCE_REANALYSIS
2024-07-02T15:00,28.6139,77.209,Delhi,28.8,0.0,12.6,ERA5_REANALYSIS,REFERENCE_REANALYSIS
2024-07-02T16:00,28.6139,77.209,Delhi,28.5,0.0,11.5,ERA5_REANALYSIS,REFERENCE_REANALYSIS
2024-07-02T17:00,28.6139,77.209,Delhi,27.5,1.0,7.9,ERA5_REANALYSIS,REFERENCE_REANALYSIS
2024-07-02T18:00,28.6139,77.209,Delhi,27.5,0.4,10.1,ERA5_REANALYSIS,REFERENCE_REANALYSIS
2024-07-02T19:00,28.6139,77.209,Delhi,27.2,0.0,14.4,ERA5_REANALYSIS,REFERENCE_REANALYSIS
2024-07-02T20:00,28.6139,77.209,Delhi,26.7,0.1,16.1,ERA5_REANALYSIS,REFERENCE_REANALYSIS
2024-07-02T21:00,28.6139,77.209,Delhi,26.2,0.5,10.2,ERA5_REANALYSIS,REFERENCE_REANALYSIS
2024-07-02T22:00,28.6139,77.209,Delhi,26.1,0.1,7.9,ERA5_REANALYSIS,REFERENCE_REANALYSIS
2024-07-02T23:00,28.6139,77.209,Delhi,26.1,0.0,7.6,ERA5_REANALYSIS,REFERENCE_REANALYSIS
2024-07-03T00:00,28.6139,77.209,Delhi,26.0,0.0,6.9,ERA5_REANALYSIS,REFERENCE_REANALYSIS
2024-07-03T01:00,28.6139,77.209,Delhi,29.3,0.0,11.7,ERA5_REANALYSIS,REFERENCE_REANALYSIS
2024-07-03T02:00,28.6139,77.209,Delhi,29.6,0.1,8.1,ERA5_REANALYSIS,REFERENCE_REANALYSIS
2024-07-03T03:00,28.6139,77.209,Delhi,30.9,0.0,4.4,ERA5_REANALYSIS,REFERENCE_REANALYSIS
2024-07-03T04:00,28.6139,77.209,Delhi,32.2,0.0,2.5,ERA5_REANALYSIS,REFERENCE_REANALYSIS
2024-07-03T05:00,28.6139,77.209,Delhi,32.4,0.2,3.4,ERA5_REANALYSIS,REFERENCE_REANALYSIS
2024-07-03T06:00,28.6139,77.209,Delhi,31.5,0.9,5.4,ERA5_REANALYSIS,REFERENCE_REANALYSIS
2024-07-03T07:00,28.6139,77.209,Delhi,32.1,0.0,6.3,ERA5_REANALYSIS,REFERENCE_REANALYSIS
2024-07-03T08:00,28.6139,77.209,Delhi,32.6,0.0,5.0,ERA5_REANALYSIS,REFERENCE_REANALYSIS
2024-07-03T09:00,28.6139,77.209,Delhi,32.9,0.0,7.4,ERA5_REANALYSIS,REFERENCE_REANALYSIS
2024-07-03T10:00,28.6139,77.209,Delhi,32.6,0.0,10.3,ERA5_REANALYSIS,REFERENCE_REANALYSIS
2024-07-03T11:00,28.6139,77.209,Delhi,32.8,0.0,12.2,ERA5_REANALYSIS,REFERENCE_REANALYSIS
2024-07-03T12:00,28.6139,77.209,Delhi,32.4,0.0,13.1,ERA5_REANALYSIS,REFERENCE_REANALYSIS
2024-07-03T13:00,28.6139,77.209,Delhi,28.4,0.0,12.8,ERA5_REANALYSIS,REFERENCE_REANALYSIS
2024-07-03T14:00,28.6139,77.209,Delhi,27.7,0.2,10.8,ERA5_REANALYSIS,REFERENCE_REANALYSIS
2024-07-03T15:00,28.6139,77.209,Delhi,27.3,0.1,8.2,ERA5_REANALYSIS,REFERENCE_REANALYSIS
2024-07-03T16:00,28.6139,77.209,Delhi,27.2,0.2,8.1,ERA5_REANALYSIS,REFERENCE_REANALYSIS
2024-07-03T17:00,28.6139,77.209,Delhi,27.0,0.1,2.9,ERA5_REANALYSIS,REFERENCE_REANALYSIS
2024-07-03T18:00,28.6139,77.209,Delhi,27.0,0.0,4.9,ERA5_REANALYSIS,REFERENCE_REANALYSIS
2024-07-03T19:00,28.6139,77.209,Delhi,26.7,0.0,2.1,ERA5_REANALYSIS,REFERENCE_REANALYSIS
2024-07-03T20:00,28.6139,77.209,Delhi,26.5,0.0,6.6,ERA5_REANALYSIS,REFERENCE_REANALYSIS
2024-07-03T21:00,28.6139,77.209,Delhi,26.4,0.1,8.2,ERA5_REANALYSIS,REFERENCE_REANALYSIS
2024-07-03T22:00,28.6139,77.209,Delhi,26.1,0.0,9.8,ERA5_REANALYSIS,REFERENCE_REANALYSIS
2024-07-03T23:00,28.6139,77.209,Delhi,25.9,0.0,8.0,ERA5_REANALYSIS,REFERENCE_REANALYSIS
2024-07-04T00:00,28.6139,77.209,Delhi,25.7,0.2,9.4,ERA5_REANALYSIS,REFERENCE_REANALYSIS
2024-07-04T01:00,28.6139,77.209,Delhi,25.5,2.4,7.7,ERA5_REANALYSIS,REFERENCE_REANALYSIS
2024-07-04T02:00,28.6139,77.209,Delhi,25.5,2.1,7.8,ERA5_REANALYSIS,REFERENCE_REANALYSIS
2024-07-04T03:00,28.6139,77.209,Delhi,25.7,0.8,8.2,ERA5_REANALYSIS,REFERENCE_REANALYSIS
2024-07-04T04:00,28.6139,77.209,Delhi,26.5,0.5,9.5,ERA5_REANALYSIS,REFERENCE_REANALYSIS
2024-07-04T05:00,28.6139,77.209,Delhi,28.7,0.4,9.8,ERA5_REANALYSIS,REFERENCE_REANALYSIS
2024-07-04T06:00,28.6139,77.209,Delhi,28.7,0.1,7.6,ERA5_REANALYSIS,REFERENCE_REANALYSIS
2024-07-04T07:00,28.6139,77.209,Delhi,29.9,0.3,8.2,ERA5_REANALYSIS,REFERENCE_REANALYSIS
2024-07-04T08:00,28.6139,77.209,Delhi,31.2,0.3,10.2,ERA5_REANALYSIS,REFERENCE_REANALYSIS
2024-07-04T09:00,28.6139,77.209,Delhi,31.0,0.1,11.3,ERA5_REANALYSIS,REFERENCE_REANALYSIS
2024-07-04T10:00,28.6139,77.209,Delhi,31.1,0.0,7.9,ERA5_REANALYSIS,REFERENCE_REANALYSIS
2024-07-04T11:00,28.6139,77.209,Delhi,31.6,0.0,9.1,ERA5_REANALYSIS,REFERENCE_REANALYSIS
2024-07-04T12:00,28.6139,77.209,Delhi,31.4,0.0,11.1,ERA5_REANALYSIS,REFERENCE_REANALYSIS
2024-07-04T13:00,28.6139,77.209,Delhi,29.9,0.0,7.5,ERA5_REANALYSIS,REFERENCE_REANALYSIS
2024-07-04T14:00,28.6139,77.209,Delhi,29.1,0.0,5.8,ERA5_REANALYSIS,REFERENCE_REANALYSIS
2024-07-04T15:00,28.6139,77.209,Delhi,28.2,0.0,5.4,ERA5_REANALYSIS,REFERENCE_REANALYSIS
2024-07-04T16:00,28.6139,77.209,Delhi,27.6,0.0,6.7,ERA5_REANALYSIS,REFERENCE_REANALYSIS
2024-07-04T17:00,28.6139,77.209,Delhi,27.3,0.0,5.2,ERA5_REANALYSIS,REFERENCE_REANALYSIS
2024-07-04T18:00,28.6139,77.209,Delhi,27.0,0.0,4.0,ERA5_REANALYSIS,REFERENCE_REANALYSIS
2024-07-04T19:00,28.6139,77.209,Delhi,26.8,0.0,3.0,ERA5_REANALYSIS,REFERENCE_REANALYSIS
2024-07-04T20:00,28.6139,77.209,Delhi,26.9,0.0,1.8,ERA5_REANALYSIS,REFERENCE_REANALYSIS
2024-07-04T21:00,28.6139,77.209,Delhi,26.6,0.0,2.2,ERA5_REANALYSIS,REFERENCE_REANALYSIS
2024-07-04T22:00,28.6139,77.209,Delhi,26.5,0.0,4.1,ERA5_REANALYSIS,REFERENCE_REANALYSIS
2024-07-04T23:00,28.6139,77.209,Delhi,26.2,0.0,7.7,ERA5_REANALYSIS,REFERENCE_REANALYSIS
2024-07-05T00:00,28.6139,77.209,Delhi,26.2,0.0,8.0,ERA5_REANALYSIS,REFERENCE_REANALYSIS
2024-07-05T01:00,28.6139,77.209,Delhi,26.7,0.0,9.8,ERA5_REANALYSIS,REFERENCE_REANALYSIS
2024-07-05T02:00,28.6139,77.209,Delhi,27.2,0.0,8.7,ERA5_REANALYSIS,REFERENCE_REANALYSIS
2024-07-05T03:00,28.6139,77.209,Delhi,27.8,0.1,8.1,ERA5_REANALYSIS,REFERENCE_REANALYSIS
2024-07-05T04:00,28.6139,77.209,Delhi,27.9,0.1,12.7,ERA5_REANALYSIS,REFERENCE_REANALYSIS
2024-07-05T05:00,28.6139,77.209,Delhi,27.1,0.3,12.4,ERA5_REANALYSIS,REFERENCE_REANALYSIS
2024-07-05T06:00,28.6139,77.209,Delhi,28.7,0.1,6.6,ERA5_REANALYSIS,REFERENCE_REANALYSIS
2024-07-05T07:00,28.6139,77.209,Delhi,29.8,0.1,10.8,ERA5_REANALYSIS,REFERENCE_REANALYSIS
2024-07-05T08:00,28.6139,77.209,Delhi,30.4,0.0,7.8,ERA5_REANALYSIS,REFERENCE_REANALYSIS
2024-07-05T09:00,28.6139,77.209,Delhi,30.2,0.0,9.7,ERA5_REANALYSIS,REFERENCE_REANALYSIS
2024-07-05T10:00,28.6139,77.209,Delhi,30.2,0.0,10.2,ERA5_REANALYSIS,REFERENCE_REANALYSIS
2024-07-05T11:00,28.6139,77.209,Delhi,29.8,0.0,12.4,ERA5_REANALYSIS,REFERENCE_REANALYSIS
2024-07-05T12:00,28.6139,77.209,Delhi,29.4,0.0,12.1,ERA5_REANALYSIS,REFERENCE_REANALYSIS
2024-07-05T13:00,28.6139,77.209,Delhi,29.0,0.0,12.3,ERA5_REANALYSIS,REFERENCE_REANALYSIS
2024-07-05T14:00,28.6139,77.209,Delhi,28.0,0.0,13.1,ERA5_REANALYSIS,REFERENCE_REANALYSIS
2024-07-05T15:00,28.6139,77.209,Delhi,27.2,0.0,14.1,ERA5_REANALYSIS,REFERENCE_REANALYSIS
2024-07-05T16:00,28.6139,77.209,Delhi,26.7,0.0,16.2,ERA5_REANALYSIS,REFERENCE_REANALYSIS
2024-07-05T17:00,28.6139,77.209,Delhi,26.5,0.0,14.6,ERA5_REANALYSIS,REFERENCE_REANALYSIS
2024-07-05T18:00,28.6139,77.209,Delhi,26.5,0.0,11.5,ERA5_REANALYSIS,REFERENCE_REANALYSIS
2024-07-05T19:00,28.6139,77.209,Delhi,26.4,0.0,11.9,ERA5_REANALYSIS,REFERENCE_REANALYSIS
2024-07-05T20:00,28.6139,77.209,Delhi,26.3,0.0,9.8,ERA5_REANALYSIS,REFERENCE_REANALYSIS
2024-07-05T21:00,28.6139,77.209,Delhi,26.1,0.0,11.1,ERA5_REANALYSIS,REFERENCE_REANALYSIS
2024-07-05T22:00,28.6139,77.209,Delhi,26.0,0.0,8.6,ERA5_REANALYSIS,REFERENCE_REANALYSIS
2024-07-05T23:00,28.6139,77.209,Delhi,26.1,0.0,4.4,ERA5_REANALYSIS,REFERENCE_REANALYSIS
2024-07-06T00:00,28.6139,77.209,Delhi,26.3,0.3,3.1,ERA5_REANALYSIS,REFERENCE_REANALYSIS
2024-07-06T01:00,28.6139,77.209,Delhi,26.2,0.0,5.6,ERA5_REANALYSIS,REFERENCE_REANALYSIS
2024-07-06T02:00,28.6139,77.209,Delhi,27.1,0.0,9.7,ERA5_REANALYSIS,REFERENCE_REANALYSIS
2024-07-06T03:00,28.6139,77.209,Delhi,28.3,0.1,7.1,ERA5_REANALYSIS,REFERENCE_REANALYSIS
2024-07-06T04:00,28.6139,77.209,Delhi,29.1,0.2,7.2,ERA5_REANALYSIS,REFERENCE_REANALYSIS
2024-07-06T05:00,28.6139,77.209,Delhi,30.6,0.2,5.8,ERA5_REANALYSIS,REFERENCE_REANALYSIS
2024-07-06T06:00,28.6139,77.209,Delhi,31.5,0.0,8.0,ERA5_REANALYSIS,REFERENCE_REANALYSIS
2024-07-06T07:00,28.6139,77.209,Delhi,31.6,0.1,10.2,ERA5_REANALYSIS,REFERENCE_REANALYSIS
2024-07-06T08:00,28.6139,77.209,Delhi,32.6,0.0,6.4,ERA5_REANALYSIS,REFERENCE_REANALYSIS
2024-07-06T09:00,28.6139,77.209,Delhi,33.0,0.0,5.8,ERA5_REANALYSIS,REFERENCE_REANALYSIS
2024-07-06T10:00,28.6139,77.209,Delhi,32.9,0.0,10.4,ERA5_REANALYSIS,REFERENCE_REANALYSIS
2024-07-06T11:00,28.6139,77.209,Delhi,31.5,0.1,15.8,ERA5_REANALYSIS,REFERENCE_REANALYSIS
2024-07-06T12:00,28.6139,77.209,Delhi,30.8,0.0,12.6,ERA5_REANALYSIS,REFERENCE_REANALYSIS
2024-07-06T13:00,28.6139,77.209,Delhi,29.3,0.0,13.7,ERA5_REANALYSIS,REFERENCE_REANALYSIS
2024-07-06T14:00,28.6139,77.209,Delhi,28.1,0.0,11.9,ERA5_REANALYSIS,REFERENCE_REANALYSIS
2024-07-06T15:00,28.6139,77.209,Delhi,27.2,0.0,13.1,ERA5_REANALYSIS,REFERENCE_REANALYSIS
2024-07-06T16:00,28.6139,77.209,Delhi,26.5,0.0,11.5,ERA5_REANALYSIS,REFERENCE_REANALYSIS
2024-07-06T17:00,28.6139,77.209,Delhi,26.3,0.0,7.2,ERA5_REANALYSIS,REFERENCE_REANALYSIS
2024-07-06T18:00,28.6139,77.209,Delhi,26.1,0.0,6.1,ERA5_REANALYSIS,REFERENCE_REANALYSIS
2024-07-06T19:00,28.6139,77.209,Delhi,25.8,0.0,5.2,ERA5_REANALYSIS,REFERENCE_REANALYSIS
2024-07-06T20:00,28.6139,77.209,Delhi,25.9,0.0,1.8,ERA5_REANALYSIS,REFERENCE_REANALYSIS
2024-07-06T21:00,28.6139,77.209,Delhi,25.8,0.0,6.0,ERA5_REANALYSIS,REFERENCE_REANALYSIS
2024-07-06T22:00,28.6139,77.209,Delhi,25.8,0.0,4.8,ERA5_REANALYSIS,REFERENCE_REANALYSIS
2024-07-06T23:00,28.6139,77.209,Delhi,25.6,0.0,4.6,ERA5_REANALYSIS,REFERENCE_REANALYSIS
2024-07-07T00:00,28.6139,77.209,Delhi,25.6,0.0,2.3,ERA5_REANALYSIS,REFERENCE_REANALYSIS
2024-07-07T01:00,28.6139,77.209,Delhi,25.6,0.0,8.3,ERA5_REANALYSIS,REFERENCE_REANALYSIS
2024-07-07T02:00,28.6139,77.209,Delhi,26.3,0.0,5.1,ERA5_REANALYSIS,REFERENCE_REANALYSIS
2024-07-07T03:00,28.6139,77.209,Delhi,27.3,0.0,5.6,ERA5_REANALYSIS,REFERENCE_REANALYSIS
2024-07-07T04:00,28.6139,77.209,Delhi,29.1,0.0,8.0,ERA5_REANALYSIS,REFERENCE_REANALYSIS
2024-07-07T05:00,28.6139,77.209,Delhi,30.7,0.0,5.1,ERA5_REANALYSIS,REFERENCE_REANALYSIS
2024-07-07T06:00,28.6139,77.209,Delhi,31.9,0.0,2.7,ERA5_REANALYSIS,REFERENCE_REANALYSIS
2024-07-07T07:00,28.6139,77.209,Delhi,32.8,0.0,3.6,ERA5_REANALYSIS,REFERENCE_REANALYSIS
2024-07-07T08:00,28.6139,77.209,Delhi,33.0,0.1,7.3,ERA5_REANALYSIS,REFERENCE_REANALYSIS
2024-07-07T09:00,28.6139,77.209,Delhi,33.3,0.0,4.9,ERA5_REANALYSIS,REFERENCE_REANALYSIS
2024-07-07T10:00,28.6139,77.209,Delhi,33.5,0.0,6.6,ERA5_REANALYSIS,REFERENCE_REANALYSIS
2024-07-07T11:00,28.6139,77.209,Delhi,33.1,0.0,11.2,ERA5_REANALYSIS,REFERENCE_REANALYSIS
2024-07-07T12:00,28.6139,77.209,Delhi,32.3,0.0,14.2,ERA5_REANALYSIS,REFERENCE_REANALYSIS
2024-07-07T13:00,28.6139,77.209,Delhi,28.5,0.0,11.0,ERA5_REANALYSIS,REFERENCE_REANALYSIS
2024-07-07T14:00,28.6139,77.209,Delhi,27.7,0.0,8.5,ERA5_REANALYSIS,REFERENCE_REANALYSIS
2024-07-07T15:00,28.6139,77.209,Delhi,27.2,0.0,9.3,ERA5_REANALYSIS,REFERENCE_REANALYSIS
2024-07-07T16:00,28.6139,77.209,Delhi,26.9,0.0,9.8,ERA5_REANALYSIS,REFERENCE_REANALYSIS
2024-07-07T17:00,28.6139,77.209,Delhi,26.6,0.0,8.1,ERA5_REANALYSIS,REFERENCE_REANALYSIS
2024-07-07T18:00,28.6139,77.209,Delhi,26.4,0.0,8.0,ERA5_REANALYSIS,REFERENCE_REANALYSIS
2024-07-07T19:00,28.6139,77.209,Delhi,26.0,0.0,6.0,ERA5_REANALYSIS,REFERENCE_REANALYSIS
2024-07-07T20:00,28.6139,77.209,Delhi,25.8,0.0,4.7,ERA5_REANALYSIS,REFERENCE_REANALYSIS
2024-07-07T21:00,28.6139,77.209,Delhi,25.5,0.0,5.6,ERA5_REANALYSIS,REFERENCE_REANALYSIS
2024-07-07T22:00,28.6139,77.209,Delhi,25.3,0.0,7.8,ERA5_REANALYSIS,REFERENCE_REANALYSIS
2024-07-07T23:00,28.6139,77.209,Delhi,25.5,0.0,6.5,ERA5_REANALYSIS,REFERENCE_REANALYSIS
2024-07-08T00:00,28.6139,77.209,Delhi,25.8,0.0,7.3,ERA5_REANALYSIS,REFERENCE_REANALYSIS
2024-07-08T01:00,28.6139,77.209,Delhi,26.1,0.0,3.7,ERA5_REANALYSIS,REFERENCE_REANALYSIS
2024-07-08T02:00,28.6139,77.209,Delhi,27.2,0.0,7.7,ERA5_REANALYSIS,REFERENCE_REANALYSIS
2024-07-08T03:00,28.6139,77.209,Delhi,28.1,0.0,7.3,ERA5_REANALYSIS,REFERENCE_REANALYSIS
2024-07-08T04:00,28.6139,77.209,Delhi,29.4,0.0,11.2,ERA5_REANALYSIS,REFERENCE_REANALYSIS
2024-07-08T05:00,28.6139,77.209,Delhi,30.5,0.0,8.5,ERA5_REANALYSIS,REFERENCE_REANALYSIS
2024-07-08T06:00,28.6139,77.209,Delhi,31.8,0.0,10.4,ERA5_REANALYSIS,REFERENCE_REANALYSIS
2024-07-08T07:00,28.6139,77.209,Delhi,32.5,0.0,11.4,ERA5_REANALYSIS,REFERENCE_REANALYSIS
2024-07-08T08:00,28.6139,77.209,Delhi,32.8,0.0,8.5,ERA5_REANALYSIS,REFERENCE_REANALYSIS
2024-07-08T09:00,28.6139,77.209,Delhi,33.2,0.0,7.3,ERA5_REANALYSIS,REFERENCE_REANALYSIS
2024-07-08T10:00,28.6139,77.209,Delhi,33.1,0.0,8.1,ERA5_REANALYSIS,REFERENCE_REANALYSIS
2024-07-08T11:00,28.6139,77.209,Delhi,32.8,0.0,8.6,ERA5_REANALYSIS,REFERENCE_REANALYSIS
2024-07-08T12:00,28.6139,77.209,Delhi,32.3,0.0,7.0,ERA5_REANALYSIS,REFERENCE_REANALYSIS
2024-07-08T13:00,28.6139,77.209,Delhi,30.1,0.0,4.4,ERA5_REANALYSIS,REFERENCE_REANALYSIS
2024-07-08T14:00,28.6139,77.209,Delhi,29.0,0.0,7.6,ERA5_REANALYSIS,REFERENCE_REANALYSIS
2024-07-08T15:00,28.6139,77.209,Delhi,28.1,0.0,10.7,ERA5_REANALYSIS,REFERENCE_REANALYSIS
2024-07-08T16:00,28.6139,77.209,Delhi,27.8,0.0,7.9,ERA5_REANALYSIS,REFERENCE_REANALYSIS
2024-07-08T17:00,28.6139,77.209,Delhi,27.7,0.0,7.2,ERA5_REANALYSIS,REFERENCE_REANALYSIS
2024-07-08T18:00,28.6139,77.209,Delhi,27.5,0.0,8.3,ERA5_REANALYSIS,REFERENCE_REANALYSIS
2024-07-08T19:00,28.6139,77.209,Delhi,27.2,0.0,9.1,ERA5_REANALYSIS,REFERENCE_REANALYSIS
2024-07-08T20:00,28.6139,77.209,Delhi,26.9,0.0,10.9,ERA5_REANALYSIS,REFERENCE_REANALYSIS
2024-07-08T21:00,28.6139,77.209,Delhi,26.7,0.0,11.4,ERA5_REANALYSIS,REFERENCE_REANALYSIS
2024-07-08T22:00,28.6139,77.209,Delhi,26.5,0.0,10.0,ERA5_REANALYSIS,REFERENCE_REANALYSIS
2024-07-08T23:00,28.6139,77.209,Delhi,26.4,0.0,9.7,ERA5_REANALYSIS,REFERENCE_REANALYSIS
2024-07-09T00:00,28.6139,77.209,Delhi,26.2,0.0,7.6,ERA5_REANALYSIS,REFERENCE_REANALYSIS
2024-07-09T01:00,28.6139,77.209,Delhi,27.8,0.0,6.1,ERA5_REANALYSIS,REFERENCE_REANALYSIS
2024-07-09T02:00,28.6139,77.209,Delhi,28.8,0.0,7.1,ERA5_REANALYSIS,REFERENCE_REANALYSIS
2024-07-09T03:00,28.6139,77.209,Delhi,30.1,0.1,8.8,ERA5_REANALYSIS,REFERENCE_REANALYSIS
2024-07-09T04:00,28.6139,77.209,Delhi,30.6,0.2,4.0,ERA5_REANALYSIS,REFERENCE_REANALYSIS
2024-07-09T05:00,28.6139,77.209,Delhi,31.3,0.2,2.3,ERA5_REANALYSIS,REFERENCE_REANALYSIS
2024-07-09T06:00,28.6139,77.209,Delhi,32.0,1.1,8.9,ERA5_REANALYSIS,REFERENCE_REANALYSIS
2024-07-09T07:00,28.6139,77.209,Delhi,30.0,2.3,10.8,ERA5_REANALYSIS,REFERENCE_REANALYSIS
2024-07-09T08:00,28.6139,77.209,Delhi,30.0,0.9,8.7,ERA5_REANALYSIS,REFERENCE_REANALYSIS
2024-07-09T09:00,28.6139,77.209,Delhi,31.4,0.1,5.9,ERA5_REANALYSIS,REFERENCE_REANALYSIS
2024-07-09T10:00,28.6139,77.209,Delhi,31.9,0.0,5.1,ERA5_REANALYSIS,REFERENCE_REANALYSIS
2024-07-09T11:00,28.6139,77.209,Delhi,32.3,0.0,0.5,ERA5_REANALYSIS,REFERENCE_REANALYSIS
2024-07-09T12:00,28.6139,77.209,Delhi,32.4,0.0,0.8,ERA5_REANALYSIS,REFERENCE_REANALYSIS
2024-07-09T13:00,28.6139,77.209,Delhi,31.8,0.0,4.1,ERA5_REANALYSIS,REFERENCE_REANALYSIS
2024-07-09T14:00,28.6139,77.209,Delhi,30.6,0.0,4.2,ERA5_REANALYSIS,REFERENCE_REANALYSIS
2024-07-09T15:00,28.6139,77.209,Delhi,29.7,0.0,4.4,ERA5_REANALYSIS,REFERENCE_REANALYSIS
2024-07-09T16:00,28.6139,77.209,Delhi,29.3,0.0,4.0,ERA5_REANALYSIS,REFERENCE_REANALYSIS
2024-07-09T17:00,28.6139,77.209,Delhi,29.2,0.0,5.4,ERA5_REANALYSIS,REFERENCE_REANALYSIS
2024-07-09T18:00,28.6139,77.209,Delhi,29.0,0.0,5.3,ERA5_REANALYSIS,REFERENCE_REANALYSIS
2024-07-09T19:00,28.6139,77.209,Delhi,28.8,0.0,4.2,ERA5_REANALYSIS,REFERENCE_REANALYSIS
2024-07-09T20:00,28.6139,77.209,Delhi,28.5,0.0,4.0,ERA5_REANALYSIS,REFERENCE_REANALYSIS
2024-07-09T21:00,28.6139,77.209,Delhi,28.3,0.0,3.6,ERA5_REANALYSIS,REFERENCE_REANALYSIS
2024-07-09T22:00,28.6139,77.209,Delhi,27.9,0.0,3.0,ERA5_REANALYSIS,REFERENCE_REANALYSIS
2024-07-09T23:00,28.6139,77.209,Delhi,28.3,0.0,2.9,ERA5_REANALYSIS,REFERENCE_REANALYSIS
2024-07-10T00:00,28.6139,77.209,Delhi,26.5,3.9,13.9,ERA5_REANALYSIS,REFERENCE_REANALYSIS
2024-07-10T01:00,28.6139,77.209,Delhi,28.7,2.0,11.2,ERA5_REANALYSIS,REFERENCE_REANALYSIS
2024-07-10T02:00,28.6139,77.209,Delhi,27.3,3.2,7.4,ERA5_REANALYSIS,REFERENCE_REANALYSIS
2024-07-10T03:00,28.6139,77.209,Delhi,28.2,0.2,2.5,ERA5_REANALYSIS,REFERENCE_REANALYSIS
2024-07-10T04:00,28.6139,77.209,Delhi,29.4,0.1,5.6,ERA5_REANALYSIS,REFERENCE_REANALYSIS
2024-07-10T05:00,28.6139,77.209,Delhi,30.7,0.1,2.8,ERA5_REANALYSIS,REFERENCE_REANALYSIS
2024-07-10T06:00,28.6139,77.209,Delhi,32.0,0.1,3.3,ERA5_REANALYSIS,REFERENCE_REANALYSIS
2024-07-10T07:00,28.6139,77.209,Delhi,32.9,0.0,3.6,ERA5_REANALYSIS,REFERENCE_REANALYSIS
2024-07-10T08:00,28.6139,77.209,Delhi,33.3,0.0,4.3,ERA5_REANALYSIS,REFERENCE_REANALYSIS
2024-07-10T09:00,28.6139,77.209,Delhi,33.7,0.0,3.4,ERA5_REANALYSIS,REFERENCE_REANALYSIS
2024-07-10T10:00,28.6139,77.209,Delhi,34.1,0.0,3.9,ERA5_REANALYSIS,REFERENCE_REANALYSIS
2024-07-10T11:00,28.6139,77.209,Delhi,34.1,0.0,6.0,ERA5_REANALYSIS,REFERENCE_REANALYSIS
2024-07-10T12:00,28.6139,77.209,Delhi,33.7,0.0,7.0,ERA5_REANALYSIS,REFERENCE_REANALYSIS
2024-07-10T13:00,28.6139,77.209,Delhi,33.0,0.0,6.9,ERA5_REANALYSIS,REFERENCE_REANALYSIS
2024-07-10T14:00,28.6139,77.209,Delhi,31.7,0.2,5.7,ERA5_REANALYSIS,REFERENCE_REANALYSIS
2024-07-10T15:00,28.6139,77.209,Delhi,31.1,0.0,7.2,ERA5_REANALYSIS,REFERENCE_REANALYSIS
2024-07-10T16:00,28.6139,77.209,Delhi,30.7,0.0,8.0,ERA5_REANALYSIS,REFERENCE_REANALYSIS
2024-07-10T17:00,28.6139,77.209,Delhi,28.4,1.5,14.8,ERA5_REANALYSIS,REFERENCE_REANALYSIS
2024-07-10T18:00,28.6139,77.209,Delhi,27.8,0.0,13.0,ERA5_REANALYSIS,REFERENCE_REANALYSIS
2024-07-10T19:00,28.6139,77.209,Delhi,28.0,0.0,8.6,ERA5_REANALYSIS,REFERENCE_REANALYSIS
2024-07-10T20:00,28.6139,77.209,Delhi,28.2,0.0,7.6,ERA5_REANALYSIS,REFERENCE_REANALYSIS
2024-07-10T21:00,28.6139,77.209,Delhi,28.1,0.0,9.0,ERA5_REANALYSIS,REFERENCE_REANALYSIS
2024-07-10T22:00,28.6139,77.209,Delhi,28.3,0.0,10.2,ERA5_REANALYSIS,REFERENCE_REANALYSIS
2024-07-10T23:00,28.6139,77.209,Delhi,28.6,0.0,10.0,ERA5_REANALYSIS,REFERENCE_REANALYSIS
2024-07-11T00:00,28.6139,77.209,Delhi,27.9,0.7,4.0,ERA5_REANALYSIS,REFERENCE_REANALYSIS
2024-07-11T01:00,28.6139,77.209,Delhi,26.8,1.1,8.7,ERA5_REANALYSIS,REFERENCE_REANALYSIS
2024-07-11T02:00,28.6139,77.209,Delhi,27.2,0.1,9.3,ERA5_REANALYSIS,REFERENCE_REANALYSIS
2024-07-11T03:00,28.6139,77.209,Delhi,29.1,0.0,6.0,ERA5_REANALYSIS,REFERENCE_REANALYSIS
2024-07-11T04:00,28.6139,77.209,Delhi,31.4,0.0,5.4,ERA5_REANALYSIS,REFERENCE_REANALYSIS
2024-07-11T05:00,28.6139,77.209,Delhi,33.3,0.0,6.4,ERA5_REANALYSIS,REFERENCE_REANALYSIS
2024-07-11T06:00,28.6139,77.209,Delhi,34.6,0.0,10.1,ERA5_REANALYSIS,REFERENCE_REANALYSIS
2024-07-11T07:00,28.6139,77.209,Delhi,35.8,0.0,12.0,ERA5_REANALYSIS,REFERENCE_REANALYSIS
2024-07-11T08:00,28.6139,77.209,Delhi,36.1,0.0,12.8,ERA5_REANALYSIS,REFERENCE_REANALYSIS
2024-07-11T09:00,28.6139,77.209,Delhi,36.4,0.0,13.0,ERA5_REANALYSIS,REFERENCE_REANALYSIS
2024-07-11T10:00,28.6139,77.209,Delhi,36.4,0.0,11.6,ERA5_REANALYSIS,REFERENCE_REANALYSIS
2024-07-11T11:00,28.6139,77.209,Delhi,36.3,0.0,10.0,ERA5_REANALYSIS,REFERENCE_REANALYSIS
2024-07-11T12:00,28.6139,77.209,Delhi,35.9,0.0,9.0,ERA5_REANALYSIS,REFERENCE_REANALYSIS
2024-07-11T13:00,28.6139,77.209,Delhi,34.4,0.0,7.3,ERA5_REANALYSIS,REFERENCE_REANALYSIS
2024-07-11T14:00,28.6139,77.209,Delhi,32.8,0.0,4.3,ERA5_REANALYSIS,REFERENCE_REANALYSIS
2024-07-11T15:00,28.6139,77.209,Delhi,31.8,0.0,6.3,ERA5_REANALYSIS,REFERENCE_REANALYSIS
2024-07-11T16:00,28.6139,77.209,Delhi,27.0,2.0,21.0,ERA5_REANALYSIS,REFERENCE_REANALYSIS
2024-07-11T17:00,28.6139,77.209,Delhi,27.7,0.0,10.9,ERA5_REANALYSIS,REFERENCE_REANALYSIS
2024-07-11T18:00,28.6139,77.209,Delhi,28.0,0.0,7.4,ERA5_REANALYSIS,REFERENCE_REANALYSIS
2024-07-11T19:00,28.6139,77.209,Delhi,28.1,0.0,11.9,ERA5_REANALYSIS,REFERENCE_REANALYSIS
2024-07-11T20:00,28.6139,77.209,Delhi,28.0,0.0,11.2,ERA5_REANALYSIS,REFERENCE_REANALYSIS
2024-07-11T21:00,28.6139,77.209,Delhi,28.3,0.0,10.1,ERA5_REANALYSIS,REFERENCE_REANALYSIS
2024-07-11T22:00,28.6139,77.209,Delhi,28.5,0.0,11.0,ERA5_REANALYSIS,REFERENCE_REANALYSIS
2024-07-11T23:00,28.6139,77.209,Delhi,28.4,0.0,12.1,ERA5_REANALYSIS,REFERENCE_REANALYSIS
2024-07-12T00:00,28.6139,77.209,Delhi,28.3,0.0,13.0,ERA5_REANALYSIS,REFERENCE_REANALYSIS
2024-07-12T01:00,28.6139,77.209,Delhi,27.0,0.3,16.2,ERA5_REANALYSIS,REFERENCE_REANALYSIS
2024-07-12T02:00,28.6139,77.209,Delhi,27.9,0.0,10.0,ERA5_REANALYSIS,REFERENCE_REANALYSIS
2024-07-12T03:00,28.6139,77.209,Delhi,29.2,0.0,10.0,ERA5_REANALYSIS,REFERENCE_REANALYSIS
2024-07-12T04:00,28.6139,77.209,Delhi,30.6,0.0,9.0,ERA5_REANALYSIS,REFERENCE_REANALYSIS
2024-07-12T05:00,28.6139,77.209,Delhi,31.7,0.0,5.9,ERA5_REANALYSIS,REFERENCE_REANALYSIS
2024-07-12T06:00,28.6139,77.209,Delhi,32.9,0.0,5.4,ERA5_REANALYSIS,REFERENCE_REANALYSIS
2024-07-12T07:00,28.6139,77.209,Delhi,34.0,0.0,7.6,ERA5_REANALYSIS,REFERENCE_REANALYSIS
2024-07-12T08:00,28.6139,77.209,Delhi,34.4,0.0,9.1,ERA5_REANALYSIS,REFERENCE_REANALYSIS
2024-07-12T09:00,28.6139,77.209,Delhi,35.2,0.0,8.5,ERA5_REANALYSIS,REFERENCE_REANALYSIS
2024-07-12T10:00,28.6139,77.209,Delhi,35.3,0.0,3.8,ERA5_REANALYSIS,REFERENCE_REANALYSIS
2024-07-12T11:00,28.6139,77.209,Delhi,32.4,0.0,23.4,ERA5_REANALYSIS,REFERENCE_REANALYSIS
2024-07-12T12:00,28.6139,77.209,Delhi,28.8,0.2,13.3,ERA5_REANALYSIS,REFERENCE_REANALYSIS
2024-07-12T13:00,28.6139,77.209,Delhi,31.6,0.0,6.9,ERA5_REANALYSIS,REFERENCE_REANALYSIS
2024-07-12T14:00,28.6139,77.209,Delhi,30.5,0.0,3.9,ERA5_REANALYSIS,REFERENCE_REANALYSIS
2024-07-12T15:00,28.6139,77.209,Delhi,30.0,0.0,4.5,ERA5_REANALYSIS,REFERENCE_REANALYSIS
2024-07-12T16:00,28.6139,77.209,Delhi,29.2,0.0,3.4,ERA5_REANALYSIS,REFERENCE_REANALYSIS
2024-07-12T17:00,28.6139,77.209,Delhi,28.8,0.0,5.4,ERA5_REANALYSIS,REFERENCE_REANALYSIS
2024-07-12T18:00,28.6139,77.209,Delhi,28.4,0.0,6.0,ERA5_REANALYSIS,REFERENCE_REANALYSIS
2024-07-12T19:00,28.6139,77.209,Delhi,28.2,0.0,4.8,ERA5_REANALYSIS,REFERENCE_REANALYSIS
2024-07-12T20:00,28.6139,77.209,Delhi,27.8,0.0,3.3,ERA5_REANALYSIS,REFERENCE_REANALYSIS
2024-07-12T21:00,28.6139,77.209,Delhi,27.6,0.0,2.6,ERA5_REANALYSIS,REFERENCE_REANALYSIS
2024-07-12T22:00,28.6139,77.209,Delhi,27.5,0.0,4.0,ERA5_REANALYSIS,REFERENCE_REANALYSIS
2024-07-12T23:00,28.6139,77.209,Delhi,27.2,0.0,4.1,ERA5_REANALYSIS,REFERENCE_REANALYSIS
2024-07-13T00:00,28.6139,77.209,Delhi,27.2,0.0,5.1,ERA5_REANALYSIS,REFERENCE_REANALYSIS
2024-07-13T01:00,28.6139,77.209,Delhi,25.2,11.5,11.7,ERA5_REANALYSIS,REFERENCE_REANALYSIS
2024-07-13T02:00,28.6139,77.209,Delhi,25.5,0.6,2.7,ERA5_REANALYSIS,REFERENCE_REANALYSIS
2024-07-13T03:00,28.6139,77.209,Delhi,27.7,0.1,4.0,ERA5_REANALYSIS,REFERENCE_REANALYSIS
2024-07-13T04:00,28.6139,77.209,Delhi,29.9,0.0,3.2,ERA5_REANALYSIS,REFERENCE_REANALYSIS
2024-07-13T05:00,28.6139,77.209,Delhi,31.9,0.0,7.3,ERA5_REANALYSIS,REFERENCE_REANALYSIS
2024-07-13T06:00,28.6139,77.209,Delhi,33.0,0.0,8.3,ERA5_REANALYSIS,REFERENCE_REANALYSIS
2024-07-13T07:00,28.6139,77.209,Delhi,33.6,0.0,6.6,ERA5_REANALYSIS,REFERENCE_REANALYSIS
2024-07-13T08:00,28.6139,77.209,Delhi,34.3,0.0,8.0,ERA5_REANALYSIS,REFERENCE_REANALYSIS
2024-07-13T09:00,28.6139,77.209,Delhi,34.2,0.0,7.7,ERA5_REANALYSIS,REFERENCE_REANALYSIS
2024-07-13T10:00,28.6139,77.209,Delhi,33.9,0.0,8.5,ERA5_REANALYSIS,REFERENCE_REANALYSIS
2024-07-13T11:00,28.6139,77.209,Delhi,33.7,0.0,7.5,ERA5_REANALYSIS,REFERENCE_REANALYSIS
2024-07-13T12:00,28.6139,77.209,Delhi,33.3,0.0,6.9,ERA5_REANALYSIS,REFERENCE_REANALYSIS
2024-07-13T13:00,28.6139,77.209,Delhi,31.4,0.2,5.1,ERA5_REANALYSIS,REFERENCE_REANALYSIS
2024-07-13T14:00,28.6139,77.209,Delhi,30.3,0.0,4.4,ERA5_REANALYSIS,REFERENCE_REANALYSIS
2024-07-13T15:00,28.6139,77.209,Delhi,29.5,0.0,3.4,ERA5_REANALYSIS,REFERENCE_REANALYSIS
2024-07-13T16:00,28.6139,77.209,Delhi,29.2,0.0,4.4,ERA5_REANALYSIS,REFERENCE_REANALYSIS
2024-07-13T17:00,28.6139,77.209,Delhi,28.7,0.0,3.7,ERA5_REANALYSIS,REFERENCE_REANALYSIS
2024-07-13T18:00,28.6139,77.209,Delhi,28.3,0.0,4.3,ERA5_REANALYSIS,REFERENCE_REANALYSIS
2024-07-13T19:00,28.6139,77.209,Delhi,28.1,0.0,2.5,ERA5_REANALYSIS,REFERENCE_REANALYSIS
2024-07-13T20:00,28.6139,77.209,Delhi,27.7,0.0,2.2,ERA5_REANALYSIS,REFERENCE_REANALYSIS
2024-07-13T21:00,28.6139,77.209,Delhi,27.7,0.0,2.0,ERA5_REANALYSIS,REFERENCE_REANALYSIS
2024-07-13T22:00,28.6139,77.209,Delhi,27.9,0.0,2.5,ERA5_REANALYSIS,REFERENCE_REANALYSIS
2024-07-13T23:00,28.6139,77.209,Delhi,27.3,0.0,4.3,ERA5_REANALYSIS,REFERENCE_REANALYSIS
2024-07-14T00:00,28.6139,77.209,Delhi,27.0,0.0,4.1,ERA5_REANALYSIS,REFERENCE_REANALYSIS
2024-07-14T01:00,28.6139,77.209,Delhi,28.8,0.0,3.6,ERA5_REANALYSIS,REFERENCE_REANALYSIS
2024-07-14T02:00,28.6139,77.209,Delhi,30.2,0.0,4.1,ERA5_REANALYSIS,REFERENCE_REANALYSIS
2024-07-14T03:00,28.6139,77.209,Delhi,31.2,0.0,8.3,ERA5_REANALYSIS,REFERENCE_REANALYSIS
2024-07-14T04:00,28.6139,77.209,Delhi,31.9,0.0,5.7,ERA5_REANALYSIS,REFERENCE_REANALYSIS
2024-07-14T05:00,28.6139,77.209,Delhi,32.7,0.0,3.4,ERA5_REANALYSIS,REFERENCE_REANALYSIS
2024-07-14T06:00,28.6139,77.209,Delhi,33.0,0.2,1.8,ERA5_REANALYSIS,REFERENCE_REANALYSIS
2024-07-14T07:00,28.6139,77.209,Delhi,33.7,0.0,2.2,ERA5_REANALYSIS,REFERENCE_REANALYSIS
2024-07-14T08:00,28.6139,77.209,Delhi,34.4,0.1,0.5,ERA5_REANALYSIS,REFERENCE_REANALYSIS
2024-07-14T09:00,28.6139,77.209,Delhi,34.8,0.0,4.4,ERA5_REANALYSIS,REFERENCE_REANALYSIS
2024-07-14T10:00,28.6139,77.209,Delhi,34.9,0.0,4.6,ERA5_REANALYSIS,REFERENCE_REANALYSIS
2024-07-14T11:00,28.6139,77.209,Delhi,34.8,0.0,7.0,ERA5_REANALYSIS,REFERENCE_REANALYSIS
2024-07-14T12:00,28.6139,77.209,Delhi,34.3,0.0,8.5,ERA5_REANALYSIS,REFERENCE_REANALYSIS
2024-07-14T13:00,28.6139,77.209,Delhi,33.1,0.0,6.9,ERA5_REANALYSIS,REFERENCE_REANALYSIS
2024-07-14T14:00,28.6139,77.209,Delhi,31.8,0.0,6.6,ERA5_REANALYSIS,REFERENCE_REANALYSIS
2024-07-14T15:00,28.6139,77.209,Delhi,31.2,0.0,6.2,ERA5_REANALYSIS,REFERENCE_REANALYSIS
2024-07-14T16:00,28.6139,77.209,Delhi,30.5,0.0,6.4,ERA5_REANALYSIS,REFERENCE_REANALYSIS
2024-07-14T17:00,28.6139,77.209,Delhi,30.1,0.0,6.7,ERA5_REANALYSIS,REFERENCE_REANALYSIS
2024-07-14T18:00,28.6139,77.209,Delhi,30.0,0.0,7.9,ERA5_REANALYSIS,REFERENCE_REANALYSIS
2024-07-14T19:00,28.6139,77.209,Delhi,29.8,0.0,7.1,ERA5_REANALYSIS,REFERENCE_REANALYSIS
2024-07-14T20:00,28.6139,77.209,Delhi,29.4,0.0,6.6,ERA5_REANALYSIS,REFERENCE_REANALYSIS
2024-07-14T21:00,28.6139,77.209,Delhi,28.9,0.0,4.8,ERA5_REANALYSIS,REFERENCE_REANALYSIS
2024-07-14T22:00,28.6139,77.209,Delhi,25.5,0.8,21.4,ERA5_REANALYSIS,REFERENCE_REANALYSIS
2024-07-14T23:00,28.6139,77.209,Delhi,26.0,0.3,13.6,ERA5_REANALYSIS,REFERENCE_REANALYSIS
2024-07-15T00:00,28.6139,77.209,Delhi,25.7,0.0,13.8,ERA5_REANALYSIS,REFERENCE_REANALYSIS
2024-07-15T01:00,28.6139,77.209,Delhi,28.1,0.0,10.9,ERA5_REANALYSIS,REFERENCE_REANALYSIS
2024-07-15T02:00,28.6139,77.209,Delhi,28.5,0.0,12.3,ERA5_REANALYSIS,REFERENCE_REANALYSIS
2024-07-15T03:00,28.6139,77.209,Delhi,29.9,0.0,11.9,ERA5_REANALYSIS,REFERENCE_REANALYSIS
2024-07-15T04:00,28.6139,77.209,Delhi,31.1,0.2,13.0,ERA5_REANALYSIS,REFERENCE_REANALYSIS
2024-07-15T05:00,28.6139,77.209,Delhi,32.1,0.1,12.2,ERA5_REANALYSIS,REFERENCE_REANALYSIS
2024-07-15T06:00,28.6139,77.209,Delhi,32.7,0.1,13.3,ERA5_REANALYSIS,REFERENCE_REANALYSIS
2024-07-15T07:00,28.6139,77.209,Delhi,33.2,0.0,13.5,ERA5_REANALYSIS,REFERENCE_REANALYSIS
2024-07-15T08:00,28.6139,77.209,Delhi,31.4,1.2,11.8,ERA5_REANALYSIS,REFERENCE_REANALYSIS
2024-07-15T09:00,28.6139,77.209,Delhi,32.9,0.1,11.9,ERA5_REANALYSIS,REFERENCE_REANALYSIS
2024-07-15T10:00,28.6139,77.209,Delhi,33.2,0.0,10.6,ERA5_REANALYSIS,REFERENCE_REANALYSIS
2024-07-15T11:00,28.6139,77.209,Delhi,33.2,0.0,11.4,ERA5_REANALYSIS,REFERENCE_REANALYSIS
2024-07-15T12:00,28.6139,77.209,Delhi,32.6,0.2,12.9,ERA5_REANALYSIS,REFERENCE_REANALYSIS
2024-07-15T13:00,28.6139,77.209,Delhi,32.0,0.0,10.8,ERA5_REANALYSIS,REFERENCE_REANALYSIS
2024-07-15T14:00,28.6139,77.209,Delhi,30.9,0.0,10.8,ERA5_REANALYSIS,REFERENCE_REANALYSIS
2024-07-15T15:00,28.6139,77.209,Delhi,30.4,0.0,9.3,ERA5_REANALYSIS,REFERENCE_REANALYSIS
2024-07-15T16:00,28.6139,77.209,Delhi,29.8,0.0,8.9,ERA5_REANALYSIS,REFERENCE_REANALYSIS
2024-07-15T17:00,28.6139,77.209,Delhi,29.4,0.0,9.8,ERA5_REANALYSIS,REFERENCE_REANALYSIS
2024-07-15T18:00,28.6139,77.209,Delhi,29.1,0.0,8.9,ERA5_REANALYSIS,REFERENCE_REANALYSIS
2024-07-15T19:00,28.6139,77.209,Delhi,28.9,0.0,7.9,ERA5_REANALYSIS,REFERENCE_REANALYSIS
2024-07-15T20:00,28.6139,77.209,Delhi,28.6,0.3,8.0,ERA5_REANALYSIS,REFERENCE_REANALYSIS
2024-07-15T21:00,28.6139,77.209,Delhi,26.8,6.9,10.7,ERA5_REANALYSIS,REFERENCE_REANALYSIS
2024-07-15T22:00,28.6139,77.209,Delhi,26.5,3.4,6.0,ERA5_REANALYSIS,REFERENCE_REANALYSIS
2024-07-15T23:00,28.6139,77.209,Delhi,25.9,5.1,8.6,ERA5_REANALYSIS,REFERENCE_REANALYSIS
2024-07-16T00:00,28.6139,77.209,Delhi,25.6,0.8,10.4,ERA5_REANALYSIS,REFERENCE_REANALYSIS
2024-07-16T01:00,28.6139,77.209,Delhi,27.7,0.0,12.4,ERA5_REANALYSIS,REFERENCE_REANALYSIS
2024-07-16T02:00,28.6139,77.209,Delhi,28.8,0.0,12.3,ERA5_REANALYSIS,REFERENCE_REANALYSIS
2024-07-16T03:00,28.6139,77.209,Delhi,30.5,0.0,14.6,ERA5_REANALYSIS,REFERENCE_REANALYSIS
2024-07-16T04:00,28.6139,77.209,Delhi,31.6,0.1,15.5,ERA5_REANALYSIS,REFERENCE_REANALYSIS
2024-07-16T05:00,28.6139,77.209,Delhi,32.8,0.1,14.3,ERA5_REANALYSIS,REFERENCE_REANALYSIS
2024-07-16T06:00,28.6139,77.209,Delhi,33.6,0.0,12.9,ERA5_REANALYSIS,REFERENCE_REANALYSIS
2024-07-16T07:00,28.6139,77.209,Delhi,34.3,0.0,11.9,ERA5_REANALYSIS,REFERENCE_REANALYSIS
2024-07-16T08:00,28.6139,77.209,Delhi,34.2,0.1,11.9,ERA5_REANALYSIS,REFERENCE_REANALYSIS
2024-07-16T09:00,28.6139,77.209,Delhi,34.1,0.1,11.2,ERA5_REANALYSIS,REFERENCE_REANALYSIS
2024-07-16T10:00,28.6139,77.209,Delhi,34.2,0.1,10.1,ERA5_REANALYSIS,REFERENCE_REANALYSIS
2024-07-16T11:00,28.6139,77.209,Delhi,33.9,0.0,10.2,ERA5_REANALYSIS,REFERENCE_REANALYSIS
2024-07-16T12:00,28.6139,77.209,Delhi,33.5,0.0,11.2,ERA5_REANALYSIS,REFERENCE_REANALYSIS
2024-07-16T13:00,28.6139,77.209,Delhi,33.0,0.0,8.6,ERA5_REANALYSIS,REFERENCE_REANALYSIS
2024-07-16T14:00,28.6139,77.209,Delhi,31.7,0.0,8.1,ERA5_REANALYSIS,REFERENCE_REANALYSIS
2024-07-16T15:00,28.6139,77.209,Delhi,31.1,0.0,6.5,ERA5_REANALYSIS,REFERENCE_REANALYSIS
2024-07-16T16:00,28.6139,77.209,Delhi,30.7,0.0,8.6,ERA5_REANALYSIS,REFERENCE_REANALYSIS
2024-07-16T17:00,28.6139,77.209,Delhi,30.4,0.0,11.5,ERA5_REANALYSIS,REFERENCE_REANALYSIS
2024-07-16T18:00,28.6139,77.209,Delhi,30.2,0.0,12.5,ERA5_REANALYSIS,REFERENCE_REANALYSIS
2024-07-16T19:00,28.6139,77.209,Delhi,29.1,0.1,12.3,ERA5_REANALYSIS,REFERENCE_REANALYSIS
2024-07-16T20:00,28.6139,77.209,Delhi,28.9,0.0,10.6,ERA5_REANALYSIS,REFERENCE_REANALYSIS
2024-07-16T21:00,28.6139,77.209,Delhi,29.0,0.0,12.2,ERA5_REANALYSIS,REFERENCE_REANALYSIS
2024-07-16T22:00,28.6139,77.209,Delhi,28.8,0.0,13.4,ERA5_REANALYSIS,REFERENCE_REANALYSIS
2024-07-16T23:00,28.6139,77.209,Delhi,28.4,0.0,12.9,ERA5_REANALYSIS,REFERENCE_REANALYSIS
2024-07-17T00:00,28.6139,77.209,Delhi,28.2,0.0,11.3,ERA5_REANALYSIS,REFERENCE_REANALYSIS
2024-07-17T01:00,28.6139,77.209,Delhi,29.1,0.0,9.7,ERA5_REANALYSIS,REFERENCE_REANALYSIS
2024-07-17T02:00,28.6139,77.209,Delhi,29.9,0.0,12.1,ERA5_REANALYSIS,REFERENCE_REANALYSIS
2024-07-17T03:00,28.6139,77.209,Delhi,30.9,0.0,13.7,ERA5_REANALYSIS,REFERENCE_REANALYSIS
2024-07-17T04:00,28.6139,77.209,Delhi,31.8,0.0,12.6,ERA5_REANALYSIS,REFERENCE_REANALYSIS
2024-07-17T05:00,28.6139,77.209,Delhi,32.7,0.0,11.2,ERA5_REANALYSIS,REFERENCE_REANALYSIS
2024-07-17T06:00,28.6139,77.209,Delhi,33.5,0.0,11.6,ERA5_REANALYSIS,REFERENCE_REANALYSIS
2024-07-17T07:00,28.6139,77.209,Delhi,33.8,0.0,12.2,ERA5_REANALYSIS,REFERENCE_REANALYSIS
2024-07-17T08:00,28.6139,77.209,Delhi,34.3,0.1,11.4,ERA5_REANALYSIS,REFERENCE_REANALYSIS
2024-07-17T09:00,28.6139,77.209,Delhi,34.7,0.0,10.7,ERA5_REANALYSIS,REFERENCE_REANALYSIS
2024-07-17T10:00,28.6139,77.209,Delhi,34.6,0.0,8.0,ERA5_REANALYSIS,REFERENCE_REANALYSIS
2024-07-17T11:00,28.6139,77.209,Delhi,34.4,0.0,7.3,ERA5_REANALYSIS,REFERENCE_REANALYSIS
2024-07-17T12:00,28.6139,77.209,Delhi,34.1,0.0,7.3,ERA5_REANALYSIS,REFERENCE_REANALYSIS
2024-07-17T13:00,28.6139,77.209,Delhi,32.1,0.0,11.0,ERA5_REANALYSIS,REFERENCE_REANALYSIS
2024-07-17T14:00,28.6139,77.209,Delhi,31.3,0.0,8.8,ERA5_REANALYSIS,REFERENCE_REANALYSIS
2024-07-17T15:00,28.6139,77.209,Delhi,30.7,0.0,8.9,ERA5_REANALYSIS,REFERENCE_REANALYSIS
2024-07-17T16:00,28.6139,77.209,Delhi,30.3,0.0,9.1,ERA5_REANALYSIS,REFERENCE_REANALYSIS
2024-07-17T17:00,28.6139,77.209,Delhi,30.1,0.0,8.3,ERA5_REANALYSIS,REFERENCE_REANALYSIS
2024-07-17T18:00,28.6139,77.209,Delhi,29.8,0.0,7.9,ERA5_REANALYSIS,REFERENCE_REANALYSIS
2024-07-17T19:00,28.6139,77.209,Delhi,29.6,0.0,7.9,ERA5_REANALYSIS,REFERENCE_REANALYSIS
2024-07-17T20:00,28.6139,77.209,Delhi,29.1,0.7,9.3,ERA5_REANALYSIS,REFERENCE_REANALYSIS
2024-07-17T21:00,28.6139,77.209,Delhi,28.4,0.4,10.7,ERA5_REANALYSIS,REFERENCE_REANALYSIS
2024-07-17T22:00,28.6139,77.209,Delhi,28.0,0.0,11.8,ERA5_REANALYSIS,REFERENCE_REANALYSIS
2024-07-17T23:00,28.6139,77.209,Delhi,27.9,0.0,12.1,ERA5_REANALYSIS,REFERENCE_REANALYSIS
2024-07-18T00:00,28.6139,77.209,Delhi,27.7,0.0,9.5,ERA5_REANALYSIS,REFERENCE_REANALYSIS
2024-07-18T01:00,28.6139,77.209,Delhi,29.7,0.0,8.8,ERA5_REANALYSIS,REFERENCE_REANALYSIS
2024-07-18T02:00,28.6139,77.209,Delhi,30.6,0.0,8.7,ERA5_REANALYSIS,REFERENCE_REANALYSIS
2024-07-18T03:00,28.6139,77.209,Delhi,31.8,0.0,8.7,ERA5_REANALYSIS,REFERENCE_REANALYSIS
2024-07-18T04:00,28.6139,77.209,Delhi,32.8,0.0,8.0,ERA5_REANALYSIS,REFERENCE_REANALYSIS
2024-07-18T05:00,28.6139,77.209,Delhi,33.7,0.0,6.8,ERA5_REANALYSIS,REFERENCE_REANALYSIS
2024-07-18T06:00,28.6139,77.209,Delhi,34.4,0.0,7.1,ERA5_REANALYSIS,REFERENCE_REANALYSIS
2024-07-18T07:00,28.6139,77.209,Delhi,34.7,0.0,7.6,ERA5_REANALYSIS,REFERENCE_REANALYSIS
2024-07-18T08:00,28.6139,77.209,Delhi,34.1,0.5,9.8,ERA5_REANALYSIS,REFERENCE_REANALYSIS
2024-07-18T09:00,28.6139,77.209,Delhi,34.1,0.4,10.0,ERA5_REANALYSIS,REFERENCE_REANALYSIS
2024-07-18T10:00,28.6139,77.209,Delhi,34.7,0.0,6.8,ERA5_REANALYSIS,REFERENCE_REANALYSIS
2024-07-18T11:00,28.6139,77.209,Delhi,34.6,0.0,6.6,ERA5_REANALYSIS,REFERENCE_REANALYSIS
2024-07-18T12:00,28.6139,77.209,Delhi,34.0,0.0,7.1,ERA5_REANALYSIS,REFERENCE_REANALYSIS
2024-07-18T13:00,28.6139,77.209,Delhi,31.9,0.0,3.7,ERA5_REANALYSIS,REFERENCE_REANALYSIS
2024-07-18T14:00,28.6139,77.209,Delhi,30.6,0.0,4.1,ERA5_REANALYSIS,REFERENCE_REANALYSIS
2024-07-18T15:00,28.6139,77.209,Delhi,29.9,0.0,3.8,ERA5_REANALYSIS,REFERENCE_REANALYSIS
2024-07-18T16:00,28.6139,77.209,Delhi,29.3,0.0,4.2,ERA5_REANALYSIS,REFERENCE_REANALYSIS
2024-07-18T17:00,28.6139,77.209,Delhi,29.0,0.0,3.6,ERA5_REANALYSIS,REFERENCE_REANALYSIS
2024-07-18T18:00,28.6139,77.209,Delhi,29.0,0.0,5.4,ERA5_REANALYSIS,REFERENCE_REANALYSIS
2024-07-18T19:00,28.6139,77.209,Delhi,28.8,0.0,4.3,ERA5_REANALYSIS,REFERENCE_REANALYSIS
2024-07-18T20:00,28.6139,77.209,Delhi,28.4,0.0,3.6,ERA5_REANALYSIS,REFERENCE_REANALYSIS
2024-07-18T21:00,28.6139,77.209,Delhi,28.5,0.1,1.3,ERA5_REANALYSIS,REFERENCE_REANALYSIS
2024-07-18T22:00,28.6139,77.209,Delhi,27.8,0.1,2.2,ERA5_REANALYSIS,REFERENCE_REANALYSIS
2024-07-18T23:00,28.6139,77.209,Delhi,27.6,0.2,2.5,ERA5_REANALYSIS,REFERENCE_REANALYSIS
2024-07-19T00:00,28.6139,77.209,Delhi,27.3,0.1,9.7,ERA5_REANALYSIS,REFERENCE_REANALYSIS
2024-07-19T01:00,28.6139,77.209,Delhi,27.5,0.0,10.7,ERA5_REANALYSIS,REFERENCE_REANALYSIS
2024-07-19T02:00,28.6139,77.209,Delhi,28.3,0.0,9.4,ERA5_REANALYSIS,REFERENCE_REANALYSIS
2024-07-19T03:00,28.6139,77.209,Delhi,29.6,0.0,7.2,ERA5_REANALYSIS,REFERENCE_REANALYSIS
2024-07-19T04:00,28.6139,77.209,Delhi,30.8,0.0,5.8,ERA5_REANALYSIS,REFERENCE_REANALYSIS
2024-07-19T05:00,28.6139,77.209,Delhi,31.6,0.1,7.9,ERA5_REANALYSIS,REFERENCE_REANALYSIS
2024-07-19T06:00,28.6139,77.209,Delhi,32.7,0.1,8.3,ERA5_REANALYSIS,REFERENCE_REANALYSIS
2024-07-19T07:00,28.6139,77.209,Delhi,33.5,0.1,8.6,ERA5_REANALYSIS,REFERENCE_REANALYSIS
2024-07-19T08:00,28.6139,77.209,Delhi,34.1,0.1,8.3,ERA5_REANALYSIS,REFERENCE_REANALYSIS
2024-07-19T09:00,28.6139,77.209,Delhi,34.3,0.0,7.6,ERA5_REANALYSIS,REFERENCE_REANALYSIS
2024-07-19T10:00,28.6139,77.209,Delhi,34.4,0.0,8.9,ERA5_REANALYSIS,REFERENCE_REANALYSIS
2024-07-19T11:00,28.6139,77.209,Delhi,34.2,0.0,9.4,ERA5_REANALYSIS,REFERENCE_REANALYSIS
2024-07-19T12:00,28.6139,77.209,Delhi,33.8,0.0,9.8,ERA5_REANALYSIS,REFERENCE_REANALYSIS
2024-07-19T13:00,28.6139,77.209,Delhi,31.7,0.0,10.4,ERA5_REANALYSIS,REFERENCE_REANALYSIS
2024-07-19T14:00,28.6139,77.209,Delhi,30.8,0.0,10.2,ERA5_REANALYSIS,REFERENCE_REANALYSIS
2024-07-19T15:00,28.6139,77.209,Delhi,30.2,0.0,12.0,ERA5_REANALYSIS,REFERENCE_REANALYSIS
2024-07-19T16:00,28.6139,77.209,Delhi,29.7,0.0,10.3,ERA5_REANALYSIS,REFERENCE_REANALYSIS
2024-07-19T17:00,28.6139,77.209,Delhi,29.3,0.0,10.0,ERA5_REANALYSIS,REFERENCE_REANALYSIS
2024-07-19T18:00,28.6139,77.209,Delhi,28.9,0.0,7.4,ERA5_REANALYSIS,REFERENCE_REANALYSIS
2024-07-19T19:00,28.6139,77.209,Delhi,28.4,0.0,5.2,ERA5_REANALYSIS,REFERENCE_REANALYSIS
2024-07-19T20:00,28.6139,77.209,Delhi,27.9,0.0,8.3,ERA5_REANALYSIS,REFERENCE_REANALYSIS
2024-07-19T21:00,28.6139,77.209,Delhi,27.6,0.0,9.0,ERA5_REANALYSIS,REFERENCE_REANALYSIS
2024-07-19T22:00,28.6139,77.209,Delhi,27.4,0.0,9.1,ERA5_REANALYSIS,REFERENCE_REANALYSIS
2024-07-19T23:00,28.6139,77.209,Delhi,27.2,0.0,9.4,ERA5_REANALYSIS,REFERENCE_REANALYSIS
2024-07-20T00:00,28.6139,77.209,Delhi,27.1,0.0,8.9,ERA5_REANALYSIS,REFERENCE_REANALYSIS
2024-07-20T01:00,28.6139,77.209,Delhi,28.2,0.0,13.0,ERA5_REANALYSIS,REFERENCE_REANALYSIS
2024-07-20T02:00,28.6139,77.209,Delhi,28.8,0.0,10.2,ERA5_REANALYSIS,REFERENCE_REANALYSIS
2024-07-20T03:00,28.6139,77.209,Delhi,29.8,0.0,8.6,ERA5_REANALYSIS,REFERENCE_REANALYSIS
2024-07-20T04:00,28.6139,77.209,Delhi,31.0,0.0,9.5,ERA5_REANALYSIS,REFERENCE_REANALYSIS
2024-07-20T05:00,28.6139,77.209,Delhi,32.0,0.0,9.3,ERA5_REANALYSIS,REFERENCE_REANALYSIS
2024-07-20T06:00,28.6139,77.209,Delhi,33.3,0.0,8.6,ERA5_REANALYSIS,REFERENCE_REANALYSIS
2024-07-20T07:00,28.6139,77.209,Delhi,34.1,0.0,8.4,ERA5_REANALYSIS,REFERENCE_REANALYSIS
2024-07-20T08:00,28.6139,77.209,Delhi,34.7,0.1,8.6,ERA5_REANALYSIS,REFERENCE_REANALYSIS
2024-07-20T09:00,28.6139,77.209,Delhi,35.1,0.1,7.4,ERA5_REANALYSIS,REFERENCE_REANALYSIS
2024-07-20T10:00,28.6139,77.209,Delhi,35.1,0.0,6.3,ERA5_REANALYSIS,REFERENCE_REANALYSIS
2024-07-20T11:00,28.6139,77.209,Delhi,35.0,0.0,5.7,ERA5_REANALYSIS,REFERENCE_REANALYSIS
2024-07-20T12:00,28.6139,77.209,Delhi,34.6,0.0,6.4,ERA5_REANALYSIS,REFERENCE_REANALYSIS
2024-07-20T13:00,28.6139,77.209,Delhi,33.3,0.0,5.4,ERA5_REANALYSIS,REFERENCE_REANALYSIS
2024-07-20T14:00,28.6139,77.209,Delhi,31.9,0.0,5.4,ERA5_REANALYSIS,REFERENCE_REANALYSIS
2024-07-20T15:00,28.6139,77.209,Delhi,31.3,0.0,6.1,ERA5_REANALYSIS,REFERENCE_REANALYSIS
2024-07-20T16:00,28.6139,77.209,Delhi,30.9,0.0,10.0,ERA5_REANALYSIS,REFERENCE_REANALYSIS
2024-07-20T17:00,28.6139,77.209,Delhi,30.2,0.0,11.1,ERA5_REANALYSIS,REFERENCE_REANALYSIS
2024-07-20T18:00,28.6139,77.209,Delhi,29.7,0.0,9.4,ERA5_REANALYSIS,REFERENCE_REANALYSIS
2024-07-20T19:00,28.6139,77.209,Delhi,29.4,0.0,7.0,ERA5_REANALYSIS,REFERENCE_REANALYSIS
2024-07-20T20:00,28.6139,77.209,Delhi,29.2,0.0,6.2,ERA5_REANALYSIS,REFERENCE_REANALYSIS
2024-07-20T21:00,28.6139,77.209,Delhi,29.0,0.0,6.6,ERA5_REANALYSIS,REFERENCE_REANALYSIS
2024-07-20T22:00,28.6139,77.209,Delhi,28.8,0.0,6.0,ERA5_REANALYSIS,REFERENCE_REANALYSIS
2024-07-20T23:00,28.6139,77.209,Delhi,28.5,0.0,3.2,ERA5_REANALYSIS,REFERENCE_REANALYSIS
2024-07-21T00:00,28.6139,77.209,Delhi,27.2,0.7,9.9,ERA5_REANALYSIS,REFERENCE_REANALYSIS
2024-07-21T01:00,28.6139,77.209,Delhi,27.9,0.1,9.0,ERA5_REANALYSIS,REFERENCE_REANALYSIS
2024-07-21T02:00,28.6139,77.209,Delhi,29.0,0.0,9.4,ERA5_REANALYSIS,REFERENCE_REANALYSIS
2024-07-21T03:00,28.6139,77.209,Delhi,30.4,0.0,10.0,ERA5_REANALYSIS,REFERENCE_REANALYSIS
2024-07-21T04:00,28.6139,77.209,Delhi,31.9,0.0,8.9,ERA5_REANALYSIS,REFERENCE_REANALYSIS
2024-07-21T05:00,28.6139,77.209,Delhi,32.9,0.0,10.4,ERA5_REANALYSIS,REFERENCE_REANALYSIS
2024-07-21T06:00,28.6139,77.209,Delhi,33.4,0.0,12.6,ERA5_REANALYSIS,REFERENCE_REANALYSIS
2024-07-21T07:00,28.6139,77.209,Delhi,31.9,1.1,16.3,ERA5_REANALYSIS,REFERENCE_REANALYSIS
2024-07-21T08:00,28.6139,77.209,Delhi,33.7,0.0,13.5,ERA5_REANALYSIS,REFERENCE_REANALYSIS
2024-07-21T09:00,28.6139,77.209,Delhi,34.6,0.0,12.5,ERA5_REANALYSIS,REFERENCE_REANALYSIS
2024-07-21T10:00,28.6139,77.209,Delhi,34.8,0.0,11.3,ERA5_REANALYSIS,REFERENCE_REANALYSIS
2024-07-21T11:00,28.6139,77.209,Delhi,34.6,0.0,10.6,ERA5_REANALYSIS,REFERENCE_REANALYSIS
2024-07-21T12:00,28.6139,77.209,Delhi,34.2,0.0,9.2,ERA5_REANALYSIS,REFERENCE_REANALYSIS
2024-07-21T13:00,28.6139,77.209,Delhi,31.6,0.0,4.8,ERA5_REANALYSIS,REFERENCE_REANALYSIS
2024-07-21T14:00,28.6139,77.209,Delhi,31.2,0.0,8.4,ERA5_REANALYSIS,REFERENCE_REANALYSIS
2024-07-21T15:00,28.6139,77.209,Delhi,31.0,0.0,10.0,ERA5_REANALYSIS,REFERENCE_REANALYSIS
2024-07-21T16:00,28.6139,77.209,Delhi,30.7,0.0,12.2,ERA5_REANALYSIS,REFERENCE_REANALYSIS
2024-07-21T17:00,28.6139,77.209,Delhi,30.5,0.0,12.3,ERA5_REANALYSIS,REFERENCE_REANALYSIS
2024-07-21T18:00,28.6139,77.209,Delhi,30.2,0.0,13.4,ERA5_REANALYSIS,REFERENCE_REANALYSIS
2024-07-21T19:00,28.6139,77.209,Delhi,28.9,3.7,4.0,ERA5_REANALYSIS,REFERENCE_REANALYSIS
2024-07-21T20:00,28.6139,77.209,Delhi,28.7,0.3,8.9,ERA5_REANALYSIS,REFERENCE_REANALYSIS
2024-07-21T21:00,28.6139,77.209,Delhi,28.5,0.0,9.7,ERA5_REANALYSIS,REFERENCE_REANALYSIS
2024-07-21T22:00,28.6139,77.209,Delhi,28.4,0.0,10.2,ERA5_REANALYSIS,REFERENCE_REANALYSIS
2024-07-21T23:00,28.6139,77.209,Delhi,28.3,0.0,9.7,ERA5_REANALYSIS,REFERENCE_REANALYSIS
2024-07-22T00:00,28.6139,77.209,Delhi,27.8,0.7,4.8,ERA5_REANALYSIS,REFERENCE_REANALYSIS
2024-07-22T01:00,28.6139,77.209,Delhi,29.2,0.0,8.4,ERA5_REANALYSIS,REFERENCE_REANALYSIS
2024-07-22T02:00,28.6139,77.209,Delhi,30.0,0.0,9.5,ERA5_REANALYSIS,REFERENCE_REANALYSIS
2024-07-22T03:00,28.6139,77.209,Delhi,30.9,0.0,10.9,ERA5_REANALYSIS,REFERENCE_REANALYSIS
2024-07-22T04:00,28.6139,77.209,Delhi,32.1,0.0,8.9,ERA5_REANALYSIS,REFERENCE_REANALYSIS
2024-07-22T05:00,28.6139,77.209,Delhi,33.2,0.0,8.7,ERA5_REANALYSIS,REFERENCE_REANALYSIS
2024-07-22T06:00,28.6139,77.209,Delhi,34.1,0.0,8.4,ERA5_REANALYSIS,REFERENCE_REANALYSIS
2024-07-22T07:00,28.6139,77.209,Delhi,34.5,0.1,7.7,ERA5_REANALYSIS,REFERENCE_REANALYSIS
2024-07-22T08:00,28.6139,77.209,Delhi,34.5,0.0,8.5,ERA5_REANALYSIS,REFERENCE_REANALYSIS
2024-07-22T09:00,28.6139,77.209,Delhi,34.2,0.1,7.2,ERA5_REANALYSIS,REFERENCE_REANALYSIS
2024-07-22T10:00,28.6139,77.209,Delhi,34.3,0.1,4.1,ERA5_REANALYSIS,REFERENCE_REANALYSIS
2024-07-22T11:00,28.6139,77.209,Delhi,34.6,0.0,4.5,ERA5_REANALYSIS,REFERENCE_REANALYSIS
2024-07-22T12:00,28.6139,77.209,Delhi,34.3,0.0,7.9,ERA5_REANALYSIS,REFERENCE_REANALYSIS
2024-07-22T13:00,28.6139,77.209,Delhi,30.5,0.0,9.9,ERA5_REANALYSIS,REFERENCE_REANALYSIS
2024-07-22T14:00,28.6139,77.209,Delhi,29.8,0.0,9.1,ERA5_REANALYSIS,REFERENCE_REANALYSIS
2024-07-22T15:00,28.6139,77.209,Delhi,29.4,0.0,8.9,ERA5_REANALYSIS,REFERENCE_REANALYSIS
2024-07-22T16:00,28.6139,77.209,Delhi,29.2,0.0,9.7,ERA5_REANALYSIS,REFERENCE_REANALYSIS
2024-07-22T17:00,28.6139,77.209,Delhi,29.0,0.0,10.2,ERA5_REANALYSIS,REFERENCE_REANALYSIS
2024-07-22T18:00,28.6139,77.209,Delhi,28.8,0.0,10.5,ERA5_REANALYSIS,REFERENCE_REANALYSIS
2024-07-22T19:00,28.6139,77.209,Delhi,28.7,0.0,10.0,ERA5_REANALYSIS,REFERENCE_REANALYSIS
2024-07-22T20:00,28.6139,77.209,Delhi,28.4,0.0,8.8,ERA5_REANALYSIS,REFERENCE_REANALYSIS
2024-07-22T21:00,28.6139,77.209,Delhi,28.2,0.0,6.3,ERA5_REANALYSIS,REFERENCE_REANALYSIS
2024-07-22T22:00,28.6139,77.209,Delhi,28.0,0.0,5.6,ERA5_REANALYSIS,REFERENCE_REANALYSIS
2024-07-22T23:00,28.6139,77.209,Delhi,27.8,0.0,7.3,ERA5_REANALYSIS,REFERENCE_REANALYSIS
2024-07-23T00:00,28.6139,77.209,Delhi,27.7,0.0,11.4,ERA5_REANALYSIS,REFERENCE_REANALYSIS
2024-07-23T01:00,28.6139,77.209,Delhi,28.1,0.2,14.9,ERA5_REANALYSIS,REFERENCE_REANALYSIS
2024-07-23T02:00,28.6139,77.209,Delhi,27.0,2.6,3.7,ERA5_REANALYSIS,REFERENCE_REANALYSIS
2024-07-23T03:00,28.6139,77.209,Delhi,27.6,0.7,8.2,ERA5_REANALYSIS,REFERENCE_REANALYSIS
2024-07-23T04:00,28.6139,77.209,Delhi,28.7,0.0,1.1,ERA5_REANALYSIS,REFERENCE_REANALYSIS
2024-07-23T05:00,28.6139,77.209,Delhi,30.3,0.0,3.1,ERA5_REANALYSIS,REFERENCE_REANALYSIS
2024-07-23T06:00,28.6139,77.209,Delhi,31.7,0.0,1.6,ERA5_REANALYSIS,REFERENCE_REANALYSIS
2024-07-23T07:00,28.6139,77.209,Delhi,33.0,0.0,2.4,ERA5_REANALYSIS,REFERENCE_REANALYSIS
2024-07-23T08:00,28.6139,77.209,Delhi,34.0,0.0,2.4,ERA5_REANALYSIS,REFERENCE_REANALYSIS
2024-07-23T09:00,28.6139,77.209,Delhi,34.4,0.0,3.4,ERA5_REANALYSIS,REFERENCE_REANALYSIS
2024-07-23T10:00,28.6139,77.209,Delhi,34.8,0.0,2.5,ERA5_REANALYSIS,REFERENCE_REANALYSIS
2024-07-23T11:00,28.6139,77.209,Delhi,34.7,0.0,2.3,ERA5_REANALYSIS,REFERENCE_REANALYSIS
2024-07-23T12:00,28.6139,77.209,Delhi,34.3,0.0,2.3,ERA5_REANALYSIS,REFERENCE_REANALYSIS
2024-07-23T13:00,28.6139,77.209,Delhi,33.0,0.0,3.8,ERA5_REANALYSIS,REFERENCE_REANALYSIS
2024-07-23T14:00,28.6139,77.209,Delhi,31.0,0.4,6.4,ERA5_REANALYSIS,REFERENCE_REANALYSIS
2024-07-23T15:00,28.6139,77.209,Delhi,30.3,0.3,2.2,ERA5_REANALYSIS,REFERENCE_REANALYSIS
2024-07-23T16:00,28.6139,77.209,Delhi,29.8,0.0,4.4,ERA5_REANALYSIS,REFERENCE_REANALYSIS
2024-07-23T17:00,28.6139,77.209,Delhi,29.5,0.0,5.4,ERA5_REANALYSIS,REFERENCE_REANALYSIS
2024-07-23T18:00,28.6139,77.209,Delhi,28.5,0.1,13.9,ERA5_REANALYSIS,REFERENCE_REANALYSIS
2024-07-23T19:00,28.6139,77.209,Delhi,28.0,0.6,5.8,ERA5_REANALYSIS,REFERENCE_REANALYSIS
2024-07-23T20:00,28.6139,77.209,Delhi,27.3,3.6,7.4,ERA5_REANALYSIS,REFERENCE_REANALYSIS
2024-07-23T21:00,28.6139,77.209,Delhi,27.1,0.1,9.4,ERA5_REANALYSIS,REFERENCE_REANALYSIS
2024-07-23T22:00,28.6139,77.209,Delhi,26.7,0.0,8.8,ERA5_REANALYSIS,REFERENCE_REANALYSIS
2024-07-23T23:00,28.6139,77.209,Delhi,26.6,0.0,5.6,ERA5_REANALYSIS,REFERENCE_REANALYSIS
2024-07-24T00:00,28.6139,77.209,Delhi,26.4,0.0,5.2,ERA5_REANALYSIS,REFERENCE_REANALYSIS
2024-07-24T01:00,28.6139,77.209,Delhi,26.9,0.6,3.3,ERA5_REANALYSIS,REFERENCE_REANALYSIS
2024-07-24T02:00,28.6139,77.209,Delhi,27.1,1.4,2.1,ERA5_REANALYSIS,REFERENCE_REANALYSIS
2024-07-24T03:00,28.6139,77.209,Delhi,27.4,0.4,1.8,ERA5_REANALYSIS,REFERENCE_REANALYSIS
2024-07-24T04:00,28.6139,77.209,Delhi,28.6,0.0,1.9,ERA5_REANALYSIS,REFERENCE_REANALYSIS
2024-07-24T05:00,28.6139,77.209,Delhi,29.4,0.1,4.1,ERA5_REANALYSIS,REFERENCE_REANALYSIS
2024-07-24T06:00,28.6139,77.209,Delhi,30.4,0.1,6.3,ERA5_REANALYSIS,REFERENCE_REANALYSIS
2024-07-24T07:00,28.6139,77.209,Delhi,31.3,0.0,8.4,ERA5_REANALYSIS,REFERENCE_REANALYSIS
2024-07-24T08:00,28.6139,77.209,Delhi,32.5,0.0,9.5,ERA5_REANALYSIS,REFERENCE_REANALYSIS
2024-07-24T09:00,28.6139,77.209,Delhi,33.1,0.0,6.9,ERA5_REANALYSIS,REFERENCE_REANALYSIS
2024-07-24T10:00,28.6139,77.209,Delhi,33.6,0.0,6.6,ERA5_REANALYSIS,REFERENCE_REANALYSIS
2024-07-24T11:00,28.6139,77.209,Delhi,33.7,0.0,5.0,ERA5_REANALYSIS,REFERENCE_REANALYSIS
2024-07-24T12:00,28.6139,77.209,Delhi,33.6,0.0,3.8,ERA5_REANALYSIS,REFERENCE_REANALYSIS
2024-07-24T13:00,28.6139,77.209,Delhi,31.8,0.0,2.8,ERA5_REANALYSIS,REFERENCE_REANALYSIS
2024-07-24T14:00,28.6139,77.209,Delhi,30.5,0.0,3.1,ERA5_REANALYSIS,REFERENCE_REANALYSIS
2024-07-24T15:00,28.6139,77.209,Delhi,29.9,0.0,3.4,ERA5_REANALYSIS,REFERENCE_REANALYSIS
2024-07-24T16:00,28.6139,77.209,Delhi,29.6,0.0,3.6,ERA5_REANALYSIS,REFERENCE_REANALYSIS
2024-07-24T17:00,28.6139,77.209,Delhi,29.1,0.0,3.3,ERA5_REANALYSIS,REFERENCE_REANALYSIS
2024-07-24T18:00,28.6139,77.209,Delhi,29.0,0.0,6.8,ERA5_REANALYSIS,REFERENCE_REANALYSIS
2024-07-24T19:00,28.6139,77.209,Delhi,28.6,0.0,5.4,ERA5_REANALYSIS,REFERENCE_REANALYSIS
2024-07-24T20:00,28.6139,77.209,Delhi,28.3,0.0,2.8,ERA5_REANALYSIS,REFERENCE_REANALYSIS
2024-07-24T21:00,28.6139,77.209,Delhi,27.9,0.1,2.2,ERA5_REANALYSIS,REFERENCE_REANALYSIS
2024-07-24T22:00,28.6139,77.209,Delhi,27.8,0.0,9.2,ERA5_REANALYSIS,REFERENCE_REANALYSIS
2024-07-24T23:00,28.6139,77.209,Delhi,27.5,0.0,10.3,ERA5_REANALYSIS,REFERENCE_REANALYSIS
2024-07-25T00:00,28.6139,77.209,Delhi,27.2,0.0,8.4,ERA5_REANALYSIS,REFERENCE_REANALYSIS
2024-07-25T01:00,28.6139,77.209,Delhi,27.8,0.3,3.8,ERA5_REANALYSIS,REFERENCE_REANALYSIS
2024-07-25T02:00,28.6139,77.209,Delhi,28.2,0.0,3.3,ERA5_REANALYSIS,REFERENCE_REANALYSIS
2024-07-25T03:00,28.6139,77.209,Delhi,29.6,0.0,3.9,ERA5_REANALYSIS,REFERENCE_REANALYSIS
2024-07-25T04:00,28.6139,77.209,Delhi,31.0,0.0,3.8,ERA5_REANALYSIS,REFERENCE_REANALYSIS
2024-07-25T05:00,28.6139,77.209,Delhi,32.1,0.0,3.8,ERA5_REANALYSIS,REFERENCE_REANALYSIS
2024-07-25T06:00,28.6139,77.209,Delhi,33.0,0.0,3.0,ERA5_REANALYSIS,REFERENCE_REANALYSIS
2024-07-25T07:00,28.6139,77.209,Delhi,33.9,0.1,3.3,ERA5_REANALYSIS,REFERENCE_REANALYSIS
2024-07-25T08:00,28.6139,77.209,Delhi,34.7,0.0,4.4,ERA5_REANALYSIS,REFERENCE_REANALYSIS
2024-07-25T09:00,28.6139,77.209,Delhi,34.5,0.0,2.6,ERA5_REANALYSIS,REFERENCE_REANALYSIS
2024-07-25T10:00,28.6139,77.209,Delhi,34.1,0.1,3.0,ERA5_REANALYSIS,REFERENCE_REANALYSIS
2024-07-25T11:00,28.6139,77.209,Delhi,34.3,0.0,2.6,ERA5_REANALYSIS,REFERENCE_REANALYSIS
2024-07-25T12:00,28.6139,77.209,Delhi,34.2,0.0,3.8,ERA5_REANALYSIS,REFERENCE_REANALYSIS
2024-07-25T13:00,28.6139,77.209,Delhi,32.3,0.0,3.7,ERA5_REANALYSIS,REFERENCE_REANALYSIS
2024-07-25T14:00,28.6139,77.209,Delhi,31.2,0.0,3.6,ERA5_REANALYSIS,REFERENCE_REANALYSIS
2024-07-25T15:00,28.6139,77.209,Delhi,31.6,0.0,0.7,ERA5_REANALYSIS,REFERENCE_REANALYSIS
2024-07-25T16:00,28.6139,77.209,Delhi,30.7,0.0,3.3,ERA5_REANALYSIS,REFERENCE_REANALYSIS
2024-07-25T17:00,28.6139,77.209,Delhi,30.4,0.0,9.8,ERA5_REANALYSIS,REFERENCE_REANALYSIS
2024-07-25T18:00,28.6139,77.209,Delhi,29.6,0.0,11.1,ERA5_REANALYSIS,REFERENCE_REANALYSIS
2024-07-25T19:00,28.6139,77.209,Delhi,29.2,0.0,13.0,ERA5_REANALYSIS,REFERENCE_REANALYSIS
2024-07-25T20:00,28.6139,77.209,Delhi,28.5,0.1,6.8,ERA5_REANALYSIS,REFERENCE_REANALYSIS
2024-07-25T21:00,28.6139,77.209,Delhi,28.1,0.1,7.1,ERA5_REANALYSIS,REFERENCE_REANALYSIS
2024-07-25T22:00,28.6139,77.209,Delhi,27.9,0.1,5.2,ERA5_REANALYSIS,REFERENCE_REANALYSIS
2024-07-25T23:00,28.6139,77.209,Delhi,27.8,0.0,1.1,ERA5_REANALYSIS,REFERENCE_REANALYSIS
2024-06-15T00:00,26.1445,91.7362,Guwahati,24.4,1.6,2.2,ERA5_REANALYSIS,REFERENCE_REANALYSIS
2024-06-15T01:00,26.1445,91.7362,Guwahati,24.7,3.0,3.0,ERA5_REANALYSIS,REFERENCE_REANALYSIS
2024-06-15T02:00,26.1445,91.7362,Guwahati,25.1,5.2,2.9,ERA5_REANALYSIS,REFERENCE_REANALYSIS
2024-06-15T03:00,26.1445,91.7362,Guwahati,24.9,16.9,4.1,ERA5_REANALYSIS,REFERENCE_REANALYSIS
2024-06-15T04:00,26.1445,91.7362,Guwahati,25.4,16.5,2.6,ERA5_REANALYSIS,REFERENCE_REANALYSIS
2024-06-15T05:00,26.1445,91.7362,Guwahati,24.9,7.2,6.9,ERA5_REANALYSIS,REFERENCE_REANALYSIS
2024-06-15T06:00,26.1445,91.7362,Guwahati,25.9,3.4,5.9,ERA5_REANALYSIS,REFERENCE_REANALYSIS
2024-06-15T07:00,26.1445,91.7362,Guwahati,26.8,0.9,1.8,ERA5_REANALYSIS,REFERENCE_REANALYSIS
2024-06-15T08:00,26.1445,91.7362,Guwahati,27.9,0.2,3.2,ERA5_REANALYSIS,REFERENCE_REANALYSIS
2024-06-15T09:00,26.1445,91.7362,Guwahati,28.9,0.0,2.3,ERA5_REANALYSIS,REFERENCE_REANALYSIS
2024-06-15T10:00,26.1445,91.7362,Guwahati,28.7,0.0,2.2,ERA5_REANALYSIS,REFERENCE_REANALYSIS
2024-06-15T11:00,26.1445,91.7362,Guwahati,28.4,0.1,4.0,ERA5_REANALYSIS,REFERENCE_REANALYSIS
2024-06-15T12:00,26.1445,91.7362,Guwahati,28.0,0.1,3.9,ERA5_REANALYSIS,REFERENCE_REANALYSIS
2024-06-15T13:00,26.1445,91.7362,Guwahati,26.3,0.1,3.6,ERA5_REANALYSIS,REFERENCE_REANALYSIS
2024-06-15T14:00,26.1445,91.7362,Guwahati,25.8,0.9,5.7,ERA5_REANALYSIS,REFERENCE_REANALYSIS
2024-06-15T15:00,26.1445,91.7362,Guwahati,25.2,4.2,6.8,ERA5_REANALYSIS,REFERENCE_REANALYSIS
2024-06-15T16:00,26.1445,91.7362,Guwahati,24.9,3.8,3.7,ERA5_REANALYSIS,REFERENCE_REANALYSIS
2024-06-15T17:00,26.1445,91.7362,Guwahati,25.0,2.3,3.8,ERA5_REANALYSIS,REFERENCE_REANALYSIS
2024-06-15T18:00,26.1445,91.7362,Guwahati,24.8,6.3,8.0,ERA5_REANALYSIS,REFERENCE_REANALYSIS
2024-06-15T19:00,26.1445,91.7362,Guwahati,24.8,2.1,7.6,ERA5_REANALYSIS,REFERENCE_REANALYSIS
2024-06-15T20:00,26.1445,91.7362,Guwahati,24.8,3.0,8.0,ERA5_REANALYSIS,REFERENCE_REANALYSIS
2024-06-15T21:00,26.1445,91.7362,Guwahati,24.7,4.9,8.4,ERA5_REANALYSIS,REFERENCE_REANALYSIS
2024-06-15T22:00,26.1445,91.7362,Guwahati,24.8,5.8,4.4,ERA5_REANALYSIS,REFERENCE_REANALYSIS
2024-06-15T23:00,26.1445,91.7362,Guwahati,24.8,2.9,5.8,ERA5_REANALYSIS,REFERENCE_REANALYSIS
2024-06-16T00:00,26.1445,91.7362,Guwahati,24.6,2.5,11.7,ERA5_REANALYSIS,REFERENCE_REANALYSIS
2024-06-16T01:00,26.1445,91.7362,Guwahati,24.8,5.4,5.5,ERA5_REANALYSIS,REFERENCE_REANALYSIS
2024-06-16T02:00,26.1445,91.7362,Guwahati,25.1,4.1,6.9,ERA5_REANALYSIS,REFERENCE_REANALYSIS
2024-06-16T03:00,26.1445,91.7362,Guwahati,25.2,2.7,8.0,ERA5_REANALYSIS,REFERENCE_REANALYSIS
2024-06-16T04:00,26.1445,91.7362,Guwahati,25.6,2.3,8.8,ERA5_REANALYSIS,REFERENCE_REANALYSIS
2024-06-16T05:00,26.1445,91.7362,Guwahati,26.1,2.6,7.9,ERA5_REANALYSIS,REFERENCE_REANALYSIS
2024-06-16T06:00,26.1445,91.7362,Guwahati,26.2,2.2,7.9,ERA5_REANALYSIS,REFERENCE_REANALYSIS
2024-06-16T07:00,26.1445,91.7362,Guwahati,26.6,1.7,2.1,ERA5_REANALYSIS,REFERENCE_REANALYSIS
2024-06-16T08:00,26.1445,91.7362,Guwahati,26.7,1.0,1.4,ERA5_REANALYSIS,REFERENCE_REANALYSIS
2024-06-16T09:00,26.1445,91.7362,Guwahati,27.1,0.4,2.2,ERA5_REANALYSIS,REFERENCE_REANALYSIS
2024-06-16T10:00,26.1445,91.7362,Guwahati,27.0,0.0,5.2,ERA5_REANALYSIS,REFERENCE_REANALYSIS
2024-06-16T11:00,26.1445,91.7362,Guwahati,26.9,0.0,7.1,ERA5_REANALYSIS,REFERENCE_REANALYSIS
2024-06-16T12:00,26.1445,91.7362,Guwahati,26.7,0.0,5.8,ERA5_REANALYSIS,REFERENCE_REANALYSIS
2024-06-16T13:00,26.1445,91.7362,Guwahati,26.2,0.0,2.8,ERA5_REANALYSIS,REFERENCE_REANALYSIS
2024-06-16T14:00,26.1445,91.7362,Guwahati,26.0,0.0,4.6,ERA5_REANALYSIS,REFERENCE_REANALYSIS
2024-06-16T15:00,26.1445,91.7362,Guwahati,25.9,0.1,3.8,ERA5_REANALYSIS,REFERENCE_REANALYSIS
2024-06-16T16:00,26.1445,91.7362,Guwahati,25.8,1.2,3.1,ERA5_REANALYSIS,REFERENCE_REANALYSIS
2024-06-16T17:00,26.1445,91.7362,Guwahati,25.4,0.6,3.3,ERA5_REANALYSIS,REFERENCE_REANALYSIS
2024-06-16T18:00,26.1445,91.7362,Guwahati,25.1,0.1,2.2,ERA5_REANALYSIS,REFERENCE_REANALYSIS
2024-06-16T19:00,26.1445,91.7362,Guwahati,25.0,0.0,3.6,ERA5_REANALYSIS,REFERENCE_REANALYSIS
2024-06-16T20:00,26.1445,91.7362,Guwahati,25.0,0.0,5.5,ERA5_REANALYSIS,REFERENCE_REANALYSIS
2024-06-16T21:00,26.1445,91.7362,Guwahati,24.8,1.6,7.8,ERA5_REANALYSIS,REFERENCE_REANALYSIS
2024-06-16T22:00,26.1445,91.7362,Guwahati,24.5,1.9,6.7,ERA5_REANALYSIS,REFERENCE_REANALYSIS
2024-06-16T23:00,26.1445,91.7362,Guwahati,24.5,3.0,4.1,ERA5_REANALYSIS,REFERENCE_REANALYSIS
2024-06-17T00:00,26.1445,91.7362,Guwahati,24.8,1.6,5.4,ERA5_REANALYSIS,REFERENCE_REANALYSIS
2024-06-17T01:00,26.1445,91.7362,Guwahati,25.5,10.8,5.0,ERA5_REANALYSIS,REFERENCE_REANALYSIS
2024-06-17T02:00,26.1445,91.7362,Guwahati,25.8,10.2,3.1,ERA5_REANALYSIS,REFERENCE_REANALYSIS
2024-06-17T03:00,26.1445,91.7362,Guwahati,25.8,2.8,2.8,ERA5_REANALYSIS,REFERENCE_REANALYSIS
2024-06-17T04:00,26.1445,91.7362,Guwahati,25.8,1.6,1.5,ERA5_REANALYSIS,REFERENCE_REANALYSIS
2024-06-17T05:00,26.1445,91.7362,Guwahati,25.7,6.0,2.3,ERA5_REANALYSIS,REFERENCE_REANALYSIS
2024-06-17T06:00,26.1445,91.7362,Guwahati,25.0,8.5,6.2,ERA5_REANALYSIS,REFERENCE_REANALYSIS
2024-06-17T07:00,26.1445,91.7362,Guwahati,25.4,4.2,3.1,ERA5_REANALYSIS,REFERENCE_REANALYSIS
2024-06-17T08:00,26.1445,91.7362,Guwahati,27.5,0.1,3.1,ERA5_REANALYSIS,REFERENCE_REANALYSIS
2024-06-17T09:00,26.1445,91.7362,Guwahati,28.3,0.0,4.1,ERA5_REANALYSIS,REFERENCE_REANALYSIS
2024-06-17T10:00,26.1445,91.7362,Guwahati,28.8,0.0,3.9,ERA5_REANALYSIS,REFERENCE_REANALYSIS
2024-06-17T11:00,26.1445,91.7362,Guwahati,28.1,0.2,7.1,ERA5_REANALYSIS,REFERENCE_REANALYSIS
2024-06-17T12:00,26.1445,91.7362,Guwahati,26.9,0.3,6.6,ERA5_REANALYSIS,REFERENCE_REANALYSIS
2024-06-17T13:00,26.1445,91.7362,Guwahati,25.7,0.1,3.1,ERA5_REANALYSIS,REFERENCE_REANALYSIS
2024-06-17T14:00,26.1445,91.7362,Guwahati,25.4,0.6,1.9,ERA5_REANALYSIS,REFERENCE_REANALYSIS
2024-06-17T15:00,26.1445,91.7362,Guwahati,25.1,0.3,1.1,ERA5_REANALYSIS,REFERENCE_REANALYSIS
2024-06-17T16:00,26.1445,91.7362,Guwahati,24.9,0.6,3.6,ERA5_REANALYSIS,REFERENCE_REANALYSIS
2024-06-17T17:00,26.1445,91.7362,Guwahati,24.9,0.7,1.8,ERA5_REANALYSIS,REFERENCE_REANALYSIS
2024-06-17T18:00,26.1445,91.7362,Guwahati,24.6,3.5,1.8,ERA5_REANALYSIS,REFERENCE_REANALYSIS
2024-06-17T19:00,26.1445,91.7362,Guwahati,24.4,4.2,0.4,ERA5_REANALYSIS,REFERENCE_REANALYSIS
2024-06-17T20:00,26.1445,91.7362,Guwahati,24.4,1.4,2.5,ERA5_REANALYSIS,REFERENCE_REANALYSIS
2024-06-17T21:00,26.1445,91.7362,Guwahati,24.3,1.3,3.6,ERA5_REANALYSIS,REFERENCE_REANALYSIS
2024-06-17T22:00,26.1445,91.7362,Guwahati,24.2,0.4,4.7,ERA5_REANALYSIS,REFERENCE_REANALYSIS
2024-06-17T23:00,26.1445,91.7362,Guwahati,24.3,0.3,10.1,ERA5_REANALYSIS,REFERENCE_REANALYSIS
2024-06-18T00:00,26.1445,91.7362,Guwahati,24.4,0.2,10.6,ERA5_REANALYSIS,REFERENCE_REANALYSIS
2024-06-18T01:00,26.1445,91.7362,Guwahati,24.6,9.2,9.3,ERA5_REANALYSIS,REFERENCE_REANALYSIS
2024-06-18T02:00,26.1445,91.7362,Guwahati,25.0,7.6,2.5,ERA5_REANALYSIS,REFERENCE_REANALYSIS
2024-06-18T03:00,26.1445,91.7362,Guwahati,25.0,3.1,7.6,ERA5_REANALYSIS,REFERENCE_REANALYSIS
2024-06-18T04:00,26.1445,91.7362,Guwahati,25.2,2.3,12.1,ERA5_REANALYSIS,REFERENCE_REANALYSIS
2024-06-18T05:00,26.1445,91.7362,Guwahati,25.8,1.5,3.8,ERA5_REANALYSIS,REFERENCE_REANALYSIS
2024-06-18T06:00,26.1445,91.7362,Guwahati,25.9,4.7,4.7,ERA5_REANALYSIS,REFERENCE_REANALYSIS
2024-06-18T07:00,26.1445,91.7362,Guwahati,26.4,0.9,2.8,ERA5_REANALYSIS,REFERENCE_REANALYSIS
2024-06-18T08:00,26.1445,91.7362,Guwahati,26.8,1.1,1.8,ERA5_REANALYSIS,REFERENCE_REANALYSIS
2024-06-18T09:00,26.1445,91.7362,Guwahati,27.0,0.4,2.6,ERA5_REANALYSIS,REFERENCE_REANALYSIS
2024-06-18T10:00,26.1445,91.7362,Guwahati,26.8,0.0,4.2,ERA5_REANALYSIS,REFERENCE_REANALYSIS
2024-06-18T11:00,26.1445,91.7362,Guwahati,26.8,0.0,7.2,ERA5_REANALYSIS,REFERENCE_REANALYSIS
2024-06-18T12:00,26.1445,91.7362,Guwahati,26.0,0.0,7.6,ERA5_REANALYSIS,REFERENCE_REANALYSIS
2024-06-18T13:00,26.1445,91.7362,Guwahati,24.2,0.8,5.9,ERA5_REANALYSIS,REFERENCE_REANALYSIS
2024-06-18T14:00,26.1445,91.7362,Guwahati,24.3,4.2,4.4,ERA5_REANALYSIS,REFERENCE_REANALYSIS
2024-06-18T15:00,26.1445,91.7362,Guwahati,24.4,3.1,2.5,ERA5_REANALYSIS,REFERENCE_REANALYSIS
2024-06-18T16:00,26.1445,91.7362,Guwahati,24.2,4.4,2.8,ERA5_REANALYSIS,REFERENCE_REANALYSIS
2024-06-18T17:00,26.1445,91.7362,Guwahati,24.1,7.7,3.3,ERA5_REANALYSIS,REFERENCE_REANALYSIS
2024-06-18T18:00,26.1445,91.7362,Guwahati,24.0,7.3,1.5,ERA5_REANALYSIS,REFERENCE_REANALYSIS
2024-06-18T19:00,26.1445,91.7362,Guwahati,24.0,3.4,2.0,ERA5_REANALYSIS,REFERENCE_REANALYSIS
2024-06-18T20:00,26.1445,91.7362,Guwahati,24.0,0.9,4.1,ERA5_REANALYSIS,REFERENCE_REANALYSIS
2024-06-18T21:00,26.1445,91.7362,Guwahati,23.8,2.0,7.7,ERA5_REANALYSIS,REFERENCE_REANALYSIS
2024-06-18T22:00,26.1445,91.7362,Guwahati,23.6,3.6,5.6,ERA5_REANALYSIS,REFERENCE_REANALYSIS
2024-06-18T23:00,26.1445,91.7362,Guwahati,23.4,4.5,10.0,ERA5_REANALYSIS,REFERENCE_REANALYSIS
2024-06-19T00:00,26.1445,91.7362,Guwahati,23.5,6.0,12.3,ERA5_REANALYSIS,REFERENCE_REANALYSIS
2024-06-19T01:00,26.1445,91.7362,Guwahati,23.1,7.0,13.8,ERA5_REANALYSIS,REFERENCE_REANALYSIS
2024-06-19T02:00,26.1445,91.7362,Guwahati,23.4,4.1,14.4,ERA5_REANALYSIS,REFERENCE_REANALYSIS
2024-06-19T03:00,26.1445,91.7362,Guwahati,24.1,1.2,13.2,ERA5_REANALYSIS,REFERENCE_REANALYSIS
2024-06-19T04:00,26.1445,91.7362,Guwahati,24.8,0.8,17.2,ERA5_REANALYSIS,REFERENCE_REANALYSIS
2024-06-19T05:00,26.1445,91.7362,Guwahati,26.4,0.8,13.0,ERA5_REANALYSIS,REFERENCE_REANALYSIS
2024-06-19T06:00,26.1445,91.7362,Guwahati,26.5,1.1,9.0,ERA5_REANALYSIS,REFERENCE_REANALYSIS
2024-06-19T07:00,26.1445,91.7362,Guwahati,25.7,1.4,9.3,ERA5_REANALYSIS,REFERENCE_REANALYSIS
2024-06-19T08:00,26.1445,91.7362,Guwahati,26.5,0.6,10.7,ERA5_REANALYSIS,REFERENCE_REANALYSIS
2024-06-19T09:00,26.1445,91.7362,Guwahati,26.3,0.0,6.6,ERA5_REANALYSIS,REFERENCE_REANALYSIS
2024-06-19T10:00,26.1445,91.7362,Guwahati,26.4,0.2,6.0,ERA5_REANALYSIS,REFERENCE_REANALYSIS
2024-06-19T11:00,26.1445,91.7362,Guwahati,26.7,0.0,5.8,ERA5_REANALYSIS,REFERENCE_REANALYSIS
2024-06-19T12:00,26.1445,91.7362,Guwahati,26.1,0.0,5.4,ERA5_REANALYSIS,REFERENCE_REANALYSIS
2024-06-19T13:00,26.1445,91.7362,Guwahati,25.4,0.0,5.7,ERA5_REANALYSIS,REFERENCE_REANALYSIS
2024-06-19T14:00,26.1445,91.7362,Guwahati,25.0,0.0,3.5,ERA5_REANALYSIS,REFERENCE_REANALYSIS
2024-06-19T15:00,26.1445,91.7362,Guwahati,25.0,0.0,5.4,ERA5_REANALYSIS,REFERENCE_REANALYSIS
2024-06-19T16:00,26.1445,91.7362,Guwahati,24.9,0.0,5.0,ERA5_REANALYSIS,REFERENCE_REANALYSIS
2024-06-19T17:00,26.1445,91.7362,Guwahati,24.7,0.7,3.1,ERA5_REANALYSIS,REFERENCE_REANALYSIS
2024-06-19T18:00,26.1445,91.7362,Guwahati,24.6,0.7,6.6,ERA5_REANALYSIS,REFERENCE_REANALYSIS
2024-06-19T19:00,26.1445,91.7362,Guwahati,24.4,0.5,5.2,ERA5_REANALYSIS,REFERENCE_REANALYSIS
2024-06-19T20:00,26.1445,91.7362,Guwahati,24.3,0.9,4.0,ERA5_REANALYSIS,REFERENCE_REANALYSIS
2024-06-19T21:00,26.1445,91.7362,Guwahati,24.4,5.4,2.6,ERA5_REANALYSIS,REFERENCE_REANALYSIS
2024-06-19T22:00,26.1445,91.7362,Guwahati,24.3,0.6,4.3,ERA5_REANALYSIS,REFERENCE_REANALYSIS
2024-06-19T23:00,26.1445,91.7362,Guwahati,24.3,0.3,5.2,ERA5_REANALYSIS,REFERENCE_REANALYSIS
2024-06-20T00:00,26.1445,91.7362,Guwahati,24.5,0.2,5.9,ERA5_REANALYSIS,REFERENCE_REANALYSIS
2024-06-20T01:00,26.1445,91.7362,Guwahati,24.8,5.3,2.8,ERA5_REANALYSIS,REFERENCE_REANALYSIS
2024-06-20T02:00,26.1445,91.7362,Guwahati,24.8,3.9,6.6,ERA5_REANALYSIS,REFERENCE_REANALYSIS
2024-06-20T03:00,26.1445,91.7362,Guwahati,25.6,1.3,5.4,ERA5_REANALYSIS,REFERENCE_REANALYSIS
2024-06-20T04:00,26.1445,91.7362,Guwahati,25.5,0.6,6.4,ERA5_REANALYSIS,REFERENCE_REANALYSIS
2024-06-20T05:00,26.1445,91.7362,Guwahati,25.8,0.1,7.1,ERA5_REANALYSIS,REFERENCE_REANALYSIS
2024-06-20T06:00,26.1445,91.7362,Guwahati,27.4,0.1,10.9,ERA5_REANALYSIS,REFERENCE_REANALYSIS
2024-06-20T07:00,26.1445,91.7362,Guwahati,28.2,0.0,9.9,ERA5_REANALYSIS,REFERENCE_REANALYSIS
2024-06-20T08:00,26.1445,91.7362,Guwahati,29.0,0.0,6.0,ERA5_REANALYSIS,REFERENCE_REANALYSIS
2024-06-20T09:00,26.1445,91.7362,Guwahati,29.3,0.0,5.1,ERA5_REANALYSIS,REFERENCE_REANALYSIS
2024-06-20T10:00,26.1445,91.7362,Guwahati,29.5,0.0,3.9,ERA5_REANALYSIS,REFERENCE_REANALYSIS
2024-06-20T11:00,26.1445,91.7362,Guwahati,28.9,0.0,7.4,ERA5_REANALYSIS,REFERENCE_REANALYSIS
2024-06-20T12:00,26.1445,91.7362,Guwahati,27.7,0.0,6.2,ERA5_REANALYSIS,REFERENCE_REANALYSIS
2024-06-20T13:00,26.1445,91.7362,Guwahati,26.4,0.0,7.1,ERA5_REANALYSIS,REFERENCE_REANALYSIS
2024-06-20T14:00,26.1445,91.7362,Guwahati,25.7,0.6,6.5,ERA5_REANALYSIS,REFERENCE_REANALYSIS
2024-06-20T15:00,26.1445,91.7362,Guwahati,25.4,0.6,2.6,ERA5_REANALYSIS,REFERENCE_REANALYSIS
2024-06-20T16:00,26.1445,91.7362,Guwahati,25.1,2.8,4.3,ERA5_REANALYSIS,REFERENCE_REANALYSIS
2024-06-20T17:00,26.1445,91.7362,Guwahati,24.8,0.5,2.5,ERA5_REANALYSIS,REFERENCE_REANALYSIS
2024-06-20T18:00,26.1445,91.7362,Guwahati,24.6,0.1,1.9,ERA5_REANALYSIS,REFERENCE_REANALYSIS
2024-06-20T19:00,26.1445,91.7362,Guwahati,24.6,0.0,1.0,ERA5_REANALYSIS,REFERENCE_REANALYSIS
2024-06-20T20:00,26.1445,91.7362,Guwahati,24.5,0.0,2.3,ERA5_REANALYSIS,REFERENCE_REANALYSIS
2024-06-20T21:00,26.1445,91.7362,Guwahati,24.5,0.0,2.4,ERA5_REANALYSIS,REFERENCE_REANALYSIS
2024-06-20T22:00,26.1445,91.7362,Guwahati,24.6,0.0,1.5,ERA5_REANALYSIS,REFERENCE_REANALYSIS
2024-06-20T23:00,26.1445,91.7362,Guwahati,24.0,0.0,1.8,ERA5_REANALYSIS,REFERENCE_REANALYSIS
2024-06-21T00:00,26.1445,91.7362,Guwahati,24.5,0.0,2.2,ERA5_REANALYSIS,REFERENCE_REANALYSIS
2024-06-21T01:00,26.1445,91.7362,Guwahati,26.0,0.0,3.8,ERA5_REANALYSIS,REFERENCE_REANALYSIS
2024-06-21T02:00,26.1445,91.7362,Guwahati,27.2,0.0,3.6,ERA5_REANALYSIS,REFERENCE_REANALYSIS
2024-06-21T03:00,26.1445,91.7362,Guwahati,28.3,0.0,5.3,ERA5_REANALYSIS,REFERENCE_REANALYSIS
2024-06-21T04:00,26.1445,91.7362,Guwahati,28.8,0.1,5.5,ERA5_REANALYSIS,REFERENCE_REANALYSIS
2024-06-21T05:00,26.1445,91.7362,Guwahati,29.6,0.1,3.7,ERA5_REANALYSIS,REFERENCE_REANALYSIS
2024-06-21T06:00,26.1445,91.7362,Guwahati,30.8,0.1,1.8,ERA5_REANALYSIS,REFERENCE_REANALYSIS
2024-06-21T07:00,26.1445,91.7362,Guwahati,31.3,0.1,2.8,ERA5_REANALYSIS,REFERENCE_REANALYSIS
2024-06-21T08:00,26.1445,91.7362,Guwahati,31.2,0.0,5.6,ERA5_REANALYSIS,REFERENCE_REANALYSIS
2024-06-21T09:00,26.1445,91.7362,Guwahati,31.2,0.0,3.4,ERA5_REANALYSIS,REFERENCE_REANALYSIS
2024-06-21T10:00,26.1445,91.7362,Guwahati,31.5,0.0,2.2,ERA5_REANALYSIS,REFERENCE_REANALYSIS
2024-06-21T11:00,26.1445,91.7362,Guwahati,30.8,0.0,3.2,ERA5_REANALYSIS,REFERENCE_REANALYSIS
2024-06-21T12:00,26.1445,91.7362,Guwahati,30.4,0.0,2.1,ERA5_REANALYSIS,REFERENCE_REANALYSIS
2024-06-21T13:00,26.1445,91.7362,Guwahati,28.3,0.0,4.9,ERA5_REANALYSIS,REFERENCE_REANALYSIS
2024-06-21T14:00,26.1445,91.7362,Guwahati,27.7,0.0,5.6,ERA5_REANALYSIS,REFERENCE_REANALYSIS
2024-06-21T15:00,26.1445,91.7362,Guwahati,27.3,0.0,4.7,ERA5_REANALYSIS,REFERENCE_REANALYSIS
2024-06-21T16:00,26.1445,91.7362,Guwahati,27.4,0.0,4.9,ERA5_REANALYSIS,REFERENCE_REANALYSIS
2024-06-21T17:00,26.1445,91.7362,Guwahati,26.8,0.1,4.0,ERA5_REANALYSIS,REFERENCE_REANALYSIS
2024-06-21T18:00,26.1445,91.7362,Guwahati,26.0,0.2,4.2,ERA5_REANALYSIS,REFERENCE_REANALYSIS
2024-06-21T19:00,26.1445,91.7362,Guwahati,25.6,0.0,2.8,ERA5_REANALYSIS,REFERENCE_REANALYSIS
2024-06-21T20:00,26.1445,91.7362,Guwahati,25.4,0.0,2.9,ERA5_REANALYSIS,REFERENCE_REANALYSIS
2024-06-21T21:00,26.1445,91.7362,Guwahati,25.6,0.1,2.2,ERA5_REANALYSIS,REFERENCE_REANALYSIS
2024-06-21T22:00,26.1445,91.7362,Guwahati,25.1,0.1,3.6,ERA5_REANALYSIS,REFERENCE_REANALYSIS
2024-06-21T23:00,26.1445,91.7362,Guwahati,25.0,0.0,2.1,ERA5_REANALYSIS,REFERENCE_REANALYSIS
2024-06-22T00:00,26.1445,91.7362,Guwahati,25.8,0.0,2.0,ERA5_REANALYSIS,REFERENCE_REANALYSIS
2024-06-22T01:00,26.1445,91.7362,Guwahati,27.4,0.0,2.3,ERA5_REANALYSIS,REFERENCE_REANALYSIS
2024-06-22T02:00,26.1445,91.7362,Guwahati,28.4,0.0,3.1,ERA5_REANALYSIS,REFERENCE_REANALYSIS
2024-06-22T03:00,26.1445,91.7362,Guwahati,29.4,0.1,2.1,ERA5_REANALYSIS,REFERENCE_REANALYSIS
2024-06-22T04:00,26.1445,91.7362,Guwahati,30.6,0.2,3.3,ERA5_REANALYSIS,REFERENCE_REANALYSIS
2024-06-22T05:00,26.1445,91.7362,Guwahati,31.6,0.2,2.2,ERA5_REANALYSIS,REFERENCE_REANALYSIS
2024-06-22T06:00,26.1445,91.7362,Guwahati,31.5,0.1,5.9,ERA5_REANALYSIS,REFERENCE_REANALYSIS
2024-06-22T07:00,26.1445,91.7362,Guwahati,32.0,0.3,6.9,ERA5_REANALYSIS,REFERENCE_REANALYSIS
2024-06-22T08:00,26.1445,91.7362,Guwahati,32.1,0.1,5.8,ERA5_REANALYSIS,REFERENCE_REANALYSIS
2024-06-22T09:00,26.1445,91.7362,Guwahati,31.2,1.2,8.0,ERA5_REANALYSIS,REFERENCE_REANALYSIS
2024-06-22T10:00,26.1445,91.7362,Guwahati,30.0,3.1,1.8,ERA5_REANALYSIS,REFERENCE_REANALYSIS
2024-06-22T11:00,26.1445,91.7362,Guwahati,29.1,0.1,0.7,ERA5_REANALYSIS,REFERENCE_REANALYSIS
2024-06-22T12:00,26.1445,91.7362,Guwahati,29.0,0.0,0.5,ERA5_REANALYSIS,REFERENCE_REANALYSIS
2024-06-22T13:00,26.1445,91.7362,Guwahati,28.3,0.0,4.9,ERA5_REANALYSIS,REFERENCE_REANALYSIS
2024-06-22T14:00,26.1445,91.7362,Guwahati,29.0,0.0,2.7,ERA5_REANALYSIS,REFERENCE_REANALYSIS
2024-06-22T15:00,26.1445,91.7362,Guwahati,28.6,0.0,2.5,ERA5_REANALYSIS,REFERENCE_REANALYSIS
2024-06-22T16:00,26.1445,91.7362,Guwahati,27.3,0.0,4.8,ERA5_REANALYSIS,REFERENCE_REANALYSIS
2024-06-22T17:00,26.1445,91.7362,Guwahati,26.9,0.0,4.8,ERA5_REANALYSIS,REFERENCE_REANALYSIS
2024-06-22T18:00,26.1445,91.7362,Guwahati,26.9,0.0,3.7,ERA5_REANALYSIS,REFERENCE_REANALYSIS
2024-06-22T19:00,26.1445,91.7362,Guwahati,26.7,0.0,3.6,ERA5_REANALYSIS,REFERENCE_REANALYSIS
2024-06-22T20:00,26.1445,91.7362,Guwahati,26.5,0.5,6.4,ERA5_REANALYSIS,REFERENCE_REANALYSIS
2024-06-22T21:00,26.1445,91.7362,Guwahati,25.8,6.7,5.1,ERA5_REANALYSIS,REFERENCE_REANALYSIS
2024-06-22T22:00,26.1445,91.7362,Guwahati,25.5,2.1,8.6,ERA5_REANALYSIS,REFERENCE_REANALYSIS
2024-06-22T23:00,26.1445,91.7362,Guwahati,25.5,1.3,4.7,ERA5_REANALYSIS,REFERENCE_REANALYSIS
2024-06-23T00:00,26.1445,91.7362,Guwahati,25.8,0.2,3.4,ERA5_REANALYSIS,REFERENCE_REANALYSIS
2024-06-23T01:00,26.1445,91.7362,Guwahati,27.8,0.0,5.6,ERA5_REANALYSIS,REFERENCE_REANALYSIS
2024-06-23T02:00,26.1445,91.7362,Guwahati,29.3,0.0,4.7,ERA5_REANALYSIS,REFERENCE_REANALYSIS
2024-06-23T03:00,26.1445,91.7362,Guwahati,30.4,0.0,7.7,ERA5_REANALYSIS,REFERENCE_REANALYSIS
2024-06-23T04:00,26.1445,91.7362,Guwahati,31.1,0.0,8.7,ERA5_REANALYSIS,REFERENCE_REANALYSIS
2024-06-23T05:00,26.1445,91.7362,Guwahati,32.0,0.0,8.2,ERA5_REANALYSIS,REFERENCE_REANALYSIS
2024-06-23T06:00,26.1445,91.7362,Guwahati,32.4,0.0,7.3,ERA5_REANALYSIS,REFERENCE_REANALYSIS
2024-06-23T07:00,26.1445,91.7362,Guwahati,32.5,0.0,7.7,ERA5_REANALYSIS,REFERENCE_REANALYSIS
2024-06-23T08:00,26.1445,91.7362,Guwahati,32.8,0.0,6.1,ERA5_REANALYSIS,REFERENCE_REANALYSIS
2024-06-23T09:00,26.1445,91.7362,Guwahati,31.5,0.1,8.4,ERA5_REANALYSIS,REFERENCE_REANALYSIS
2024-06-23T10:00,26.1445,91.7362,Guwahati,30.1,1.6,5.4,ERA5_REANALYSIS,REFERENCE_REANALYSIS
2024-06-23T11:00,26.1445,91.7362,Guwahati,30.3,0.1,7.2,ERA5_REANALYSIS,REFERENCE_REANALYSIS
2024-06-23T12:00,26.1445,91.7362,Guwahati,30.1,0.0,7.9,ERA5_REANALYSIS,REFERENCE_REANALYSIS
2024-06-23T13:00,26.1445,91.7362,Guwahati,28.9,0.0,4.2,ERA5_REANALYSIS,REFERENCE_REANALYSIS
2024-06-23T14:00,26.1445,91.7362,Guwahati,28.1,0.2,4.7,ERA5_REANALYSIS,REFERENCE_REANALYSIS
2024-06-23T15:00,26.1445,91.7362,Guwahati,27.7,0.8,3.7,ERA5_REANALYSIS,REFERENCE_REANALYSIS
2024-06-23T16:00,26.1445,91.7362,Guwahati,27.4,0.1,5.1,ERA5_REANALYSIS,REFERENCE_REANALYSIS
2024-06-23T17:00,26.1445,91.7362,Guwahati,26.7,0.0,3.3,ERA5_REANALYSIS,REFERENCE_REANALYSIS
2024-06-23T18:00,26.1445,91.7362,Guwahati,26.5,0.1,6.5,ERA5_REANALYSIS,REFERENCE_REANALYSIS
2024-06-23T19:00,26.1445,91.7362,Guwahati,26.2,0.5,2.0,ERA5_REANALYSIS,REFERENCE_REANALYSIS
2024-06-23T20:00,26.1445,91.7362,Guwahati,25.9,1.8,1.8,ERA5_REANALYSIS,REFERENCE_REANALYSIS
2024-06-23T21:00,26.1445,91.7362,Guwahati,25.8,0.1,4.6,ERA5_REANALYSIS,REFERENCE_REANALYSIS
2024-06-23T22:00,26.1445,91.7362,Guwahati,25.4,1.9,6.9,ERA5_REANALYSIS,REFERENCE_REANALYSIS
2024-06-23T23:00,26.1445,91.7362,Guwahati,25.3,2.7,7.9,ERA5_REANALYSIS,REFERENCE_REANALYSIS
2024-06-24T00:00,26.1445,91.7362,Guwahati,25.7,0.1,6.1,ERA5_REANALYSIS,REFERENCE_REANALYSIS
2024-06-24T01:00,26.1445,91.7362,Guwahati,27.5,0.0,10.7,ERA5_REANALYSIS,REFERENCE_REANALYSIS
2024-06-24T02:00,26.1445,91.7362,Guwahati,28.6,0.1,9.7,ERA5_REANALYSIS,REFERENCE_REANALYSIS
2024-06-24T03:00,26.1445,91.7362,Guwahati,29.0,0.0,10.9,ERA5_REANALYSIS,REFERENCE_REANALYSIS
2024-06-24T04:00,26.1445,91.7362,Guwahati,30.5,0.0,9.4,ERA5_REANALYSIS,REFERENCE_REANALYSIS
2024-06-24T05:00,26.1445,91.7362,Guwahati,31.7,0.0,9.7,ERA5_REANALYSIS,REFERENCE_REANALYSIS
2024-06-24T06:00,26.1445,91.7362,Guwahati,31.9,0.0,8.0,ERA5_REANALYSIS,REFERENCE_REANALYSIS
2024-06-24T07:00,26.1445,91.7362,Guwahati,32.0,0.0,7.6,ERA5_REANALYSIS,REFERENCE_REANALYSIS
2024-06-24T08:00,26.1445,91.7362,Guwahati,32.2,0.0,5.2,ERA5_REANALYSIS,REFERENCE_REANALYSIS
2024-06-24T09:00,26.1445,91.7362,Guwahati,29.7,1.6,11.2,ERA5_REANALYSIS,REFERENCE_REANALYSIS
2024-06-24T10:00,26.1445,91.7362,Guwahati,28.8,0.3,10.0,ERA5_REANALYSIS,REFERENCE_REANALYSIS
2024-06-24T11:00,26.1445,91.7362,Guwahati,28.5,0.5,7.2,ERA5_REANALYSIS,REFERENCE_REANALYSIS
2024-06-24T12:00,26.1445,91.7362,Guwahati,28.3,0.0,4.8,ERA5_REANALYSIS,REFERENCE_REANALYSIS
2024-06-24T13:00,26.1445,91.7362,Guwahati,27.8,0.0,2.2,ERA5_REANALYSIS,REFERENCE_REANALYSIS
2024-06-24T14:00,26.1445,91.7362,Guwahati,28.1,0.0,1.3,ERA5_REANALYSIS,REFERENCE_REANALYSIS
2024-06-24T15:00,26.1445,91.7362,Guwahati,26.9,0.0,4.2,ERA5_REANALYSIS,REFERENCE_REANALYSIS
2024-06-24T16:00,26.1445,91.7362,Guwahati,26.7,0.0,3.9,ERA5_REANALYSIS,REFERENCE_REANALYSIS
2024-06-24T17:00,26.1445,91.7362,Guwahati,26.4,0.0,4.4,ERA5_REANALYSIS,REFERENCE_REANALYSIS
2024-06-24T18:00,26.1445,91.7362,Guwahati,26.4,0.0,3.8,ERA5_REANALYSIS,REFERENCE_REANALYSIS
2024-06-24T19:00,26.1445,91.7362,Guwahati,26.1,0.0,3.1,ERA5_REANALYSIS,REFERENCE_REANALYSIS
2024-06-24T20:00,26.1445,91.7362,Guwahati,26.4,0.1,3.2,ERA5_REANALYSIS,REFERENCE_REANALYSIS
2024-06-24T21:00,26.1445,91.7362,Guwahati,26.0,0.1,6.4,ERA5_REANALYSIS,REFERENCE_REANALYSIS
2024-06-24T22:00,26.1445,91.7362,Guwahati,25.7,2.6,5.8,ERA5_REANALYSIS,REFERENCE_REANALYSIS
2024-06-24T23:00,26.1445,91.7362,Guwahati,25.6,0.1,3.2,ERA5_REANALYSIS,REFERENCE_REANALYSIS
2024-06-25T00:00,26.1445,91.7362,Guwahati,25.7,0.5,2.9,ERA5_REANALYSIS,REFERENCE_REANALYSIS
2024-06-25T01:00,26.1445,91.7362,Guwahati,26.0,0.2,5.4,ERA5_REANALYSIS,REFERENCE_REANALYSIS
2024-06-25T02:00,26.1445,91.7362,Guwahati,27.8,0.0,0.8,ERA5_REANALYSIS,REFERENCE_REANALYSIS
2024-06-25T03:00,26.1445,91.7362,Guwahati,29.1,0.0,2.6,ERA5_REANALYSIS,REFERENCE_REANALYSIS
2024-06-25T04:00,26.1445,91.7362,Guwahati,30.4,0.0,3.6,ERA5_REANALYSIS,REFERENCE_REANALYSIS
2024-06-25T05:00,26.1445,91.7362,Guwahati,31.0,0.3,3.5,ERA5_REANALYSIS,REFERENCE_REANALYSIS
2024-06-25T06:00,26.1445,91.7362,Guwahati,31.6,0.1,6.2,ERA5_REANALYSIS,REFERENCE_REANALYSIS
2024-06-25T07:00,26.1445,91.7362,Guwahati,31.3,0.0,5.1,ERA5_REANALYSIS,REFERENCE_REANALYSIS
2024-06-25T08:00,26.1445,91.7362,Guwahati,31.7,0.1,6.2,ERA5_REANALYSIS,REFERENCE_REANALYSIS
2024-06-25T09:00,26.1445,91.7362,Guwahati,30.1,2.6,11.9,ERA5_REANALYSIS,REFERENCE_REANALYSIS
2024-06-25T10:00,26.1445,91.7362,Guwahati,27.3,1.4,13.2,ERA5_REANALYSIS,REFERENCE_REANALYSIS
2024-06-25T11:00,26.1445,91.7362,Guwahati,28.5,0.3,4.0,ERA5_REANALYSIS,REFERENCE_REANALYSIS
2024-06-25T12:00,26.1445,91.7362,Guwahati,28.6,0.0,3.8,ERA5_REANALYSIS,REFERENCE_REANALYSIS
2024-06-25T13:00,26.1445,91.7362,Guwahati,27.3,0.0,3.1,ERA5_REANALYSIS,REFERENCE_REANALYSIS
2024-06-25T14:00,26.1445,91.7362,Guwahati,26.9,0.0,3.6,ERA5_REANALYSIS,REFERENCE_REANALYSIS
2024-06-25T15:00,26.1445,91.7362,Guwahati,26.7,0.0,2.9,ERA5_REANALYSIS,REFERENCE_REANALYSIS
2024-06-25T16:00,26.1445,91.7362,Guwahati,26.7,0.0,3.6,ERA5_REANALYSIS,REFERENCE_REANALYSIS
2024-06-25T17:00,26.1445,91.7362,Guwahati,26.6,0.0,3.4,ERA5_REANALYSIS,REFERENCE_REANALYSIS
2024-06-25T18:00,26.1445,91.7362,Guwahati,26.3,0.5,3.7,ERA5_REANALYSIS,REFERENCE_REANALYSIS
2024-06-25T19:00,26.1445,91.7362,Guwahati,26.3,1.7,2.9,ERA5_REANALYSIS,REFERENCE_REANALYSIS
2024-06-25T20:00,26.1445,91.7362,Guwahati,26.2,1.6,3.6,ERA5_REANALYSIS,REFERENCE_REANALYSIS
2024-06-25T21:00,26.1445,91.7362,Guwahati,25.9,0.2,7.2,ERA5_REANALYSIS,REFERENCE_REANALYSIS
2024-06-25T22:00,26.1445,91.7362,Guwahati,25.7,0.1,5.4,ERA5_REANALYSIS,REFERENCE_REANALYSIS
2024-06-25T23:00,26.1445,91.7362,Guwahati,25.2,2.5,10.2,ERA5_REANALYSIS,REFERENCE_REANALYSIS
2024-06-26T00:00,26.1445,91.7362,Guwahati,25.4,0.2,8.3,ERA5_REANALYSIS,REFERENCE_REANALYSIS
2024-06-26T01:00,26.1445,91.7362,Guwahati,25.8,1.5,8.9,ERA5_REANALYSIS,REFERENCE_REANALYSIS
2024-06-26T02:00,26.1445,91.7362,Guwahati,26.6,1.0,7.6,ERA5_REANALYSIS,REFERENCE_REANALYSIS
2024-06-26T03:00,26.1445,91.7362,Guwahati,27.7,0.6,11.4,ERA5_REANALYSIS,REFERENCE_REANALYSIS
2024-06-26T04:00,26.1445,91.7362,Guwahati,28.8,0.2,11.6,ERA5_REANALYSIS,REFERENCE_REANALYSIS
2024-06-26T05:00,26.1445,91.7362,Guwahati,28.7,0.1,10.6,ERA5_REANALYSIS,REFERENCE_REANALYSIS
2024-06-26T06:00,26.1445,91.7362,Guwahati,30.1,0.0,12.1,ERA5_REANALYSIS,REFERENCE_REANALYSIS
2024-06-26T07:00,26.1445,91.7362,Guwahati,30.6,0.0,12.0,ERA5_REANALYSIS,REFERENCE_REANALYSIS
2024-06-26T08:00,26.1445,91.7362,Guwahati,31.0,0.0,7.8,ERA5_REANALYSIS,REFERENCE_REANALYSIS
2024-06-26T09:00,26.1445,91.7362,Guwahati,31.7,0.0,8.1,ERA5_REANALYSIS,REFERENCE_REANALYSIS
2024-06-26T10:00,26.1445,91.7362,Guwahati,32.0,0.0,6.3,ERA5_REANALYSIS,REFERENCE_REANALYSIS
2024-06-26T11:00,26.1445,91.7362,Guwahati,31.6,0.7,5.2,ERA5_REANALYSIS,REFERENCE_REANALYSIS
2024-06-26T12:00,26.1445,91.7362,Guwahati,28.9,6.1,7.3,ERA5_REANALYSIS,REFERENCE_REANALYSIS
2024-06-26T13:00,26.1445,91.7362,Guwahati,28.2,0.2,4.6,ERA5_REANALYSIS,REFERENCE_REANALYSIS
2024-06-26T14:00,26.1445,91.7362,Guwahati,27.7,0.0,1.6,ERA5_REANALYSIS,REFERENCE_REANALYSIS
2024-06-26T15:00,26.1445,91.7362,Guwahati,28.0,0.0,0.0,ERA5_REANALYSIS,REFERENCE_REANALYSIS
2024-06-26T16:00,26.1445,91.7362,Guwahati,26.8,0.0,3.3,ERA5_REANALYSIS,REFERENCE_REANALYSIS
2024-06-26T17:00,26.1445,91.7362,Guwahati,26.8,0.0,3.9,ERA5_REANALYSIS,REFERENCE_REANALYSIS
2024-06-26T18:00,26.1445,91.7362,Guwahati,26.6,0.0,3.9,ERA5_REANALYSIS,REFERENCE_REANALYSIS
2024-06-26T19:00,26.1445,91.7362,Guwahati,25.9,0.0,4.0,ERA5_REANALYSIS,REFERENCE_REANALYSIS
2024-06-26T20:00,26.1445,91.7362,Guwahati,26.1,0.0,3.3,ERA5_REANALYSIS,REFERENCE_REANALYSIS
2024-06-26T21:00,26.1445,91.7362,Guwahati,25.8,0.0,4.0,ERA5_REANALYSIS,REFERENCE_REANALYSIS
2024-06-26T22:00,26.1445,91.7362,Guwahati,25.8,1.0,9.0,ERA5_REANALYSIS,REFERENCE_REANALYSIS
2024-06-26T23:00,26.1445,91.7362,Guwahati,25.2,3.7,7.1,ERA5_REANALYSIS,REFERENCE_REANALYSIS
2024-06-27T00:00,26.1445,91.7362,Guwahati,25.5,3.9,4.2,ERA5_REANALYSIS,REFERENCE_REANALYSIS
2024-06-27T01:00,26.1445,91.7362,Guwahati,26.9,0.0,9.2,ERA5_REANALYSIS,REFERENCE_REANALYSIS
2024-06-27T02:00,26.1445,91.7362,Guwahati,27.8,0.1,8.3,ERA5_REANALYSIS,REFERENCE_REANALYSIS
2024-06-27T03:00,26.1445,91.7362,Guwahati,28.6,0.0,4.0,ERA5_REANALYSIS,REFERENCE_REANALYSIS
2024-06-27T04:00,26.1445,91.7362,Guwahati,29.0,0.0,8.2,ERA5_REANALYSIS,REFERENCE_REANALYSIS
2024-06-27T05:00,26.1445,91.7362,Guwahati,29.5,0.1,5.5,ERA5_REANALYSIS,REFERENCE_REANALYSIS
2024-06-27T06:00,26.1445,91.7362,Guwahati,30.3,0.2,6.6,ERA5_REANALYSIS,REFERENCE_REANALYSIS
2024-06-27T07:00,26.1445,91.7362,Guwahati,31.2,0.1,5.9,ERA5_REANALYSIS,REFERENCE_REANALYSIS
2024-06-27T08:00,26.1445,91.7362,Guwahati,29.3,4.0,9.4,ERA5_REANALYSIS,REFERENCE_REANALYSIS
2024-06-27T09:00,26.1445,91.7362,Guwahati,29.1,1.8,3.9,ERA5_REANALYSIS,REFERENCE_REANALYSIS
2024-06-27T10:00,26.1445,91.7362,Guwahati,29.8,0.1,1.8,ERA5_REANALYSIS,REFERENCE_REANALYSIS
2024-06-27T11:00,26.1445,91.7362,Guwahati,29.3,0.0,4.0,ERA5_REANALYSIS,REFERENCE_REANALYSIS
2024-06-27T12:00,26.1445,91.7362,Guwahati,29.3,0.4,3.1,ERA5_REANALYSIS,REFERENCE_REANALYSIS
2024-06-27T13:00,26.1445,91.7362,Guwahati,27.6,0.0,4.4,ERA5_REANALYSIS,REFERENCE_REANALYSIS
2024-06-27T14:00,26.1445,91.7362,Guwahati,26.8,0.0,5.0,ERA5_REANALYSIS,REFERENCE_REANALYSIS
2024-06-27T15:00,26.1445,91.7362,Guwahati,26.8,0.0,3.3,ERA5_REANALYSIS,REFERENCE_REANALYSIS
2024-06-27T16:00,26.1445,91.7362,Guwahati,26.6,0.0,4.1,ERA5_REANALYSIS,REFERENCE_REANALYSIS
2024-06-27T17:00,26.1445,91.7362,Guwahati,26.5,0.1,3.4,ERA5_REANALYSIS,REFERENCE_REANALYSIS
2024-06-27T18:00,26.1445,91.7362,Guwahati,26.1,0.1,3.5,ERA5_REANALYSIS,REFERENCE_REANALYSIS
2024-06-27T19:00,26.1445,91.7362,Guwahati,25.9,0.0,3.6,ERA5_REANALYSIS,REFERENCE_REANALYSIS
2024-06-27T20:00,26.1445,91.7362,Guwahati,26.0,0.1,2.5,ERA5_REANALYSIS,REFERENCE_REANALYSIS
2024-06-27T21:00,26.1445,91.7362,Guwahati,25.5,3.7,5.9,ERA5_REANALYSIS,REFERENCE_REANALYSIS
2024-06-27T22:00,26.1445,91.7362,Guwahati,25.1,1.5,5.3,ERA5_REANALYSIS,REFERENCE_REANALYSIS
2024-06-27T23:00,26.1445,91.7362,Guwahati,24.9,4.7,4.0,ERA5_REANALYSIS,REFERENCE_REANALYSIS
2024-06-28T00:00,26.1445,91.7362,Guwahati,25.1,0.9,3.6,ERA5_REANALYSIS,REFERENCE_REANALYSIS
2024-06-28T01:00,26.1445,91.7362,Guwahati,27.1,0.0,4.3,ERA5_REANALYSIS,REFERENCE_REANALYSIS
2024-06-28T02:00,26.1445,91.7362,Guwahati,27.2,2.8,1.8,ERA5_REANALYSIS,REFERENCE_REANALYSIS
2024-06-28T03:00,26.1445,91.7362,Guwahati,27.0,4.8,0.8,ERA5_REANALYSIS,REFERENCE_REANALYSIS
2024-06-28T04:00,26.1445,91.7362,Guwahati,27.4,0.8,3.2,ERA5_REANALYSIS,REFERENCE_REANALYSIS
2024-06-28T05:00,26.1445,91.7362,Guwahati,28.1,0.4,7.9,ERA5_REANALYSIS,REFERENCE_REANALYSIS
2024-06-28T06:00,26.1445,91.7362,Guwahati,27.8,0.5,5.9,ERA5_REANALYSIS,REFERENCE_REANALYSIS
2024-06-28T07:00,26.1445,91.7362,Guwahati,28.0,0.1,4.4,ERA5_REANALYSIS,REFERENCE_REANALYSIS
2024-06-28T08:00,26.1445,91.7362,Guwahati,29.1,0.2,4.2,ERA5_REANALYSIS,REFERENCE_REANALYSIS
2024-06-28T09:00,26.1445,91.7362,Guwahati,29.1,0.2,4.8,ERA5_REANALYSIS,REFERENCE_REANALYSIS
2024-06-28T10:00,26.1445,91.7362,Guwahati,28.7,0.1,4.1,ERA5_REANALYSIS,REFERENCE_REANALYSIS
2024-06-28T11:00,26.1445,91.7362,Guwahati,28.6,0.1,1.3,ERA5_REANALYSIS,REFERENCE_REANALYSIS
2024-06-28T12:00,26.1445,91.7362,Guwahati,28.3,0.0,2.1,ERA5_REANALYSIS,REFERENCE_REANALYSIS
2024-06-28T13:00,26.1445,91.7362,Guwahati,27.3,0.0,0.8,ERA5_REANALYSIS,REFERENCE_REANALYSIS
2024-06-28T14:00,26.1445,91.7362,Guwahati,26.5,0.1,1.3,ERA5_REANALYSIS,REFERENCE_REANALYSIS
2024-06-28T15:00,26.1445,91.7362,Guwahati,26.2,1.3,3.3,ERA5_REANALYSIS,REFERENCE_REANALYSIS
2024-06-28T16:00,26.1445,91.7362,Guwahati,26.1,0.1,3.2,ERA5_REANALYSIS,REFERENCE_REANALYSIS
2024-06-28T17:00,26.1445,91.7362,Guwahati,25.9,0.4,2.4,ERA5_REANALYSIS,REFERENCE_REANALYSIS
2024-06-28T18:00,26.1445,91.7362,Guwahati,25.7,0.2,3.6,ERA5_REANALYSIS,REFERENCE_REANALYSIS
2024-06-28T19:00,26.1445,91.7362,Guwahati,25.6,0.0,3.4,ERA5_REANALYSIS,REFERENCE_REANALYSIS
2024-06-28T20:00,26.1445,91.7362,Guwahati,25.4,1.1,4.5,ERA5_REANALYSIS,REFERENCE_REANALYSIS
2024-06-28T21:00,26.1445,91.7362,Guwahati,25.2,5.4,6.9,ERA5_REANALYSIS,REFERENCE_REANALYSIS
2024-06-28T22:00,26.1445,91.7362,Guwahati,25.0,2.7,6.0,ERA5_REANALYSIS,REFERENCE_REANALYSIS
2024-06-28T23:00,26.1445,91.7362,Guwahati,25.0,2.1,5.4,ERA5_REANALYSIS,REFERENCE_REANALYSIS
2024-06-29T00:00,26.1445,91.7362,Guwahati,24.8,3.1,5.1,ERA5_REANALYSIS,REFERENCE_REANALYSIS
2024-06-29T01:00,26.1445,91.7362,Guwahati,25.4,7.9,5.9,ERA5_REANALYSIS,REFERENCE_REANALYSIS
2024-06-29T02:00,26.1445,91.7362,Guwahati,25.3,11.9,7.6,ERA5_REANALYSIS,REFERENCE_REANALYSIS
2024-06-29T03:00,26.1445,91.7362,Guwahati,25.6,1.2,7.4,ERA5_REANALYSIS,REFERENCE_REANALYSIS
2024-06-29T04:00,26.1445,91.7362,Guwahati,26.4,0.4,8.1,ERA5_REANALYSIS,REFERENCE_REANALYSIS
2024-06-29T05:00,26.1445,91.7362,Guwahati,27.4,0.2,8.8,ERA5_REANALYSIS,REFERENCE_REANALYSIS
2024-06-29T06:00,26.1445,91.7362,Guwahati,27.5,0.9,8.4,ERA5_REANALYSIS,REFERENCE_REANALYSIS
2024-06-29T07:00,26.1445,91.7362,Guwahati,28.1,1.4,8.0,ERA5_REANALYSIS,REFERENCE_REANALYSIS
2024-06-29T08:00,26.1445,91.7362,Guwahati,29.2,0.4,6.6,ERA5_REANALYSIS,REFERENCE_REANALYSIS
2024-06-29T09:00,26.1445,91.7362,Guwahati,28.7,0.4,4.1,ERA5_REANALYSIS,REFERENCE_REANALYSIS
2024-06-29T10:00,26.1445,91.7362,Guwahati,28.4,0.5,3.1,ERA5_REANALYSIS,REFERENCE_REANALYSIS
2024-06-29T11:00,26.1445,91.7362,Guwahati,27.8,0.9,6.4,ERA5_REANALYSIS,REFERENCE_REANALYSIS
2024-06-29T12:00,26.1445,91.7362,Guwahati,26.5,4.0,4.2,ERA5_REANALYSIS,REFERENCE_REANALYSIS
2024-06-29T13:00,26.1445,91.7362,Guwahati,27.5,0.1,0.8,ERA5_REANALYSIS,REFERENCE_REANALYSIS
2024-06-29T14:00,26.1445,91.7362,Guwahati,26.8,0.9,1.5,ERA5_REANALYSIS,REFERENCE_REANALYSIS
2024-06-29T15:00,26.1445,91.7362,Guwahati,26.5,0.4,4.3,ERA5_REANALYSIS,REFERENCE_REANALYSIS
2024-06-29T16:00,26.1445,91.7362,Guwahati,26.2,0.1,5.4,ERA5_REANALYSIS,REFERENCE_REANALYSIS
2024-06-29T17:00,26.1445,91.7362,Guwahati,25.8,0.1,5.4,ERA5_REANALYSIS,REFERENCE_REANALYSIS
2024-06-29T18:00,26.1445,91.7362,Guwahati,25.5,0.0,3.8,ERA5_REANALYSIS,REFERENCE_REANALYSIS
2024-06-29T19:00,26.1445,91.7362,Guwahati,25.5,0.1,2.3,ERA5_REANALYSIS,REFERENCE_REANALYSIS
2024-06-29T20:00,26.1445,91.7362,Guwahati,25.4,0.7,4.7,ERA5_REANALYSIS,REFERENCE_REANALYSIS
2024-06-29T21:00,26.1445,91.7362,Guwahati,25.4,1.1,2.4,ERA5_REANALYSIS,REFERENCE_REANALYSIS
2024-06-29T22:00,26.1445,91.7362,Guwahati,25.2,1.4,4.8,ERA5_REANALYSIS,REFERENCE_REANALYSIS
2024-06-29T23:00,26.1445,91.7362,Guwahati,25.1,1.5,5.9,ERA5_REANALYSIS,REFERENCE_REANALYSIS
2024-06-30T00:00,26.1445,91.7362,Guwahati,25.4,1.4,4.7,ERA5_REANALYSIS,REFERENCE_REANALYSIS
2024-06-30T01:00,26.1445,91.7362,Guwahati,26.7,0.5,5.8,ERA5_REANALYSIS,REFERENCE_REANALYSIS
2024-06-30T02:00,26.1445,91.7362,Guwahati,27.5,0.0,5.9,ERA5_REANALYSIS,REFERENCE_REANALYSIS
2024-06-30T03:00,26.1445,91.7362,Guwahati,28.2,0.0,4.1,ERA5_REANALYSIS,REFERENCE_REANALYSIS
2024-06-30T04:00,26.1445,91.7362,Guwahati,29.5,0.1,4.3,ERA5_REANALYSIS,REFERENCE_REANALYSIS
2024-06-30T05:00,26.1445,91.7362,Guwahati,29.2,1.8,6.3,ERA5_REANALYSIS,REFERENCE_REANALYSIS
2024-06-30T06:00,26.1445,91.7362,Guwahati,27.6,6.0,2.5,ERA5_REANALYSIS,REFERENCE_REANALYSIS
2024-06-30T07:00,26.1445,91.7362,Guwahati,27.1,2.1,4.8,ERA5_REANALYSIS,REFERENCE_REANALYSIS
2024-06-30T08:00,26.1445,91.7362,Guwahati,27.7,0.4,5.2,ERA5_REANALYSIS,REFERENCE_REANALYSIS
2024-06-30T09:00,26.1445,91.7362,Guwahati,28.1,0.1,5.0,ERA5_REANALYSIS,REFERENCE_REANALYSIS
2024-06-30T10:00,26.1445,91.7362,Guwahati,27.2,2.7,6.7,ERA5_REANALYSIS,REFERENCE_REANALYSIS
2024-06-30T11:00,26.1445,91.7362,Guwahati,26.3,5.6,4.9,ERA5_REANALYSIS,REFERENCE_REANALYSIS
2024-06-30T12:00,26.1445,91.7362,Guwahati,25.9,0.1,4.7,ERA5_REANALYSIS,REFERENCE_REANALYSIS
2024-06-30T13:00,26.1445,91.7362,Guwahati,26.1,2.2,4.6,ERA5_REANALYSIS,REFERENCE_REANALYSIS
2024-06-30T14:00,26.1445,91.7362,Guwahati,25.8,5.5,4.9,ERA5_REANALYSIS,REFERENCE_REANALYSIS
2024-06-30T15:00,26.1445,91.7362,Guwahati,25.7,8.4,5.2,ERA5_REANALYSIS,REFERENCE_REANALYSIS
2024-06-30T16:00,26.1445,91.7362,Guwahati,25.5,6.6,4.7,ERA5_REANALYSIS,REFERENCE_REANALYSIS
2024-06-30T17:00,26.1445,91.7362,Guwahati,25.5,2.2,4.7,ERA5_REANALYSIS,REFERENCE_REANALYSIS
2024-06-30T18:00,26.1445,91.7362,Guwahati,25.5,0.9,3.3,ERA5_REANALYSIS,REFERENCE_REANALYSIS
2024-06-30T19:00,26.1445,91.7362,Guwahati,25.5,1.2,2.6,ERA5_REANALYSIS,REFERENCE_REANALYSIS
2024-06-30T20:00,26.1445,91.7362,Guwahati,25.3,1.0,1.4,ERA5_REANALYSIS,REFERENCE_REANALYSIS
2024-06-30T21:00,26.1445,91.7362,Guwahati,25.2,0.8,2.6,ERA5_REANALYSIS,REFERENCE_REANALYSIS
2024-06-30T22:00,26.1445,91.7362,Guwahati,25.1,1.0,2.9,ERA5_REANALYSIS,REFERENCE_REANALYSIS
2024-06-30T23:00,26.1445,91.7362,Guwahati,25.2,2.5,3.1,ERA5_REANALYSIS,REFERENCE_REANALYSIS
2024-07-01T00:00,26.1445,91.7362,Guwahati,25.1,2.3,4.9,ERA5_REANALYSIS,REFERENCE_REANALYSIS
2024-07-01T01:00,26.1445,91.7362,Guwahati,25.4,3.3,4.4,ERA5_REANALYSIS,REFERENCE_REANALYSIS
2024-07-01T02:00,26.1445,91.7362,Guwahati,25.5,5.5,6.8,ERA5_REANALYSIS,REFERENCE_REANALYSIS
2024-07-01T03:00,26.1445,91.7362,Guwahati,25.5,5.3,11.6,ERA5_REANALYSIS,REFERENCE_REANALYSIS
2024-07-01T04:00,26.1445,91.7362,Guwahati,25.5,4.9,11.2,ERA5_REANALYSIS,REFERENCE_REANALYSIS
2024-07-01T05:00,26.1445,91.7362,Guwahati,25.6,2.9,10.1,ERA5_REANALYSIS,REFERENCE_REANALYSIS
2024-07-01T06:00,26.1445,91.7362,Guwahati,26.3,2.8,12.3,ERA5_REANALYSIS,REFERENCE_REANALYSIS
2024-07-01T07:00,26.1445,91.7362,Guwahati,26.3,2.9,10.4,ERA5_REANALYSIS,REFERENCE_REANALYSIS
2024-07-01T08:00,26.1445,91.7362,Guwahati,26.3,3.7,9.1,ERA5_REANALYSIS,REFERENCE_REANALYSIS
2024-07-01T09:00,26.1445,91.7362,Guwahati,26.2,2.9,8.0,ERA5_REANALYSIS,REFERENCE_REANALYSIS
2024-07-01T10:00,26.1445,91.7362,Guwahati,26.1,1.8,5.5,ERA5_REANALYSIS,REFERENCE_REANALYSIS
2024-07-01T11:00,26.1445,91.7362,Guwahati,26.2,0.9,7.4,ERA5_REANALYSIS,REFERENCE_REANALYSIS
2024-07-01T12:00,26.1445,91.7362,Guwahati,25.7,0.2,8.6,ERA5_REANALYSIS,REFERENCE_REANALYSIS
2024-07-01T13:00,26.1445,91.7362,Guwahati,25.5,0.9,8.4,ERA5_REANALYSIS,REFERENCE_REANALYSIS
2024-07-01T14:00,26.1445,91.7362,Guwahati,25.2,3.8,8.9,ERA5_REANALYSIS,REFERENCE_REANALYSIS
2024-07-01T15:00,26.1445,91.7362,Guwahati,25.1,1.4,10.7,ERA5_REANALYSIS,REFERENCE_REANALYSIS
2024-07-01T16:00,26.1445,91.7362,Guwahati,25.2,2.2,11.3,ERA5_REANALYSIS,REFERENCE_REANALYSIS
2024-07-01T17:00,26.1445,91.7362,Guwahati,25.0,2.2,9.7,ERA5_REANALYSIS,REFERENCE_REANALYSIS
2024-07-01T18:00,26.1445,91.7362,Guwahati,24.9,0.8,9.6,ERA5_REANALYSIS,REFERENCE_REANALYSIS
2024-07-01T19:00,26.1445,91.7362,Guwahati,24.6,0.8,11.6,ERA5_REANALYSIS,REFERENCE_REANALYSIS
2024-07-01T20:00,26.1445,91.7362,Guwahati,24.4,0.6,9.7,ERA5_REANALYSIS,REFERENCE_REANALYSIS
2024-07-01T21:00,26.1445,91.7362,Guwahati,24.4,1.3,10.1,ERA5_REANALYSIS,REFERENCE_REANALYSIS
2024-07-01T22:00,26.1445,91.7362,Guwahati,24.3,2.7,8.8,ERA5_REANALYSIS,REFERENCE_REANALYSIS
2024-07-01T23:00,26.1445,91.7362,Guwahati,24.3,2.7,8.5,ERA5_REANALYSIS,REFERENCE_REANALYSIS
2024-07-02T00:00,26.1445,91.7362,Guwahati,24.4,3.3,6.8,ERA5_REANALYSIS,REFERENCE_REANALYSIS
2024-07-02T01:00,26.1445,91.7362,Guwahati,25.2,3.7,4.0,ERA5_REANALYSIS,REFERENCE_REANALYSIS
2024-07-02T02:00,26.1445,91.7362,Guwahati,25.4,3.7,5.7,ERA5_REANALYSIS,REFERENCE_REANALYSIS
2024-07-02T03:00,26.1445,91.7362,Guwahati,25.4,3.2,5.5,ERA5_REANALYSIS,REFERENCE_REANALYSIS
2024-07-02T04:00,26.1445,91.7362,Guwahati,25.8,1.8,3.6,ERA5_REANALYSIS,REFERENCE_REANALYSIS
2024-07-02T05:00,26.1445,91.7362,Guwahati,26.5,0.3,2.6,ERA5_REANALYSIS,REFERENCE_REANALYSIS
2024-07-02T06:00,26.1445,91.7362,Guwahati,27.4,0.9,3.6,ERA5_REANALYSIS,REFERENCE_REANALYSIS
2024-07-02T07:00,26.1445,91.7362,Guwahati,28.8,0.3,2.9,ERA5_REANALYSIS,REFERENCE_REANALYSIS
2024-07-02T08:00,26.1445,91.7362,Guwahati,28.8,0.1,2.5,ERA5_REANALYSIS,REFERENCE_REANALYSIS
2024-07-02T09:00,26.1445,91.7362,Guwahati,28.6,0.1,3.0,ERA5_REANALYSIS,REFERENCE_REANALYSIS
2024-07-02T10:00,26.1445,91.7362,Guwahati,28.9,0.0,5.4,ERA5_REANALYSIS,REFERENCE_REANALYSIS
2024-07-02T11:00,26.1445,91.7362,Guwahati,28.7,0.1,6.2,ERA5_REANALYSIS,REFERENCE_REANALYSIS
2024-07-02T12:00,26.1445,91.7362,Guwahati,28.4,0.0,5.1,ERA5_REANALYSIS,REFERENCE_REANALYSIS
2024-07-02T13:00,26.1445,91.7362,Guwahati,25.5,0.2,7.6,ERA5_REANALYSIS,REFERENCE_REANALYSIS
2024-07-02T14:00,26.1445,91.7362,Guwahati,25.3,0.9,5.8,ERA5_REANALYSIS,REFERENCE_REANALYSIS
2024-07-02T15:00,26.1445,91.7362,Guwahati,25.3,0.1,4.3,ERA5_REANALYSIS,REFERENCE_REANALYSIS
2024-07-02T16:00,26.1445,91.7362,Guwahati,25.2,0.5,3.4,ERA5_REANALYSIS,REFERENCE_REANALYSIS
2024-07-02T17:00,26.1445,91.7362,Guwahati,25.1,0.1,2.3,ERA5_REANALYSIS,REFERENCE_REANALYSIS
2024-07-02T18:00,26.1445,91.7362,Guwahati,25.0,0.3,4.2,ERA5_REANALYSIS,REFERENCE_REANALYSIS
2024-07-02T19:00,26.1445,91.7362,Guwahati,24.9,0.1,4.1,ERA5_REANALYSIS,REFERENCE_REANALYSIS
2024-07-02T20:00,26.1445,91.7362,Guwahati,24.9,0.1,2.6,ERA5_REANALYSIS,REFERENCE_REANALYSIS
2024-07-02T21:00,26.1445,91.7362,Guwahati,24.8,0.2,2.4,ERA5_REANALYSIS,REFERENCE_REANALYSIS
2024-07-02T22:00,26.1445,91.7362,Guwahati,24.8,0.1,3.4,ERA5_REANALYSIS,REFERENCE_REANALYSIS
2024-07-02T23:00,26.1445,91.7362,Guwahati,24.8,0.1,3.3,ERA5_REANALYSIS,REFERENCE_REANALYSIS
2024-07-03T00:00,26.1445,91.7362,Guwahati,24.9,0.1,2.3,ERA5_REANALYSIS,REFERENCE_REANALYSIS
2024-07-03T01:00,26.1445,91.7362,Guwahati,26.2,0.2,8.7,ERA5_REANALYSIS,REFERENCE_REANALYSIS
2024-07-03T02:00,26.1445,91.7362,Guwahati,27.6,0.1,7.5,ERA5_REANALYSIS,REFERENCE_REANALYSIS
2024-07-03T03:00,26.1445,91.7362,Guwahati,28.4,0.0,6.7,ERA5_REANALYSIS,REFERENCE_REANALYSIS
2024-07-03T04:00,26.1445,91.7362,Guwahati,29.6,0.0,6.1,ERA5_REANALYSIS,REFERENCE_REANALYSIS
2024-07-03T05:00,26.1445,91.7362,Guwahati,30.8,0.0,4.6,ERA5_REANALYSIS,REFERENCE_REANALYSIS
2024-07-03T06:00,26.1445,91.7362,Guwahati,30.8,0.1,4.8,ERA5_REANALYSIS,REFERENCE_REANALYSIS
2024-07-03T07:00,26.1445,91.7362,Guwahati,31.3,0.2,4.7,ERA5_REANALYSIS,REFERENCE_REANALYSIS
2024-07-03T08:00,26.1445,91.7362,Guwahati,27.9,3.3,7.6,ERA5_REANALYSIS,REFERENCE_REANALYSIS
2024-07-03T09:00,26.1445,91.7362,Guwahati,28.3,0.3,4.7,ERA5_REANALYSIS,REFERENCE_REANALYSIS
2024-07-03T10:00,26.1445,91.7362,Guwahati,29.7,0.0,2.6,ERA5_REANALYSIS,REFERENCE_REANALYSIS
2024-07-03T11:00,26.1445,91.7362,Guwahati,28.2,0.1,5.4,ERA5_REANALYSIS,REFERENCE_REANALYSIS
2024-07-03T12:00,26.1445,91.7362,Guwahati,28.1,0.1,2.3,ERA5_REANALYSIS,REFERENCE_REANALYSIS
2024-07-03T13:00,26.1445,91.7362,Guwahati,28.1,0.4,2.9,ERA5_REANALYSIS,REFERENCE_REANALYSIS
2024-07-03T14:00,26.1445,91.7362,Guwahati,26.2,6.8,7.1,ERA5_REANALYSIS,REFERENCE_REANALYSIS
2024-07-03T15:00,26.1445,91.7362,Guwahati,26.1,1.2,8.6,ERA5_REANALYSIS,REFERENCE_REANALYSIS
2024-07-03T16:00,26.1445,91.7362,Guwahati,25.8,6.8,5.2,ERA5_REANALYSIS,REFERENCE_REANALYSIS
2024-07-03T17:00,26.1445,91.7362,Guwahati,25.6,3.7,3.6,ERA5_REANALYSIS,REFERENCE_REANALYSIS
2024-07-03T18:00,26.1445,91.7362,Guwahati,25.6,2.3,1.6,ERA5_REANALYSIS,REFERENCE_REANALYSIS
2024-07-03T19:00,26.1445,91.7362,Guwahati,25.5,1.2,3.0,ERA5_REANALYSIS,REFERENCE_REANALYSIS
2024-07-03T20:00,26.1445,91.7362,Guwahati,25.3,0.8,4.7,ERA5_REANALYSIS,REFERENCE_REANALYSIS
2024-07-03T21:00,26.1445,91.7362,Guwahati,25.1,0.1,1.8,ERA5_REANALYSIS,REFERENCE_REANALYSIS
2024-07-03T22:00,26.1445,91.7362,Guwahati,25.2,0.0,0.8,ERA5_REANALYSIS,REFERENCE_REANALYSIS
2024-07-03T23:00,26.1445,91.7362,Guwahati,25.1,0.0,2.2,ERA5_REANALYSIS,REFERENCE_REANALYSIS
2024-07-04T00:00,26.1445,91.7362,Guwahati,25.5,0.0,3.0,ERA5_REANALYSIS,REFERENCE_REANALYSIS
2024-07-04T01:00,26.1445,91.7362,Guwahati,26.4,0.1,4.4,ERA5_REANALYSIS,REFERENCE_REANALYSIS
2024-07-04T02:00,26.1445,91.7362,Guwahati,26.9,0.3,4.7,ERA5_REANALYSIS,REFERENCE_REANALYSIS
2024-07-04T03:00,26.1445,91.7362,Guwahati,27.2,0.5,3.2,ERA5_REANALYSIS,REFERENCE_REANALYSIS
2024-07-04T04:00,26.1445,91.7362,Guwahati,28.1,0.2,1.1,ERA5_REANALYSIS,REFERENCE_REANALYSIS
2024-07-04T05:00,26.1445,91.7362,Guwahati,28.7,0.1,1.3,ERA5_REANALYSIS,REFERENCE_REANALYSIS
2024-07-04T06:00,26.1445,91.7362,Guwahati,29.1,0.2,1.8,ERA5_REANALYSIS,REFERENCE_REANALYSIS
2024-07-04T07:00,26.1445,91.7362,Guwahati,29.1,0.3,3.0,ERA5_REANALYSIS,REFERENCE_REANALYSIS
2024-07-04T08:00,26.1445,91.7362,Guwahati,29.7,0.3,1.9,ERA5_REANALYSIS,REFERENCE_REANALYSIS
2024-07-04T09:00,26.1445,91.7362,Guwahati,29.4,0.2,1.1,ERA5_REANALYSIS,REFERENCE_REANALYSIS
2024-07-04T10:00,26.1445,91.7362,Guwahati,29.0,0.3,3.9,ERA5_REANALYSIS,REFERENCE_REANALYSIS
2024-07-04T11:00,26.1445,91.7362,Guwahati,28.6,0.4,4.3,ERA5_REANALYSIS,REFERENCE_REANALYSIS
2024-07-04T12:00,26.1445,91.7362,Guwahati,28.4,0.1,4.3,ERA5_REANALYSIS,REFERENCE_REANALYSIS
2024-07-04T13:00,26.1445,91.7362,Guwahati,27.0,0.0,3.2,ERA5_REANALYSIS,REFERENCE_REANALYSIS
2024-07-04T14:00,26.1445,91.7362,Guwahati,27.0,0.1,3.1,ERA5_REANALYSIS,REFERENCE_REANALYSIS
2024-07-04T15:00,26.1445,91.7362,Guwahati,26.9,2.4,1.8,ERA5_REANALYSIS,REFERENCE_REANALYSIS
2024-07-04T16:00,26.1445,91.7362,Guwahati,26.5,3.5,1.6,ERA5_REANALYSIS,REFERENCE_REANALYSIS
2024-07-04T17:00,26.1445,91.7362,Guwahati,25.9,5.0,4.5,ERA5_REANALYSIS,REFERENCE_REANALYSIS
2024-07-04T18:00,26.1445,91.7362,Guwahati,25.7,1.9,3.2,ERA5_REANALYSIS,REFERENCE_REANALYSIS
2024-07-04T19:00,26.1445,91.7362,Guwahati,25.5,0.2,4.6,ERA5_REANALYSIS,REFERENCE_REANALYSIS
2024-07-04T20:00,26.1445,91.7362,Guwahati,25.5,0.2,5.3,ERA5_REANALYSIS,REFERENCE_REANALYSIS
2024-07-04T21:00,26.1445,91.7362,Guwahati,25.5,0.0,6.0,ERA5_REANALYSIS,REFERENCE_REANALYSIS
2024-07-04T22:00,26.1445,91.7362,Guwahati,25.4,0.0,7.0,ERA5_REANALYSIS,REFERENCE_REANALYSIS
2024-07-04T23:00,26.1445,91.7362,Guwahati,25.2,0.0,6.2,ERA5_REANALYSIS,REFERENCE_REANALYSIS
2024-07-05T00:00,26.1445,91.7362,Guwahati,25.6,0.0,6.8,ERA5_REANALYSIS,REFERENCE_REANALYSIS
2024-07-05T01:00,26.1445,91.7362,Guwahati,25.7,1.2,5.9,ERA5_REANALYSIS,REFERENCE_REANALYSIS
2024-07-05T02:00,26.1445,91.7362,Guwahati,26.0,0.5,8.0,ERA5_REANALYSIS,REFERENCE_REANALYSIS
2024-07-05T03:00,26.1445,91.7362,Guwahati,26.3,1.1,5.1,ERA5_REANALYSIS,REFERENCE_REANALYSIS
2024-07-05T04:00,26.1445,91.7362,Guwahati,26.9,1.1,4.2,ERA5_REANALYSIS,REFERENCE_REANALYSIS
2024-07-05T05:00,26.1445,91.7362,Guwahati,27.3,3.1,7.9,ERA5_REANALYSIS,REFERENCE_REANALYSIS
2024-07-05T06:00,26.1445,91.7362,Guwahati,28.1,0.0,6.7,ERA5_REANALYSIS,REFERENCE_REANALYSIS
2024-07-05T07:00,26.1445,91.7362,Guwahati,29.4,0.0,8.0,ERA5_REANALYSIS,REFERENCE_REANALYSIS
2024-07-05T08:00,26.1445,91.7362,Guwahati,30.0,0.0,7.9,ERA5_REANALYSIS,REFERENCE_REANALYSIS
2024-07-05T09:00,26.1445,91.7362,Guwahati,29.6,0.1,5.0,ERA5_REANALYSIS,REFERENCE_REANALYSIS
2024-07-05T10:00,26.1445,91.7362,Guwahati,29.1,0.2,5.2,ERA5_REANALYSIS,REFERENCE_REANALYSIS
2024-07-05T11:00,26.1445,91.7362,Guwahati,29.1,0.4,3.3,ERA5_REANALYSIS,REFERENCE_REANALYSIS
2024-07-05T12:00,26.1445,91.7362,Guwahati,28.3,1.1,0.8,ERA5_REANALYSIS,REFERENCE_REANALYSIS
2024-07-05T13:00,26.1445,91.7362,Guwahati,27.0,0.1,2.5,ERA5_REANALYSIS,REFERENCE_REANALYSIS
2024-07-05T14:00,26.1445,91.7362,Guwahati,26.7,0.2,3.8,ERA5_REANALYSIS,REFERENCE_REANALYSIS
2024-07-05T15:00,26.1445,91.7362,Guwahati,26.1,0.0,2.3,ERA5_REANALYSIS,REFERENCE_REANALYSIS
2024-07-05T16:00,26.1445,91.7362,Guwahati,26.0,0.0,2.4,ERA5_REANALYSIS,REFERENCE_REANALYSIS
2024-07-05T17:00,26.1445,91.7362,Guwahati,25.8,1.4,3.3,ERA5_REANALYSIS,REFERENCE_REANALYSIS
2024-07-05T18:00,26.1445,91.7362,Guwahati,25.6,3.1,3.6,ERA5_REANALYSIS,REFERENCE_REANALYSIS
2024-07-05T19:00,26.1445,91.7362,Guwahati,25.7,3.9,2.2,ERA5_REANALYSIS,REFERENCE_REANALYSIS
2024-07-05T20:00,26.1445,91.7362,Guwahati,25.4,2.0,6.5,ERA5_REANALYSIS,REFERENCE_REANALYSIS
2024-07-05T21:00,26.1445,91.7362,Guwahati,25.2,0.8,6.6,ERA5_REANALYSIS,REFERENCE_REANALYSIS
2024-07-05T22:00,26.1445,91.7362,Guwahati,25.1,0.1,4.1,ERA5_REANALYSIS,REFERENCE_REANALYSIS
2024-07-05T23:00,26.1445,91.7362,Guwahati,25.0,0.0,3.3,ERA5_REANALYSIS,REFERENCE_REANALYSIS
2024-07-06T00:00,26.1445,91.7362,Guwahati,25.2,0.0,4.7,ERA5_REANALYSIS,REFERENCE_REANALYSIS
2024-07-06T01:00,26.1445,91.7362,Guwahati,25.7,0.1,3.9,ERA5_REANALYSIS,REFERENCE_REANALYSIS
2024-07-06T02:00,26.1445,91.7362,Guwahati,26.7,0.1,3.3,ERA5_REANALYSIS,REFERENCE_REANALYSIS
2024-07-06T03:00,26.1445,91.7362,Guwahati,27.2,0.1,3.7,ERA5_REANALYSIS,REFERENCE_REANALYSIS
2024-07-06T04:00,26.1445,91.7362,Guwahati,28.1,0.1,0.4,ERA5_REANALYSIS,REFERENCE_REANALYSIS
2024-07-06T05:00,26.1445,91.7362,Guwahati,29.2,0.1,1.1,ERA5_REANALYSIS,REFERENCE_REANALYSIS
2024-07-06T06:00,26.1445,91.7362,Guwahati,29.7,0.1,2.4,ERA5_REANALYSIS,REFERENCE_REANALYSIS
2024-07-06T07:00,26.1445,91.7362,Guwahati,30.3,0.1,4.9,ERA5_REANALYSIS,REFERENCE_REANALYSIS
2024-07-06T08:00,26.1445,91.7362,Guwahati,30.8,0.1,6.4,ERA5_REANALYSIS,REFERENCE_REANALYSIS
2024-07-06T09:00,26.1445,91.7362,Guwahati,30.6,0.1,3.1,ERA5_REANALYSIS,REFERENCE_REANALYSIS
2024-07-06T10:00,26.1445,91.7362,Guwahati,29.6,0.2,1.8,ERA5_REANALYSIS,REFERENCE_REANALYSIS
2024-07-06T11:00,26.1445,91.7362,Guwahati,27.0,12.4,6.4,ERA5_REANALYSIS,REFERENCE_REANALYSIS
2024-07-06T12:00,26.1445,91.7362,Guwahati,27.2,0.2,5.4,ERA5_REANALYSIS,REFERENCE_REANALYSIS
2024-07-06T13:00,26.1445,91.7362,Guwahati,26.9,0.1,4.7,ERA5_REANALYSIS,REFERENCE_REANALYSIS
2024-07-06T14:00,26.1445,91.7362,Guwahati,26.4,0.0,3.1,ERA5_REANALYSIS,REFERENCE_REANALYSIS
2024-07-06T15:00,26.1445,91.7362,Guwahati,26.3,0.0,3.9,ERA5_REANALYSIS,REFERENCE_REANALYSIS
2024-07-06T16:00,26.1445,91.7362,Guwahati,26.6,0.0,1.3,ERA5_REANALYSIS,REFERENCE_REANALYSIS
2024-07-06T17:00,26.1445,91.7362,Guwahati,25.7,0.3,3.6,ERA5_REANALYSIS,REFERENCE_REANALYSIS
2024-07-06T18:00,26.1445,91.7362,Guwahati,25.9,0.3,2.2,ERA5_REANALYSIS,REFERENCE_REANALYSIS
2024-07-06T19:00,26.1445,91.7362,Guwahati,25.5,1.8,6.2,ERA5_REANALYSIS,REFERENCE_REANALYSIS
2024-07-06T20:00,26.1445,91.7362,Guwahati,25.2,0.7,0.7,ERA5_REANALYSIS,REFERENCE_REANALYSIS
2024-07-06T21:00,26.1445,91.7362,Guwahati,25.0,0.0,2.3,ERA5_REANALYSIS,REFERENCE_REANALYSIS
2024-07-06T22:00,26.1445,91.7362,Guwahati,25.1,0.0,1.6,ERA5_REANALYSIS,REFERENCE_REANALYSIS
2024-07-06T23:00,26.1445,91.7362,Guwahati,24.7,0.0,1.9,ERA5_REANALYSIS,REFERENCE_REANALYSIS
2024-07-07T00:00,26.1445,91.7362,Guwahati,25.3,0.0,4.2,ERA5_REANALYSIS,REFERENCE_REANALYSIS
2024-07-07T01:00,26.1445,91.7362,Guwahati,26.7,0.5,5.0,ERA5_REANALYSIS,REFERENCE_REANALYSIS
2024-07-07T02:00,26.1445,91.7362,Guwahati,27.5,0.2,3.8,ERA5_REANALYSIS,REFERENCE_REANALYSIS
2024-07-07T03:00,26.1445,91.7362,Guwahati,28.0,0.1,2.9,ERA5_REANALYSIS,REFERENCE_REANALYSIS
2024-07-07T04:00,26.1445,91.7362,Guwahati,29.4,0.1,2.2,ERA5_REANALYSIS,REFERENCE_REANALYSIS
2024-07-07T05:00,26.1445,91.7362,Guwahati,30.1,0.1,3.8,ERA5_REANALYSIS,REFERENCE_REANALYSIS
2024-07-07T06:00,26.1445,91.7362,Guwahati,30.7,0.1,4.7,ERA5_REANALYSIS,REFERENCE_REANALYSIS
2024-07-07T07:00,26.1445,91.7362,Guwahati,31.2,0.1,5.5,ERA5_REANALYSIS,REFERENCE_REANALYSIS
2024-07-07T08:00,26.1445,91.7362,Guwahati,31.3,0.1,4.0,ERA5_REANALYSIS,REFERENCE_REANALYSIS
2024-07-07T09:00,26.1445,91.7362,Guwahati,30.5,0.9,9.4,ERA5_REANALYSIS,REFERENCE_REANALYSIS
2024-07-07T10:00,26.1445,91.7362,Guwahati,28.4,3.4,7.2,ERA5_REANALYSIS,REFERENCE_REANALYSIS
2024-07-07T11:00,26.1445,91.7362,Guwahati,29.0,0.1,3.9,ERA5_REANALYSIS,REFERENCE_REANALYSIS
2024-07-07T12:00,26.1445,91.7362,Guwahati,29.0,0.0,4.8,ERA5_REANALYSIS,REFERENCE_REANALYSIS
2024-07-07T13:00,26.1445,91.7362,Guwahati,27.7,0.0,4.0,ERA5_REANALYSIS,REFERENCE_REANALYSIS
2024-07-07T14:00,26.1445,91.7362,Guwahati,27.3,0.0,4.3,ERA5_REANALYSIS,REFERENCE_REANALYSIS
2024-07-07T15:00,26.1445,91.7362,Guwahati,27.0,0.0,4.6,ERA5_REANALYSIS,REFERENCE_REANALYSIS
2024-07-07T16:00,26.1445,91.7362,Guwahati,26.8,0.0,5.3,ERA5_REANALYSIS,REFERENCE_REANALYSIS
2024-07-07T17:00,26.1445,91.7362,Guwahati,26.4,0.0,3.6,ERA5_REANALYSIS,REFERENCE_REANALYSIS
2024-07-07T18:00,26.1445,91.7362,Guwahati,26.3,0.0,4.2,ERA5_REANALYSIS,REFERENCE_REANALYSIS
2024-07-07T19:00,26.1445,91.7362,Guwahati,26.3,0.0,4.6,ERA5_REANALYSIS,REFERENCE_REANALYSIS
2024-07-07T20:00,26.1445,91.7362,Guwahati,26.2,0.0,4.7,ERA5_REANALYSIS,REFERENCE_REANALYSIS
2024-07-07T21:00,26.1445,91.7362,Guwahati,26.3,0.0,6.5,ERA5_REANALYSIS,REFERENCE_REANALYSIS
2024-07-07T22:00,26.1445,91.7362,Guwahati,26.0,0.0,4.5,ERA5_REANALYSIS,REFERENCE_REANALYSIS
2024-07-07T23:00,26.1445,91.7362,Guwahati,25.8,0.0,4.1,ERA5_REANALYSIS,REFERENCE_REANALYSIS
2024-07-08T00:00,26.1445,91.7362,Guwahati,26.6,0.0,4.8,ERA5_REANALYSIS,REFERENCE_REANALYSIS
2024-07-08T01:00,26.1445,91.7362,Guwahati,28.7,0.0,2.1,ERA5_REANALYSIS,REFERENCE_REANALYSIS
2024-07-08T02:00,26.1445,91.7362,Guwahati,29.8,0.0,2.8,ERA5_REANALYSIS,REFERENCE_REANALYSIS
2024-07-08T03:00,26.1445,91.7362,Guwahati,30.6,0.0,3.8,ERA5_REANALYSIS,REFERENCE_REANALYSIS
2024-07-08T04:00,26.1445,91.7362,Guwahati,31.5,0.0,5.2,ERA5_REANALYSIS,REFERENCE_REANALYSIS
2024-07-08T05:00,26.1445,91.7362,Guwahati,30.8,2.5,10.1,ERA5_REANALYSIS,REFERENCE_REANALYSIS
2024-07-08T06:00,26.1445,91.7362,Guwahati,30.8,0.2,6.4,ERA5_REANALYSIS,REFERENCE_REANALYSIS
2024-07-08T07:00,26.1445,91.7362,Guwahati,29.1,2.1,13.6,ERA5_REANALYSIS,REFERENCE_REANALYSIS
2024-07-08T08:00,26.1445,91.7362,Guwahati,29.8,0.2,6.5,ERA5_REANALYSIS,REFERENCE_REANALYSIS
2024-07-08T09:00,26.1445,91.7362,Guwahati,30.3,0.1,11.7,ERA5_REANALYSIS,REFERENCE_REANALYSIS
2024-07-08T10:00,26.1445,91.7362,Guwahati,28.9,4.7,7.4,ERA5_REANALYSIS,REFERENCE_REANALYSIS
2024-07-08T11:00,26.1445,91.7362,Guwahati,29.3,0.2,6.1,ERA5_REANALYSIS,REFERENCE_REANALYSIS
2024-07-08T12:00,26.1445,91.7362,Guwahati,28.1,1.2,7.3,ERA5_REANALYSIS,REFERENCE_REANALYSIS
2024-07-08T13:00,26.1445,91.7362,Guwahati,27.5,0.0,3.6,ERA5_REANALYSIS,REFERENCE_REANALYSIS
2024-07-08T14:00,26.1445,91.7362,Guwahati,27.2,0.1,3.4,ERA5_REANALYSIS,REFERENCE_REANALYSIS
2024-07-08T15:00,26.1445,91.7362,Guwahati,26.8,0.0,4.3,ERA5_REANALYSIS,REFERENCE_REANALYSIS
2024-07-08T16:00,26.1445,91.7362,Guwahati,26.7,0.0,2.8,ERA5_REANALYSIS,REFERENCE_REANALYSIS
2024-07-08T17:00,26.1445,91.7362,Guwahati,26.4,0.0,2.5,ERA5_REANALYSIS,REFERENCE_REANALYSIS
2024-07-08T18:00,26.1445,91.7362,Guwahati,26.2,0.0,2.8,ERA5_REANALYSIS,REFERENCE_REANALYSIS
2024-07-08T19:00,26.1445,91.7362,Guwahati,26.1,0.1,2.6,ERA5_REANALYSIS,REFERENCE_REANALYSIS
2024-07-08T20:00,26.1445,91.7362,Guwahati,25.9,0.0,3.9,ERA5_REANALYSIS,REFERENCE_REANALYSIS
2024-07-08T21:00,26.1445,91.7362,Guwahati,26.0,0.0,1.6,ERA5_REANALYSIS,REFERENCE_REANALYSIS
2024-07-08T22:00,26.1445,91.7362,Guwahati,26.3,0.1,1.1,ERA5_REANALYSIS,REFERENCE_REANALYSIS
2024-07-08T23:00,26.1445,91.7362,Guwahati,26.3,0.2,1.8,ERA5_REANALYSIS,REFERENCE_REANALYSIS
2024-07-09T00:00,26.1445,91.7362,Guwahati,26.4,0.0,2.6,ERA5_REANALYSIS,REFERENCE_REANALYSIS
2024-07-09T01:00,26.1445,91.7362,Guwahati,27.6,0.0,1.1,ERA5_REANALYSIS,REFERENCE_REANALYSIS
2024-07-09T02:00,26.1445,91.7362,Guwahati,28.0,0.0,3.4,ERA5_REANALYSIS,REFERENCE_REANALYSIS
2024-07-09T03:00,26.1445,91.7362,Guwahati,28.6,0.0,3.7,ERA5_REANALYSIS,REFERENCE_REANALYSIS
2024-07-09T04:00,26.1445,91.7362,Guwahati,29.5,0.0,6.1,ERA5_REANALYSIS,REFERENCE_REANALYSIS
2024-07-09T05:00,26.1445,91.7362,Guwahati,29.9,0.0,9.2,ERA5_REANALYSIS,REFERENCE_REANALYSIS
2024-07-09T06:00,26.1445,91.7362,Guwahati,30.3,0.2,13.1,ERA5_REANALYSIS,REFERENCE_REANALYSIS
2024-07-09T07:00,26.1445,91.7362,Guwahati,29.8,0.6,14.2,ERA5_REANALYSIS,REFERENCE_REANALYSIS
2024-07-09T08:00,26.1445,91.7362,Guwahati,29.3,0.2,15.0,ERA5_REANALYSIS,REFERENCE_REANALYSIS
2024-07-09T09:00,26.1445,91.7362,Guwahati,29.3,0.3,14.8,ERA5_REANALYSIS,REFERENCE_REANALYSIS
2024-07-09T10:00,26.1445,91.7362,Guwahati,29.2,0.4,14.0,ERA5_REANALYSIS,REFERENCE_REANALYSIS
2024-07-09T11:00,26.1445,91.7362,Guwahati,29.3,0.0,10.2,ERA5_REANALYSIS,REFERENCE_REANALYSIS
2024-07-09T12:00,26.1445,91.7362,Guwahati,28.7,0.1,7.6,ERA5_REANALYSIS,REFERENCE_REANALYSIS
2024-07-09T13:00,26.1445,91.7362,Guwahati,27.8,0.0,3.6,ERA5_REANALYSIS,REFERENCE_REANALYSIS
2024-07-09T14:00,26.1445,91.7362,Guwahati,27.4,1.2,4.7,ERA5_REANALYSIS,REFERENCE_REANALYSIS
2024-07-09T15:00,26.1445,91.7362,Guwahati,27.2,0.6,4.0,ERA5_REANALYSIS,REFERENCE_REANALYSIS
2024-07-09T16:00,26.1445,91.7362,Guwahati,27.3,1.3,5.4,ERA5_REANALYSIS,REFERENCE_REANALYSIS
2024-07-09T17:00,26.1445,91.7362,Guwahati,26.6,0.4,7.9,ERA5_REANALYSIS,REFERENCE_REANALYSIS
2024-07-09T18:00,26.1445,91.7362,Guwahati,25.9,0.3,8.1,ERA5_REANALYSIS,REFERENCE_REANALYSIS
2024-07-09T19:00,26.1445,91.7362,Guwahati,25.6,0.2,6.1,ERA5_REANALYSIS,REFERENCE_REANALYSIS
2024-07-09T20:00,26.1445,91.7362,Guwahati,25.6,0.1,2.3,ERA5_REANALYSIS,REFERENCE_REANALYSIS
2024-07-09T21:00,26.1445,91.7362,Guwahati,25.6,0.1,2.2,ERA5_REANALYSIS,REFERENCE_REANALYSIS
2024-07-09T22:00,26.1445,91.7362,Guwahati,25.4,0.0,1.6,ERA5_REANALYSIS,REFERENCE_REANALYSIS
2024-07-09T23:00,26.1445,91.7362,Guwahati,25.3,0.0,2.7,ERA5_REANALYSIS,REFERENCE_REANALYSIS
2024-07-10T00:00,26.1445,91.7362,Guwahati,25.4,0.0,2.6,ERA5_REANALYSIS,REFERENCE_REANALYSIS
2024-07-10T01:00,26.1445,91.7362,Guwahati,25.7,0.2,2.9,ERA5_REANALYSIS,REFERENCE_REANALYSIS
2024-07-10T02:00,26.1445,91.7362,Guwahati,26.8,0.0,1.1,ERA5_REANALYSIS,REFERENCE_REANALYSIS
2024-07-10T03:00,26.1445,91.7362,Guwahati,28.1,0.1,3.3,ERA5_REANALYSIS,REFERENCE_REANALYSIS
2024-07-10T04:00,26.1445,91.7362,Guwahati,27.9,2.2,5.8,ERA5_REANALYSIS,REFERENCE_REANALYSIS
2024-07-10T05:00,26.1445,91.7362,Guwahati,27.5,1.5,6.4,ERA5_REANALYSIS,REFERENCE_REANALYSIS
2024-07-10T06:00,26.1445,91.7362,Guwahati,28.0,0.5,5.5,ERA5_REANALYSIS,REFERENCE_REANALYSIS
2024-07-10T07:00,26.1445,91.7362,Guwahati,29.2,0.1,2.6,ERA5_REANALYSIS,REFERENCE_REANALYSIS
2024-07-10T08:00,26.1445,91.7362,Guwahati,29.2,0.3,9.0,ERA5_REANALYSIS,REFERENCE_REANALYSIS
2024-07-10T09:00,26.1445,91.7362,Guwahati,28.0,0.5,6.9,ERA5_REANALYSIS,REFERENCE_REANALYSIS
2024-07-10T10:00,26.1445,91.7362,Guwahati,28.6,0.1,7.2,ERA5_REANALYSIS,REFERENCE_REANALYSIS
2024-07-10T11:00,26.1445,91.7362,Guwahati,28.9,0.1,5.1,ERA5_REANALYSIS,REFERENCE_REANALYSIS
2024-07-10T12:00,26.1445,91.7362,Guwahati,27.8,2.6,10.3,ERA5_REANALYSIS,REFERENCE_REANALYSIS
2024-07-10T13:00,26.1445,91.7362,Guwahati,26.9,0.1,3.3,ERA5_REANALYSIS,REFERENCE_REANALYSIS
2024-07-10T14:00,26.1445,91.7362,Guwahati,26.7,0.1,3.7,ERA5_REANALYSIS,REFERENCE_REANALYSIS
2024-07-10T15:00,26.1445,91.7362,Guwahati,26.7,0.0,4.2,ERA5_REANALYSIS,REFERENCE_REANALYSIS
2024-07-10T16:00,26.1445,91.7362,Guwahati,26.6,0.0,3.6,ERA5_REANALYSIS,REFERENCE_REANALYSIS
2024-07-10T17:00,26.1445,91.7362,Guwahati,26.1,0.0,3.6,ERA5_REANALYSIS,REFERENCE_REANALYSIS
2024-07-10T18:00,26.1445,91.7362,Guwahati,25.6,0.0,4.6,ERA5_REANALYSIS,REFERENCE_REANALYSIS
2024-07-10T19:00,26.1445,91.7362,Guwahati,25.8,0.0,3.6,ERA5_REANALYSIS,REFERENCE_REANALYSIS
2024-07-10T20:00,26.1445,91.7362,Guwahati,25.6,0.0,6.3,ERA5_REANALYSIS,REFERENCE_REANALYSIS
2024-07-10T21:00,26.1445,91.7362,Guwahati,25.2,0.2,4.0,ERA5_REANALYSIS,REFERENCE_REANALYSIS
2024-07-10T22:00,26.1445,91.7362,Guwahati,25.0,0.0,2.3,ERA5_REANALYSIS,REFERENCE_REANALYSIS
2024-07-10T23:00,26.1445,91.7362,Guwahati,25.0,0.2,5.2,ERA5_REANALYSIS,REFERENCE_REANALYSIS
2024-07-11T00:00,26.1445,91.7362,Guwahati,24.9,1.7,4.2,ERA5_REANALYSIS,REFERENCE_REANALYSIS
2024-07-11T01:00,26.1445,91.7362,Guwahati,26.0,0.0,2.6,ERA5_REANALYSIS,REFERENCE_REANALYSIS
2024-07-11T02:00,26.1445,91.7362,Guwahati,26.6,0.0,2.6,ERA5_REANALYSIS,REFERENCE_REANALYSIS
2024-07-11T03:00,26.1445,91.7362,Guwahati,27.7,0.2,1.4,ERA5_REANALYSIS,REFERENCE_REANALYSIS
2024-07-11T04:00,26.1445,91.7362,Guwahati,27.7,0.9,2.8,ERA5_REANALYSIS,REFERENCE_REANALYSIS
2024-07-11T05:00,26.1445,91.7362,Guwahati,28.5,0.1,2.4,ERA5_REANALYSIS,REFERENCE_REANALYSIS
2024-07-11T06:00,26.1445,91.7362,Guwahati,29.3,0.2,2.2,ERA5_REANALYSIS,REFERENCE_REANALYSIS
2024-07-11T07:00,26.1445,91.7362,Guwahati,30.3,0.4,4.6,ERA5_REANALYSIS,REFERENCE_REANALYSIS
2024-07-11T08:00,26.1445,91.7362,Guwahati,29.3,0.5,9.1,ERA5_REANALYSIS,REFERENCE_REANALYSIS
2024-07-11T09:00,26.1445,91.7362,Guwahati,29.3,0.2,9.4,ERA5_REANALYSIS,REFERENCE_REANALYSIS
2024-07-11T10:00,26.1445,91.7362,Guwahati,28.9,0.4,6.0,ERA5_REANALYSIS,REFERENCE_REANALYSIS
2024-07-11T11:00,26.1445,91.7362,Guwahati,28.9,0.0,3.1,ERA5_REANALYSIS,REFERENCE_REANALYSIS
2024-07-11T12:00,26.1445,91.7362,Guwahati,28.5,0.0,0.4,ERA5_REANALYSIS,REFERENCE_REANALYSIS
2024-07-11T13:00,26.1445,91.7362,Guwahati,26.6,0.0,4.0,ERA5_REANALYSIS,REFERENCE_REANALYSIS
2024-07-11T14:00,26.1445,91.7362,Guwahati,26.2,0.0,2.7,ERA5_REANALYSIS,REFERENCE_REANALYSIS
2024-07-11T15:00,26.1445,91.7362,Guwahati,26.2,0.0,2.7,ERA5_REANALYSIS,REFERENCE_REANALYSIS
2024-07-11T16:00,26.1445,91.7362,Guwahati,25.9,0.0,4.1,ERA5_REANALYSIS,REFERENCE_REANALYSIS
2024-07-11T17:00,26.1445,91.7362,Guwahati,25.6,0.2,6.6,ERA5_REANALYSIS,REFERENCE_REANALYSIS
2024-07-11T18:00,26.1445,91.7362,Guwahati,25.5,0.1,3.1,ERA5_REANALYSIS,REFERENCE_REANALYSIS
2024-07-11T19:00,26.1445,91.7362,Guwahati,25.2,2.9,3.3,ERA5_REANALYSIS,REFERENCE_REANALYSIS
2024-07-11T20:00,26.1445,91.7362,Guwahati,25.4,1.4,0.8,ERA5_REANALYSIS,REFERENCE_REANALYSIS
2024-07-11T21:00,26.1445,91.7362,Guwahati,25.2,0.1,1.6,ERA5_REANALYSIS,REFERENCE_REANALYSIS
2024-07-11T22:00,26.1445,91.7362,Guwahati,25.4,0.0,1.8,ERA5_REANALYSIS,REFERENCE_REANALYSIS
2024-07-11T23:00,26.1445,91.7362,Guwahati,25.2,0.0,2.2,ERA5_REANALYSIS,REFERENCE_REANALYSIS
2024-07-12T00:00,26.1445,91.7362,Guwahati,25.3,0.2,4.5,ERA5_REANALYSIS,REFERENCE_REANALYSIS
2024-07-12T01:00,26.1445,91.7362,Guwahati,25.7,9.2,2.9,ERA5_REANALYSIS,REFERENCE_REANALYSIS
2024-07-12T02:00,26.1445,91.7362,Guwahati,25.7,8.6,3.7,ERA5_REANALYSIS,REFERENCE_REANALYSIS
2024-07-12T03:00,26.1445,91.7362,Guwahati,26.2,2.3,4.2,ERA5_REANALYSIS,REFERENCE_REANALYSIS
2024-07-12T04:00,26.1445,91.7362,Guwahati,26.4,0.5,5.4,ERA5_REANALYSIS,REFERENCE_REANALYSIS
2024-07-12T05:00,26.1445,91.7362,Guwahati,26.8,0.8,4.0,ERA5_REANALYSIS,REFERENCE_REANALYSIS
2024-07-12T06:00,26.1445,91.7362,Guwahati,27.6,0.6,3.1,ERA5_REANALYSIS,REFERENCE_REANALYSIS
2024-07-12T07:00,26.1445,91.7362,Guwahati,28.9,0.3,1.6,ERA5_REANALYSIS,REFERENCE_REANALYSIS
2024-07-12T08:00,26.1445,91.7362,Guwahati,30.0,0.0,2.1,ERA5_REANALYSIS,REFERENCE_REANALYSIS
2024-07-12T09:00,26.1445,91.7362,Guwahati,30.2,0.0,2.6,ERA5_REANALYSIS,REFERENCE_REANALYSIS
2024-07-12T10:00,26.1445,91.7362,Guwahati,30.0,0.4,9.7,ERA5_REANALYSIS,REFERENCE_REANALYSIS
2024-07-12T11:00,26.1445,91.7362,Guwahati,28.9,0.4,6.8,ERA5_REANALYSIS,REFERENCE_REANALYSIS
2024-07-12T12:00,26.1445,91.7362,Guwahati,28.4,0.0,7.4,ERA5_REANALYSIS,REFERENCE_REANALYSIS
2024-07-12T13:00,26.1445,91.7362,Guwahati,26.6,0.8,5.9,ERA5_REANALYSIS,REFERENCE_REANALYSIS
2024-07-12T14:00,26.1445,91.7362,Guwahati,26.3,5.7,5.6,ERA5_REANALYSIS,REFERENCE_REANALYSIS
2024-07-12T15:00,26.1445,91.7362,Guwahati,26.2,5.9,4.2,ERA5_REANALYSIS,REFERENCE_REANALYSIS
2024-07-12T16:00,26.1445,91.7362,Guwahati,26.1,3.3,3.4,ERA5_REANALYSIS,REFERENCE_REANALYSIS
2024-07-12T17:00,26.1445,91.7362,Guwahati,26.1,1.3,3.5,ERA5_REANALYSIS,REFERENCE_REANALYSIS
2024-07-12T18:00,26.1445,91.7362,Guwahati,25.9,0.0,2.5,ERA5_REANALYSIS,REFERENCE_REANALYSIS
2024-07-12T19:00,26.1445,91.7362,Guwahati,25.9,0.0,1.5,ERA5_REANALYSIS,REFERENCE_REANALYSIS
2024-07-12T20:00,26.1445,91.7362,Guwahati,25.9,0.3,0.8,ERA5_REANALYSIS,REFERENCE_REANALYSIS
2024-07-12T21:00,26.1445,91.7362,Guwahati,26.0,0.0,2.3,ERA5_REANALYSIS,REFERENCE_REANALYSIS
2024-07-12T22:00,26.1445,91.7362,Guwahati,26.0,0.1,0.4,ERA5_REANALYSIS,REFERENCE_REANALYSIS
2024-07-12T23:00,26.1445,91.7362,Guwahati,25.8,0.2,1.3,ERA5_REANALYSIS,REFERENCE_REANALYSIS
2024-07-13T00:00,26.1445,91.7362,Guwahati,26.0,0.1,2.8,ERA5_REANALYSIS,REFERENCE_REANALYSIS
2024-07-13T01:00,26.1445,91.7362,Guwahati,26.9,0.0,1.1,ERA5_REANALYSIS,REFERENCE_REANALYSIS
2024-07-13T02:00,26.1445,91.7362,Guwahati,27.6,0.0,3.4,ERA5_REANALYSIS,REFERENCE_REANALYSIS
2024-07-13T03:00,26.1445,91.7362,Guwahati,28.5,0.1,5.5,ERA5_REANALYSIS,REFERENCE_REANALYSIS
2024-07-13T04:00,26.1445,91.7362,Guwahati,29.4,0.1,5.1,ERA5_REANALYSIS,REFERENCE_REANALYSIS
2024-07-13T05:00,26.1445,91.7362,Guwahati,30.7,0.3,5.0,ERA5_REANALYSIS,REFERENCE_REANALYSIS
2024-07-13T06:00,26.1445,91.7362,Guwahati,31.7,0.2,4.8,ERA5_REANALYSIS,REFERENCE_REANALYSIS
2024-07-13T07:00,26.1445,91.7362,Guwahati,32.3,0.1,6.1,ERA5_REANALYSIS,REFERENCE_REANALYSIS
2024-07-13T08:00,26.1445,91.7362,Guwahati,32.6,0.1,8.0,ERA5_REANALYSIS,REFERENCE_REANALYSIS
2024-07-13T09:00,26.1445,91.7362,Guwahati,32.7,0.0,7.3,ERA5_REANALYSIS,REFERENCE_REANALYSIS
2024-07-13T10:00,26.1445,91.7362,Guwahati,32.6,0.0,7.3,ERA5_REANALYSIS,REFERENCE_REANALYSIS
2024-07-13T11:00,26.1445,91.7362,Guwahati,31.7,0.4,6.2,ERA5_REANALYSIS,REFERENCE_REANALYSIS
2024-07-13T12:00,26.1445,91.7362,Guwahati,30.5,0.1,5.7,ERA5_REANALYSIS,REFERENCE_REANALYSIS
2024-07-13T13:00,26.1445,91.7362,Guwahati,28.8,0.1,6.0,ERA5_REANALYSIS,REFERENCE_REANALYSIS
2024-07-13T14:00,26.1445,91.7362,Guwahati,28.1,0.0,5.0,ERA5_REANALYSIS,REFERENCE_REANALYSIS
2024-07-13T15:00,26.1445,91.7362,Guwahati,27.5,0.0,3.9,ERA5_REANALYSIS,REFERENCE_REANALYSIS
2024-07-13T16:00,26.1445,91.7362,Guwahati,27.5,0.0,3.6,ERA5_REANALYSIS,REFERENCE_REANALYSIS
2024-07-13T17:00,26.1445,91.7362,Guwahati,27.4,0.1,6.7,ERA5_REANALYSIS,REFERENCE_REANALYSIS
2024-07-13T18:00,26.1445,91.7362,Guwahati,26.9,0.1,3.6,ERA5_REANALYSIS,REFERENCE_REANALYSIS
2024-07-13T19:00,26.1445,91.7362,Guwahati,26.5,0.0,3.6,ERA5_REANALYSIS,REFERENCE_REANALYSIS
2024-07-13T20:00,26.1445,91.7362,Guwahati,26.5,0.0,2.2,ERA5_REANALYSIS,REFERENCE_REANALYSIS
2024-07-13T21:00,26.1445,91.7362,Guwahati,26.0,0.1,2.2,ERA5_REANALYSIS,REFERENCE_REANALYSIS
2024-07-13T22:00,26.1445,91.7362,Guwahati,25.9,0.3,5.8,ERA5_REANALYSIS,REFERENCE_REANALYSIS
2024-07-13T23:00,26.1445,91.7362,Guwahati,25.9,0.2,2.9,ERA5_REANALYSIS,REFERENCE_REANALYSIS
2024-07-14T00:00,26.1445,91.7362,Guwahati,26.2,0.0,4.9,ERA5_REANALYSIS,REFERENCE_REANALYSIS
2024-07-14T01:00,26.1445,91.7362,Guwahati,28.5,0.0,3.9,ERA5_REANALYSIS,REFERENCE_REANALYSIS
2024-07-14T02:00,26.1445,91.7362,Guwahati,29.6,0.0,2.5,ERA5_REANALYSIS,REFERENCE_REANALYSIS
2024-07-14T03:00,26.1445,91.7362,Guwahati,30.6,0.0,1.6,ERA5_REANALYSIS,REFERENCE_REANALYSIS
2024-07-14T04:00,26.1445,91.7362,Guwahati,31.0,0.1,4.6,ERA5_REANALYSIS,REFERENCE_REANALYSIS
2024-07-14T05:00,26.1445,91.7362,Guwahati,31.6,0.0,6.0,ERA5_REANALYSIS,REFERENCE_REANALYSIS
2024-07-14T06:00,26.1445,91.7362,Guwahati,32.4,0.0,6.3,ERA5_REANALYSIS,REFERENCE_REANALYSIS
2024-07-14T07:00,26.1445,91.7362,Guwahati,32.9,0.0,5.2,ERA5_REANALYSIS,REFERENCE_REANALYSIS
2024-07-14T08:00,26.1445,91.7362,Guwahati,32.9,0.0,6.0,ERA5_REANALYSIS,REFERENCE_REANALYSIS
2024-07-14T09:00,26.1445,91.7362,Guwahati,32.8,0.1,2.0,ERA5_REANALYSIS,REFERENCE_REANALYSIS
2024-07-14T10:00,26.1445,91.7362,Guwahati,31.9,5.0,3.1,ERA5_REANALYSIS,REFERENCE_REANALYSIS
2024-07-14T11:00,26.1445,91.7362,Guwahati,28.2,15.2,7.9,ERA5_REANALYSIS,REFERENCE_REANALYSIS
2024-07-14T12:00,26.1445,91.7362,Guwahati,28.5,0.3,3.6,ERA5_REANALYSIS,REFERENCE_REANALYSIS
2024-07-14T13:00,26.1445,91.7362,Guwahati,29.1,0.0,3.2,ERA5_REANALYSIS,REFERENCE_REANALYSIS
2024-07-14T14:00,26.1445,91.7362,Guwahati,28.5,0.0,3.6,ERA5_REANALYSIS,REFERENCE_REANALYSIS
2024-07-14T15:00,26.1445,91.7362,Guwahati,28.3,0.2,3.2,ERA5_REANALYSIS,REFERENCE_REANALYSIS
2024-07-14T16:00,26.1445,91.7362,Guwahati,27.5,3.7,2.2,ERA5_REANALYSIS,REFERENCE_REANALYSIS
2024-07-14T17:00,26.1445,91.7362,Guwahati,27.2,4.0,1.5,ERA5_REANALYSIS,REFERENCE_REANALYSIS
2024-07-14T18:00,26.1445,91.7362,Guwahati,27.1,0.9,3.9,ERA5_REANALYSIS,REFERENCE_REANALYSIS
2024-07-14T19:00,26.1445,91.7362,Guwahati,26.8,3.7,5.8,ERA5_REANALYSIS,REFERENCE_REANALYSIS
2024-07-14T20:00,26.1445,91.7362,Guwahati,26.5,7.3,6.1,ERA5_REANALYSIS,REFERENCE_REANALYSIS
2024-07-14T21:00,26.1445,91.7362,Guwahati,26.3,2.3,6.5,ERA5_REANALYSIS,REFERENCE_REANALYSIS
2024-07-14T22:00,26.1445,91.7362,Guwahati,26.2,2.6,3.9,ERA5_REANALYSIS,REFERENCE_REANALYSIS
2024-07-14T23:00,26.1445,91.7362,Guwahati,26.1,0.4,5.5,ERA5_REANALYSIS,REFERENCE_REANALYSIS
2024-07-15T00:00,26.1445,91.7362,Guwahati,26.2,0.7,1.6,ERA5_REANALYSIS,REFERENCE_REANALYSIS
2024-07-15T01:00,26.1445,91.7362,Guwahati,27.3,0.2,2.2,ERA5_REANALYSIS,REFERENCE_REANALYSIS
2024-07-15T02:00,26.1445,91.7362,Guwahati,28.2,0.2,5.8,ERA5_REANALYSIS,REFERENCE_REANALYSIS
2024-07-15T03:00,26.1445,91.7362,Guwahati,29.0,0.1,5.8,ERA5_REANALYSIS,REFERENCE_REANALYSIS
2024-07-15T04:00,26.1445,91.7362,Guwahati,29.9,0.1,6.8,ERA5_REANALYSIS,REFERENCE_REANALYSIS
2024-07-15T05:00,26.1445,91.7362,Guwahati,30.5,0.0,6.8,ERA5_REANALYSIS,REFERENCE_REANALYSIS
2024-07-15T06:00,26.1445,91.7362,Guwahati,31.2,0.0,6.9,ERA5_REANALYSIS,REFERENCE_REANALYSIS
2024-07-15T07:00,26.1445,91.7362,Guwahati,32.1,0.1,6.1,ERA5_REANALYSIS,REFERENCE_REANALYSIS
2024-07-15T08:00,26.1445,91.7362,Guwahati,32.5,0.1,4.7,ERA5_REANALYSIS,REFERENCE_REANALYSIS
2024-07-15T09:00,26.1445,91.7362,Guwahati,32.6,0.0,3.6,ERA5_REANALYSIS,REFERENCE_REANALYSIS
2024-07-15T10:00,26.1445,91.7362,Guwahati,31.8,0.1,0.8,ERA5_REANALYSIS,REFERENCE_REANALYSIS
2024-07-15T11:00,26.1445,91.7362,Guwahati,28.8,9.3,5.5,ERA5_REANALYSIS,REFERENCE_REANALYSIS
2024-07-15T12:00,26.1445,91.7362,Guwahati,28.0,1.0,5.0,ERA5_REANALYSIS,REFERENCE_REANALYSIS
2024-07-15T13:00,26.1445,91.7362,Guwahati,27.2,17.7,4.3,ERA5_REANALYSIS,REFERENCE_REANALYSIS
2024-07-15T14:00,26.1445,91.7362,Guwahati,27.0,6.5,3.6,ERA5_REANALYSIS,REFERENCE_REANALYSIS
2024-07-15T15:00,26.1445,91.7362,Guwahati,26.9,3.5,4.4,ERA5_REANALYSIS,REFERENCE_REANALYSIS
2024-07-15T16:00,26.1445,91.7362,Guwahati,26.9,1.2,3.7,ERA5_REANALYSIS,REFERENCE_REANALYSIS
2024-07-15T17:00,26.1445,91.7362,Guwahati,26.8,0.4,2.9,ERA5_REANALYSIS,REFERENCE_REANALYSIS
2024-07-15T18:00,26.1445,91.7362,Guwahati,26.5,0.0,2.2,ERA5_REANALYSIS,REFERENCE_REANALYSIS
2024-07-15T19:00,26.1445,91.7362,Guwahati,26.7,0.0,1.6,ERA5_REANALYSIS,REFERENCE_REANALYSIS
2024-07-15T20:00,26.1445,91.7362,Guwahati,26.4,0.1,1.5,ERA5_REANALYSIS,REFERENCE_REANALYSIS
2024-07-15T21:00,26.1445,91.7362,Guwahati,26.3,0.2,3.3,ERA5_REANALYSIS,REFERENCE_REANALYSIS
2024-07-15T22:00,26.1445,91.7362,Guwahati,26.3,0.5,5.4,ERA5_REANALYSIS,REFERENCE_REANALYSIS
2024-07-15T23:00,26.1445,91.7362,Guwahati,26.1,2.3,2.5,ERA5_REANALYSIS,REFERENCE_REANALYSIS
2024-07-16T00:00,26.1445,91.7362,Guwahati,26.2,0.7,4.0,ERA5_REANALYSIS,REFERENCE_REANALYSIS
2024-07-16T01:00,26.1445,91.7362,Guwahati,26.2,1.2,3.5,ERA5_REANALYSIS,REFERENCE_REANALYSIS
2024-07-16T02:00,26.1445,91.7362,Guwahati,26.5,1.3,2.5,ERA5_REANALYSIS,REFERENCE_REANALYSIS
2024-07-16T03:00,26.1445,91.7362,Guwahati,26.9,4.3,0.7,ERA5_REANALYSIS,REFERENCE_REANALYSIS
2024-07-16T04:00,26.1445,91.7362,Guwahati,27.3,4.4,1.0,ERA5_REANALYSIS,REFERENCE_REANALYSIS
2024-07-16T05:00,26.1445,91.7362,Guwahati,28.0,0.9,2.9,ERA5_REANALYSIS,REFERENCE_REANALYSIS
2024-07-16T06:00,26.1445,91.7362,Guwahati,28.9,0.1,3.2,ERA5_REANALYSIS,REFERENCE_REANALYSIS
2024-07-16T07:00,26.1445,91.7362,Guwahati,29.9,0.1,8.6,ERA5_REANALYSIS,REFERENCE_REANALYSIS
2024-07-16T08:00,26.1445,91.7362,Guwahati,30.3,0.0,8.9,ERA5_REANALYSIS,REFERENCE_REANALYSIS
2024-07-16T09:00,26.1445,91.7362,Guwahati,30.9,0.0,7.8,ERA5_REANALYSIS,REFERENCE_REANALYSIS
2024-07-16T10:00,26.1445,91.7362,Guwahati,30.7,0.0,8.7,ERA5_REANALYSIS,REFERENCE_REANALYSIS
2024-07-16T11:00,26.1445,91.7362,Guwahati,30.3,0.0,7.2,ERA5_REANALYSIS,REFERENCE_REANALYSIS
2024-07-16T12:00,26.1445,91.7362,Guwahati,29.8,0.0,4.2,ERA5_REANALYSIS,REFERENCE_REANALYSIS
2024-07-16T13:00,26.1445,91.7362,Guwahati,28.1,0.0,4.0,ERA5_REANALYSIS,REFERENCE_REANALYSIS
2024-07-16T14:00,26.1445,91.7362,Guwahati,27.6,0.0,3.9,ERA5_REANALYSIS,REFERENCE_REANALYSIS
2024-07-16T15:00,26.1445,91.7362,Guwahati,27.4,0.0,3.8,ERA5_REANALYSIS,REFERENCE_REANALYSIS
2024-07-16T16:00,26.1445,91.7362,Guwahati,26.6,0.0,3.9,ERA5_REANALYSIS,REFERENCE_REANALYSIS
2024-07-16T17:00,26.1445,91.7362,Guwahati,26.5,0.0,4.1,ERA5_REANALYSIS,REFERENCE_REANALYSIS
2024-07-16T18:00,26.1445,91.7362,Guwahati,26.3,0.0,3.5,ERA5_REANALYSIS,REFERENCE_REANALYSIS
2024-07-16T19:00,26.1445,91.7362,Guwahati,26.4,0.0,1.9,ERA5_REANALYSIS,REFERENCE_REANALYSIS
2024-07-16T20:00,26.1445,91.7362,Guwahati,25.7,0.0,4.3,ERA5_REANALYSIS,REFERENCE_REANALYSIS
2024-07-16T21:00,26.1445,91.7362,Guwahati,25.9,0.0,4.2,ERA5_REANALYSIS,REFERENCE_REANALYSIS
2024-07-16T22:00,26.1445,91.7362,Guwahati,26.0,0.0,3.8,ERA5_REANALYSIS,REFERENCE_REANALYSIS
2024-07-16T23:00,26.1445,91.7362,Guwahati,25.5,0.0,4.2,ERA5_REANALYSIS,REFERENCE_REANALYSIS
2024-07-17T00:00,26.1445,91.7362,Guwahati,26.6,0.0,3.0,ERA5_REANALYSIS,REFERENCE_REANALYSIS
2024-07-17T01:00,26.1445,91.7362,Guwahati,28.6,0.0,1.1,ERA5_REANALYSIS,REFERENCE_REANALYSIS
2024-07-17T02:00,26.1445,91.7362,Guwahati,30.2,0.0,2.2,ERA5_REANALYSIS,REFERENCE_REANALYSIS
2024-07-17T03:00,26.1445,91.7362,Guwahati,31.4,0.0,1.1,ERA5_REANALYSIS,REFERENCE_REANALYSIS
2024-07-17T04:00,26.1445,91.7362,Guwahati,32.4,0.0,3.9,ERA5_REANALYSIS,REFERENCE_REANALYSIS
2024-07-17T05:00,26.1445,91.7362,Guwahati,33.1,0.0,4.8,ERA5_REANALYSIS,REFERENCE_REANALYSIS
2024-07-17T06:00,26.1445,91.7362,Guwahati,33.3,0.0,7.4,ERA5_REANALYSIS,REFERENCE_REANALYSIS
2024-07-17T07:00,26.1445,91.7362,Guwahati,33.8,0.0,6.9,ERA5_REANALYSIS,REFERENCE_REANALYSIS
2024-07-17T08:00,26.1445,91.7362,Guwahati,33.6,0.0,7.6,ERA5_REANALYSIS,REFERENCE_REANALYSIS
2024-07-17T09:00,26.1445,91.7362,Guwahati,33.1,0.8,3.6,ERA5_REANALYSIS,REFERENCE_REANALYSIS
2024-07-17T10:00,26.1445,91.7362,Guwahati,32.6,0.2,4.4,ERA5_REANALYSIS,REFERENCE_REANALYSIS
2024-07-17T11:00,26.1445,91.7362,Guwahati,31.8,0.0,6.5,ERA5_REANALYSIS,REFERENCE_REANALYSIS
2024-07-17T12:00,26.1445,91.7362,Guwahati,30.8,0.0,3.2,ERA5_REANALYSIS,REFERENCE_REANALYSIS
2024-07-17T13:00,26.1445,91.7362,Guwahati,29.6,0.0,5.1,ERA5_REANALYSIS,REFERENCE_REANALYSIS
2024-07-17T14:00,26.1445,91.7362,Guwahati,30.4,0.0,0.7,ERA5_REANALYSIS,REFERENCE_REANALYSIS
2024-07-17T15:00,26.1445,91.7362,Guwahati,28.6,0.0,4.1,ERA5_REANALYSIS,REFERENCE_REANALYSIS
2024-07-17T16:00,26.1445,91.7362,Guwahati,28.3,0.0,4.5,ERA5_REANALYSIS,REFERENCE_REANALYSIS
2024-07-17T17:00,26.1445,91.7362,Guwahati,27.0,1.6,10.5,ERA5_REANALYSIS,REFERENCE_REANALYSIS
2024-07-17T18:00,26.1445,91.7362,Guwahati,26.9,0.1,3.1,ERA5_REANALYSIS,REFERENCE_REANALYSIS
2024-07-17T19:00,26.1445,91.7362,Guwahati,26.6,0.1,2.5,ERA5_REANALYSIS,REFERENCE_REANALYSIS
2024-07-17T20:00,26.1445,91.7362,Guwahati,26.7,0.0,2.3,ERA5_REANALYSIS,REFERENCE_REANALYSIS
2024-07-17T21:00,26.1445,91.7362,Guwahati,26.4,0.0,2.1,ERA5_REANALYSIS,REFERENCE_REANALYSIS
2024-07-17T22:00,26.1445,91.7362,Guwahati,26.4,0.0,2.9,ERA5_REANALYSIS,REFERENCE_REANALYSIS
2024-07-17T23:00,26.1445,91.7362,Guwahati,26.7,0.0,1.1,ERA5_REANALYSIS,REFERENCE_REANALYSIS
2024-07-18T00:00,26.1445,91.7362,Guwahati,26.9,0.0,1.1,ERA5_REANALYSIS,REFERENCE_REANALYSIS
2024-07-18T01:00,26.1445,91.7362,Guwahati,27.0,1.0,3.4,ERA5_REANALYSIS,REFERENCE_REANALYSIS
2024-07-18T02:00,26.1445,91.7362,Guwahati,27.9,0.2,1.1,ERA5_REANALYSIS,REFERENCE_REANALYSIS
2024-07-18T03:00,26.1445,91.7362,Guwahati,28.2,0.4,4.0,ERA5_REANALYSIS,REFERENCE_REANALYSIS
2024-07-18T04:00,26.1445,91.7362,Guwahati,28.8,0.3,5.1,ERA5_REANALYSIS,REFERENCE_REANALYSIS
2024-07-18T05:00,26.1445,91.7362,Guwahati,29.3,0.0,7.1,ERA5_REANALYSIS,REFERENCE_REANALYSIS
2024-07-18T06:00,26.1445,91.7362,Guwahati,30.6,0.0,7.4,ERA5_REANALYSIS,REFERENCE_REANALYSIS
2024-07-18T07:00,26.1445,91.7362,Guwahati,32.1,0.0,6.6,ERA5_REANALYSIS,REFERENCE_REANALYSIS
2024-07-18T08:00,26.1445,91.7362,Guwahati,32.7,0.0,6.4,ERA5_REANALYSIS,REFERENCE_REANALYSIS
2024-07-18T09:00,26.1445,91.7362,Guwahati,32.9,0.0,6.0,ERA5_REANALYSIS,REFERENCE_REANALYSIS
2024-07-18T10:00,26.1445,91.7362,Guwahati,32.9,0.0,6.4,ERA5_REANALYSIS,REFERENCE_REANALYSIS
2024-07-18T11:00,26.1445,91.7362,Guwahati,32.2,0.0,7.0,ERA5_REANALYSIS,REFERENCE_REANALYSIS
2024-07-18T12:00,26.1445,91.7362,Guwahati,31.2,0.0,5.9,ERA5_REANALYSIS,REFERENCE_REANALYSIS
2024-07-18T13:00,26.1445,91.7362,Guwahati,29.7,0.0,6.5,ERA5_REANALYSIS,REFERENCE_REANALYSIS
2024-07-18T14:00,26.1445,91.7362,Guwahati,28.9,0.0,4.8,ERA5_REANALYSIS,REFERENCE_REANALYSIS
2024-07-18T15:00,26.1445,91.7362,Guwahati,28.3,0.0,4.3,ERA5_REANALYSIS,REFERENCE_REANALYSIS
2024-07-18T16:00,26.1445,91.7362,Guwahati,28.0,0.3,3.4,ERA5_REANALYSIS,REFERENCE_REANALYSIS
2024-07-18T17:00,26.1445,91.7362,Guwahati,27.8,0.3,1.1,ERA5_REANALYSIS,REFERENCE_REANALYSIS
2024-07-18T18:00,26.1445,91.7362,Guwahati,27.3,0.0,2.2,ERA5_REANALYSIS,REFERENCE_REANALYSIS
2024-07-18T19:00,26.1445,91.7362,Guwahati,27.1,0.0,4.7,ERA5_REANALYSIS,REFERENCE_REANALYSIS
2024-07-18T20:00,26.1445,91.7362,Guwahati,26.8,0.0,2.5,ERA5_REANALYSIS,REFERENCE_REANALYSIS
2024-07-18T21:00,26.1445,91.7362,Guwahati,26.7,0.0,1.5,ERA5_REANALYSIS,REFERENCE_REANALYSIS
2024-07-18T22:00,26.1445,91.7362,Guwahati,26.0,0.0,4.2,ERA5_REANALYSIS,REFERENCE_REANALYSIS
2024-07-18T23:00,26.1445,91.7362,Guwahati,25.9,0.0,2.3,ERA5_REANALYSIS,REFERENCE_REANALYSIS
2024-07-19T00:00,26.1445,91.7362,Guwahati,26.6,0.0,4.0,ERA5_REANALYSIS,REFERENCE_REANALYSIS
2024-07-19T01:00,26.1445,91.7362,Guwahati,28.7,0.0,4.3,ERA5_REANALYSIS,REFERENCE_REANALYSIS
2024-07-19T02:00,26.1445,91.7362,Guwahati,30.0,0.0,3.2,ERA5_REANALYSIS,REFERENCE_REANALYSIS
2024-07-19T03:00,26.1445,91.7362,Guwahati,31.2,0.0,6.6,ERA5_REANALYSIS,REFERENCE_REANALYSIS
2024-07-19T04:00,26.1445,91.7362,Guwahati,32.6,0.0,10.5,ERA5_REANALYSIS,REFERENCE_REANALYSIS
2024-07-19T05:00,26.1445,91.7362,Guwahati,33.3,0.0,11.4,ERA5_REANALYSIS,REFERENCE_REANALYSIS
2024-07-19T06:00,26.1445,91.7362,Guwahati,33.8,0.0,9.4,ERA5_REANALYSIS,REFERENCE_REANALYSIS
2024-07-19T07:00,26.1445,91.7362,Guwahati,33.8,0.0,7.2,ERA5_REANALYSIS,REFERENCE_REANALYSIS
2024-07-19T08:00,26.1445,91.7362,Guwahati,34.6,0.2,2.5,ERA5_REANALYSIS,REFERENCE_REANALYSIS
2024-07-19T09:00,26.1445,91.7362,Guwahati,33.4,0.3,7.4,ERA5_REANALYSIS,REFERENCE_REANALYSIS
2024-07-19T10:00,26.1445,91.7362,Guwahati,32.3,1.2,8.3,ERA5_REANALYSIS,REFERENCE_REANALYSIS
2024-07-19T11:00,26.1445,91.7362,Guwahati,31.5,0.2,10.7,ERA5_REANALYSIS,REFERENCE_REANALYSIS
2024-07-19T12:00,26.1445,91.7362,Guwahati,30.6,1.8,7.0,ERA5_REANALYSIS,REFERENCE_REANALYSIS
2024-07-19T13:00,26.1445,91.7362,Guwahati,29.1,0.0,5.7,ERA5_REANALYSIS,REFERENCE_REANALYSIS
2024-07-19T14:00,26.1445,91.7362,Guwahati,28.6,0.0,5.4,ERA5_REANALYSIS,REFERENCE_REANALYSIS
2024-07-19T15:00,26.1445,91.7362,Guwahati,28.3,0.0,5.0,ERA5_REANALYSIS,REFERENCE_REANALYSIS
2024-07-19T16:00,26.1445,91.7362,Guwahati,27.9,0.0,4.1,ERA5_REANALYSIS,REFERENCE_REANALYSIS
2024-07-19T17:00,26.1445,91.7362,Guwahati,27.6,0.0,2.4,ERA5_REANALYSIS,REFERENCE_REANALYSIS
2024-07-19T18:00,26.1445,91.7362,Guwahati,27.4,0.4,9.2,ERA5_REANALYSIS,REFERENCE_REANALYSIS
2024-07-19T19:00,26.1445,91.7362,Guwahati,26.8,2.6,7.7,ERA5_REANALYSIS,REFERENCE_REANALYSIS
2024-07-19T20:00,26.1445,91.7362,Guwahati,26.2,1.7,3.3,ERA5_REANALYSIS,REFERENCE_REANALYSIS
2024-07-19T21:00,26.1445,91.7362,Guwahati,26.1,0.1,1.6,ERA5_REANALYSIS,REFERENCE_REANALYSIS
2024-07-19T22:00,26.1445,91.7362,Guwahati,26.1,0.1,4.1,ERA5_REANALYSIS,REFERENCE_REANALYSIS
2024-07-19T23:00,26.1445,91.7362,Guwahati,25.8,1.7,6.2,ERA5_REANALYSIS,REFERENCE_REANALYSIS
2024-07-20T00:00,26.1445,91.7362,Guwahati,26.2,0.1,4.3,ERA5_REANALYSIS,REFERENCE_REANALYSIS
2024-07-20T01:00,26.1445,91.7362,Guwahati,27.3,3.7,4.9,ERA5_REANALYSIS,REFERENCE_REANALYSIS
2024-07-20T02:00,26.1445,91.7362,Guwahati,27.3,4.2,1.5,ERA5_REANALYSIS,REFERENCE_REANALYSIS
2024-07-20T03:00,26.1445,91.7362,Guwahati,27.5,4.1,1.5,ERA5_REANALYSIS,REFERENCE_REANALYSIS
2024-07-20T04:00,26.1445,91.7362,Guwahati,28.0,2.8,4.1,ERA5_REANALYSIS,REFERENCE_REANALYSIS
2024-07-20T05:00,26.1445,91.7362,Guwahati,28.7,0.4,3.3,ERA5_REANALYSIS,REFERENCE_REANALYSIS
2024-07-20T06:00,26.1445,91.7362,Guwahati,30.0,0.1,3.3,ERA5_REANALYSIS,REFERENCE_REANALYSIS
2024-07-20T07:00,26.1445,91.7362,Guwahati,31.1,0.0,4.0,ERA5_REANALYSIS,REFERENCE_REANALYSIS
2024-07-20T08:00,26.1445,91.7362,Guwahati,31.5,0.0,6.7,ERA5_REANALYSIS,REFERENCE_REANALYSIS
2024-07-20T09:00,26.1445,91.7362,Guwahati,31.9,0.0,7.4,ERA5_REANALYSIS,REFERENCE_REANALYSIS
2024-07-20T10:00,26.1445,91.7362,Guwahati,31.5,0.1,3.3,ERA5_REANALYSIS,REFERENCE_REANALYSIS
2024-07-20T11:00,26.1445,91.7362,Guwahati,30.8,0.1,3.4,ERA5_REANALYSIS,REFERENCE_REANALYSIS
2024-07-20T12:00,26.1445,91.7362,Guwahati,30.5,0.0,2.5,ERA5_REANALYSIS,REFERENCE_REANALYSIS
2024-07-20T13:00,26.1445,91.7362,Guwahati,28.2,0.4,2.6,ERA5_REANALYSIS,REFERENCE_REANALYSIS
2024-07-20T14:00,26.1445,91.7362,Guwahati,27.6,0.0,4.0,ERA5_REANALYSIS,REFERENCE_REANALYSIS
2024-07-20T15:00,26.1445,91.7362,Guwahati,28.2,0.0,0.4,ERA5_REANALYSIS,REFERENCE_REANALYSIS
2024-07-20T16:00,26.1445,91.7362,Guwahati,27.7,0.0,2.3,ERA5_REANALYSIS,REFERENCE_REANALYSIS
2024-07-20T17:00,26.1445,91.7362,Guwahati,27.3,0.2,2.9,ERA5_REANALYSIS,REFERENCE_REANALYSIS
2024-07-20T18:00,26.1445,91.7362,Guwahati,27.2,0.1,2.4,ERA5_REANALYSIS,REFERENCE_REANALYSIS
2024-07-20T19:00,26.1445,91.7362,Guwahati,26.9,0.0,2.3,ERA5_REANALYSIS,REFERENCE_REANALYSIS
2024-07-20T20:00,26.1445,91.7362,Guwahati,26.7,0.0,2.1,ERA5_REANALYSIS,REFERENCE_REANALYSIS
2024-07-20T21:00,26.1445,91.7362,Guwahati,26.6,0.0,1.3,ERA5_REANALYSIS,REFERENCE_REANALYSIS
2024-07-20T22:00,26.1445,91.7362,Guwahati,26.5,0.2,3.1,ERA5_REANALYSIS,REFERENCE_REANALYSIS
2024-07-20T23:00,26.1445,91.7362,Guwahati,26.5,0.3,0.7,ERA5_REANALYSIS,REFERENCE_REANALYSIS
2024-07-21T00:00,26.1445,91.7362,Guwahati,26.6,0.0,3.3,ERA5_REANALYSIS,REFERENCE_REANALYSIS
2024-07-21T01:00,26.1445,91.7362,Guwahati,27.7,0.0,3.9,ERA5_REANALYSIS,REFERENCE_REANALYSIS
2024-07-21T02:00,26.1445,91.7362,Guwahati,28.5,0.0,3.6,ERA5_REANALYSIS,REFERENCE_REANALYSIS
2024-07-21T03:00,26.1445,91.7362,Guwahati,29.3,0.0,2.6,ERA5_REANALYSIS,REFERENCE_REANALYSIS
2024-07-21T04:00,26.1445,91.7362,Guwahati,30.2,0.0,2.5,ERA5_REANALYSIS,REFERENCE_REANALYSIS
2024-07-21T05:00,26.1445,91.7362,Guwahati,30.9,0.1,3.0,ERA5_REANALYSIS,REFERENCE_REANALYSIS
2024-07-21T06:00,26.1445,91.7362,Guwahati,31.3,0.1,4.2,ERA5_REANALYSIS,REFERENCE_REANALYSIS
2024-07-21T07:00,26.1445,91.7362,Guwahati,31.7,0.1,3.0,ERA5_REANALYSIS,REFERENCE_REANALYSIS
2024-07-21T08:00,26.1445,91.7362,Guwahati,32.2,0.1,2.3,ERA5_REANALYSIS,REFERENCE_REANALYSIS
2024-07-21T09:00,26.1445,91.7362,Guwahati,32.2,0.2,1.9,ERA5_REANALYSIS,REFERENCE_REANALYSIS
2024-07-21T10:00,26.1445,91.7362,Guwahati,31.5,0.3,2.5,ERA5_REANALYSIS,REFERENCE_REANALYSIS
2024-07-21T11:00,26.1445,91.7362,Guwahati,28.4,11.8,6.5,ERA5_REANALYSIS,REFERENCE_REANALYSIS
2024-07-21T12:00,26.1445,91.7362,Guwahati,27.9,0.5,5.7,ERA5_REANALYSIS,REFERENCE_REANALYSIS
2024-07-21T13:00,26.1445,91.7362,Guwahati,28.2,1.6,2.9,ERA5_REANALYSIS,REFERENCE_REANALYSIS
2024-07-21T14:00,26.1445,91.7362,Guwahati,27.7,0.1,2.4,ERA5_REANALYSIS,REFERENCE_REANALYSIS
2024-07-21T15:00,26.1445,91.7362,Guwahati,27.9,1.4,2.3,ERA5_REANALYSIS,REFERENCE_REANALYSIS
2024-07-21T16:00,26.1445,91.7362,Guwahati,27.0,4.0,3.4,ERA5_REANALYSIS,REFERENCE_REANALYSIS
2024-07-21T17:00,26.1445,91.7362,Guwahati,26.3,2.8,3.4,ERA5_REANALYSIS,REFERENCE_REANALYSIS
2024-07-21T18:00,26.1445,91.7362,Guwahati,26.1,3.9,2.3,ERA5_REANALYSIS,REFERENCE_REANALYSIS
2024-07-21T19:00,26.1445,91.7362,Guwahati,26.0,3.8,1.8,ERA5_REANALYSIS,REFERENCE_REANALYSIS
2024-07-21T20:00,26.1445,91.7362,Guwahati,25.9,3.5,0.7,ERA5_REANALYSIS,REFERENCE_REANALYSIS
2024-07-21T21:00,26.1445,91.7362,Guwahati,25.8,11.6,4.5,ERA5_REANALYSIS,REFERENCE_REANALYSIS
2024-07-21T22:00,26.1445,91.7362,Guwahati,25.8,34.1,4.7,ERA5_REANALYSIS,REFERENCE_REANALYSIS
2024-07-21T23:00,26.1445,91.7362,Guwahati,25.9,31.1,4.6,ERA5_REANALYSIS,REFERENCE_REANALYSIS
2024-07-22T00:00,26.1445,91.7362,Guwahati,25.9,9.8,3.3,ERA5_REANALYSIS,REFERENCE_REANALYSIS
2024-07-22T01:00,26.1445,91.7362,Guwahati,26.3,0.9,1.8,ERA5_REANALYSIS,REFERENCE_REANALYSIS
2024-07-22T02:00,26.1445,91.7362,Guwahati,26.5,0.8,2.4,ERA5_REANALYSIS,REFERENCE_REANALYSIS
2024-07-22T03:00,26.1445,91.7362,Guwahati,26.6,1.6,1.5,ERA5_REANALYSIS,REFERENCE_REANALYSIS
2024-07-22T04:00,26.1445,91.7362,Guwahati,27.3,1.1,2.0,ERA5_REANALYSIS,REFERENCE_REANALYSIS
2024-07-22T05:00,26.1445,91.7362,Guwahati,27.9,0.6,4.1,ERA5_REANALYSIS,REFERENCE_REANALYSIS
2024-07-22T06:00,26.1445,91.7362,Guwahati,28.6,0.1,4.9,ERA5_REANALYSIS,REFERENCE_REANALYSIS
2024-07-22T07:00,26.1445,91.7362,Guwahati,29.9,0.1,4.5,ERA5_REANALYSIS,REFERENCE_REANALYSIS
2024-07-22T08:00,26.1445,91.7362,Guwahati,30.7,0.1,3.7,ERA5_REANALYSIS,REFERENCE_REANALYSIS
2024-07-22T09:00,26.1445,91.7362,Guwahati,31.1,0.0,2.9,ERA5_REANALYSIS,REFERENCE_REANALYSIS
2024-07-22T10:00,26.1445,91.7362,Guwahati,31.2,0.0,2.9,ERA5_REANALYSIS,REFERENCE_REANALYSIS
2024-07-22T11:00,26.1445,91.7362,Guwahati,29.1,5.3,3.1,ERA5_REANALYSIS,REFERENCE_REANALYSIS
2024-07-22T12:00,26.1445,91.7362,Guwahati,27.4,1.9,5.8,ERA5_REANALYSIS,REFERENCE_REANALYSIS
2024-07-22T13:00,26.1445,91.7362,Guwahati,27.1,0.0,2.3,ERA5_REANALYSIS,REFERENCE_REANALYSIS
2024-07-22T14:00,26.1445,91.7362,Guwahati,26.7,0.9,2.0,ERA5_REANALYSIS,REFERENCE_REANALYSIS
2024-07-22T15:00,26.1445,91.7362,Guwahati,26.5,4.2,3.3,ERA5_REANALYSIS,REFERENCE_REANALYSIS
2024-07-22T16:00,26.1445,91.7362,Guwahati,26.5,1.5,2.3,ERA5_REANALYSIS,REFERENCE_REANALYSIS
2024-07-22T17:00,26.1445,91.7362,Guwahati,26.5,0.4,3.4,ERA5_REANALYSIS,REFERENCE_REANALYSIS
2024-07-22T18:00,26.1445,91.7362,Guwahati,26.1,0.1,6.4,ERA5_REANALYSIS,REFERENCE_REANALYSIS
2024-07-22T19:00,26.1445,91.7362,Guwahati,26.0,0.0,4.2,ERA5_REANALYSIS,REFERENCE_REANALYSIS
2024-07-22T20:00,26.1445,91.7362,Guwahati,26.0,0.1,4.1,ERA5_REANALYSIS,REFERENCE_REANALYSIS
2024-07-22T21:00,26.1445,91.7362,Guwahati,26.1,0.1,2.2,ERA5_REANALYSIS,REFERENCE_REANALYSIS
2024-07-22T22:00,26.1445,91.7362,Guwahati,26.1,1.3,1.8,ERA5_REANALYSIS,REFERENCE_REANALYSIS
2024-07-22T23:00,26.1445,91.7362,Guwahati,26.0,0.5,2.5,ERA5_REANALYSIS,REFERENCE_REANALYSIS
2024-07-23T00:00,26.1445,91.7362,Guwahati,26.0,0.3,2.7,ERA5_REANALYSIS,REFERENCE_REANALYSIS
2024-07-23T01:00,26.1445,91.7362,Guwahati,26.3,0.6,3.4,ERA5_REANALYSIS,REFERENCE_REANALYSIS
2024-07-23T02:00,26.1445,91.7362,Guwahati,26.7,0.1,5.2,ERA5_REANALYSIS,REFERENCE_REANALYSIS
2024-07-23T03:00,26.1445,91.7362,Guwahati,26.8,0.6,6.6,ERA5_REANALYSIS,REFERENCE_REANALYSIS
2024-07-23T04:00,26.1445,91.7362,Guwahati,27.9,0.3,5.5,ERA5_REANALYSIS,REFERENCE_REANALYSIS
2024-07-23T05:00,26.1445,91.7362,Guwahati,27.5,0.3,4.0,ERA5_REANALYSIS,REFERENCE_REANALYSIS
2024-07-23T06:00,26.1445,91.7362,Guwahati,28.8,0.5,0.5,ERA5_REANALYSIS,REFERENCE_REANALYSIS
2024-07-23T07:00,26.1445,91.7362,Guwahati,30.0,0.4,1.8,ERA5_REANALYSIS,REFERENCE_REANALYSIS
2024-07-23T08:00,26.1445,91.7362,Guwahati,30.6,0.3,1.5,ERA5_REANALYSIS,REFERENCE_REANALYSIS
2024-07-23T09:00,26.1445,91.7362,Guwahati,30.4,0.3,2.3,ERA5_REANALYSIS,REFERENCE_REANALYSIS
2024-07-23T10:00,26.1445,91.7362,Guwahati,29.5,0.1,1.8,ERA5_REANALYSIS,REFERENCE_REANALYSIS
2024-07-23T11:00,26.1445,91.7362,Guwahati,29.4,0.1,1.9,ERA5_REANALYSIS,REFERENCE_REANALYSIS
2024-07-23T12:00,26.1445,91.7362,Guwahati,28.8,0.0,1.8,ERA5_REANALYSIS,REFERENCE_REANALYSIS
2024-07-23T13:00,26.1445,91.7362,Guwahati,27.8,0.0,2.3,ERA5_REANALYSIS,REFERENCE_REANALYSIS
2024-07-23T14:00,26.1445,91.7362,Guwahati,27.6,0.0,5.3,ERA5_REANALYSIS,REFERENCE_REANALYSIS
2024-07-23T15:00,26.1445,91.7362,Guwahati,27.3,0.0,2.5,ERA5_REANALYSIS,REFERENCE_REANALYSIS
2024-07-23T16:00,26.1445,91.7362,Guwahati,27.0,0.1,4.0,ERA5_REANALYSIS,REFERENCE_REANALYSIS
2024-07-23T17:00,26.1445,91.7362,Guwahati,26.8,0.0,2.2,ERA5_REANALYSIS,REFERENCE_REANALYSIS
2024-07-23T18:00,26.1445,91.7362,Guwahati,27.0,0.0,2.2,ERA5_REANALYSIS,REFERENCE_REANALYSIS
2024-07-23T19:00,26.1445,91.7362,Guwahati,26.4,0.0,2.8,ERA5_REANALYSIS,REFERENCE_REANALYSIS
2024-07-23T20:00,26.1445,91.7362,Guwahati,26.5,0.0,2.9,ERA5_REANALYSIS,REFERENCE_REANALYSIS
2024-07-23T21:00,26.1445,91.7362,Guwahati,26.2,0.0,3.3,ERA5_REANALYSIS,REFERENCE_REANALYSIS
2024-07-23T22:00,26.1445,91.7362,Guwahati,25.9,0.1,3.6,ERA5_REANALYSIS,REFERENCE_REANALYSIS
2024-07-23T23:00,26.1445,91.7362,Guwahati,25.9,0.4,4.9,ERA5_REANALYSIS,REFERENCE_REANALYSIS
2024-07-24T00:00,26.1445,91.7362,Guwahati,26.2,0.1,3.4,ERA5_REANALYSIS,REFERENCE_REANALYSIS
2024-07-24T01:00,26.1445,91.7362,Guwahati,27.6,0.0,3.6,ERA5_REANALYSIS,REFERENCE_REANALYSIS
2024-07-24T02:00,26.1445,91.7362,Guwahati,28.6,0.1,3.1,ERA5_REANALYSIS,REFERENCE_REANALYSIS
2024-07-24T03:00,26.1445,91.7362,Guwahati,29.5,0.0,4.0,ERA5_REANALYSIS,REFERENCE_REANALYSIS
2024-07-24T04:00,26.1445,91.7362,Guwahati,30.5,0.1,4.2,ERA5_REANALYSIS,REFERENCE_REANALYSIS
2024-07-24T05:00,26.1445,91.7362,Guwahati,31.2,0.1,3.0,ERA5_REANALYSIS,REFERENCE_REANALYSIS
2024-07-24T06:00,26.1445,91.7362,Guwahati,32.1,0.1,3.3,ERA5_REANALYSIS,REFERENCE_REANALYSIS
2024-07-24T07:00,26.1445,91.7362,Guwahati,32.1,0.0,4.7,ERA5_REANALYSIS,REFERENCE_REANALYSIS
2024-07-24T08:00,26.1445,91.7362,Guwahati,31.6,0.1,3.4,ERA5_REANALYSIS,REFERENCE_REANALYSIS
2024-07-24T09:00,26.1445,91.7362,Guwahati,30.9,0.0,4.8,ERA5_REANALYSIS,REFERENCE_REANALYSIS
2024-07-24T10:00,26.1445,91.7362,Guwahati,30.4,0.3,3.7,ERA5_REANALYSIS,REFERENCE_REANALYSIS
2024-07-24T11:00,26.1445,91.7362,Guwahati,30.2,0.0,3.7,ERA5_REANALYSIS,REFERENCE_REANALYSIS
2024-07-24T12:00,26.1445,91.7362,Guwahati,29.9,0.0,3.6,ERA5_REANALYSIS,REFERENCE_REANALYSIS
2024-07-24T13:00,26.1445,91.7362,Guwahati,29.8,0.0,4.0,ERA5_REANALYSIS,REFERENCE_REANALYSIS
2024-07-24T14:00,26.1445,91.7362,Guwahati,29.3,0.8,7.1,ERA5_REANALYSIS,REFERENCE_REANALYSIS
2024-07-24T15:00,26.1445,91.7362,Guwahati,27.7,3.3,3.5,ERA5_REANALYSIS,REFERENCE_REANALYSIS
2024-07-24T16:00,26.1445,91.7362,Guwahati,27.1,0.0,1.6,ERA5_REANALYSIS,REFERENCE_REANALYSIS
2024-07-24T17:00,26.1445,91.7362,Guwahati,26.9,0.0,1.3,ERA5_REANALYSIS,REFERENCE_REANALYSIS
2024-07-24T18:00,26.1445,91.7362,Guwahati,27.1,0.0,1.8,ERA5_REANALYSIS,REFERENCE_REANALYSIS
2024-07-24T19:00,26.1445,91.7362,Guwahati,26.7,0.7,4.3,ERA5_REANALYSIS,REFERENCE_REANALYSIS
2024-07-24T20:00,26.1445,91.7362,Guwahati,26.5,0.4,2.1,ERA5_REANALYSIS,REFERENCE_REANALYSIS
2024-07-24T21:00,26.1445,91.7362,Guwahati,26.1,2.4,3.4,ERA5_REANALYSIS,REFERENCE_REANALYSIS
2024-07-24T22:00,26.1445,91.7362,Guwahati,25.7,1.9,1.1,ERA5_REANALYSIS,REFERENCE_REANALYSIS
2024-07-24T23:00,26.1445,91.7362,Guwahati,25.8,0.4,1.8,ERA5_REANALYSIS,REFERENCE_REANALYSIS
2024-07-25T00:00,26.1445,91.7362,Guwahati,25.9,0.2,3.1,ERA5_REANALYSIS,REFERENCE_REANALYSIS
2024-07-25T01:00,26.1445,91.7362,Guwahati,26.9,0.6,2.6,ERA5_REANALYSIS,REFERENCE_REANALYSIS
2024-07-25T02:00,26.1445,91.7362,Guwahati,27.6,0.1,2.2,ERA5_REANALYSIS,REFERENCE_REANALYSIS
2024-07-25T03:00,26.1445,91.7362,Guwahati,27.9,0.0,5.9,ERA5_REANALYSIS,REFERENCE_REANALYSIS
2024-07-25T04:00,26.1445,91.7362,Guwahati,29.3,0.1,5.6,ERA5_REANALYSIS,REFERENCE_REANALYSIS
2024-07-25T05:00,26.1445,91.7362,Guwahati,30.2,0.4,6.8,ERA5_REANALYSIS,REFERENCE_REANALYSIS
2024-07-25T06:00,26.1445,91.7362,Guwahati,30.8,0.4,6.5,ERA5_REANALYSIS,REFERENCE_REANALYSIS
2024-07-25T07:00,26.1445,91.7362,Guwahati,31.4,0.4,5.4,ERA5_REANALYSIS,REFERENCE_REANALYSIS
2024-07-25T08:00,26.1445,91.7362,Guwahati,32.0,0.4,5.4,ERA5_REANALYSIS,REFERENCE_REANALYSIS
2024-07-25T09:00,26.1445,91.7362,Guwahati,30.9,3.4,3.6,ERA5_REANALYSIS,REFERENCE_REANALYSIS
2024-07-25T10:00,26.1445,91.7362,Guwahati,28.3,17.8,5.6,ERA5_REANALYSIS,REFERENCE_REANALYSIS
2024-07-25T11:00,26.1445,91.7362,Guwahati,29.1,0.1,1.8,ERA5_REANALYSIS,REFERENCE_REANALYSIS
2024-07-25T12:00,26.1445,91.7362,Guwahati,29.1,0.0,3.1,ERA5_REANALYSIS,REFERENCE_REANALYSIS
2024-07-25T13:00,26.1445,91.7362,Guwahati,27.4,0.6,4.7,ERA5_REANALYSIS,REFERENCE_REANALYSIS
2024-07-25T14:00,26.1445,91.7362,Guwahati,27.1,0.0,2.4,ERA5_REANALYSIS,REFERENCE_REANALYSIS
2024-07-25T15:00,26.1445,91.7362,Guwahati,27.0,0.0,2.5,ERA5_REANALYSIS,REFERENCE_REANALYSIS
2024-07-25T16:00,26.1445,91.7362,Guwahati,27.3,0.0,2.1,ERA5_REANALYSIS,REFERENCE_REANALYSIS
2024-07-25T17:00,26.1445,91.7362,Guwahati,27.5,0.0,1.1,ERA5_REANALYSIS,REFERENCE_REANALYSIS
2024-07-25T18:00,26.1445,91.7362,Guwahati,26.5,0.0,3.1,ERA5_REANALYSIS,REFERENCE_REANALYSIS
2024-07-25T19:00,26.1445,91.7362,Guwahati,26.6,0.0,3.8,ERA5_REANALYSIS,REFERENCE_REANALYSIS
2024-07-25T20:00,26.1445,91.7362,Guwahati,26.6,0.0,4.6,ERA5_REANALYSIS,REFERENCE_REANALYSIS
2024-07-25T21:00,26.1445,91.7362,Guwahati,26.6,0.0,6.2,ERA5_REANALYSIS,REFERENCE_REANALYSIS
2024-07-25T22:00,26.1445,91.7362,Guwahati,26.6,0.0,5.5,ERA5_REANALYSIS,REFERENCE_REANALYSIS
2024-07-25T23:00,26.1445,91.7362,Guwahati,26.6,0.0,5.4,ERA5_REANALYSIS,REFERENCE_REANALYSIS
2024-06-15T00:00,19.076,72.8777,Mumbai,25.8,0.1,10.5,ERA5_REANALYSIS,REFERENCE_REANALYSIS
2024-06-15T01:00,19.076,72.8777,Mumbai,26.2,0.1,15.9,ERA5_REANALYSIS,REFERENCE_REANALYSIS
2024-06-15T02:00,19.076,72.8777,Mumbai,27.0,0.2,18.1,ERA5_REANALYSIS,REFERENCE_REANALYSIS
2024-06-15T03:00,19.076,72.8777,Mumbai,27.5,0.2,17.9,ERA5_REANALYSIS,REFERENCE_REANALYSIS
2024-06-15T04:00,19.076,72.8777,Mumbai,28.5,0.1,17.8,ERA5_REANALYSIS,REFERENCE_REANALYSIS
2024-06-15T05:00,19.076,72.8777,Mumbai,28.8,0.1,18.4,ERA5_REANALYSIS,REFERENCE_REANALYSIS
2024-06-15T06:00,19.076,72.8777,Mumbai,28.5,0.3,16.6,ERA5_REANALYSIS,REFERENCE_REANALYSIS
2024-06-15T07:00,19.076,72.8777,Mumbai,29.5,0.1,18.3,ERA5_REANALYSIS,REFERENCE_REANALYSIS
2024-06-15T08:00,19.076,72.8777,Mumbai,29.8,0.0,18.9,ERA5_REANALYSIS,REFERENCE_REANALYSIS
2024-06-15T09:00,19.076,72.8777,Mumbai,29.7,0.0,18.8,ERA5_REANALYSIS,REFERENCE_REANALYSIS
2024-06-15T10:00,19.076,72.8777,Mumbai,29.2,0.0,18.7,ERA5_REANALYSIS,REFERENCE_REANALYSIS
2024-06-15T11:00,19.076,72.8777,Mumbai,29.3,0.2,17.9,ERA5_REANALYSIS,REFERENCE_REANALYSIS
2024-06-15T12:00,19.076,72.8777,Mumbai,29.2,0.1,16.4,ERA5_REANALYSIS,REFERENCE_REANALYSIS
2024-06-15T13:00,19.076,72.8777,Mumbai,29.1,0.0,13.6,ERA5_REANALYSIS,REFERENCE_REANALYSIS
2024-06-15T14:00,19.076,72.8777,Mumbai,28.4,0.0,9.6,ERA5_REANALYSIS,REFERENCE_REANALYSIS
2024-06-15T15:00,19.076,72.8777,Mumbai,27.0,0.0,11.8,ERA5_REANALYSIS,REFERENCE_REANALYSIS
2024-06-15T16:00,19.076,72.8777,Mumbai,27.0,0.1,10.8,ERA5_REANALYSIS,REFERENCE_REANALYSIS
2024-06-15T17:00,19.076,72.8777,Mumbai,26.9,0.1,11.9,ERA5_REANALYSIS,REFERENCE_REANALYSIS
2024-06-15T18:00,19.076,72.8777,Mumbai,26.9,0.0,12.3,ERA5_REANALYSIS,REFERENCE_REANALYSIS
2024-06-15T19:00,19.076,72.8777,Mumbai,26.6,0.1,11.5,ERA5_REANALYSIS,REFERENCE_REANALYSIS
2024-06-15T20:00,19.076,72.8777,Mumbai,26.4,0.0,11.7,ERA5_REANALYSIS,REFERENCE_REANALYSIS
2024-06-15T21:00,19.076,72.8777,Mumbai,26.3,0.0,11.1,ERA5_REANALYSIS,REFERENCE_REANALYSIS
2024-06-15T22:00,19.076,72.8777,Mumbai,26.2,0.1,10.5,ERA5_REANALYSIS,REFERENCE_REANALYSIS
2024-06-15T23:00,19.076,72.8777,Mumbai,26.3,0.0,9.7,ERA5_REANALYSIS,REFERENCE_REANALYSIS
2024-06-16T00:00,19.076,72.8777,Mumbai,26.2,0.1,9.7,ERA5_REANALYSIS,REFERENCE_REANALYSIS
2024-06-16T01:00,19.076,72.8777,Mumbai,26.4,0.3,8.6,ERA5_REANALYSIS,REFERENCE_REANALYSIS
2024-06-16T02:00,19.076,72.8777,Mumbai,27.1,0.0,7.9,ERA5_REANALYSIS,REFERENCE_REANALYSIS
2024-06-16T03:00,19.076,72.8777,Mumbai,28.2,0.0,6.8,ERA5_REANALYSIS,REFERENCE_REANALYSIS
2024-06-16T04:00,19.076,72.8777,Mumbai,29.0,0.2,8.1,ERA5_REANALYSIS,REFERENCE_REANALYSIS
2024-06-16T05:00,19.076,72.8777,Mumbai,29.7,0.1,9.2,ERA5_REANALYSIS,REFERENCE_REANALYSIS
2024-06-16T06:00,19.076,72.8777,Mumbai,30.6,0.0,9.7,ERA5_REANALYSIS,REFERENCE_REANALYSIS
2024-06-16T07:00,19.076,72.8777,Mumbai,31.0,0.0,10.2,ERA5_REANALYSIS,REFERENCE_REANALYSIS
2024-06-16T08:00,19.076,72.8777,Mumbai,30.9,0.0,11.4,ERA5_REANALYSIS,REFERENCE_REANALYSIS
2024-06-16T09:00,19.076,72.8777,Mumbai,30.9,0.0,12.9,ERA5_REANALYSIS,REFERENCE_REANALYSIS
2024-06-16T10:00,19.076,72.8777,Mumbai,30.7,0.0,13.9,ERA5_REANALYSIS,REFERENCE_REANALYSIS
2024-06-16T11:00,19.076,72.8777,Mumbai,30.0,0.3,15.0,ERA5_REANALYSIS,REFERENCE_REANALYSIS
2024-06-16T12:00,19.076,72.8777,Mumbai,30.0,0.1,11.4,ERA5_REANALYSIS,REFERENCE_REANALYSIS
2024-06-16T13:00,19.076,72.8777,Mumbai,29.6,0.0,11.4,ERA5_REANALYSIS,REFERENCE_REANALYSIS
2024-06-16T14:00,19.076,72.8777,Mumbai,29.0,0.1,8.2,ERA5_REANALYSIS,REFERENCE_REANALYSIS
2024-06-16T15:00,19.076,72.8777,Mumbai,28.8,0.0,6.6,ERA5_REANALYSIS,REFERENCE_REANALYSIS
2024-06-16T16:00,19.076,72.8777,Mumbai,28.7,0.0,5.9,ERA5_REANALYSIS,REFERENCE_REANALYSIS
2024-06-16T17:00,19.076,72.8777,Mumbai,28.3,0.0,5.6,ERA5_REANALYSIS,REFERENCE_REANALYSIS
2024-06-16T18:00,19.076,72.8777,Mumbai,28.2,0.0,7.3,ERA5_REANALYSIS,REFERENCE_REANALYSIS
2024-06-16T19:00,19.076,72.8777,Mumbai,28.0,0.0,7.9,ERA5_REANALYSIS,REFERENCE_REANALYSIS
2024-06-16T20:00,19.076,72.8777,Mumbai,27.7,0.1,8.1,ERA5_REANALYSIS,REFERENCE_REANALYSIS
2024-06-16T21:00,19.076,72.8777,Mumbai,27.4,0.1,8.7,ERA5_REANALYSIS,REFERENCE_REANALYSIS
2024-06-16T22:00,19.076,72.8777,Mumbai,27.0,0.1,10.7,ERA5_REANALYSIS,REFERENCE_REANALYSIS
2024-06-16T23:00,19.076,72.8777,Mumbai,27.0,0.0,10.5,ERA5_REANALYSIS,REFERENCE_REANALYSIS
2024-06-17T00:00,19.076,72.8777,Mumbai,26.6,0.1,9.1,ERA5_REANALYSIS,REFERENCE_REANALYSIS
2024-06-17T01:00,19.076,72.8777,Mumbai,27.4,0.0,7.6,ERA5_REANALYSIS,REFERENCE_REANALYSIS
2024-06-17T02:00,19.076,72.8777,Mumbai,27.5,0.1,9.5,ERA5_REANALYSIS,REFERENCE_REANALYSIS
2024-06-17T03:00,19.076,72.8777,Mumbai,28.3,0.1,10.5,ERA5_REANALYSIS,REFERENCE_REANALYSIS
2024-06-17T04:00,19.076,72.8777,Mumbai,29.6,0.1,12.1,ERA5_REANALYSIS,REFERENCE_REANALYSIS
2024-06-17T05:00,19.076,72.8777,Mumbai,30.2,0.1,13.5,ERA5_REANALYSIS,REFERENCE_REANALYSIS
2024-06-17T06:00,19.076,72.8777,Mumbai,30.5,0.1,14.4,ERA5_REANALYSIS,REFERENCE_REANALYSIS
2024-06-17T07:00,19.076,72.8777,Mumbai,30.7,0.1,14.7,ERA5_REANALYSIS,REFERENCE_REANALYSIS
2024-06-17T08:00,19.076,72.8777,Mumbai,31.6,0.1,16.6,ERA5_REANALYSIS,REFERENCE_REANALYSIS
2024-06-17T09:00,19.076,72.8777,Mumbai,30.9,0.0,17.1,ERA5_REANALYSIS,REFERENCE_REANALYSIS
2024-06-17T10:00,19.076,72.8777,Mumbai,30.1,0.3,18.6,ERA5_REANALYSIS,REFERENCE_REANALYSIS
2024-06-17T11:00,19.076,72.8777,Mumbai,28.6,3.4,17.8,ERA5_REANALYSIS,REFERENCE_REANALYSIS
2024-06-17T12:00,19.076,72.8777,Mumbai,28.6,0.0,14.2,ERA5_REANALYSIS,REFERENCE_REANALYSIS
2024-06-17T13:00,19.076,72.8777,Mumbai,27.8,0.7,10.8,ERA5_REANALYSIS,REFERENCE_REANALYSIS
2024-06-17T14:00,19.076,72.8777,Mumbai,27.2,0.6,11.3,ERA5_REANALYSIS,REFERENCE_REANALYSIS
2024-06-17T15:00,19.076,72.8777,Mumbai,27.1,0.1,8.3,ERA5_REANALYSIS,REFERENCE_REANALYSIS
2024-06-17T16:00,19.076,72.8777,Mumbai,26.9,0.9,8.7,ERA5_REANALYSIS,REFERENCE_REANALYSIS
2024-06-17T17:00,19.076,72.8777,Mumbai,27.0,0.2,8.7,ERA5_REANALYSIS,REFERENCE_REANALYSIS
2024-06-17T18:00,19.076,72.8777,Mumbai,26.9,0.1,10.7,ERA5_REANALYSIS,REFERENCE_REANALYSIS
2024-06-17T19:00,19.076,72.8777,Mumbai,26.5,1.0,12.1,ERA5_REANALYSIS,REFERENCE_REANALYSIS
2024-06-17T20:00,19.076,72.8777,Mumbai,26.5,0.2,12.3,ERA5_REANALYSIS,REFERENCE_REANALYSIS
2024-06-17T21:00,19.076,72.8777,Mumbai,26.5,0.1,12.2,ERA5_REANALYSIS,REFERENCE_REANALYSIS
2024-06-17T22:00,19.076,72.8777,Mumbai,26.7,0.0,9.0,ERA5_REANALYSIS,REFERENCE_REANALYSIS
2024-06-17T23:00,19.076,72.8777,Mumbai,26.6,0.1,9.7,ERA5_REANALYSIS,REFERENCE_REANALYSIS
2024-06-18T00:00,19.076,72.8777,Mumbai,26.7,0.2,8.8,ERA5_REANALYSIS,REFERENCE_REANALYSIS
2024-06-18T01:00,19.076,72.8777,Mumbai,26.4,0.5,12.7,ERA5_REANALYSIS,REFERENCE_REANALYSIS
2024-06-18T02:00,19.076,72.8777,Mumbai,26.6,0.3,15.9,ERA5_REANALYSIS,REFERENCE_REANALYSIS
2024-06-18T03:00,19.076,72.8777,Mumbai,27.8,0.2,17.3,ERA5_REANALYSIS,REFERENCE_REANALYSIS
2024-06-18T04:00,19.076,72.8777,Mumbai,29.2,0.0,19.3,ERA5_REANALYSIS,REFERENCE_REANALYSIS
2024-06-18T05:00,19.076,72.8777,Mumbai,29.8,0.1,19.6,ERA5_REANALYSIS,REFERENCE_REANALYSIS
2024-06-18T06:00,19.076,72.8777,Mumbai,29.7,0.3,19.6,ERA5_REANALYSIS,REFERENCE_REANALYSIS
2024-06-18T07:00,19.076,72.8777,Mumbai,28.0,6.5,20.8,ERA5_REANALYSIS,REFERENCE_REANALYSIS
2024-06-18T08:00,19.076,72.8777,Mumbai,28.2,0.4,17.6,ERA5_REANALYSIS,REFERENCE_REANALYSIS
2024-06-18T09:00,19.076,72.8777,Mumbai,28.7,1.3,16.9,ERA5_REANALYSIS,REFERENCE_REANALYSIS
2024-06-18T10:00,19.076,72.8777,Mumbai,28.4,0.2,18.0,ERA5_REANALYSIS,REFERENCE_REANALYSIS
2024-06-18T11:00,19.076,72.8777,Mumbai,27.4,1.7,18.1,ERA5_REANALYSIS,REFERENCE_REANALYSIS
2024-06-18T12:00,19.076,72.8777,Mumbai,27.1,4.3,10.7,ERA5_REANALYSIS,REFERENCE_REANALYSIS
2024-06-18T13:00,19.076,72.8777,Mumbai,27.2,1.5,17.4,ERA5_REANALYSIS,REFERENCE_REANALYSIS
2024-06-18T14:00,19.076,72.8777,Mumbai,26.9,1.7,13.9,ERA5_REANALYSIS,REFERENCE_REANALYSIS
2024-06-18T15:00,19.076,72.8777,Mumbai,26.4,4.2,13.5,ERA5_REANALYSIS,REFERENCE_REANALYSIS
2024-06-18T16:00,19.076,72.8777,Mumbai,26.6,1.8,10.8,ERA5_REANALYSIS,REFERENCE_REANALYSIS
2024-06-18T17:00,19.076,72.8777,Mumbai,26.2,2.3,12.0,ERA5_REANALYSIS,REFERENCE_REANALYSIS
2024-06-18T18:00,19.076,72.8777,Mumbai,26.3,1.4,11.6,ERA5_REANALYSIS,REFERENCE_REANALYSIS
2024-06-18T19:00,19.076,72.8777,Mumbai,26.6,1.2,12.9,ERA5_REANALYSIS,REFERENCE_REANALYSIS
2024-06-18T20:00,19.076,72.8777,Mumbai,26.2,1.2,14.3,ERA5_REANALYSIS,REFERENCE_REANALYSIS
2024-06-18T21:00,19.076,72.8777,Mumbai,26.4,1.0,10.8,ERA5_REANALYSIS,REFERENCE_REANALYSIS
2024-06-18T22:00,19.076,72.8777,Mumbai,26.6,0.4,10.5,ERA5_REANALYSIS,REFERENCE_REANALYSIS
2024-06-18T23:00,19.076,72.8777,Mumbai,26.6,0.2,11.4,ERA5_REANALYSIS,REFERENCE_REANALYSIS
2024-06-19T00:00,19.076,72.8777,Mumbai,26.1,1.2,9.7,ERA5_REANALYSIS,REFERENCE_REANALYSIS
2024-06-19T01:00,19.076,72.8777,Mumbai,26.0,1.2,8.8,ERA5_REANALYSIS,REFERENCE_REANALYSIS
2024-06-19T02:00,19.076,72.8777,Mumbai,26.4,0.5,12.4,ERA5_REANALYSIS,REFERENCE_REANALYSIS
2024-06-19T03:00,19.076,72.8777,Mumbai,26.1,0.8,14.4,ERA5_REANALYSIS,REFERENCE_REANALYSIS
2024-06-19T04:00,19.076,72.8777,Mumbai,26.3,1.0,14.0,ERA5_REANALYSIS,REFERENCE_REANALYSIS
2024-06-19T05:00,19.076,72.8777,Mumbai,27.2,0.6,14.5,ERA5_REANALYSIS,REFERENCE_REANALYSIS
2024-06-19T06:00,19.076,72.8777,Mumbai,27.3,1.1,18.9,ERA5_REANALYSIS,REFERENCE_REANALYSIS
2024-06-19T07:00,19.076,72.8777,Mumbai,28.3,0.3,15.3,ERA5_REANALYSIS,REFERENCE_REANALYSIS
2024-06-19T08:00,19.076,72.8777,Mumbai,29.2,0.2,18.9,ERA5_REANALYSIS,REFERENCE_REANALYSIS
2024-06-19T09:00,19.076,72.8777,Mumbai,28.0,6.2,18.9,ERA5_REANALYSIS,REFERENCE_REANALYSIS
2024-06-19T10:00,19.076,72.8777,Mumbai,27.2,0.3,17.1,ERA5_REANALYSIS,REFERENCE_REANALYSIS
2024-06-19T11:00,19.076,72.8777,Mumbai,28.2,0.6,13.5,ERA5_REANALYSIS,REFERENCE_REANALYSIS
2024-06-19T12:00,19.076,72.8777,Mumbai,28.2,0.2,18.9,ERA5_REANALYSIS,REFERENCE_REANALYSIS
2024-06-19T13:00,19.076,72.8777,Mumbai,29.1,0.0,17.7,ERA5_REANALYSIS,REFERENCE_REANALYSIS
2024-06-19T14:00,19.076,72.8777,Mumbai,29.0,0.0,16.2,ERA5_REANALYSIS,REFERENCE_REANALYSIS
2024-06-19T15:00,19.076,72.8777,Mumbai,29.0,0.0,16.7,ERA5_REANALYSIS,REFERENCE_REANALYSIS
2024-06-19T16:00,19.076,72.8777,Mumbai,29.0,0.0,14.8,ERA5_REANALYSIS,REFERENCE_REANALYSIS
2024-06-19T17:00,19.076,72.8777,Mumbai,28.3,0.4,15.2,ERA5_REANALYSIS,REFERENCE_REANALYSIS
2024-06-19T18:00,19.076,72.8777,Mumbai,26.4,4.7,14.6,ERA5_REANALYSIS,REFERENCE_REANALYSIS
2024-06-19T19:00,19.076,72.8777,Mumbai,26.4,1.8,15.9,ERA5_REANALYSIS,REFERENCE_REANALYSIS
2024-06-19T20:00,19.076,72.8777,Mumbai,26.4,2.5,13.8,ERA5_REANALYSIS,REFERENCE_REANALYSIS
2024-06-19T21:00,19.076,72.8777,Mumbai,26.4,0.3,13.3,ERA5_REANALYSIS,REFERENCE_REANALYSIS
2024-06-19T22:00,19.076,72.8777,Mumbai,26.5,2.2,16.1,ERA5_REANALYSIS,REFERENCE_REANALYSIS
2024-06-19T23:00,19.076,72.8777,Mumbai,26.1,3.0,15.8,ERA5_REANALYSIS,REFERENCE_REANALYSIS
2024-06-20T00:00,19.076,72.8777,Mumbai,26.5,3.2,15.5,ERA5_REANALYSIS,REFERENCE_REANALYSIS
2024-06-20T01:00,19.076,72.8777,Mumbai,26.8,10.5,17.8,ERA5_REANALYSIS,REFERENCE_REANALYSIS
2024-06-20T02:00,19.076,72.8777,Mumbai,27.4,2.7,18.5,ERA5_REANALYSIS,REFERENCE_REANALYSIS
2024-06-20T03:00,19.076,72.8777,Mumbai,27.1,2.1,16.2,ERA5_REANALYSIS,REFERENCE_REANALYSIS
2024-06-20T04:00,19.076,72.8777,Mumbai,27.0,5.3,17.9,ERA5_REANALYSIS,REFERENCE_REANALYSIS
2024-06-20T05:00,19.076,72.8777,Mumbai,26.8,8.2,15.3,ERA5_REANALYSIS,REFERENCE_REANALYSIS
2024-06-20T06:00,19.076,72.8777,Mumbai,26.4,1.5,14.3,ERA5_REANALYSIS,REFERENCE_REANALYSIS
2024-06-20T07:00,19.076,72.8777,Mumbai,27.1,1.0,15.7,ERA5_REANALYSIS,REFERENCE_REANALYSIS
2024-06-20T08:00,19.076,72.8777,Mumbai,27.9,0.9,17.7,ERA5_REANALYSIS,REFERENCE_REANALYSIS
2024-06-20T09:00,19.076,72.8777,Mumbai,28.2,0.2,16.8,ERA5_REANALYSIS,REFERENCE_REANALYSIS
2024-06-20T10:00,19.076,72.8777,Mumbai,28.5,0.1,18.4,ERA5_REANALYSIS,REFERENCE_REANALYSIS
2024-06-20T11:00,19.076,72.8777,Mumbai,28.3,0.1,20.7,ERA5_REANALYSIS,REFERENCE_REANALYSIS
2024-06-20T12:00,19.076,72.8777,Mumbai,27.9,0.2,18.1,ERA5_REANALYSIS,REFERENCE_REANALYSIS
2024-06-20T13:00,19.076,72.8777,Mumbai,27.8,0.4,13.7,ERA5_REANALYSIS,REFERENCE_REANALYSIS
2024-06-20T14:00,19.076,72.8777,Mumbai,27.7,0.1,8.9,ERA5_REANALYSIS,REFERENCE_REANALYSIS
2024-06-20T15:00,19.076,72.8777,Mumbai,28.4,0.1,9.2,ERA5_REANALYSIS,REFERENCE_REANALYSIS
2024-06-20T16:00,19.076,72.8777,Mumbai,28.1,0.3,11.5,ERA5_REANALYSIS,REFERENCE_REANALYSIS
2024-06-20T17:00,19.076,72.8777,Mumbai,26.9,1.1,13.4,ERA5_REANALYSIS,REFERENCE_REANALYSIS
2024-06-20T18:00,19.076,72.8777,Mumbai,26.7,0.8,13.1,ERA5_REANALYSIS,REFERENCE_REANALYSIS
2024-06-20T19:00,19.076,72.8777,Mumbai,26.5,0.4,12.7,ERA5_REANALYSIS,REFERENCE_REANALYSIS
2024-06-20T20:00,19.076,72.8777,Mumbai,27.0,0.1,14.8,ERA5_REANALYSIS,REFERENCE_REANALYSIS
2024-06-20T21:00,19.076,72.8777,Mumbai,27.0,0.1,12.9,ERA5_REANALYSIS,REFERENCE_REANALYSIS
2024-06-20T22:00,19.076,72.8777,Mumbai,26.2,0.4,18.4,ERA5_REANALYSIS,REFERENCE_REANALYSIS
2024-06-20T23:00,19.076,72.8777,Mumbai,24.9,6.2,11.0,ERA5_REANALYSIS,REFERENCE_REANALYSIS
2024-06-21T00:00,19.076,72.8777,Mumbai,25.1,6.3,10.9,ERA5_REANALYSIS,REFERENCE_REANALYSIS
2024-06-21T01:00,19.076,72.8777,Mumbai,27.6,0.3,14.6,ERA5_REANALYSIS,REFERENCE_REANALYSIS
2024-06-21T02:00,19.076,72.8777,Mumbai,27.0,0.8,15.5,ERA5_REANALYSIS,REFERENCE_REANALYSIS
2024-06-21T03:00,19.076,72.8777,Mumbai,27.8,0.5,14.9,ERA5_REANALYSIS,REFERENCE_REANALYSIS
2024-06-21T04:00,19.076,72.8777,Mumbai,28.6,0.1,16.1,ERA5_REANALYSIS,REFERENCE_REANALYSIS
2024-06-21T05:00,19.076,72.8777,Mumbai,28.6,0.2,15.6,ERA5_REANALYSIS,REFERENCE_REANALYSIS
2024-06-21T06:00,19.076,72.8777,Mumbai,29.7,0.4,17.1,ERA5_REANALYSIS,REFERENCE_REANALYSIS
2024-06-21T07:00,19.076,72.8777,Mumbai,29.7,0.1,15.1,ERA5_REANALYSIS,REFERENCE_REANALYSIS
2024-06-21T08:00,19.076,72.8777,Mumbai,30.9,1.3,17.6,ERA5_REANALYSIS,REFERENCE_REANALYSIS
2024-06-21T09:00,19.076,72.8777,Mumbai,31.1,1.4,20.6,ERA5_REANALYSIS,REFERENCE_REANALYSIS
2024-06-21T10:00,19.076,72.8777,Mumbai,30.6,1.5,20.9,ERA5_REANALYSIS,REFERENCE_REANALYSIS
2024-06-21T11:00,19.076,72.8777,Mumbai,30.3,0.2,20.5,ERA5_REANALYSIS,REFERENCE_REANALYSIS
2024-06-21T12:00,19.076,72.8777,Mumbai,29.2,0.9,18.6,ERA5_REANALYSIS,REFERENCE_REANALYSIS
2024-06-21T13:00,19.076,72.8777,Mumbai,27.5,0.5,11.7,ERA5_REANALYSIS,REFERENCE_REANALYSIS
2024-06-21T14:00,19.076,72.8777,Mumbai,26.7,0.1,16.1,ERA5_REANALYSIS,REFERENCE_REANALYSIS
2024-06-21T15:00,19.076,72.8777,Mumbai,26.6,0.1,8.8,ERA5_REANALYSIS,REFERENCE_REANALYSIS
2024-06-21T16:00,19.076,72.8777,Mumbai,26.2,0.7,9.4,ERA5_REANALYSIS,REFERENCE_REANALYSIS
2024-06-21T17:00,19.076,72.8777,Mumbai,25.5,0.2,13.7,ERA5_REANALYSIS,REFERENCE_REANALYSIS
2024-06-21T18:00,19.076,72.8777,Mumbai,25.8,0.1,13.7,ERA5_REANALYSIS,REFERENCE_REANALYSIS
2024-06-21T19:00,19.076,72.8777,Mumbai,25.9,0.3,13.7,ERA5_REANALYSIS,REFERENCE_REANALYSIS
2024-06-21T20:00,19.076,72.8777,Mumbai,26.1,0.1,15.2,ERA5_REANALYSIS,REFERENCE_REANALYSIS
2024-06-21T21:00,19.076,72.8777,Mumbai,25.5,0.9,15.3,ERA5_REANALYSIS,REFERENCE_REANALYSIS
2024-06-21T22:00,19.076,72.8777,Mumbai,25.5,0.5,6.3,ERA5_REANALYSIS,REFERENCE_REANALYSIS
2024-06-21T23:00,19.076,72.8777,Mumbai,25.3,1.4,13.0,ERA5_REANALYSIS,REFERENCE_REANALYSIS
2024-06-22T00:00,19.076,72.8777,Mumbai,25.3,0.4,14.3,ERA5_REANALYSIS,REFERENCE_REANALYSIS
2024-06-22T01:00,19.076,72.8777,Mumbai,25.8,0.0,8.2,ERA5_REANALYSIS,REFERENCE_REANALYSIS
2024-06-22T02:00,19.076,72.8777,Mumbai,26.5,0.3,9.6,ERA5_REANALYSIS,REFERENCE_REANALYSIS
2024-06-22T03:00,19.076,72.8777,Mumbai,27.2,0.1,10.7,ERA5_REANALYSIS,REFERENCE_REANALYSIS
2024-06-22T04:00,19.076,72.8777,Mumbai,28.0,0.0,11.8,ERA5_REANALYSIS,REFERENCE_REANALYSIS
2024-06-22T05:00,19.076,72.8777,Mumbai,28.6,0.0,11.2,ERA5_REANALYSIS,REFERENCE_REANALYSIS
2024-06-22T06:00,19.076,72.8777,Mumbai,29.0,0.0,11.2,ERA5_REANALYSIS,REFERENCE_REANALYSIS
2024-06-22T07:00,19.076,72.8777,Mumbai,30.2,0.1,13.3,ERA5_REANALYSIS,REFERENCE_REANALYSIS
2024-06-22T08:00,19.076,72.8777,Mumbai,30.2,0.1,13.2,ERA5_REANALYSIS,REFERENCE_REANALYSIS
2024-06-22T09:00,19.076,72.8777,Mumbai,30.0,0.0,14.3,ERA5_REANALYSIS,REFERENCE_REANALYSIS
2024-06-22T10:00,19.076,72.8777,Mumbai,30.0,0.1,15.9,ERA5_REANALYSIS,REFERENCE_REANALYSIS
2024-06-22T11:00,19.076,72.8777,Mumbai,29.8,0.1,16.8,ERA5_REANALYSIS,REFERENCE_REANALYSIS
2024-06-22T12:00,19.076,72.8777,Mumbai,29.3,0.2,16.2,ERA5_REANALYSIS,REFERENCE_REANALYSIS
2024-06-22T13:00,19.076,72.8777,Mumbai,27.9,0.2,2.9,ERA5_REANALYSIS,REFERENCE_REANALYSIS
2024-06-22T14:00,19.076,72.8777,Mumbai,27.5,0.1,9.0,ERA5_REANALYSIS,REFERENCE_REANALYSIS
2024-06-22T15:00,19.076,72.8777,Mumbai,27.1,0.1,10.4,ERA5_REANALYSIS,REFERENCE_REANALYSIS
2024-06-22T16:00,19.076,72.8777,Mumbai,26.9,0.0,12.3,ERA5_REANALYSIS,REFERENCE_REANALYSIS
2024-06-22T17:00,19.076,72.8777,Mumbai,26.9,0.1,13.3,ERA5_REANALYSIS,REFERENCE_REANALYSIS
2024-06-22T18:00,19.076,72.8777,Mumbai,26.8,0.2,11.8,ERA5_REANALYSIS,REFERENCE_REANALYSIS
2024-06-22T19:00,19.076,72.8777,Mumbai,26.7,0.9,10.1,ERA5_REANALYSIS,REFERENCE_REANALYSIS
2024-06-22T20:00,19.076,72.8777,Mumbai,26.4,0.8,13.9,ERA5_REANALYSIS,REFERENCE_REANALYSIS
2024-06-22T21:00,19.076,72.8777,Mumbai,26.5,0.2,14.0,ERA5_REANALYSIS,REFERENCE_REANALYSIS
2024-06-22T22:00,19.076,72.8777,Mumbai,26.4,0.0,10.3,ERA5_REANALYSIS,REFERENCE_REANALYSIS
2024-06-22T23:00,19.076,72.8777,Mumbai,26.4,0.0,8.9,ERA5_REANALYSIS,REFERENCE_REANALYSIS
2024-06-23T00:00,19.076,72.8777,Mumbai,26.7,0.0,10.2,ERA5_REANALYSIS,REFERENCE_REANALYSIS
2024-06-23T01:00,19.076,72.8777,Mumbai,25.8,0.3,4.7,ERA5_REANALYSIS,REFERENCE_REANALYSIS
2024-06-23T02:00,19.076,72.8777,Mumbai,26.7,0.1,5.6,ERA5_REANALYSIS,REFERENCE_REANALYSIS
2024-06-23T03:00,19.076,72.8777,Mumbai,27.7,0.0,7.6,ERA5_REANALYSIS,REFERENCE_REANALYSIS
2024-06-23T04:00,19.076,72.8777,Mumbai,28.7,0.0,10.6,ERA5_REANALYSIS,REFERENCE_REANALYSIS
2024-06-23T05:00,19.076,72.8777,Mumbai,29.2,0.1,9.2,ERA5_REANALYSIS,REFERENCE_REANALYSIS
2024-06-23T06:00,19.076,72.8777,Mumbai,28.6,0.3,11.6,ERA5_REANALYSIS,REFERENCE_REANALYSIS
2024-06-23T07:00,19.076,72.8777,Mumbai,29.6,0.0,14.7,ERA5_REANALYSIS,REFERENCE_REANALYSIS
2024-06-23T08:00,19.076,72.8777,Mumbai,29.8,0.0,16.6,ERA5_REANALYSIS,REFERENCE_REANALYSIS
2024-06-23T09:00,19.076,72.8777,Mumbai,29.7,0.0,15.8,ERA5_REANALYSIS,REFERENCE_REANALYSIS
2024-06-23T10:00,19.076,72.8777,Mumbai,29.0,0.1,16.3,ERA5_REANALYSIS,REFERENCE_REANALYSIS
2024-06-23T11:00,19.076,72.8777,Mumbai,28.6,0.1,11.5,ERA5_REANALYSIS,REFERENCE_REANALYSIS
2024-06-23T12:00,19.076,72.8777,Mumbai,28.3,0.4,8.4,ERA5_REANALYSIS,REFERENCE_REANALYSIS
2024-06-23T13:00,19.076,72.8777,Mumbai,28.3,0.0,13.4,ERA5_REANALYSIS,REFERENCE_REANALYSIS
2024-06-23T14:00,19.076,72.8777,Mumbai,28.1,0.0,9.4,ERA5_REANALYSIS,REFERENCE_REANALYSIS
2024-06-23T15:00,19.076,72.8777,Mumbai,28.0,0.1,8.6,ERA5_REANALYSIS,REFERENCE_REANALYSIS
2024-06-23T16:00,19.076,72.8777,Mumbai,27.7,0.3,9.5,ERA5_REANALYSIS,REFERENCE_REANALYSIS
2024-06-23T17:00,19.076,72.8777,Mumbai,27.3,0.2,13.7,ERA5_REANALYSIS,REFERENCE_REANALYSIS
2024-06-23T18:00,19.076,72.8777,Mumbai,26.9,0.3,14.5,ERA5_REANALYSIS,REFERENCE_REANALYSIS
2024-06-23T19:00,19.076,72.8777,Mumbai,26.5,2.1,9.2,ERA5_REANALYSIS,REFERENCE_REANALYSIS
2024-06-23T20:00,19.076,72.8777,Mumbai,26.4,0.3,4.2,ERA5_REANALYSIS,REFERENCE_REANALYSIS
2024-06-23T21:00,19.076,72.8777,Mumbai,26.0,2.9,2.9,ERA5_REANALYSIS,REFERENCE_REANALYSIS
2024-06-23T22:00,19.076,72.8777,Mumbai,26.2,0.5,2.5,ERA5_REANALYSIS,REFERENCE_REANALYSIS
2024-06-23T23:00,19.076,72.8777,Mumbai,26.2,0.1,1.9,ERA5_REANALYSIS,REFERENCE_REANALYSIS
2024-06-24T00:00,19.076,72.8777,Mumbai,26.1,0.0,3.5,ERA5_REANALYSIS,REFERENCE_REANALYSIS
2024-06-24T01:00,19.076,72.8777,Mumbai,26.5,0.4,4.9,ERA5_REANALYSIS,REFERENCE_REANALYSIS
2024-06-24T02:00,19.076,72.8777,Mumbai,26.3,1.3,6.6,ERA5_REANALYSIS,REFERENCE_REANALYSIS
2024-06-24T03:00,19.076,72.8777,Mumbai,26.8,0.2,9.9,ERA5_REANALYSIS,REFERENCE_REANALYSIS
2024-06-24T04:00,19.076,72.8777,Mumbai,28.3,0.2,11.2,ERA5_REANALYSIS,REFERENCE_REANALYSIS
2024-06-24T05:00,19.076,72.8777,Mumbai,29.2,0.3,10.8,ERA5_REANALYSIS,REFERENCE_REANALYSIS
2024-06-24T06:00,19.076,72.8777,Mumbai,29.4,0.2,11.7,ERA5_REANALYSIS,REFERENCE_REANALYSIS
2024-06-24T07:00,19.076,72.8777,Mumbai,28.6,1.3,18.0,ERA5_REANALYSIS,REFERENCE_REANALYSIS
2024-06-24T08:00,19.076,72.8777,Mumbai,28.7,0.5,13.9,ERA5_REANALYSIS,REFERENCE_REANALYSIS
2024-06-24T09:00,19.076,72.8777,Mumbai,29.4,0.3,15.7,ERA5_REANALYSIS,REFERENCE_REANALYSIS
2024-06-24T10:00,19.076,72.8777,Mumbai,29.7,0.1,14.8,ERA5_REANALYSIS,REFERENCE_REANALYSIS
2024-06-24T11:00,19.076,72.8777,Mumbai,29.2,0.1,13.9,ERA5_REANALYSIS,REFERENCE_REANALYSIS
2024-06-24T12:00,19.076,72.8777,Mumbai,29.1,0.0,12.8,ERA5_REANALYSIS,REFERENCE_REANALYSIS
2024-06-24T13:00,19.076,72.8777,Mumbai,28.5,0.1,11.7,ERA5_REANALYSIS,REFERENCE_REANALYSIS
2024-06-24T14:00,19.076,72.8777,Mumbai,28.3,0.0,9.2,ERA5_REANALYSIS,REFERENCE_REANALYSIS
2024-06-24T15:00,19.076,72.8777,Mumbai,27.9,0.0,8.0,ERA5_REANALYSIS,REFERENCE_REANALYSIS
2024-06-24T16:00,19.076,72.8777,Mumbai,27.7,0.2,9.0,ERA5_REANALYSIS,REFERENCE_REANALYSIS
2024-06-24T17:00,19.076,72.8777,Mumbai,27.6,0.1,9.0,ERA5_REANALYSIS,REFERENCE_REANALYSIS
2024-06-24T18:00,19.076,72.8777,Mumbai,27.4,0.1,11.2,ERA5_REANALYSIS,REFERENCE_REANALYSIS
2024-06-24T19:00,19.076,72.8777,Mumbai,27.1,0.4,14.8,ERA5_REANALYSIS,REFERENCE_REANALYSIS
2024-06-24T20:00,19.076,72.8777,Mumbai,26.8,0.2,13.3,ERA5_REANALYSIS,REFERENCE_REANALYSIS
2024-06-24T21:00,19.076,72.8777,Mumbai,26.8,0.1,12.3,ERA5_REANALYSIS,REFERENCE_REANALYSIS
2024-06-24T22:00,19.076,72.8777,Mumbai,26.6,0.2,12.9,ERA5_REANALYSIS,REFERENCE_REANALYSIS
2024-06-24T23:00,19.076,72.8777,Mumbai,26.4,0.1,12.9,ERA5_REANALYSIS,REFERENCE_REANALYSIS
2024-06-25T00:00,19.076,72.8777,Mumbai,26.2,0.4,12.6,ERA5_REANALYSIS,REFERENCE_REANALYSIS
2024-06-25T01:00,19.076,72.8777,Mumbai,26.4,0.1,15.3,ERA5_REANALYSIS,REFERENCE_REANALYSIS
2024-06-25T02:00,19.076,72.8777,Mumbai,27.0,0.0,15.7,ERA5_REANALYSIS,REFERENCE_REANALYSIS
2024-06-25T03:00,19.076,72.8777,Mumbai,28.0,0.1,17.9,ERA5_REANALYSIS,REFERENCE_REANALYSIS
2024-06-25T04:00,19.076,72.8777,Mumbai,28.9,0.1,19.0,ERA5_REANALYSIS,REFERENCE_REANALYSIS
2024-06-25T05:00,19.076,72.8777,Mumbai,29.6,0.1,20.5,ERA5_REANALYSIS,REFERENCE_REANALYSIS
2024-06-25T06:00,19.076,72.8777,Mumbai,30.6,0.1,22.0,ERA5_REANALYSIS,REFERENCE_REANALYSIS
2024-06-25T07:00,19.076,72.8777,Mumbai,29.8,2.7,23.9,ERA5_REANALYSIS,REFERENCE_REANALYSIS
2024-06-25T08:00,19.076,72.8777,Mumbai,30.5,0.1,24.7,ERA5_REANALYSIS,REFERENCE_REANALYSIS
2024-06-25T09:00,19.076,72.8777,Mumbai,30.0,0.1,25.5,ERA5_REANALYSIS,REFERENCE_REANALYSIS
2024-06-25T10:00,19.076,72.8777,Mumbai,29.3,0.2,25.9,ERA5_REANALYSIS,REFERENCE_REANALYSIS
2024-06-25T11:00,19.076,72.8777,Mumbai,29.6,0.2,28.6,ERA5_REANALYSIS,REFERENCE_REANALYSIS
2024-06-25T12:00,19.076,72.8777,Mumbai,29.0,0.2,31.7,ERA5_REANALYSIS,REFERENCE_REANALYSIS
2024-06-25T13:00,19.076,72.8777,Mumbai,29.0,0.1,26.8,ERA5_REANALYSIS,REFERENCE_REANALYSIS
2024-06-25T14:00,19.076,72.8777,Mumbai,27.8,0.2,25.4,ERA5_REANALYSIS,REFERENCE_REANALYSIS
2024-06-25T15:00,19.076,72.8777,Mumbai,27.6,0.4,19.5,ERA5_REANALYSIS,REFERENCE_REANALYSIS
2024-06-25T16:00,19.076,72.8777,Mumbai,27.9,0.1,13.7,ERA5_REANALYSIS,REFERENCE_REANALYSIS
2024-06-25T17:00,19.076,72.8777,Mumbai,27.7,0.3,12.2,ERA5_REANALYSIS,REFERENCE_REANALYSIS
2024-06-25T18:00,19.076,72.8777,Mumbai,27.6,0.3,12.4,ERA5_REANALYSIS,REFERENCE_REANALYSIS
2024-06-25T19:00,19.076,72.8777,Mumbai,27.3,0.8,12.1,ERA5_REANALYSIS,REFERENCE_REANALYSIS
2024-06-25T20:00,19.076,72.8777,Mumbai,27.2,0.7,11.1,ERA5_REANALYSIS,REFERENCE_REANALYSIS
2024-06-25T21:00,19.076,72.8777,Mumbai,27.1,1.6,17.6,ERA5_REANALYSIS,REFERENCE_REANALYSIS
2024-06-25T22:00,19.076,72.8777,Mumbai,26.9,1.3,18.7,ERA5_REANALYSIS,REFERENCE_REANALYSIS
2024-06-25T23:00,19.076,72.8777,Mumbai,27.7,0.5,20.9,ERA5_REANALYSIS,REFERENCE_REANALYSIS
2024-06-26T00:00,19.076,72.8777,Mumbai,27.3,0.2,21.2,ERA5_REANALYSIS,REFERENCE_REANALYSIS
2024-06-26T01:00,19.076,72.8777,Mumbai,27.0,0.6,22.3,ERA5_REANALYSIS,REFERENCE_REANALYSIS
2024-06-26T02:00,19.076,72.8777,Mumbai,26.9,1.0,20.5,ERA5_REANALYSIS,REFERENCE_REANALYSIS
2024-06-26T03:00,19.076,72.8777,Mumbai,27.4,1.1,20.2,ERA5_REANALYSIS,REFERENCE_REANALYSIS
2024-06-26T04:00,19.076,72.8777,Mumbai,29.0,0.1,24.8,ERA5_REANALYSIS,REFERENCE_REANALYSIS
2024-06-26T05:00,19.076,72.8777,Mumbai,30.5,0.0,29.9,ERA5_REANALYSIS,REFERENCE_REANALYSIS
2024-06-26T06:00,19.076,72.8777,Mumbai,28.6,3.6,29.2,ERA5_REANALYSIS,REFERENCE_REANALYSIS
2024-06-26T07:00,19.076,72.8777,Mumbai,29.2,0.8,25.6,ERA5_REANALYSIS,REFERENCE_REANALYSIS
2024-06-26T08:00,19.076,72.8777,Mumbai,29.0,0.5,29.8,ERA5_REANALYSIS,REFERENCE_REANALYSIS
2024-06-26T09:00,19.076,72.8777,Mumbai,29.6,0.3,28.8,ERA5_REANALYSIS,REFERENCE_REANALYSIS
2024-06-26T10:00,19.076,72.8777,Mumbai,29.5,0.2,29.1,ERA5_REANALYSIS,REFERENCE_REANALYSIS
2024-06-26T11:00,19.076,72.8777,Mumbai,28.7,0.4,27.0,ERA5_REANALYSIS,REFERENCE_REANALYSIS
2024-06-26T12:00,19.076,72.8777,Mumbai,28.7,0.2,23.4,ERA5_REANALYSIS,REFERENCE_REANALYSIS
2024-06-26T13:00,19.076,72.8777,Mumbai,27.4,2.9,21.4,ERA5_REANALYSIS,REFERENCE_REANALYSIS
2024-06-26T14:00,19.076,72.8777,Mumbai,27.7,0.5,21.5,ERA5_REANALYSIS,REFERENCE_REANALYSIS
2024-06-26T15:00,19.076,72.8777,Mumbai,27.1,1.5,21.0,ERA5_REANALYSIS,REFERENCE_REANALYSIS
2024-06-26T16:00,19.076,72.8777,Mumbai,27.0,1.8,23.1,ERA5_REANALYSIS,REFERENCE_REANALYSIS
2024-06-26T17:00,19.076,72.8777,Mumbai,27.2,1.8,25.7,ERA5_REANALYSIS,REFERENCE_REANALYSIS
2024-06-26T18:00,19.076,72.8777,Mumbai,27.2,0.6,25.1,ERA5_REANALYSIS,REFERENCE_REANALYSIS
2024-06-26T19:00,19.076,72.8777,Mumbai,27.3,0.3,23.4,ERA5_REANALYSIS,REFERENCE_REANALYSIS
2024-06-26T20:00,19.076,72.8777,Mumbai,27.5,0.2,21.7,ERA5_REANALYSIS,REFERENCE_REANALYSIS
2024-06-26T21:00,19.076,72.8777,Mumbai,26.9,1.0,22.1,ERA5_REANALYSIS,REFERENCE_REANALYSIS
2024-06-26T22:00,19.076,72.8777,Mumbai,27.1,0.4,20.0,ERA5_REANALYSIS,REFERENCE_REANALYSIS
2024-06-26T23:00,19.076,72.8777,Mumbai,26.8,1.0,20.7,ERA5_REANALYSIS,REFERENCE_REANALYSIS
2024-06-27T00:00,19.076,72.8777,Mumbai,26.7,1.9,19.1,ERA5_REANALYSIS,REFERENCE_REANALYSIS
2024-06-27T01:00,19.076,72.8777,Mumbai,26.8,16.8,19.6,ERA5_REANALYSIS,REFERENCE_REANALYSIS
2024-06-27T02:00,19.076,72.8777,Mumbai,26.7,25.3,19.0,ERA5_REANALYSIS,REFERENCE_REANALYSIS
2024-06-27T03:00,19.076,72.8777,Mumbai,27.0,13.6,18.2,ERA5_REANALYSIS,REFERENCE_REANALYSIS
2024-06-27T04:00,19.076,72.8777,Mumbai,27.5,4.2,19.3,ERA5_REANALYSIS,REFERENCE_REANALYSIS
2024-06-27T05:00,19.076,72.8777,Mumbai,27.2,6.2,19.9,ERA5_REANALYSIS,REFERENCE_REANALYSIS
2024-06-27T06:00,19.076,72.8777,Mumbai,27.2,3.5,23.5,ERA5_REANALYSIS,REFERENCE_REANALYSIS
2024-06-27T07:00,19.076,72.8777,Mumbai,27.7,3.5,24.1,ERA5_REANALYSIS,REFERENCE_REANALYSIS
2024-06-27T08:00,19.076,72.8777,Mumbai,28.8,0.5,24.0,ERA5_REANALYSIS,REFERENCE_REANALYSIS
2024-06-27T09:00,19.076,72.8777,Mumbai,28.4,1.1,25.2,ERA5_REANALYSIS,REFERENCE_REANALYSIS
2024-06-27T10:00,19.076,72.8777,Mumbai,27.7,3.2,27.5,ERA5_REANALYSIS,REFERENCE_REANALYSIS
2024-06-27T11:00,19.076,72.8777,Mumbai,28.1,0.3,27.5,ERA5_REANALYSIS,REFERENCE_REANALYSIS
2024-06-27T12:00,19.076,72.8777,Mumbai,26.6,3.8,25.9,ERA5_REANALYSIS,REFERENCE_REANALYSIS
2024-06-27T13:00,19.076,72.8777,Mumbai,26.6,5.6,22.2,ERA5_REANALYSIS,REFERENCE_REANALYSIS
2024-06-27T14:00,19.076,72.8777,Mumbai,26.8,1.8,25.1,ERA5_REANALYSIS,REFERENCE_REANALYSIS
2024-06-27T15:00,19.076,72.8777,Mumbai,26.6,1.2,24.1,ERA5_REANALYSIS,REFERENCE_REANALYSIS
2024-06-27T16:00,19.076,72.8777,Mumbai,26.5,0.8,23.7,ERA5_REANALYSIS,REFERENCE_REANALYSIS
2024-06-27T17:00,19.076,72.8777,Mumbai,26.6,0.7,19.9,ERA5_REANALYSIS,REFERENCE_REANALYSIS
2024-06-27T18:00,19.076,72.8777,Mumbai,26.6,1.8,21.2,ERA5_REANALYSIS,REFERENCE_REANALYSIS
2024-06-27T19:00,19.076,72.8777,Mumbai,26.4,3.7,25.5,ERA5_REANALYSIS,REFERENCE_REANALYSIS
2024-06-27T20:00,19.076,72.8777,Mumbai,26.7,4.7,24.2,ERA5_REANALYSIS,REFERENCE_REANALYSIS
2024-06-27T21:00,19.076,72.8777,Mumbai,26.6,4.0,22.4,ERA5_REANALYSIS,REFERENCE_REANALYSIS
2024-06-27T22:00,19.076,72.8777,Mumbai,26.6,3.8,23.8,ERA5_REANALYSIS,REFERENCE_REANALYSIS
2024-06-27T23:00,19.076,72.8777,Mumbai,26.5,4.2,24.9,ERA5_REANALYSIS,REFERENCE_REANALYSIS
2024-06-28T00:00,19.076,72.8777,Mumbai,26.4,3.5,24.7,ERA5_REANALYSIS,REFERENCE_REANALYSIS
2024-06-28T01:00,19.076,72.8777,Mumbai,26.8,4.2,27.4,ERA5_REANALYSIS,REFERENCE_REANALYSIS
2024-06-28T02:00,19.076,72.8777,Mumbai,27.2,1.5,22.9,ERA5_REANALYSIS,REFERENCE_REANALYSIS
2024-06-28T03:00,19.076,72.8777,Mumbai,27.3,1.1,24.8,ERA5_REANALYSIS,REFERENCE_REANALYSIS
2024-06-28T04:00,19.076,72.8777,Mumbai,27.3,0.7,24.2,ERA5_REANALYSIS,REFERENCE_REANALYSIS
2024-06-28T05:00,19.076,72.8777,Mumbai,27.4,0.6,26.3,ERA5_REANALYSIS,REFERENCE_REANALYSIS
2024-06-28T06:00,19.076,72.8777,Mumbai,28.2,1.1,27.8,ERA5_REANALYSIS,REFERENCE_REANALYSIS
2024-06-28T07:00,19.076,72.8777,Mumbai,28.1,0.3,26.6,ERA5_REANALYSIS,REFERENCE_REANALYSIS
2024-06-28T08:00,19.076,72.8777,Mumbai,28.2,1.5,26.5,ERA5_REANALYSIS,REFERENCE_REANALYSIS
2024-06-28T09:00,19.076,72.8777,Mumbai,27.8,3.7,26.1,ERA5_REANALYSIS,REFERENCE_REANALYSIS
2024-06-28T10:00,19.076,72.8777,Mumbai,27.8,0.4,23.7,ERA5_REANALYSIS,REFERENCE_REANALYSIS
2024-06-28T11:00,19.076,72.8777,Mumbai,28.1,1.0,23.5,ERA5_REANALYSIS,REFERENCE_REANALYSIS
2024-06-28T12:00,19.076,72.8777,Mumbai,28.0,0.5,24.0,ERA5_REANALYSIS,REFERENCE_REANALYSIS
2024-06-28T13:00,19.076,72.8777,Mumbai,27.3,0.5,21.6,ERA5_REANALYSIS,REFERENCE_REANALYSIS
2024-06-28T14:00,19.076,72.8777,Mumbai,26.8,0.3,19.9,ERA5_REANALYSIS,REFERENCE_REANALYSIS
2024-06-28T15:00,19.076,72.8777,Mumbai,26.0,1.3,16.1,ERA5_REANALYSIS,REFERENCE_REANALYSIS
2024-06-28T16:00,19.076,72.8777,Mumbai,26.5,1.4,20.9,ERA5_REANALYSIS,REFERENCE_REANALYSIS
2024-06-28T17:00,19.076,72.8777,Mumbai,26.5,0.2,20.5,ERA5_REANALYSIS,REFERENCE_REANALYSIS
2024-06-28T18:00,19.076,72.8777,Mumbai,26.0,1.1,19.4,ERA5_REANALYSIS,REFERENCE_REANALYSIS
2024-06-28T19:00,19.076,72.8777,Mumbai,25.9,4.0,13.0,ERA5_REANALYSIS,REFERENCE_REANALYSIS
2024-06-28T20:00,19.076,72.8777,Mumbai,26.2,1.4,19.7,ERA5_REANALYSIS,REFERENCE_REANALYSIS
2024-06-28T21:00,19.076,72.8777,Mumbai,26.0,0.5,19.5,ERA5_REANALYSIS,REFERENCE_REANALYSIS
2024-06-28T22:00,19.076,72.8777,Mumbai,26.1,0.4,19.1,ERA5_REANALYSIS,REFERENCE_REANALYSIS
2024-06-28T23:00,19.076,72.8777,Mumbai,26.5,0.7,17.5,ERA5_REANALYSIS,REFERENCE_REANALYSIS
2024-06-29T00:00,19.076,72.8777,Mumbai,26.1,1.1,20.4,ERA5_REANALYSIS,REFERENCE_REANALYSIS
2024-06-29T01:00,19.076,72.8777,Mumbai,27.8,0.9,20.0,ERA5_REANALYSIS,REFERENCE_REANALYSIS
2024-06-29T02:00,19.076,72.8777,Mumbai,27.5,0.8,20.5,ERA5_REANALYSIS,REFERENCE_REANALYSIS
2024-06-29T03:00,19.076,72.8777,Mumbai,27.7,0.4,21.7,ERA5_REANALYSIS,REFERENCE_REANALYSIS
2024-06-29T04:00,19.076,72.8777,Mumbai,29.0,0.2,20.8,ERA5_REANALYSIS,REFERENCE_REANALYSIS
2024-06-29T05:00,19.076,72.8777,Mumbai,29.0,0.3,20.6,ERA5_REANALYSIS,REFERENCE_REANALYSIS
2024-06-29T06:00,19.076,72.8777,Mumbai,30.1,0.2,23.1,ERA5_REANALYSIS,REFERENCE_REANALYSIS
2024-06-29T07:00,19.076,72.8777,Mumbai,29.6,0.6,24.1,ERA5_REANALYSIS,REFERENCE_REANALYSIS
2024-06-29T08:00,19.076,72.8777,Mumbai,28.9,0.4,26.0,ERA5_REANALYSIS,REFERENCE_REANALYSIS
2024-06-29T09:00,19.076,72.8777,Mumbai,29.1,0.9,22.4,ERA5_REANALYSIS,REFERENCE_REANALYSIS
2024-06-29T10:00,19.076,72.8777,Mumbai,28.6,0.5,24.6,ERA5_REANALYSIS,REFERENCE_REANALYSIS
2024-06-29T11:00,19.076,72.8777,Mumbai,27.4,3.6,26.2,ERA5_REANALYSIS,REFERENCE_REANALYSIS
2024-06-29T12:00,19.076,72.8777,Mumbai,27.9,0.5,22.9,ERA5_REANALYSIS,REFERENCE_REANALYSIS
2024-06-29T13:00,19.076,72.8777,Mumbai,27.7,0.2,19.2,ERA5_REANALYSIS,REFERENCE_REANALYSIS
2024-06-29T14:00,19.076,72.8777,Mumbai,26.9,0.5,19.5,ERA5_REANALYSIS,REFERENCE_REANALYSIS
2024-06-29T15:00,19.076,72.8777,Mumbai,27.1,0.4,19.2,ERA5_REANALYSIS,REFERENCE_REANALYSIS
2024-06-29T16:00,19.076,72.8777,Mumbai,26.8,0.4,16.6,ERA5_REANALYSIS,REFERENCE_REANALYSIS
2024-06-29T17:00,19.076,72.8777,Mumbai,26.4,1.0,16.1,ERA5_REANALYSIS,REFERENCE_REANALYSIS
2024-06-29T18:00,19.076,72.8777,Mumbai,26.2,1.4,16.3,ERA5_REANALYSIS,REFERENCE_REANALYSIS
2024-06-29T19:00,19.076,72.8777,Mumbai,26.4,0.9,17.3,ERA5_REANALYSIS,REFERENCE_REANALYSIS
2024-06-29T20:00,19.076,72.8777,Mumbai,26.5,0.2,19.4,ERA5_REANALYSIS,REFERENCE_REANALYSIS
2024-06-29T21:00,19.076,72.8777,Mumbai,26.2,0.7,18.6,ERA5_REANALYSIS,REFERENCE_REANALYSIS
2024-06-29T22:00,19.076,72.8777,Mumbai,26.6,1.1,19.0,ERA5_REANALYSIS,REFERENCE_REANALYSIS
2024-06-29T23:00,19.076,72.8777,Mumbai,26.6,0.4,19.3,ERA5_REANALYSIS,REFERENCE_REANALYSIS
2024-06-30T00:00,19.076,72.8777,Mumbai,26.5,1.1,18.7,ERA5_REANALYSIS,REFERENCE_REANALYSIS
2024-06-30T01:00,19.076,72.8777,Mumbai,27.3,0.7,19.9,ERA5_REANALYSIS,REFERENCE_REANALYSIS
2024-06-30T02:00,19.076,72.8777,Mumbai,27.2,0.4,17.5,ERA5_REANALYSIS,REFERENCE_REANALYSIS
2024-06-30T03:00,19.076,72.8777,Mumbai,27.5,3.8,19.0,ERA5_REANALYSIS,REFERENCE_REANALYSIS
2024-06-30T04:00,19.076,72.8777,Mumbai,27.2,5.1,16.3,ERA5_REANALYSIS,REFERENCE_REANALYSIS
2024-06-30T05:00,19.076,72.8777,Mumbai,27.8,0.5,19.9,ERA5_REANALYSIS,REFERENCE_REANALYSIS
2024-06-30T06:00,19.076,72.8777,Mumbai,27.8,0.5,20.5,ERA5_REANALYSIS,REFERENCE_REANALYSIS
2024-06-30T07:00,19.076,72.8777,Mumbai,28.8,0.9,21.0,ERA5_REANALYSIS,REFERENCE_REANALYSIS
2024-06-30T08:00,19.076,72.8777,Mumbai,28.7,2.2,25.3,ERA5_REANALYSIS,REFERENCE_REANALYSIS
2024-06-30T09:00,19.076,72.8777,Mumbai,28.2,0.8,21.9,ERA5_REANALYSIS,REFERENCE_REANALYSIS
2024-06-30T10:00,19.076,72.8777,Mumbai,28.2,0.6,16.8,ERA5_REANALYSIS,REFERENCE_REANALYSIS
2024-06-30T11:00,19.076,72.8777,Mumbai,28.8,0.1,19.2,ERA5_REANALYSIS,REFERENCE_REANALYSIS
2024-06-30T12:00,19.076,72.8777,Mumbai,29.4,0.1,20.1,ERA5_REANALYSIS,REFERENCE_REANALYSIS
2024-06-30T13:00,19.076,72.8777,Mumbai,28.5,0.1,23.7,ERA5_REANALYSIS,REFERENCE_REANALYSIS
2024-06-30T14:00,19.076,72.8777,Mumbai,28.0,0.3,24.0,ERA5_REANALYSIS,REFERENCE_REANALYSIS
2024-06-30T15:00,19.076,72.8777,Mumbai,27.4,0.3,24.1,ERA5_REANALYSIS,REFERENCE_REANALYSIS
2024-06-30T16:00,19.076,72.8777,Mumbai,27.9,0.2,21.7,ERA5_REANALYSIS,REFERENCE_REANALYSIS
2024-06-30T17:00,19.076,72.8777,Mumbai,28.4,0.0,24.3,ERA5_REANALYSIS,REFERENCE_REANALYSIS
2024-06-30T18:00,19.076,72.8777,Mumbai,28.5,0.3,30.6,ERA5_REANALYSIS,REFERENCE_REANALYSIS
2024-06-30T19:00,19.076,72.8777,Mumbai,27.3,1.5,28.0,ERA5_REANALYSIS,REFERENCE_REANALYSIS
2024-06-30T20:00,19.076,72.8777,Mumbai,27.6,0.2,27.6,ERA5_REANALYSIS,REFERENCE_REANALYSIS
2024-06-30T21:00,19.076,72.8777,Mumbai,27.8,0.4,28.7,ERA5_REANALYSIS,REFERENCE_REANALYSIS
2024-06-30T22:00,19.076,72.8777,Mumbai,27.6,0.4,27.2,ERA5_REANALYSIS,REFERENCE_REANALYSIS
2024-06-30T23:00,19.076,72.8777,Mumbai,27.5,0.0,28.3,ERA5_REANALYSIS,REFERENCE_REANALYSIS
2024-07-01T00:00,19.076,72.8777,Mumbai,28.2,0.1,27.5,ERA5_REANALYSIS,REFERENCE_REANALYSIS
2024-07-01T01:00,19.076,72.8777,Mumbai,28.2,0.0,26.6,ERA5_REANALYSIS,REFERENCE_REANALYSIS
2024-07-01T02:00,19.076,72.8777,Mumbai,28.2,0.2,27.1,ERA5_REANALYSIS,REFERENCE_REANALYSIS
2024-07-01T03:00,19.076,72.8777,Mumbai,28.3,0.7,28.1,ERA5_REANALYSIS,REFERENCE_REANALYSIS
2024-07-01T04:00,19.076,72.8777,Mumbai,29.3,0.0,35.3,ERA5_REANALYSIS,REFERENCE_REANALYSIS
2024-07-01T05:00,19.076,72.8777,Mumbai,29.5,0.3,33.6,ERA5_REANALYSIS,REFERENCE_REANALYSIS
2024-07-01T06:00,19.076,72.8777,Mumbai,30.6,0.0,36.4,ERA5_REANALYSIS,REFERENCE_REANALYSIS
2024-07-01T07:00,19.076,72.8777,Mumbai,30.3,0.1,35.9,ERA5_REANALYSIS,REFERENCE_REANALYSIS
2024-07-01T08:00,19.076,72.8777,Mumbai,30.0,0.3,34.6,ERA5_REANALYSIS,REFERENCE_REANALYSIS
2024-07-01T09:00,19.076,72.8777,Mumbai,29.1,0.3,31.6,ERA5_REANALYSIS,REFERENCE_REANALYSIS
2024-07-01T10:00,19.076,72.8777,Mumbai,29.1,0.2,30.7,ERA5_REANALYSIS,REFERENCE_REANALYSIS
2024-07-01T11:00,19.076,72.8777,Mumbai,28.6,0.3,28.0,ERA5_REANALYSIS,REFERENCE_REANALYSIS
2024-07-01T12:00,19.076,72.8777,Mumbai,27.0,2.6,29.6,ERA5_REANALYSIS,REFERENCE_REANALYSIS
2024-07-01T13:00,19.076,72.8777,Mumbai,27.4,0.9,32.8,ERA5_REANALYSIS,REFERENCE_REANALYSIS
2024-07-01T14:00,19.076,72.8777,Mumbai,26.8,4.9,31.3,ERA5_REANALYSIS,REFERENCE_REANALYSIS
2024-07-01T15:00,19.076,72.8777,Mumbai,27.2,0.6,32.4,ERA5_REANALYSIS,REFERENCE_REANALYSIS
2024-07-01T16:00,19.076,72.8777,Mumbai,27.2,1.9,31.8,ERA5_REANALYSIS,REFERENCE_REANALYSIS
2024-07-01T17:00,19.076,72.8777,Mumbai,27.1,0.2,33.2,ERA5_REANALYSIS,REFERENCE_REANALYSIS
2024-07-01T18:00,19.076,72.8777,Mumbai,27.6,0.2,30.5,ERA5_REANALYSIS,REFERENCE_REANALYSIS
2024-07-01T19:00,19.076,72.8777,Mumbai,27.9,0.0,26.4,ERA5_REANALYSIS,REFERENCE_REANALYSIS
2024-07-01T20:00,19.076,72.8777,Mumbai,27.9,0.1,30.3,ERA5_REANALYSIS,REFERENCE_REANALYSIS
2024-07-01T21:00,19.076,72.8777,Mumbai,26.7,0.8,26.0,ERA5_REANALYSIS,REFERENCE_REANALYSIS
2024-07-01T22:00,19.076,72.8777,Mumbai,28.2,0.4,26.9,ERA5_REANALYSIS,REFERENCE_REANALYSIS
2024-07-01T23:00,19.076,72.8777,Mumbai,28.7,0.2,27.8,ERA5_REANALYSIS,REFERENCE_REANALYSIS
2024-07-02T00:00,19.076,72.8777,Mumbai,26.1,4.2,25.7,ERA5_REANALYSIS,REFERENCE_REANALYSIS
2024-07-02T01:00,19.076,72.8777,Mumbai,27.1,0.6,32.0,ERA5_REANALYSIS,REFERENCE_REANALYSIS
2024-07-02T02:00,19.076,72.8777,Mumbai,27.6,0.0,30.6,ERA5_REANALYSIS,REFERENCE_REANALYSIS
2024-07-02T03:00,19.076,72.8777,Mumbai,28.2,0.2,27.3,ERA5_REANALYSIS,REFERENCE_REANALYSIS
2024-07-02T04:00,19.076,72.8777,Mumbai,28.8,0.1,27.7,ERA5_REANALYSIS,REFERENCE_REANALYSIS
2024-07-02T05:00,19.076,72.8777,Mumbai,28.7,0.1,24.6,ERA5_REANALYSIS,REFERENCE_REANALYSIS
2024-07-02T06:00,19.076,72.8777,Mumbai,29.5,0.0,25.0,ERA5_REANALYSIS,REFERENCE_REANALYSIS
2024-07-02T07:00,19.076,72.8777,Mumbai,30.4,0.2,29.2,ERA5_REANALYSIS,REFERENCE_REANALYSIS
2024-07-02T08:00,19.076,72.8777,Mumbai,30.2,0.0,29.5,ERA5_REANALYSIS,REFERENCE_REANALYSIS
2024-07-02T09:00,19.076,72.8777,Mumbai,29.9,0.0,27.7,ERA5_REANALYSIS,REFERENCE_REANALYSIS
2024-07-02T10:00,19.076,72.8777,Mumbai,29.6,0.1,25.8,ERA5_REANALYSIS,REFERENCE_REANALYSIS
2024-07-02T11:00,19.076,72.8777,Mumbai,29.3,0.4,27.5,ERA5_REANALYSIS,REFERENCE_REANALYSIS
2024-07-02T12:00,19.076,72.8777,Mumbai,29.1,0.2,26.1,ERA5_REANALYSIS,REFERENCE_REANALYSIS
2024-07-02T13:00,19.076,72.8777,Mumbai,29.3,0.0,25.0,ERA5_REANALYSIS,REFERENCE_REANALYSIS
2024-07-02T14:00,19.076,72.8777,Mumbai,29.0,0.0,26.8,ERA5_REANALYSIS,REFERENCE_REANALYSIS
2024-07-02T15:00,19.076,72.8777,Mumbai,29.0,0.0,25.0,ERA5_REANALYSIS,REFERENCE_REANALYSIS
2024-07-02T16:00,19.076,72.8777,Mumbai,29.1,0.0,24.3,ERA5_REANALYSIS,REFERENCE_REANALYSIS
2024-07-02T17:00,19.076,72.8777,Mumbai,28.9,0.0,23.0,ERA5_REANALYSIS,REFERENCE_REANALYSIS
2024-07-02T18:00,19.076,72.8777,Mumbai,28.8,0.5,23.9,ERA5_REANALYSIS,REFERENCE_REANALYSIS
2024-07-02T19:00,19.076,72.8777,Mumbai,28.7,0.0,25.8,ERA5_REANALYSIS,REFERENCE_REANALYSIS
2024-07-02T20:00,19.076,72.8777,Mumbai,28.7,0.0,24.0,ERA5_REANALYSIS,REFERENCE_REANALYSIS
2024-07-02T21:00,19.076,72.8777,Mumbai,28.6,0.1,24.1,ERA5_REANALYSIS,REFERENCE_REANALYSIS
2024-07-02T22:00,19.076,72.8777,Mumbai,28.6,0.0,25.5,ERA5_REANALYSIS,REFERENCE_REANALYSIS
2024-07-02T23:00,19.076,72.8777,Mumbai,28.5,0.0,26.7,ERA5_REANALYSIS,REFERENCE_REANALYSIS
2024-07-03T00:00,19.076,72.8777,Mumbai,28.3,0.0,22.4,ERA5_REANALYSIS,REFERENCE_REANALYSIS
2024-07-03T01:00,19.076,72.8777,Mumbai,28.1,0.6,17.8,ERA5_REANALYSIS,REFERENCE_REANALYSIS
2024-07-03T02:00,19.076,72.8777,Mumbai,28.1,0.3,19.9,ERA5_REANALYSIS,REFERENCE_REANALYSIS
2024-07-03T03:00,19.076,72.8777,Mumbai,28.4,0.0,23.4,ERA5_REANALYSIS,REFERENCE_REANALYSIS
2024-07-03T04:00,19.076,72.8777,Mumbai,28.8,0.6,23.7,ERA5_REANALYSIS,REFERENCE_REANALYSIS
2024-07-03T05:00,19.076,72.8777,Mumbai,29.5,0.1,24.5,ERA5_REANALYSIS,REFERENCE_REANALYSIS
2024-07-03T06:00,19.076,72.8777,Mumbai,29.9,0.5,25.7,ERA5_REANALYSIS,REFERENCE_REANALYSIS
2024-07-03T07:00,19.076,72.8777,Mumbai,30.0,0.0,25.7,ERA5_REANALYSIS,REFERENCE_REANALYSIS
2024-07-03T08:00,19.076,72.8777,Mumbai,30.1,0.2,25.3,ERA5_REANALYSIS,REFERENCE_REANALYSIS
2024-07-03T09:00,19.076,72.8777,Mumbai,29.7,0.6,24.5,ERA5_REANALYSIS,REFERENCE_REANALYSIS
2024-07-03T10:00,19.076,72.8777,Mumbai,29.5,0.2,27.6,ERA5_REANALYSIS,REFERENCE_REANALYSIS
2024-07-03T11:00,19.076,72.8777,Mumbai,29.8,0.1,28.6,ERA5_REANALYSIS,REFERENCE_REANALYSIS
2024-07-03T12:00,19.076,72.8777,Mumbai,29.4,0.1,28.4,ERA5_REANALYSIS,REFERENCE_REANALYSIS
2024-07-03T13:00,19.076,72.8777,Mumbai,26.3,3.1,21.8,ERA5_REANALYSIS,REFERENCE_REANALYSIS
2024-07-03T14:00,19.076,72.8777,Mumbai,27.5,1.5,20.2,ERA5_REANALYSIS,REFERENCE_REANALYSIS
2024-07-03T15:00,19.076,72.8777,Mumbai,27.5,0.3,24.0,ERA5_REANALYSIS,REFERENCE_REANALYSIS
2024-07-03T16:00,19.076,72.8777,Mumbai,27.8,0.0,22.7,ERA5_REANALYSIS,REFERENCE_REANALYSIS
2024-07-03T17:00,19.076,72.8777,Mumbai,28.3,0.1,21.4,ERA5_REANALYSIS,REFERENCE_REANALYSIS
2024-07-03T18:00,19.076,72.8777,Mumbai,27.9,0.5,22.9,ERA5_REANALYSIS,REFERENCE_REANALYSIS
2024-07-03T19:00,19.076,72.8777,Mumbai,28.1,0.2,23.5,ERA5_REANALYSIS,REFERENCE_REANALYSIS
2024-07-03T20:00,19.076,72.8777,Mumbai,27.6,0.1,23.9,ERA5_REANALYSIS,REFERENCE_REANALYSIS
2024-07-03T21:00,19.076,72.8777,Mumbai,28.2,0.2,24.3,ERA5_REANALYSIS,REFERENCE_REANALYSIS
2024-07-03T22:00,19.076,72.8777,Mumbai,27.2,0.7,20.8,ERA5_REANALYSIS,REFERENCE_REANALYSIS
2024-07-03T23:00,19.076,72.8777,Mumbai,27.2,0.3,21.7,ERA5_REANALYSIS,REFERENCE_REANALYSIS
2024-07-04T00:00,19.076,72.8777,Mumbai,26.6,0.5,20.3,ERA5_REANALYSIS,REFERENCE_REANALYSIS
2024-07-04T01:00,19.076,72.8777,Mumbai,27.9,0.3,21.5,ERA5_REANALYSIS,REFERENCE_REANALYSIS
2024-07-04T02:00,19.076,72.8777,Mumbai,28.3,0.0,21.0,ERA5_REANALYSIS,REFERENCE_REANALYSIS
2024-07-04T03:00,19.076,72.8777,Mumbai,28.6,0.8,17.5,ERA5_REANALYSIS,REFERENCE_REANALYSIS
2024-07-04T04:00,19.076,72.8777,Mumbai,28.8,0.2,17.2,ERA5_REANALYSIS,REFERENCE_REANALYSIS
2024-07-04T05:00,19.076,72.8777,Mumbai,29.0,0.0,20.2,ERA5_REANALYSIS,REFERENCE_REANALYSIS
2024-07-04T06:00,19.076,72.8777,Mumbai,28.8,0.1,19.4,ERA5_REANALYSIS,REFERENCE_REANALYSIS
2024-07-04T07:00,19.076,72.8777,Mumbai,28.5,0.3,15.0,ERA5_REANALYSIS,REFERENCE_REANALYSIS
2024-07-04T08:00,19.076,72.8777,Mumbai,27.8,0.4,18.1,ERA5_REANALYSIS,REFERENCE_REANALYSIS
2024-07-04T09:00,19.076,72.8777,Mumbai,28.0,0.4,18.7,ERA5_REANALYSIS,REFERENCE_REANALYSIS
2024-07-04T10:00,19.076,72.8777,Mumbai,28.0,0.4,18.2,ERA5_REANALYSIS,REFERENCE_REANALYSIS
2024-07-04T11:00,19.076,72.8777,Mumbai,28.1,0.3,20.0,ERA5_REANALYSIS,REFERENCE_REANALYSIS
2024-07-04T12:00,19.076,72.8777,Mumbai,27.2,0.8,22.2,ERA5_REANALYSIS,REFERENCE_REANALYSIS
2024-07-04T13:00,19.076,72.8777,Mumbai,28.5,0.0,16.8,ERA5_REANALYSIS,REFERENCE_REANALYSIS
2024-07-04T14:00,19.076,72.8777,Mumbai,27.5,1.0,16.6,ERA5_REANALYSIS,REFERENCE_REANALYSIS
2024-07-04T15:00,19.076,72.8777,Mumbai,27.6,0.5,18.3,ERA5_REANALYSIS,REFERENCE_REANALYSIS
2024-07-04T16:00,19.076,72.8777,Mumbai,27.1,0.2,19.5,ERA5_REANALYSIS,REFERENCE_REANALYSIS
2024-07-04T17:00,19.076,72.8777,Mumbai,26.6,0.5,17.6,ERA5_REANALYSIS,REFERENCE_REANALYSIS
2024-07-04T18:00,19.076,72.8777,Mumbai,26.7,0.5,18.4,ERA5_REANALYSIS,REFERENCE_REANALYSIS
2024-07-04T19:00,19.076,72.8777,Mumbai,26.7,0.1,20.1,ERA5_REANALYSIS,REFERENCE_REANALYSIS
2024-07-04T20:00,19.076,72.8777,Mumbai,27.2,0.3,18.8,ERA5_REANALYSIS,REFERENCE_REANALYSIS
2024-07-04T21:00,19.076,72.8777,Mumbai,26.1,0.5,21.2,ERA5_REANALYSIS,REFERENCE_REANALYSIS
2024-07-04T22:00,19.076,72.8777,Mumbai,26.5,0.9,16.3,ERA5_REANALYSIS,REFERENCE_REANALYSIS
2024-07-04T23:00,19.076,72.8777,Mumbai,26.6,1.4,18.9,ERA5_REANALYSIS,REFERENCE_REANALYSIS
2024-07-05T00:00,19.076,72.8777,Mumbai,25.9,0.7,19.6,ERA5_REANALYSIS,REFERENCE_REANALYSIS
2024-07-05T01:00,19.076,72.8777,Mumbai,28.2,0.0,22.1,ERA5_REANALYSIS,REFERENCE_REANALYSIS
2024-07-05T02:00,19.076,72.8777,Mumbai,28.2,0.0,23.0,ERA5_REANALYSIS,REFERENCE_REANALYSIS
2024-07-05T03:00,19.076,72.8777,Mumbai,28.6,0.1,22.5,ERA5_REANALYSIS,REFERENCE_REANALYSIS
2024-07-05T04:00,19.076,72.8777,Mumbai,28.9,0.1,22.1,ERA5_REANALYSIS,REFERENCE_REANALYSIS
2024-07-05T05:00,19.076,72.8777,Mumbai,29.1,0.3,22.1,ERA5_REANALYSIS,REFERENCE_REANALYSIS
2024-07-05T06:00,19.076,72.8777,Mumbai,28.9,0.8,15.8,ERA5_REANALYSIS,REFERENCE_REANALYSIS
2024-07-05T07:00,19.076,72.8777,Mumbai,29.1,0.0,20.1,ERA5_REANALYSIS,REFERENCE_REANALYSIS
2024-07-05T08:00,19.076,72.8777,Mumbai,28.3,0.5,18.1,ERA5_REANALYSIS,REFERENCE_REANALYSIS
2024-07-05T09:00,19.076,72.8777,Mumbai,27.3,2.5,16.4,ERA5_REANALYSIS,REFERENCE_REANALYSIS
2024-07-05T10:00,19.076,72.8777,Mumbai,26.8,0.8,19.3,ERA5_REANALYSIS,REFERENCE_REANALYSIS
2024-07-05T11:00,19.076,72.8777,Mumbai,27.6,0.8,19.2,ERA5_REANALYSIS,REFERENCE_REANALYSIS
2024-07-05T12:00,19.076,72.8777,Mumbai,26.8,0.3,14.8,ERA5_REANALYSIS,REFERENCE_REANALYSIS
2024-07-05T13:00,19.076,72.8777,Mumbai,27.6,0.1,19.6,ERA5_REANALYSIS,REFERENCE_REANALYSIS
2024-07-05T14:00,19.076,72.8777,Mumbai,27.7,0.2,18.3,ERA5_REANALYSIS,REFERENCE_REANALYSIS
2024-07-05T15:00,19.076,72.8777,Mumbai,26.4,0.8,20.4,ERA5_REANALYSIS,REFERENCE_REANALYSIS
2024-07-05T16:00,19.076,72.8777,Mumbai,26.4,0.7,20.0,ERA5_REANALYSIS,REFERENCE_REANALYSIS
2024-07-05T17:00,19.076,72.8777,Mumbai,26.6,0.2,21.7,ERA5_REANALYSIS,REFERENCE_REANALYSIS
2024-07-05T18:00,19.076,72.8777,Mumbai,26.6,0.1,20.2,ERA5_REANALYSIS,REFERENCE_REANALYSIS
2024-07-05T19:00,19.076,72.8777,Mumbai,26.0,1.1,20.7,ERA5_REANALYSIS,REFERENCE_REANALYSIS
2024-07-05T20:00,19.076,72.8777,Mumbai,26.4,0.7,21.5,ERA5_REANALYSIS,REFERENCE_REANALYSIS
2024-07-05T21:00,19.076,72.8777,Mumbai,26.2,0.6,19.4,ERA5_REANALYSIS,REFERENCE_REANALYSIS
2024-07-05T22:00,19.076,72.8777,Mumbai,27.0,0.8,23.7,ERA5_REANALYSIS,REFERENCE_REANALYSIS
2024-07-05T23:00,19.076,72.8777,Mumbai,25.8,2.6,21.5,ERA5_REANALYSIS,REFERENCE_REANALYSIS
2024-07-06T00:00,19.076,72.8777,Mumbai,26.1,2.2,20.8,ERA5_REANALYSIS,REFERENCE_REANALYSIS
2024-07-06T01:00,19.076,72.8777,Mumbai,27.4,0.3,24.2,ERA5_REANALYSIS,REFERENCE_REANALYSIS
2024-07-06T02:00,19.076,72.8777,Mumbai,27.7,0.2,22.8,ERA5_REANALYSIS,REFERENCE_REANALYSIS
2024-07-06T03:00,19.076,72.8777,Mumbai,27.0,1.6,22.4,ERA5_REANALYSIS,REFERENCE_REANALYSIS
2024-07-06T04:00,19.076,72.8777,Mumbai,28.3,0.7,22.6,ERA5_REANALYSIS,REFERENCE_REANALYSIS
2024-07-06T05:00,19.076,72.8777,Mumbai,27.9,0.7,20.7,ERA5_REANALYSIS,REFERENCE_REANALYSIS
2024-07-06T06:00,19.076,72.8777,Mumbai,28.9,0.4,22.5,ERA5_REANALYSIS,REFERENCE_REANALYSIS
2024-07-06T07:00,19.076,72.8777,Mumbai,29.5,0.0,26.7,ERA5_REANALYSIS,REFERENCE_REANALYSIS
2024-07-06T08:00,19.076,72.8777,Mumbai,29.4,0.1,24.4,ERA5_REANALYSIS,REFERENCE_REANALYSIS
2024-07-06T09:00,19.076,72.8777,Mumbai,29.1,0.0,25.3,ERA5_REANALYSIS,REFERENCE_REANALYSIS
2024-07-06T10:00,19.076,72.8777,Mumbai,29.2,0.1,24.5,ERA5_REANALYSIS,REFERENCE_REANALYSIS
2024-07-06T11:00,19.076,72.8777,Mumbai,29.3,0.0,26.6,ERA5_REANALYSIS,REFERENCE_REANALYSIS
2024-07-06T12:00,19.076,72.8777,Mumbai,29.1,0.4,25.3,ERA5_REANALYSIS,REFERENCE_REANALYSIS
2024-07-06T13:00,19.076,72.8777,Mumbai,27.9,0.1,19.5,ERA5_REANALYSIS,REFERENCE_REANALYSIS
2024-07-06T14:00,19.076,72.8777,Mumbai,27.8,0.2,19.0,ERA5_REANALYSIS,REFERENCE_REANALYSIS
2024-07-06T15:00,19.076,72.8777,Mumbai,27.5,0.5,16.6,ERA5_REANALYSIS,REFERENCE_REANALYSIS
2024-07-06T16:00,19.076,72.8777,Mumbai,26.8,0.3,16.0,ERA5_REANALYSIS,REFERENCE_REANALYSIS
2024-07-06T17:00,19.076,72.8777,Mumbai,26.0,3.2,15.0,ERA5_REANALYSIS,REFERENCE_REANALYSIS
2024-07-06T18:00,19.076,72.8777,Mumbai,26.6,0.8,15.8,ERA5_REANALYSIS,REFERENCE_REANALYSIS
2024-07-06T19:00,19.076,72.8777,Mumbai,26.5,0.2,14.5,ERA5_REANALYSIS,REFERENCE_REANALYSIS
2024-07-06T20:00,19.076,72.8777,Mumbai,26.2,0.8,11.3,ERA5_REANALYSIS,REFERENCE_REANALYSIS
2024-07-06T21:00,19.076,72.8777,Mumbai,25.9,0.6,13.5,ERA5_REANALYSIS,REFERENCE_REANALYSIS
2024-07-06T22:00,19.076,72.8777,Mumbai,26.2,0.6,10.8,ERA5_REANALYSIS,REFERENCE_REANALYSIS
2024-07-06T23:00,19.076,72.8777,Mumbai,26.8,0.2,14.2,ERA5_REANALYSIS,REFERENCE_REANALYSIS
2024-07-07T00:00,19.076,72.8777,Mumbai,26.7,0.3,14.0,ERA5_REANALYSIS,REFERENCE_REANALYSIS
2024-07-07T01:00,19.076,72.8777,Mumbai,26.9,0.4,18.6,ERA5_REANALYSIS,REFERENCE_REANALYSIS
2024-07-07T02:00,19.076,72.8777,Mumbai,27.6,0.3,19.3,ERA5_REANALYSIS,REFERENCE_REANALYSIS
2024-07-07T03:00,19.076,72.8777,Mumbai,27.7,0.9,20.8,ERA5_REANALYSIS,REFERENCE_REANALYSIS
2024-07-07T04:00,19.076,72.8777,Mumbai,28.2,0.2,20.9,ERA5_REANALYSIS,REFERENCE_REANALYSIS
2024-07-07T05:00,19.076,72.8777,Mumbai,28.1,1.1,18.5,ERA5_REANALYSIS,REFERENCE_REANALYSIS
2024-07-07T06:00,19.076,72.8777,Mumbai,28.6,0.3,19.0,ERA5_REANALYSIS,REFERENCE_REANALYSIS
2024-07-07T07:00,19.076,72.8777,Mumbai,29.2,0.2,16.9,ERA5_REANALYSIS,REFERENCE_REANALYSIS
2024-07-07T08:00,19.076,72.8777,Mumbai,28.9,0.6,18.8,ERA5_REANALYSIS,REFERENCE_REANALYSIS
2024-07-07T09:00,19.076,72.8777,Mumbai,28.8,0.8,18.3,ERA5_REANALYSIS,REFERENCE_REANALYSIS
2024-07-07T10:00,19.076,72.8777,Mumbai,29.1,0.5,15.1,ERA5_REANALYSIS,REFERENCE_REANALYSIS
2024-07-07T11:00,19.076,72.8777,Mumbai,28.7,0.3,17.9,ERA5_REANALYSIS,REFERENCE_REANALYSIS
2024-07-07T12:00,19.076,72.8777,Mumbai,27.9,0.8,16.3,ERA5_REANALYSIS,REFERENCE_REANALYSIS
2024-07-07T13:00,19.076,72.8777,Mumbai,28.2,0.0,13.0,ERA5_REANALYSIS,REFERENCE_REANALYSIS
2024-07-07T14:00,19.076,72.8777,Mumbai,26.6,0.4,13.6,ERA5_REANALYSIS,REFERENCE_REANALYSIS
2024-07-07T15:00,19.076,72.8777,Mumbai,25.8,0.9,11.2,ERA5_REANALYSIS,REFERENCE_REANALYSIS
2024-07-07T16:00,19.076,72.8777,Mumbai,25.9,0.9,13.1,ERA5_REANALYSIS,REFERENCE_REANALYSIS
2024-07-07T17:00,19.076,72.8777,Mumbai,25.8,0.4,13.7,ERA5_REANALYSIS,REFERENCE_REANALYSIS
2024-07-07T18:00,19.076,72.8777,Mumbai,25.7,0.1,14.4,ERA5_REANALYSIS,REFERENCE_REANALYSIS
2024-07-07T19:00,19.076,72.8777,Mumbai,25.7,0.2,12.8,ERA5_REANALYSIS,REFERENCE_REANALYSIS
2024-07-07T20:00,19.076,72.8777,Mumbai,25.8,0.5,14.4,ERA5_REANALYSIS,REFERENCE_REANALYSIS
2024-07-07T21:00,19.076,72.8777,Mumbai,25.9,0.2,14.9,ERA5_REANALYSIS,REFERENCE_REANALYSIS
2024-07-07T22:00,19.076,72.8777,Mumbai,26.1,0.6,12.0,ERA5_REANALYSIS,REFERENCE_REANALYSIS
2024-07-07T23:00,19.076,72.8777,Mumbai,26.2,0.2,17.2,ERA5_REANALYSIS,REFERENCE_REANALYSIS
2024-07-08T00:00,19.076,72.8777,Mumbai,25.9,0.2,13.3,ERA5_REANALYSIS,REFERENCE_REANALYSIS
2024-07-08T01:00,19.076,72.8777,Mumbai,26.0,0.2,9.6,ERA5_REANALYSIS,REFERENCE_REANALYSIS
2024-07-08T02:00,19.076,72.8777,Mumbai,26.7,0.4,9.3,ERA5_REANALYSIS,REFERENCE_REANALYSIS
2024-07-08T03:00,19.076,72.8777,Mumbai,27.1,0.1,9.6,ERA5_REANALYSIS,REFERENCE_REANALYSIS
2024-07-08T04:00,19.076,72.8777,Mumbai,27.2,0.3,7.9,ERA5_REANALYSIS,REFERENCE_REANALYSIS
2024-07-08T05:00,19.076,72.8777,Mumbai,28.0,0.5,6.4,ERA5_REANALYSIS,REFERENCE_REANALYSIS
2024-07-08T06:00,19.076,72.8777,Mumbai,28.2,0.4,8.9,ERA5_REANALYSIS,REFERENCE_REANALYSIS
2024-07-08T07:00,19.076,72.8777,Mumbai,28.4,0.1,10.7,ERA5_REANALYSIS,REFERENCE_REANALYSIS
2024-07-08T08:00,19.076,72.8777,Mumbai,28.1,3.2,11.0,ERA5_REANALYSIS,REFERENCE_REANALYSIS
2024-07-08T09:00,19.076,72.8777,Mumbai,28.1,0.3,12.1,ERA5_REANALYSIS,REFERENCE_REANALYSIS
2024-07-08T10:00,19.076,72.8777,Mumbai,28.5,0.0,12.2,ERA5_REANALYSIS,REFERENCE_REANALYSIS
2024-07-08T11:00,19.076,72.8777,Mumbai,28.2,0.0,12.6,ERA5_REANALYSIS,REFERENCE_REANALYSIS
2024-07-08T12:00,19.076,72.8777,Mumbai,27.6,0.3,13.1,ERA5_REANALYSIS,REFERENCE_REANALYSIS
2024-07-08T13:00,19.076,72.8777,Mumbai,26.2,2.5,4.0,ERA5_REANALYSIS,REFERENCE_REANALYSIS
2024-07-08T14:00,19.076,72.8777,Mumbai,26.0,1.3,6.7,ERA5_REANALYSIS,REFERENCE_REANALYSIS
2024-07-08T15:00,19.076,72.8777,Mumbai,26.0,0.9,5.1,ERA5_REANALYSIS,REFERENCE_REANALYSIS
2024-07-08T16:00,19.076,72.8777,Mumbai,25.9,1.8,6.1,ERA5_REANALYSIS,REFERENCE_REANALYSIS
2024-07-08T17:00,19.076,72.8777,Mumbai,26.0,3.2,6.3,ERA5_REANALYSIS,REFERENCE_REANALYSIS
2024-07-08T18:00,19.076,72.8777,Mumbai,26.0,3.3,5.2,ERA5_REANALYSIS,REFERENCE_REANALYSIS
2024-07-08T19:00,19.076,72.8777,Mumbai,25.9,1.9,6.6,ERA5_REANALYSIS,REFERENCE_REANALYSIS
2024-07-08T20:00,19.076,72.8777,Mumbai,25.7,1.5,9.6,ERA5_REANALYSIS,REFERENCE_REANALYSIS
2024-07-08T21:00,19.076,72.8777,Mumbai,25.6,2.2,8.8,ERA5_REANALYSIS,REFERENCE_REANALYSIS
2024-07-08T22:00,19.076,72.8777,Mumbai,25.8,4.0,5.8,ERA5_REANALYSIS,REFERENCE_REANALYSIS
2024-07-08T23:00,19.076,72.8777,Mumbai,25.8,2.8,3.3,ERA5_REANALYSIS,REFERENCE_REANALYSIS
2024-07-09T00:00,19.076,72.8777,Mumbai,25.6,1.1,5.8,ERA5_REANALYSIS,REFERENCE_REANALYSIS
2024-07-09T01:00,19.076,72.8777,Mumbai,25.6,1.0,5.9,ERA5_REANALYSIS,REFERENCE_REANALYSIS
2024-07-09T02:00,19.076,72.8777,Mumbai,25.5,2.5,5.9,ERA5_REANALYSIS,REFERENCE_REANALYSIS
2024-07-09T03:00,19.076,72.8777,Mumbai,25.7,3.4,6.0,ERA5_REANALYSIS,REFERENCE_REANALYSIS
2024-07-09T04:00,19.076,72.8777,Mumbai,25.8,2.9,5.8,ERA5_REANALYSIS,REFERENCE_REANALYSIS
2024-07-09T05:00,19.076,72.8777,Mumbai,26.2,3.0,6.0,ERA5_REANALYSIS,REFERENCE_REANALYSIS
2024-07-09T06:00,19.076,72.8777,Mumbai,26.4,8.1,8.7,ERA5_REANALYSIS,REFERENCE_REANALYSIS
2024-07-09T07:00,19.076,72.8777,Mumbai,26.3,16.9,13.6,ERA5_REANALYSIS,REFERENCE_REANALYSIS
2024-07-09T08:00,19.076,72.8777,Mumbai,26.3,13.6,12.8,ERA5_REANALYSIS,REFERENCE_REANALYSIS
2024-07-09T09:00,19.076,72.8777,Mumbai,26.3,4.2,14.3,ERA5_REANALYSIS,REFERENCE_REANALYSIS
2024-07-09T10:00,19.076,72.8777,Mumbai,26.5,2.1,13.7,ERA5_REANALYSIS,REFERENCE_REANALYSIS
2024-07-09T11:00,19.076,72.8777,Mumbai,26.8,0.9,13.8,ERA5_REANALYSIS,REFERENCE_REANALYSIS
2024-07-09T12:00,19.076,72.8777,Mumbai,27.0,0.2,13.2,ERA5_REANALYSIS,REFERENCE_REANALYSIS
2024-07-09T13:00,19.076,72.8777,Mumbai,26.0,2.9,22.1,ERA5_REANALYSIS,REFERENCE_REANALYSIS
2024-07-09T14:00,19.076,72.8777,Mumbai,26.1,4.1,20.4,ERA5_REANALYSIS,REFERENCE_REANALYSIS
2024-07-09T15:00,19.076,72.8777,Mumbai,26.7,0.2,18.2,ERA5_REANALYSIS,REFERENCE_REANALYSIS
2024-07-09T16:00,19.076,72.8777,Mumbai,26.6,0.1,17.6,ERA5_REANALYSIS,REFERENCE_REANALYSIS
2024-07-09T17:00,19.076,72.8777,Mumbai,26.5,0.4,16.4,ERA5_REANALYSIS,REFERENCE_REANALYSIS
2024-07-09T18:00,19.076,72.8777,Mumbai,25.6,0.2,14.0,ERA5_REANALYSIS,REFERENCE_REANALYSIS
2024-07-09T19:00,19.076,72.8777,Mumbai,25.6,0.5,13.2,ERA5_REANALYSIS,REFERENCE_REANALYSIS
2024-07-09T20:00,19.076,72.8777,Mumbai,25.5,0.2,9.0,ERA5_REANALYSIS,REFERENCE_REANALYSIS
2024-07-09T21:00,19.076,72.8777,Mumbai,25.7,0.4,11.5,ERA5_REANALYSIS,REFERENCE_REANALYSIS
2024-07-09T22:00,19.076,72.8777,Mumbai,26.0,0.1,15.5,ERA5_REANALYSIS,REFERENCE_REANALYSIS
2024-07-09T23:00,19.076,72.8777,Mumbai,25.7,0.1,14.5,ERA5_REANALYSIS,REFERENCE_REANALYSIS
2024-07-10T00:00,19.076,72.8777,Mumbai,25.4,0.4,12.8,ERA5_REANALYSIS,REFERENCE_REANALYSIS
2024-07-10T01:00,19.076,72.8777,Mumbai,25.7,2.1,14.0,ERA5_REANALYSIS,REFERENCE_REANALYSIS
2024-07-10T02:00,19.076,72.8777,Mumbai,26.3,0.4,17.2,ERA5_REANALYSIS,REFERENCE_REANALYSIS
2024-07-10T03:00,19.076,72.8777,Mumbai,26.2,2.7,17.6,ERA5_REANALYSIS,REFERENCE_REANALYSIS
2024-07-10T04:00,19.076,72.8777,Mumbai,26.9,1.0,18.9,ERA5_REANALYSIS,REFERENCE_REANALYSIS
2024-07-10T05:00,19.076,72.8777,Mumbai,27.1,2.9,16.9,ERA5_REANALYSIS,REFERENCE_REANALYSIS
2024-07-10T06:00,19.076,72.8777,Mumbai,27.9,0.3,18.5,ERA5_REANALYSIS,REFERENCE_REANALYSIS
2024-07-10T07:00,19.076,72.8777,Mumbai,28.5,0.1,18.8,ERA5_REANALYSIS,REFERENCE_REANALYSIS
2024-07-10T08:00,19.076,72.8777,Mumbai,28.6,0.1,19.0,ERA5_REANALYSIS,REFERENCE_REANALYSIS
2024-07-10T09:00,19.076,72.8777,Mumbai,28.7,0.2,20.6,ERA5_REANALYSIS,REFERENCE_REANALYSIS
2024-07-10T10:00,19.076,72.8777,Mumbai,28.8,0.1,21.3,ERA5_REANALYSIS,REFERENCE_REANALYSIS
2024-07-10T11:00,19.076,72.8777,Mumbai,28.4,0.0,18.3,ERA5_REANALYSIS,REFERENCE_REANALYSIS
2024-07-10T12:00,19.076,72.8777,Mumbai,28.1,0.0,19.1,ERA5_REANALYSIS,REFERENCE_REANALYSIS
2024-07-10T13:00,19.076,72.8777,Mumbai,27.1,0.3,16.0,ERA5_REANALYSIS,REFERENCE_REANALYSIS
2024-07-10T14:00,19.076,72.8777,Mumbai,26.1,0.5,15.6,ERA5_REANALYSIS,REFERENCE_REANALYSIS
2024-07-10T15:00,19.076,72.8777,Mumbai,25.2,7.3,9.7,ERA5_REANALYSIS,REFERENCE_REANALYSIS
2024-07-10T16:00,19.076,72.8777,Mumbai,25.3,14.1,6.4,ERA5_REANALYSIS,REFERENCE_REANALYSIS
2024-07-10T17:00,19.076,72.8777,Mumbai,25.6,2.0,8.5,ERA5_REANALYSIS,REFERENCE_REANALYSIS
2024-07-10T18:00,19.076,72.8777,Mumbai,25.8,0.2,13.7,ERA5_REANALYSIS,REFERENCE_REANALYSIS
2024-07-10T19:00,19.076,72.8777,Mumbai,25.4,0.3,11.5,ERA5_REANALYSIS,REFERENCE_REANALYSIS
2024-07-10T20:00,19.076,72.8777,Mumbai,25.4,0.5,12.0,ERA5_REANALYSIS,REFERENCE_REANALYSIS
2024-07-10T21:00,19.076,72.8777,Mumbai,25.6,0.9,16.3,ERA5_REANALYSIS,REFERENCE_REANALYSIS
2024-07-10T22:00,19.076,72.8777,Mumbai,25.6,0.4,16.4,ERA5_REANALYSIS,REFERENCE_REANALYSIS
2024-07-10T23:00,19.076,72.8777,Mumbai,26.0,0.1,14.0,ERA5_REANALYSIS,REFERENCE_REANALYSIS
2024-07-11T00:00,19.076,72.8777,Mumbai,25.4,3.8,11.2,ERA5_REANALYSIS,REFERENCE_REANALYSIS
2024-07-11T01:00,19.076,72.8777,Mumbai,24.6,5.0,11.8,ERA5_REANALYSIS,REFERENCE_REANALYSIS
2024-07-11T02:00,19.076,72.8777,Mumbai,25.3,2.3,11.6,ERA5_REANALYSIS,REFERENCE_REANALYSIS
2024-07-11T03:00,19.076,72.8777,Mumbai,26.1,0.7,14.8,ERA5_REANALYSIS,REFERENCE_REANALYSIS
2024-07-11T04:00,19.076,72.8777,Mumbai,26.8,3.4,19.4,ERA5_REANALYSIS,REFERENCE_REANALYSIS
2024-07-11T05:00,19.076,72.8777,Mumbai,27.2,3.4,16.6,ERA5_REANALYSIS,REFERENCE_REANALYSIS
2024-07-11T06:00,19.076,72.8777,Mumbai,27.8,0.4,15.9,ERA5_REANALYSIS,REFERENCE_REANALYSIS
2024-07-11T07:00,19.076,72.8777,Mumbai,28.8,0.3,17.3,ERA5_REANALYSIS,REFERENCE_REANALYSIS
2024-07-11T08:00,19.076,72.8777,Mumbai,27.6,1.7,20.5,ERA5_REANALYSIS,REFERENCE_REANALYSIS
2024-07-11T09:00,19.076,72.8777,Mumbai,27.1,1.4,21.0,ERA5_REANALYSIS,REFERENCE_REANALYSIS
2024-07-11T10:00,19.076,72.8777,Mumbai,27.1,6.2,18.5,ERA5_REANALYSIS,REFERENCE_REANALYSIS
2024-07-11T11:00,19.076,72.8777,Mumbai,27.5,0.3,16.6,ERA5_REANALYSIS,REFERENCE_REANALYSIS
2024-07-11T12:00,19.076,72.8777,Mumbai,26.7,2.9,18.4,ERA5_REANALYSIS,REFERENCE_REANALYSIS
2024-07-11T13:00,19.076,72.8777,Mumbai,26.1,1.8,21.6,ERA5_REANALYSIS,REFERENCE_REANALYSIS
2024-07-11T14:00,19.076,72.8777,Mumbai,26.0,1.4,17.6,ERA5_REANALYSIS,REFERENCE_REANALYSIS
2024-07-11T15:00,19.076,72.8777,Mumbai,26.0,0.7,13.4,ERA5_REANALYSIS,REFERENCE_REANALYSIS
2024-07-11T16:00,19.076,72.8777,Mumbai,26.4,0.3,11.3,ERA5_REANALYSIS,REFERENCE_REANALYSIS
2024-07-11T17:00,19.076,72.8777,Mumbai,26.5,0.5,11.4,ERA5_REANALYSIS,REFERENCE_REANALYSIS
2024-07-11T18:00,19.076,72.8777,Mumbai,26.6,0.4,12.1,ERA5_REANALYSIS,REFERENCE_REANALYSIS
2024-07-11T19:00,19.076,72.8777,Mumbai,26.9,0.1,12.8,ERA5_REANALYSIS,REFERENCE_REANALYSIS
2024-07-11T20:00,19.076,72.8777,Mumbai,26.4,0.2,13.1,ERA5_REANALYSIS,REFERENCE_REANALYSIS
2024-07-11T21:00,19.076,72.8777,Mumbai,26.1,0.5,15.3,ERA5_REANALYSIS,REFERENCE_REANALYSIS
2024-07-11T22:00,19.076,72.8777,Mumbai,26.1,0.4,14.3,ERA5_REANALYSIS,REFERENCE_REANALYSIS
2024-07-11T23:00,19.076,72.8777,Mumbai,26.0,0.4,13.2,ERA5_REANALYSIS,REFERENCE_REANALYSIS
2024-07-12T00:00,19.076,72.8777,Mumbai,25.6,0.8,12.3,ERA5_REANALYSIS,REFERENCE_REANALYSIS
2024-07-12T01:00,19.076,72.8777,Mumbai,25.9,1.1,14.0,ERA5_REANALYSIS,REFERENCE_REANALYSIS
2024-07-12T02:00,19.076,72.8777,Mumbai,26.0,2.0,15.3,ERA5_REANALYSIS,REFERENCE_REANALYSIS
2024-07-12T03:00,19.076,72.8777,Mumbai,26.1,2.4,14.8,ERA5_REANALYSIS,REFERENCE_REANALYSIS
2024-07-12T04:00,19.076,72.8777,Mumbai,25.2,3.7,14.6,ERA5_REANALYSIS,REFERENCE_REANALYSIS
2024-07-12T05:00,19.076,72.8777,Mumbai,25.8,9.2,8.5,ERA5_REANALYSIS,REFERENCE_REANALYSIS
2024-07-12T06:00,19.076,72.8777,Mumbai,26.2,5.2,13.5,ERA5_REANALYSIS,REFERENCE_REANALYSIS
2024-07-12T07:00,19.076,72.8777,Mumbai,26.3,2.7,19.3,ERA5_REANALYSIS,REFERENCE_REANALYSIS
2024-07-12T08:00,19.076,72.8777,Mumbai,26.6,8.0,20.1,ERA5_REANALYSIS,REFERENCE_REANALYSIS
2024-07-12T09:00,19.076,72.8777,Mumbai,25.5,3.4,16.7,ERA5_REANALYSIS,REFERENCE_REANALYSIS
2024-07-12T10:00,19.076,72.8777,Mumbai,26.0,9.1,13.4,ERA5_REANALYSIS,REFERENCE_REANALYSIS
2024-07-12T11:00,19.076,72.8777,Mumbai,26.0,2.9,18.1,ERA5_REANALYSIS,REFERENCE_REANALYSIS
2024-07-12T12:00,19.076,72.8777,Mumbai,26.3,1.7,18.8,ERA5_REANALYSIS,REFERENCE_REANALYSIS
2024-07-12T13:00,19.076,72.8777,Mumbai,25.7,2.9,17.8,ERA5_REANALYSIS,REFERENCE_REANALYSIS
2024-07-12T14:00,19.076,72.8777,Mumbai,25.5,5.3,16.1,ERA5_REANALYSIS,REFERENCE_REANALYSIS
2024-07-12T15:00,19.076,72.8777,Mumbai,26.2,2.1,18.7,ERA5_REANALYSIS,REFERENCE_REANALYSIS
2024-07-12T16:00,19.076,72.8777,Mumbai,26.0,4.6,18.7,ERA5_REANALYSIS,REFERENCE_REANALYSIS
2024-07-12T17:00,19.076,72.8777,Mumbai,26.0,8.7,19.2,ERA5_REANALYSIS,REFERENCE_REANALYSIS
2024-07-12T18:00,19.076,72.8777,Mumbai,26.1,5.9,21.0,ERA5_REANALYSIS,REFERENCE_REANALYSIS
2024-07-12T19:00,19.076,72.8777,Mumbai,25.8,3.0,16.8,ERA5_REANALYSIS,REFERENCE_REANALYSIS
2024-07-12T20:00,19.076,72.8777,Mumbai,26.0,2.2,20.0,ERA5_REANALYSIS,REFERENCE_REANALYSIS
2024-07-12T21:00,19.076,72.8777,Mumbai,25.7,3.1,19.0,ERA5_REANALYSIS,REFERENCE_REANALYSIS
2024-07-12T22:00,19.076,72.8777,Mumbai,25.6,2.2,19.1,ERA5_REANALYSIS,REFERENCE_REANALYSIS
2024-07-12T23:00,19.076,72.8777,Mumbai,25.2,1.6,19.5,ERA5_REANALYSIS,REFERENCE_REANALYSIS
2024-07-13T00:00,19.076,72.8777,Mumbai,26.0,0.5,19.5,ERA5_REANALYSIS,REFERENCE_REANALYSIS
2024-07-13T01:00,19.076,72.8777,Mumbai,25.9,1.8,14.8,ERA5_REANALYSIS,REFERENCE_REANALYSIS
2024-07-13T02:00,19.076,72.8777,Mumbai,25.9,2.5,15.9,ERA5_REANALYSIS,REFERENCE_REANALYSIS
2024-07-13T03:00,19.076,72.8777,Mumbai,25.9,5.7,17.4,ERA5_REANALYSIS,REFERENCE_REANALYSIS
2024-07-13T04:00,19.076,72.8777,Mumbai,25.9,4.1,19.7,ERA5_REANALYSIS,REFERENCE_REANALYSIS
2024-07-13T05:00,19.076,72.8777,Mumbai,26.1,4.4,18.3,ERA5_REANALYSIS,REFERENCE_REANALYSIS
2024-07-13T06:00,19.076,72.8777,Mumbai,26.2,3.5,20.5,ERA5_REANALYSIS,REFERENCE_REANALYSIS
2024-07-13T07:00,19.076,72.8777,Mumbai,26.3,3.2,22.9,ERA5_REANALYSIS,REFERENCE_REANALYSIS
2024-07-13T08:00,19.076,72.8777,Mumbai,26.1,2.3,24.0,ERA5_REANALYSIS,REFERENCE_REANALYSIS
2024-07-13T09:00,19.076,72.8777,Mumbai,26.4,1.9,19.5,ERA5_REANALYSIS,REFERENCE_REANALYSIS
2024-07-13T10:00,19.076,72.8777,Mumbai,26.4,2.3,22.7,ERA5_REANALYSIS,REFERENCE_REANALYSIS
2024-07-13T11:00,19.076,72.8777,Mumbai,26.5,1.2,23.1,ERA5_REANALYSIS,REFERENCE_REANALYSIS
2024-07-13T12:00,19.076,72.8777,Mumbai,26.1,2.2,16.9,ERA5_REANALYSIS,REFERENCE_REANALYSIS
2024-07-13T13:00,19.076,72.8777,Mumbai,26.6,6.3,27.6,ERA5_REANALYSIS,REFERENCE_REANALYSIS
2024-07-13T14:00,19.076,72.8777,Mumbai,25.4,5.2,21.7,ERA5_REANALYSIS,REFERENCE_REANALYSIS
2024-07-13T15:00,19.076,72.8777,Mumbai,25.6,5.9,20.5,ERA5_REANALYSIS,REFERENCE_REANALYSIS
2024-07-13T16:00,19.076,72.8777,Mumbai,25.7,4.4,15.8,ERA5_REANALYSIS,REFERENCE_REANALYSIS
2024-07-13T17:00,19.076,72.8777,Mumbai,26.0,3.5,18.3,ERA5_REANALYSIS,REFERENCE_REANALYSIS
2024-07-13T18:00,19.076,72.8777,Mumbai,25.5,3.7,19.7,ERA5_REANALYSIS,REFERENCE_REANALYSIS
2024-07-13T19:00,19.076,72.8777,Mumbai,25.3,2.8,16.3,ERA5_REANALYSIS,REFERENCE_REANALYSIS
2024-07-13T20:00,19.076,72.8777,Mumbai,25.6,2.9,16.0,ERA5_REANALYSIS,REFERENCE_REANALYSIS
2024-07-13T21:00,19.076,72.8777,Mumbai,25.5,2.0,16.7,ERA5_REANALYSIS,REFERENCE_REANALYSIS
2024-07-13T22:00,19.076,72.8777,Mumbai,24.8,1.9,18.4,ERA5_REANALYSIS,REFERENCE_REANALYSIS
2024-07-13T23:00,19.076,72.8777,Mumbai,24.8,1.1,13.0,ERA5_REANALYSIS,REFERENCE_REANALYSIS
2024-07-14T00:00,19.076,72.8777,Mumbai,24.9,2.2,13.3,ERA5_REANALYSIS,REFERENCE_REANALYSIS
2024-07-14T01:00,19.076,72.8777,Mumbai,26.0,7.0,24.5,ERA5_REANALYSIS,REFERENCE_REANALYSIS
2024-07-14T02:00,19.076,72.8777,Mumbai,25.8,3.7,18.5,ERA5_REANALYSIS,REFERENCE_REANALYSIS
2024-07-14T03:00,19.076,72.8777,Mumbai,25.1,3.4,16.3,ERA5_REANALYSIS,REFERENCE_REANALYSIS
2024-07-14T04:00,19.076,72.8777,Mumbai,24.5,3.7,11.0,ERA5_REANALYSIS,REFERENCE_REANALYSIS
2024-07-14T05:00,19.076,72.8777,Mumbai,25.4,2.8,6.9,ERA5_REANALYSIS,REFERENCE_REANALYSIS
2024-07-14T06:00,19.076,72.8777,Mumbai,25.8,2.7,7.8,ERA5_REANALYSIS,REFERENCE_REANALYSIS
2024-07-14T07:00,19.076,72.8777,Mumbai,25.8,3.0,3.7,ERA5_REANALYSIS,REFERENCE_REANALYSIS
2024-07-14T08:00,19.076,72.8777,Mumbai,25.5,1.6,9.0,ERA5_REANALYSIS,REFERENCE_REANALYSIS
2024-07-14T09:00,19.076,72.8777,Mumbai,25.9,1.8,10.2,ERA5_REANALYSIS,REFERENCE_REANALYSIS
2024-07-14T10:00,19.076,72.8777,Mumbai,26.3,0.9,16.9,ERA5_REANALYSIS,REFERENCE_REANALYSIS
2024-07-14T11:00,19.076,72.8777,Mumbai,25.9,0.3,15.7,ERA5_REANALYSIS,REFERENCE_REANALYSIS
2024-07-14T12:00,19.076,72.8777,Mumbai,25.5,0.7,12.3,ERA5_REANALYSIS,REFERENCE_REANALYSIS
2024-07-14T13:00,19.076,72.8777,Mumbai,26.4,1.4,8.8,ERA5_REANALYSIS,REFERENCE_REANALYSIS
2024-07-14T14:00,19.076,72.8777,Mumbai,26.5,1.3,6.8,ERA5_REANALYSIS,REFERENCE_REANALYSIS
2024-07-14T15:00,19.076,72.8777,Mumbai,26.5,0.9,7.0,ERA5_REANALYSIS,REFERENCE_REANALYSIS
2024-07-14T16:00,19.076,72.8777,Mumbai,26.6,0.5,7.1,ERA5_REANALYSIS,REFERENCE_REANALYSIS
2024-07-14T17:00,19.076,72.8777,Mumbai,25.2,1.2,19.2,ERA5_REANALYSIS,REFERENCE_REANALYSIS
2024-07-14T18:00,19.076,72.8777,Mumbai,24.9,0.7,14.4,ERA5_REANALYSIS,REFERENCE_REANALYSIS
2024-07-14T19:00,19.076,72.8777,Mumbai,24.9,0.3,10.5,ERA5_REANALYSIS,REFERENCE_REANALYSIS
2024-07-14T20:00,19.076,72.8777,Mumbai,24.9,0.7,12.6,ERA5_REANALYSIS,REFERENCE_REANALYSIS
2024-07-14T21:00,19.076,72.8777,Mumbai,24.9,0.5,10.0,ERA5_REANALYSIS,REFERENCE_REANALYSIS
2024-07-14T22:00,19.076,72.8777,Mumbai,25.0,1.4,13.0,ERA5_REANALYSIS,REFERENCE_REANALYSIS
2024-07-14T23:00,19.076,72.8777,Mumbai,25.3,1.3,10.3,ERA5_REANALYSIS,REFERENCE_REANALYSIS
2024-07-15T00:00,19.076,72.8777,Mumbai,25.1,0.9,14.8,ERA5_REANALYSIS,REFERENCE_REANALYSIS
2024-07-15T01:00,19.076,72.8777,Mumbai,26.1,0.3,5.6,ERA5_REANALYSIS,REFERENCE_REANALYSIS
2024-07-15T02:00,19.076,72.8777,Mumbai,26.0,0.3,4.3,ERA5_REANALYSIS,REFERENCE_REANALYSIS
2024-07-15T03:00,19.076,72.8777,Mumbai,26.4,0.4,8.0,ERA5_REANALYSIS,REFERENCE_REANALYSIS
2024-07-15T04:00,19.076,72.8777,Mumbai,26.4,0.2,7.6,ERA5_REANALYSIS,REFERENCE_REANALYSIS
2024-07-15T05:00,19.076,72.8777,Mumbai,27.4,0.1,7.5,ERA5_REANALYSIS,REFERENCE_REANALYSIS
2024-07-15T06:00,19.076,72.8777,Mumbai,28.0,0.0,8.5,ERA5_REANALYSIS,REFERENCE_REANALYSIS
2024-07-15T07:00,19.076,72.8777,Mumbai,28.1,0.0,12.6,ERA5_REANALYSIS,REFERENCE_REANALYSIS
2024-07-15T08:00,19.076,72.8777,Mumbai,28.0,0.0,13.5,ERA5_REANALYSIS,REFERENCE_REANALYSIS
2024-07-15T09:00,19.076,72.8777,Mumbai,28.0,0.0,13.3,ERA5_REANALYSIS,REFERENCE_REANALYSIS
2024-07-15T10:00,19.076,72.8777,Mumbai,28.1,0.0,12.8,ERA5_REANALYSIS,REFERENCE_REANALYSIS
2024-07-15T11:00,19.076,72.8777,Mumbai,28.0,0.0,13.9,ERA5_REANALYSIS,REFERENCE_REANALYSIS
2024-07-15T12:00,19.076,72.8777,Mumbai,27.6,0.1,13.5,ERA5_REANALYSIS,REFERENCE_REANALYSIS
2024-07-15T13:00,19.076,72.8777,Mumbai,25.8,0.8,5.4,ERA5_REANALYSIS,REFERENCE_REANALYSIS
2024-07-15T14:00,19.076,72.8777,Mumbai,25.8,0.4,3.1,ERA5_REANALYSIS,REFERENCE_REANALYSIS
2024-07-15T15:00,19.076,72.8777,Mumbai,25.8,0.4,4.3,ERA5_REANALYSIS,REFERENCE_REANALYSIS
2024-07-15T16:00,19.076,72.8777,Mumbai,25.8,1.2,4.4,ERA5_REANALYSIS,REFERENCE_REANALYSIS
2024-07-15T17:00,19.076,72.8777,Mumbai,26.0,0.6,9.0,ERA5_REANALYSIS,REFERENCE_REANALYSIS
2024-07-15T18:00,19.076,72.8777,Mumbai,26.0,0.3,10.5,ERA5_REANALYSIS,REFERENCE_REANALYSIS
2024-07-15T19:00,19.076,72.8777,Mumbai,26.1,0.2,10.5,ERA5_REANALYSIS,REFERENCE_REANALYSIS
2024-07-15T20:00,19.076,72.8777,Mumbai,25.9,0.2,12.1,ERA5_REANALYSIS,REFERENCE_REANALYSIS
2024-07-15T21:00,19.076,72.8777,Mumbai,26.0,0.2,14.0,ERA5_REANALYSIS,REFERENCE_REANALYSIS
2024-07-15T22:00,19.076,72.8777,Mumbai,26.2,0.2,12.0,ERA5_REANALYSIS,REFERENCE_REANALYSIS
2024-07-15T23:00,19.076,72.8777,Mumbai,26.2,0.1,11.5,ERA5_REANALYSIS,REFERENCE_REANALYSIS
2024-07-16T00:00,19.076,72.8777,Mumbai,26.0,0.9,10.7,ERA5_REANALYSIS,REFERENCE_REANALYSIS
2024-07-16T01:00,19.076,72.8777,Mumbai,25.7,1.7,3.8,ERA5_REANALYSIS,REFERENCE_REANALYSIS
2024-07-16T02:00,19.076,72.8777,Mumbai,25.3,2.2,12.2,ERA5_REANALYSIS,REFERENCE_REANALYSIS
2024-07-16T03:00,19.076,72.8777,Mumbai,25.3,3.1,12.4,ERA5_REANALYSIS,REFERENCE_REANALYSIS
2024-07-16T04:00,19.076,72.8777,Mumbai,25.9,2.2,12.3,ERA5_REANALYSIS,REFERENCE_REANALYSIS
2024-07-16T05:00,19.076,72.8777,Mumbai,26.4,1.3,14.3,ERA5_REANALYSIS,REFERENCE_REANALYSIS
2024-07-16T06:00,19.076,72.8777,Mumbai,26.9,0.8,16.3,ERA5_REANALYSIS,REFERENCE_REANALYSIS
2024-07-16T07:00,19.076,72.8777,Mumbai,27.6,0.1,14.9,ERA5_REANALYSIS,REFERENCE_REANALYSIS
2024-07-16T08:00,19.076,72.8777,Mumbai,28.7,0.0,16.3,ERA5_REANALYSIS,REFERENCE_REANALYSIS
2024-07-16T09:00,19.076,72.8777,Mumbai,29.1,0.0,19.2,ERA5_REANALYSIS,REFERENCE_REANALYSIS
2024-07-16T10:00,19.076,72.8777,Mumbai,28.8,0.0,19.2,ERA5_REANALYSIS,REFERENCE_REANALYSIS
2024-07-16T11:00,19.076,72.8777,Mumbai,28.5,0.0,20.0,ERA5_REANALYSIS,REFERENCE_REANALYSIS
2024-07-16T12:00,19.076,72.8777,Mumbai,27.7,0.0,16.6,ERA5_REANALYSIS,REFERENCE_REANALYSIS
2024-07-16T13:00,19.076,72.8777,Mumbai,25.3,2.3,17.4,ERA5_REANALYSIS,REFERENCE_REANALYSIS
2024-07-16T14:00,19.076,72.8777,Mumbai,25.3,1.2,16.6,ERA5_REANALYSIS,REFERENCE_REANALYSIS
2024-07-16T15:00,19.076,72.8777,Mumbai,26.0,0.3,16.9,ERA5_REANALYSIS,REFERENCE_REANALYSIS
2024-07-16T16:00,19.076,72.8777,Mumbai,26.4,0.4,17.7,ERA5_REANALYSIS,REFERENCE_REANALYSIS
2024-07-16T17:00,19.076,72.8777,Mumbai,26.6,0.1,17.1,ERA5_REANALYSIS,REFERENCE_REANALYSIS
2024-07-16T18:00,19.076,72.8777,Mumbai,26.6,0.1,17.9,ERA5_REANALYSIS,REFERENCE_REANALYSIS
2024-07-16T19:00,19.076,72.8777,Mumbai,26.6,0.2,17.1,ERA5_REANALYSIS,REFERENCE_REANALYSIS
2024-07-16T20:00,19.076,72.8777,Mumbai,26.0,0.5,19.5,ERA5_REANALYSIS,REFERENCE_REANALYSIS
2024-07-16T21:00,19.076,72.8777,Mumbai,26.4,0.9,16.0,ERA5_REANALYSIS,REFERENCE_REANALYSIS
2024-07-16T22:00,19.076,72.8777,Mumbai,26.3,0.1,18.9,ERA5_REANALYSIS,REFERENCE_REANALYSIS
2024-07-16T23:00,19.076,72.8777,Mumbai,26.2,0.2,17.6,ERA5_REANALYSIS,REFERENCE_REANALYSIS
2024-07-17T00:00,19.076,72.8777,Mumbai,26.1,0.3,17.3,ERA5_REANALYSIS,REFERENCE_REANALYSIS
2024-07-17T01:00,19.076,72.8777,Mumbai,26.2,0.2,15.3,ERA5_REANALYSIS,REFERENCE_REANALYSIS
2024-07-17T02:00,19.076,72.8777,Mumbai,26.5,0.2,15.5,ERA5_REANALYSIS,REFERENCE_REANALYSIS
2024-07-17T03:00,19.076,72.8777,Mumbai,27.0,0.2,12.9,ERA5_REANALYSIS,REFERENCE_REANALYSIS
2024-07-17T04:00,19.076,72.8777,Mumbai,27.3,1.1,12.2,ERA5_REANALYSIS,REFERENCE_REANALYSIS
2024-07-17T05:00,19.076,72.8777,Mumbai,26.5,6.7,20.5,ERA5_REANALYSIS,REFERENCE_REANALYSIS
2024-07-17T06:00,19.076,72.8777,Mumbai,27.7,0.7,18.4,ERA5_REANALYSIS,REFERENCE_REANALYSIS
2024-07-17T07:00,19.076,72.8777,Mumbai,27.7,3.3,19.0,ERA5_REANALYSIS,REFERENCE_REANALYSIS
2024-07-17T08:00,19.076,72.8777,Mumbai,27.7,2.7,22.2,ERA5_REANALYSIS,REFERENCE_REANALYSIS
2024-07-17T09:00,19.076,72.8777,Mumbai,27.2,4.3,23.9,ERA5_REANALYSIS,REFERENCE_REANALYSIS
2024-07-17T10:00,19.076,72.8777,Mumbai,26.4,3.2,22.3,ERA5_REANALYSIS,REFERENCE_REANALYSIS
2024-07-17T11:00,19.076,72.8777,Mumbai,26.7,2.3,20.3,ERA5_REANALYSIS,REFERENCE_REANALYSIS
2024-07-17T12:00,19.076,72.8777,Mumbai,26.2,2.6,20.7,ERA5_REANALYSIS,REFERENCE_REANALYSIS
2024-07-17T13:00,19.076,72.8777,Mumbai,26.5,0.7,13.8,ERA5_REANALYSIS,REFERENCE_REANALYSIS
2024-07-17T14:00,19.076,72.8777,Mumbai,26.2,2.1,15.4,ERA5_REANALYSIS,REFERENCE_REANALYSIS
2024-07-17T15:00,19.076,72.8777,Mumbai,26.1,1.2,17.3,ERA5_REANALYSIS,REFERENCE_REANALYSIS
2024-07-17T16:00,19.076,72.8777,Mumbai,25.8,9.2,14.2,ERA5_REANALYSIS,REFERENCE_REANALYSIS
2024-07-17T17:00,19.076,72.8777,Mumbai,26.1,1.4,17.6,ERA5_REANALYSIS,REFERENCE_REANALYSIS
2024-07-17T18:00,19.076,72.8777,Mumbai,26.3,1.0,20.1,ERA5_REANALYSIS,REFERENCE_REANALYSIS
2024-07-17T19:00,19.076,72.8777,Mumbai,26.2,0.8,19.9,ERA5_REANALYSIS,REFERENCE_REANALYSIS
2024-07-17T20:00,19.076,72.8777,Mumbai,26.2,2.3,19.5,ERA5_REANALYSIS,REFERENCE_REANALYSIS
2024-07-17T21:00,19.076,72.8777,Mumbai,26.0,1.3,19.7,ERA5_REANALYSIS,REFERENCE_REANALYSIS
2024-07-17T22:00,19.076,72.8777,Mumbai,26.1,0.4,17.9,ERA5_REANALYSIS,REFERENCE_REANALYSIS
2024-07-17T23:00,19.076,72.8777,Mumbai,26.0,1.5,20.9,ERA5_REANALYSIS,REFERENCE_REANALYSIS
2024-07-18T00:00,19.076,72.8777,Mumbai,26.0,1.1,20.1,ERA5_REANALYSIS,REFERENCE_REANALYSIS
2024-07-18T01:00,19.076,72.8777,Mumbai,25.9,8.0,12.8,ERA5_REANALYSIS,REFERENCE_REANALYSIS
2024-07-18T02:00,19.076,72.8777,Mumbai,26.3,7.2,16.6,ERA5_REANALYSIS,REFERENCE_REANALYSIS
2024-07-18T03:00,19.076,72.8777,Mumbai,26.0,5.1,19.1,ERA5_REANALYSIS,REFERENCE_REANALYSIS
2024-07-18T04:00,19.076,72.8777,Mumbai,25.9,4.1,17.7,ERA5_REANALYSIS,REFERENCE_REANALYSIS
2024-07-18T05:00,19.076,72.8777,Mumbai,26.9,1.7,16.6,ERA5_REANALYSIS,REFERENCE_REANALYSIS
2024-07-18T06:00,19.076,72.8777,Mumbai,26.4,3.9,21.2,ERA5_REANALYSIS,REFERENCE_REANALYSIS
2024-07-18T07:00,19.076,72.8777,Mumbai,26.7,3.7,21.7,ERA5_REANALYSIS,REFERENCE_REANALYSIS
2024-07-18T08:00,19.076,72.8777,Mumbai,27.5,1.7,22.2,ERA5_REANALYSIS,REFERENCE_REANALYSIS
2024-07-18T09:00,19.076,72.8777,Mumbai,26.9,2.0,22.5,ERA5_REANALYSIS,REFERENCE_REANALYSIS
2024-07-18T10:00,19.076,72.8777,Mumbai,28.1,0.2,26.4,ERA5_REANALYSIS,REFERENCE_REANALYSIS
2024-07-18T11:00,19.076,72.8777,Mumbai,27.9,1.0,25.9,ERA5_REANALYSIS,REFERENCE_REANALYSIS
2024-07-18T12:00,19.076,72.8777,Mumbai,26.6,1.1,22.7,ERA5_REANALYSIS,REFERENCE_REANALYSIS
2024-07-18T13:00,19.076,72.8777,Mumbai,26.5,2.1,20.8,ERA5_REANALYSIS,REFERENCE_REANALYSIS
2024-07-18T14:00,19.076,72.8777,Mumbai,26.1,2.7,20.1,ERA5_REANALYSIS,REFERENCE_REANALYSIS
2024-07-18T15:00,19.076,72.8777,Mumbai,25.8,1.7,18.3,ERA5_REANALYSIS,REFERENCE_REANALYSIS
2024-07-18T16:00,19.076,72.8777,Mumbai,25.7,2.9,18.5,ERA5_REANALYSIS,REFERENCE_REANALYSIS
2024-07-18T17:00,19.076,72.8777,Mumbai,26.2,0.4,18.4,ERA5_REANALYSIS,REFERENCE_REANALYSIS
2024-07-18T18:00,19.076,72.8777,Mumbai,25.8,0.7,20.1,ERA5_REANALYSIS,REFERENCE_REANALYSIS
2024-07-18T19:00,19.076,72.8777,Mumbai,25.7,1.1,19.8,ERA5_REANALYSIS,REFERENCE_REANALYSIS
2024-07-18T20:00,19.076,72.8777,Mumbai,25.9,0.9,21.3,ERA5_REANALYSIS,REFERENCE_REANALYSIS
2024-07-18T21:00,19.076,72.8777,Mumbai,25.7,1.2,20.5,ERA5_REANALYSIS,REFERENCE_REANALYSIS
2024-07-18T22:00,19.076,72.8777,Mumbai,26.2,0.4,23.4,ERA5_REANALYSIS,REFERENCE_REANALYSIS
2024-07-18T23:00,19.076,72.8777,Mumbai,26.1,0.2,21.3,ERA5_REANALYSIS,REFERENCE_REANALYSIS
2024-07-19T00:00,19.076,72.8777,Mumbai,26.0,0.6,21.7,ERA5_REANALYSIS,REFERENCE_REANALYSIS
2024-07-19T01:00,19.076,72.8777,Mumbai,26.5,5.6,21.6,ERA5_REANALYSIS,REFERENCE_REANALYSIS
2024-07-19T02:00,19.076,72.8777,Mumbai,26.3,5.8,21.4,ERA5_REANALYSIS,REFERENCE_REANALYSIS
2024-07-19T03:00,19.076,72.8777,Mumbai,25.8,3.3,24.8,ERA5_REANALYSIS,REFERENCE_REANALYSIS
2024-07-19T04:00,19.076,72.8777,Mumbai,26.0,2.9,22.1,ERA5_REANALYSIS,REFERENCE_REANALYSIS
2024-07-19T05:00,19.076,72.8777,Mumbai,26.1,2.6,22.5,ERA5_REANALYSIS,REFERENCE_REANALYSIS
2024-07-19T06:00,19.076,72.8777,Mumbai,26.5,1.6,22.7,ERA5_REANALYSIS,REFERENCE_REANALYSIS
2024-07-19T07:00,19.076,72.8777,Mumbai,27.3,0.5,24.3,ERA5_REANALYSIS,REFERENCE_REANALYSIS
2024-07-19T08:00,19.076,72.8777,Mumbai,27.3,0.6,25.9,ERA5_REANALYSIS,REFERENCE_REANALYSIS
2024-07-19T09:00,19.076,72.8777,Mumbai,27.2,2.1,26.9,ERA5_REANALYSIS,REFERENCE_REANALYSIS
2024-07-19T10:00,19.076,72.8777,Mumbai,26.5,1.4,24.9,ERA5_REANALYSIS,REFERENCE_REANALYSIS
2024-07-19T11:00,19.076,72.8777,Mumbai,26.6,1.1,25.6,ERA5_REANALYSIS,REFERENCE_REANALYSIS
2024-07-19T12:00,19.076,72.8777,Mumbai,26.6,0.8,24.7,ERA5_REANALYSIS,REFERENCE_REANALYSIS
2024-07-19T13:00,19.076,72.8777,Mumbai,25.9,2.0,21.1,ERA5_REANALYSIS,REFERENCE_REANALYSIS
2024-07-19T14:00,19.076,72.8777,Mumbai,25.8,1.8,23.1,ERA5_REANALYSIS,REFERENCE_REANALYSIS
2024-07-19T15:00,19.076,72.8777,Mumbai,25.9,2.6,21.7,ERA5_REANALYSIS,REFERENCE_REANALYSIS
2024-07-19T16:00,19.076,72.8777,Mumbai,26.0,3.6,19.1,ERA5_REANALYSIS,REFERENCE_REANALYSIS
2024-07-19T17:00,19.076,72.8777,Mumbai,26.2,3.4,15.3,ERA5_REANALYSIS,REFERENCE_REANALYSIS
2024-07-19T18:00,19.076,72.8777,Mumbai,26.3,2.2,12.1,ERA5_REANALYSIS,REFERENCE_REANALYSIS
2024-07-19T19:00,19.076,72.8777,Mumbai,26.2,0.6,15.8,ERA5_REANALYSIS,REFERENCE_REANALYSIS
2024-07-19T20:00,19.076,72.8777,Mumbai,26.2,0.6,17.9,ERA5_REANALYSIS,REFERENCE_REANALYSIS
2024-07-19T21:00,19.076,72.8777,Mumbai,26.4,1.2,17.1,ERA5_REANALYSIS,REFERENCE_REANALYSIS
2024-07-19T22:00,19.076,72.8777,Mumbai,26.3,0.5,17.9,ERA5_REANALYSIS,REFERENCE_REANALYSIS
2024-07-19T23:00,19.076,72.8777,Mumbai,25.9,0.7,21.4,ERA5_REANALYSIS,REFERENCE_REANALYSIS
2024-07-20T00:00,19.076,72.8777,Mumbai,26.2,1.5,22.3,ERA5_REANALYSIS,REFERENCE_REANALYSIS
2024-07-20T01:00,19.076,72.8777,Mumbai,26.0,6.0,26.1,ERA5_REANALYSIS,REFERENCE_REANALYSIS
2024-07-20T02:00,19.076,72.8777,Mumbai,25.9,13.7,22.5,ERA5_REANALYSIS,REFERENCE_REANALYSIS
2024-07-20T03:00,19.076,72.8777,Mumbai,26.0,11.4,23.0,ERA5_REANALYSIS,REFERENCE_REANALYSIS
2024-07-20T04:00,19.076,72.8777,Mumbai,26.3,9.0,26.3,ERA5_REANALYSIS,REFERENCE_REANALYSIS
2024-07-20T05:00,19.076,72.8777,Mumbai,26.1,7.6,26.0,ERA5_REANALYSIS,REFERENCE_REANALYSIS
2024-07-20T06:00,19.076,72.8777,Mumbai,25.9,7.8,27.0,ERA5_REANALYSIS,REFERENCE_REANALYSIS
2024-07-20T07:00,19.076,72.8777,Mumbai,26.1,5.2,23.7,ERA5_REANALYSIS,REFERENCE_REANALYSIS
2024-07-20T08:00,19.076,72.8777,Mumbai,26.4,1.8,24.2,ERA5_REANALYSIS,REFERENCE_REANALYSIS
2024-07-20T09:00,19.076,72.8777,Mumbai,27.2,0.7,24.2,ERA5_REANALYSIS,REFERENCE_REANALYSIS
2024-07-20T10:00,19.076,72.8777,Mumbai,27.7,0.4,27.5,ERA5_REANALYSIS,REFERENCE_REANALYSIS
2024-07-20T11:00,19.076,72.8777,Mumbai,26.9,0.5,27.1,ERA5_REANALYSIS,REFERENCE_REANALYSIS
2024-07-20T12:00,19.076,72.8777,Mumbai,27.1,0.2,24.2,ERA5_REANALYSIS,REFERENCE_REANALYSIS
2024-07-20T13:00,19.076,72.8777,Mumbai,26.1,4.4,22.2,ERA5_REANALYSIS,REFERENCE_REANALYSIS
2024-07-20T14:00,19.076,72.8777,Mumbai,25.9,4.1,20.0,ERA5_REANALYSIS,REFERENCE_REANALYSIS
2024-07-20T15:00,19.076,72.8777,Mumbai,25.9,3.2,22.2,ERA5_REANALYSIS,REFERENCE_REANALYSIS
2024-07-20T16:00,19.076,72.8777,Mumbai,26.0,2.0,20.5,ERA5_REANALYSIS,REFERENCE_REANALYSIS
2024-07-20T17:00,19.076,72.8777,Mumbai,25.9,2.3,22.9,ERA5_REANALYSIS,REFERENCE_REANALYSIS
2024-07-20T18:00,19.076,72.8777,Mumbai,26.1,1.6,23.7,ERA5_REANALYSIS,REFERENCE_REANALYSIS
2024-07-20T19:00,19.076,72.8777,Mumbai,26.1,1.9,22.4,ERA5_REANALYSIS,REFERENCE_REANALYSIS
2024-07-20T20:00,19.076,72.8777,Mumbai,26.1,0.7,22.7,ERA5_REANALYSIS,REFERENCE_REANALYSIS
2024-07-20T21:00,19.076,72.8777,Mumbai,25.9,0.8,23.3,ERA5_REANALYSIS,REFERENCE_REANALYSIS
2024-07-20T22:00,19.076,72.8777,Mumbai,26.2,0.4,23.9,ERA5_REANALYSIS,REFERENCE_REANALYSIS
2024-07-20T23:00,19.076,72.8777,Mumbai,25.9,2.4,23.2,ERA5_REANALYSIS,REFERENCE_REANALYSIS
2024-07-21T00:00,19.076,72.8777,Mumbai,26.4,0.5,23.8,ERA5_REANALYSIS,REFERENCE_REANALYSIS
2024-07-21T01:00,19.076,72.8777,Mumbai,26.2,3.3,21.3,ERA5_REANALYSIS,REFERENCE_REANALYSIS
2024-07-21T02:00,19.076,72.8777,Mumbai,26.3,3.3,19.5,ERA5_REANALYSIS,REFERENCE_REANALYSIS
2024-07-21T03:00,19.076,72.8777,Mumbai,26.4,2.7,19.7,ERA5_REANALYSIS,REFERENCE_REANALYSIS
2024-07-21T04:00,19.076,72.8777,Mumbai,26.6,3.4,21.9,ERA5_REANALYSIS,REFERENCE_REANALYSIS
2024-07-21T05:00,19.076,72.8777,Mumbai,27.1,1.5,23.3,ERA5_REANALYSIS,REFERENCE_REANALYSIS
2024-07-21T06:00,19.076,72.8777,Mumbai,27.0,2.0,22.5,ERA5_REANALYSIS,REFERENCE_REANALYSIS
2024-07-21T07:00,19.076,72.8777,Mumbai,26.8,4.0,25.0,ERA5_REANALYSIS,REFERENCE_REANALYSIS
2024-07-21T08:00,19.076,72.8777,Mumbai,26.7,2.9,24.3,ERA5_REANALYSIS,REFERENCE_REANALYSIS
2024-07-21T09:00,19.076,72.8777,Mumbai,26.4,6.6,27.2,ERA5_REANALYSIS,REFERENCE_REANALYSIS
2024-07-21T10:00,19.076,72.8777,Mumbai,26.5,4.3,26.5,ERA5_REANALYSIS,REFERENCE_REANALYSIS
2024-07-21T11:00,19.076,72.8777,Mumbai,26.6,2.8,26.7,ERA5_REANALYSIS,REFERENCE_REANALYSIS
2024-07-21T12:00,19.076,72.8777,Mumbai,26.5,2.3,24.2,ERA5_REANALYSIS,REFERENCE_REANALYSIS
2024-07-21T13:00,19.076,72.8777,Mumbai,26.5,0.3,19.7,ERA5_REANALYSIS,REFERENCE_REANALYSIS
2024-07-21T14:00,19.076,72.8777,Mumbai,26.3,0.7,20.0,ERA5_REANALYSIS,REFERENCE_REANALYSIS
2024-07-21T15:00,19.076,72.8777,Mumbai,26.3,0.1,20.8,ERA5_REANALYSIS,REFERENCE_REANALYSIS
2024-07-21T16:00,19.076,72.8777,Mumbai,26.7,0.2,22.0,ERA5_REANALYSIS,REFERENCE_REANALYSIS
2024-07-21T17:00,19.076,72.8777,Mumbai,26.1,1.1,21.0,ERA5_REANALYSIS,REFERENCE_REANALYSIS
2024-07-21T18:00,19.076,72.8777,Mumbai,26.2,0.7,19.8,ERA5_REANALYSIS,REFERENCE_REANALYSIS
2024-07-21T19:00,19.076,72.8777,Mumbai,25.7,0.6,22.7,ERA5_REANALYSIS,REFERENCE_REANALYSIS
2024-07-21T20:00,19.076,72.8777,Mumbai,26.2,1.0,20.7,ERA5_REANALYSIS,REFERENCE_REANALYSIS
2024-07-21T21:00,19.076,72.8777,Mumbai,25.9,1.4,24.0,ERA5_REANALYSIS,REFERENCE_REANALYSIS
2024-07-21T22:00,19.076,72.8777,Mumbai,26.0,1.3,19.7,ERA5_REANALYSIS,REFERENCE_REANALYSIS
2024-07-21T23:00,19.076,72.8777,Mumbai,25.8,1.1,19.2,ERA5_REANALYSIS,REFERENCE_REANALYSIS
2024-07-22T00:00,19.076,72.8777,Mumbai,26.1,1.7,23.5,ERA5_REANALYSIS,REFERENCE_REANALYSIS
2024-07-22T01:00,19.076,72.8777,Mumbai,26.2,5.3,24.7,ERA5_REANALYSIS,REFERENCE_REANALYSIS
2024-07-22T02:00,19.076,72.8777,Mumbai,26.1,4.5,23.2,ERA5_REANALYSIS,REFERENCE_REANALYSIS
2024-07-22T03:00,19.076,72.8777,Mumbai,26.2,3.3,20.8,ERA5_REANALYSIS,REFERENCE_REANALYSIS
2024-07-22T04:00,19.076,72.8777,Mumbai,26.3,2.9,19.6,ERA5_REANALYSIS,REFERENCE_REANALYSIS
2024-07-22T05:00,19.076,72.8777,Mumbai,26.4,2.0,24.1,ERA5_REANALYSIS,REFERENCE_REANALYSIS
2024-07-22T06:00,19.076,72.8777,Mumbai,26.5,3.3,25.4,ERA5_REANALYSIS,REFERENCE_REANALYSIS
2024-07-22T07:00,19.076,72.8777,Mumbai,26.8,1.7,24.7,ERA5_REANALYSIS,REFERENCE_REANALYSIS
2024-07-22T08:00,19.076,72.8777,Mumbai,26.9,2.6,24.6,ERA5_REANALYSIS,REFERENCE_REANALYSIS
2024-07-22T09:00,19.076,72.8777,Mumbai,26.4,1.7,25.1,ERA5_REANALYSIS,REFERENCE_REANALYSIS
2024-07-22T10:00,19.076,72.8777,Mumbai,26.2,2.2,28.1,ERA5_REANALYSIS,REFERENCE_REANALYSIS
2024-07-22T11:00,19.076,72.8777,Mumbai,26.7,2.1,25.4,ERA5_REANALYSIS,REFERENCE_REANALYSIS
2024-07-22T12:00,19.076,72.8777,Mumbai,26.7,1.8,27.9,ERA5_REANALYSIS,REFERENCE_REANALYSIS
2024-07-22T13:00,19.076,72.8777,Mumbai,26.1,4.3,24.2,ERA5_REANALYSIS,REFERENCE_REANALYSIS
2024-07-22T14:00,19.076,72.8777,Mumbai,26.5,1.8,24.4,ERA5_REANALYSIS,REFERENCE_REANALYSIS
2024-07-22T15:00,19.076,72.8777,Mumbai,26.4,2.7,24.0,ERA5_REANALYSIS,REFERENCE_REANALYSIS
2024-07-22T16:00,19.076,72.8777,Mumbai,26.1,1.9,27.3,ERA5_REANALYSIS,REFERENCE_REANALYSIS
2024-07-22T17:00,19.076,72.8777,Mumbai,26.2,2.1,25.3,ERA5_REANALYSIS,REFERENCE_REANALYSIS
2024-07-22T18:00,19.076,72.8777,Mumbai,26.2,1.4,24.5,ERA5_REANALYSIS,REFERENCE_REANALYSIS
2024-07-22T19:00,19.076,72.8777,Mumbai,26.0,1.6,27.1,ERA5_REANALYSIS,REFERENCE_REANALYSIS
2024-07-22T20:00,19.076,72.8777,Mumbai,26.1,1.7,27.2,ERA5_REANALYSIS,REFERENCE_REANALYSIS
2024-07-22T21:00,19.076,72.8777,Mumbai,26.1,1.5,26.7,ERA5_REANALYSIS,REFERENCE_REANALYSIS
2024-07-22T22:00,19.076,72.8777,Mumbai,25.9,1.7,27.5,ERA5_REANALYSIS,REFERENCE_REANALYSIS
2024-07-22T23:00,19.076,72.8777,Mumbai,26.2,1.3,25.1,ERA5_REANALYSIS,REFERENCE_REANALYSIS
2024-07-23T00:00,19.076,72.8777,Mumbai,26.5,1.1,23.5,ERA5_REANALYSIS,REFERENCE_REANALYSIS
2024-07-23T01:00,19.076,72.8777,Mumbai,26.3,1.8,22.7,ERA5_REANALYSIS,REFERENCE_REANALYSIS
2024-07-23T02:00,19.076,72.8777,Mumbai,26.1,1.6,24.3,ERA5_REANALYSIS,REFERENCE_REANALYSIS
2024-07-23T03:00,19.076,72.8777,Mumbai,26.1,1.2,23.7,ERA5_REANALYSIS,REFERENCE_REANALYSIS
2024-07-23T04:00,19.076,72.8777,Mumbai,26.6,0.7,22.7,ERA5_REANALYSIS,REFERENCE_REANALYSIS
2024-07-23T05:00,19.076,72.8777,Mumbai,26.3,2.1,21.9,ERA5_REANALYSIS,REFERENCE_REANALYSIS
2024-07-23T06:00,19.076,72.8777,Mumbai,26.3,2.0,23.4,ERA5_REANALYSIS,REFERENCE_REANALYSIS
2024-07-23T07:00,19.076,72.8777,Mumbai,26.1,2.4,26.6,ERA5_REANALYSIS,REFERENCE_REANALYSIS
2024-07-23T08:00,19.076,72.8777,Mumbai,26.4,1.2,24.1,ERA5_REANALYSIS,REFERENCE_REANALYSIS
2024-07-23T09:00,19.076,72.8777,Mumbai,26.5,2.0,22.9,ERA5_REANALYSIS,REFERENCE_REANALYSIS
2024-07-23T10:00,19.076,72.8777,Mumbai,26.3,2.6,27.8,ERA5_REANALYSIS,REFERENCE_REANALYSIS
2024-07-23T11:00,19.076,72.8777,Mumbai,26.2,2.5,28.4,ERA5_REANALYSIS,REFERENCE_REANALYSIS
2024-07-23T12:00,19.076,72.8777,Mumbai,26.3,0.9,27.6,ERA5_REANALYSIS,REFERENCE_REANALYSIS
2024-07-23T13:00,19.076,72.8777,Mumbai,26.3,3.5,29.0,ERA5_REANALYSIS,REFERENCE_REANALYSIS
2024-07-23T14:00,19.076,72.8777,Mumbai,26.1,2.2,25.6,ERA5_REANALYSIS,REFERENCE_REANALYSIS
2024-07-23T15:00,19.076,72.8777,Mumbai,26.0,1.8,25.1,ERA5_REANALYSIS,REFERENCE_REANALYSIS
2024-07-23T16:00,19.076,72.8777,Mumbai,26.5,1.4,25.1,ERA5_REANALYSIS,REFERENCE_REANALYSIS
2024-07-23T17:00,19.076,72.8777,Mumbai,25.5,2.5,25.4,ERA5_REANALYSIS,REFERENCE_REANALYSIS
2024-07-23T18:00,19.076,72.8777,Mumbai,26.3,0.8,24.7,ERA5_REANALYSIS,REFERENCE_REANALYSIS
2024-07-23T19:00,19.076,72.8777,Mumbai,25.9,0.8,27.2,ERA5_REANALYSIS,REFERENCE_REANALYSIS
2024-07-23T20:00,19.076,72.8777,Mumbai,26.2,1.2,24.7,ERA5_REANALYSIS,REFERENCE_REANALYSIS
2024-07-23T21:00,19.076,72.8777,Mumbai,25.7,1.3,27.5,ERA5_REANALYSIS,REFERENCE_REANALYSIS
2024-07-23T22:00,19.076,72.8777,Mumbai,25.5,1.5,24.0,ERA5_REANALYSIS,REFERENCE_REANALYSIS
2024-07-23T23:00,19.076,72.8777,Mumbai,25.8,1.2,27.5,ERA5_REANALYSIS,REFERENCE_REANALYSIS
2024-07-24T00:00,19.076,72.8777,Mumbai,26.0,2.5,24.6,ERA5_REANALYSIS,REFERENCE_REANALYSIS
2024-07-24T01:00,19.076,72.8777,Mumbai,25.8,2.2,24.8,ERA5_REANALYSIS,REFERENCE_REANALYSIS
2024-07-24T02:00,19.076,72.8777,Mumbai,25.8,5.7,25.4,ERA5_REANALYSIS,REFERENCE_REANALYSIS
2024-07-24T03:00,19.076,72.8777,Mumbai,26.0,5.3,24.3,ERA5_REANALYSIS,REFERENCE_REANALYSIS
2024-07-24T04:00,19.076,72.8777,Mumbai,25.8,4.1,26.5,ERA5_REANALYSIS,REFERENCE_REANALYSIS
2024-07-24T05:00,19.076,72.8777,Mumbai,26.1,2.1,31.7,ERA5_REANALYSIS,REFERENCE_REANALYSIS
2024-07-24T06:00,19.076,72.8777,Mumbai,26.2,2.0,28.2,ERA5_REANALYSIS,REFERENCE_REANALYSIS
2024-07-24T07:00,19.076,72.8777,Mumbai,27.0,1.8,28.0,ERA5_REANALYSIS,REFERENCE_REANALYSIS
2024-07-24T08:00,19.076,72.8777,Mumbai,26.7,3.4,28.6,ERA5_REANALYSIS,REFERENCE_REANALYSIS
2024-07-24T09:00,19.076,72.8777,Mumbai,26.6,2.3,26.0,ERA5_REANALYSIS,REFERENCE_REANALYSIS
2024-07-24T10:00,19.076,72.8777,Mumbai,26.6,2.4,28.6,ERA5_REANALYSIS,REFERENCE_REANALYSIS
2024-07-24T11:00,19.076,72.8777,Mumbai,26.8,1.3,26.9,ERA5_REANALYSIS,REFERENCE_REANALYSIS
2024-07-24T12:00,19.076,72.8777,Mumbai,26.7,0.5,25.2,ERA5_REANALYSIS,REFERENCE_REANALYSIS
2024-07-24T13:00,19.076,72.8777,Mumbai,26.4,0.8,31.7,ERA5_REANALYSIS,REFERENCE_REANALYSIS
2024-07-24T14:00,19.076,72.8777,Mumbai,26.5,1.2,29.5,ERA5_REANALYSIS,REFERENCE_REANALYSIS
2024-07-24T15:00,19.076,72.8777,Mumbai,26.5,1.3,32.4,ERA5_REANALYSIS,REFERENCE_REANALYSIS
2024-07-24T16:00,19.076,72.8777,Mumbai,26.4,1.6,31.7,ERA5_REANALYSIS,REFERENCE_REANALYSIS
2024-07-24T17:00,19.076,72.8777,Mumbai,26.4,3.2,29.5,ERA5_REANALYSIS,REFERENCE_REANALYSIS
2024-07-24T18:00,19.076,72.8777,Mumbai,26.2,4.7,29.1,ERA5_REANALYSIS,REFERENCE_REANALYSIS
2024-07-24T19:00,19.076,72.8777,Mumbai,26.1,2.2,25.0,ERA5_REANALYSIS,REFERENCE_REANALYSIS
2024-07-24T20:00,19.076,72.8777,Mumbai,25.9,1.1,25.5,ERA5_REANALYSIS,REFERENCE_REANALYSIS
2024-07-24T21:00,19.076,72.8777,Mumbai,26.1,2.9,26.6,ERA5_REANALYSIS,REFERENCE_REANALYSIS
2024-07-24T22:00,19.076,72.8777,Mumbai,26.1,2.0,25.8,ERA5_REANALYSIS,REFERENCE_REANALYSIS
2024-07-24T23:00,19.076,72.8777,Mumbai,26.0,3.2,26.0,ERA5_REANALYSIS,REFERENCE_REANALYSIS
2024-07-25T00:00,19.076,72.8777,Mumbai,25.9,5.1,25.9,ERA5_REANALYSIS,REFERENCE_REANALYSIS
2024-07-25T01:00,19.076,72.8777,Mumbai,25.9,9.4,27.6,ERA5_REANALYSIS,REFERENCE_REANALYSIS
2024-07-25T02:00,19.076,72.8777,Mumbai,25.9,10.7,30.1,ERA5_REANALYSIS,REFERENCE_REANALYSIS
2024-07-25T03:00,19.076,72.8777,Mumbai,25.9,7.7,26.5,ERA5_REANALYSIS,REFERENCE_REANALYSIS
2024-07-25T04:00,19.076,72.8777,Mumbai,25.7,4.1,24.2,ERA5_REANALYSIS,REFERENCE_REANALYSIS
2024-07-25T05:00,19.076,72.8777,Mumbai,25.9,3.7,25.6,ERA5_REANALYSIS,REFERENCE_REANALYSIS
2024-07-25T06:00,19.076,72.8777,Mumbai,25.9,4.5,24.9,ERA5_REANALYSIS,REFERENCE_REANALYSIS
2024-07-25T07:00,19.076,72.8777,Mumbai,26.2,2.2,27.8,ERA5_REANALYSIS,REFERENCE_REANALYSIS
2024-07-25T08:00,19.076,72.8777,Mumbai,27.0,1.1,29.2,ERA5_REANALYSIS,REFERENCE_REANALYSIS
2024-07-25T09:00,19.076,72.8777,Mumbai,26.4,0.9,26.5,ERA5_REANALYSIS,REFERENCE_REANALYSIS
2024-07-25T10:00,19.076,72.8777,Mumbai,27.4,0.3,28.2,ERA5_REANALYSIS,REFERENCE_REANALYSIS
2024-07-25T11:00,19.076,72.8777,Mumbai,27.3,0.8,29.2,ERA5_REANALYSIS,REFERENCE_REANALYSIS
2024-07-25T12:00,19.076,72.8777,Mumbai,27.1,0.7,27.8,ERA5_REANALYSIS,REFERENCE_REANALYSIS
2024-07-25T13:00,19.076,72.8777,Mumbai,26.2,4.7,33.6,ERA5_REANALYSIS,REFERENCE_REANALYSIS
2024-07-25T14:00,19.076,72.8777,Mumbai,26.3,1.5,27.4,ERA5_REANALYSIS,REFERENCE_REANALYSIS
2024-07-25T15:00,19.076,72.8777,Mumbai,26.2,1.2,25.5,ERA5_REANALYSIS,REFERENCE_REANALYSIS
2024-07-25T16:00,19.076,72.8777,Mumbai,26.4,1.3,25.3,ERA5_REANALYSIS,REFERENCE_REANALYSIS
2024-07-25T17:00,19.076,72.8777,Mumbai,26.2,1.2,25.7,ERA5_REANALYSIS,REFERENCE_REANALYSIS
2024-07-25T18:00,19.076,72.8777,Mumbai,25.1,1.7,24.8,ERA5_REANALYSIS,REFERENCE_REANALYSIS
2024-07-25T19:00,19.076,72.8777,Mumbai,25.6,1.9,18.3,ERA5_REANALYSIS,REFERENCE_REANALYSIS
2024-07-25T20:00,19.076,72.8777,Mumbai,25.5,0.7,24.6,ERA5_REANALYSIS,REFERENCE_REANALYSIS
2024-07-25T21:00,19.076,72.8777,Mumbai,26.6,0.9,20.6,ERA5_REANALYSIS,REFERENCE_REANALYSIS
2024-07-25T22:00,19.076,72.8777,Mumbai,25.6,1.9,21.4,ERA5_REANALYSIS,REFERENCE_REANALYSIS
2024-07-25T23:00,19.076,72.8777,Mumbai,26.2,0.5,22.7,ERA5_REANALYSIS,REFERENCE_REANALYSIS
2024-06-15T00:00,13.0827,80.2707,Chennai,27.9,0.0,13.2,ERA5_REANALYSIS,REFERENCE_REANALYSIS
2024-06-15T01:00,13.0827,80.2707,Chennai,28.4,0.1,15.1,ERA5_REANALYSIS,REFERENCE_REANALYSIS
2024-06-15T02:00,13.0827,80.2707,Chennai,27.2,1.9,10.0,ERA5_REANALYSIS,REFERENCE_REANALYSIS
2024-06-15T03:00,13.0827,80.2707,Chennai,28.8,0.0,10.4,ERA5_REANALYSIS,REFERENCE_REANALYSIS
2024-06-15T04:00,13.0827,80.2707,Chennai,31.5,0.0,11.7,ERA5_REANALYSIS,REFERENCE_REANALYSIS
2024-06-15T05:00,13.0827,80.2707,Chennai,32.8,0.0,13.1,ERA5_REANALYSIS,REFERENCE_REANALYSIS
2024-06-15T06:00,13.0827,80.2707,Chennai,34.1,0.0,12.2,ERA5_REANALYSIS,REFERENCE_REANALYSIS
2024-06-15T07:00,13.0827,80.2707,Chennai,34.9,0.0,11.3,ERA5_REANALYSIS,REFERENCE_REANALYSIS
2024-06-15T08:00,13.0827,80.2707,Chennai,35.4,0.0,10.5,ERA5_REANALYSIS,REFERENCE_REANALYSIS
2024-06-15T09:00,13.0827,80.2707,Chennai,35.5,0.0,6.3,ERA5_REANALYSIS,REFERENCE_REANALYSIS
2024-06-15T10:00,13.0827,80.2707,Chennai,34.9,0.0,7.2,ERA5_REANALYSIS,REFERENCE_REANALYSIS
2024-06-15T11:00,13.0827,80.2707,Chennai,33.1,0.1,10.8,ERA5_REANALYSIS,REFERENCE_REANALYSIS
2024-06-15T12:00,13.0827,80.2707,Chennai,31.5,0.1,14.7,ERA5_REANALYSIS,REFERENCE_REANALYSIS
2024-06-15T13:00,13.0827,80.2707,Chennai,30.9,0.0,16.4,ERA5_REANALYSIS,REFERENCE_REANALYSIS
2024-06-15T14:00,13.0827,80.2707,Chennai,29.7,0.0,10.4,ERA5_REANALYSIS,REFERENCE_REANALYSIS
2024-06-15T15:00,13.0827,80.2707,Chennai,29.5,0.0,7.3,ERA5_REANALYSIS,REFERENCE_REANALYSIS
2024-06-15T16:00,13.0827,80.2707,Chennai,29.1,0.1,12.0,ERA5_REANALYSIS,REFERENCE_REANALYSIS
2024-06-15T17:00,13.0827,80.2707,Chennai,28.9,0.0,13.9,ERA5_REANALYSIS,REFERENCE_REANALYSIS
2024-06-15T18:00,13.0827,80.2707,Chennai,28.9,0.0,14.8,ERA5_REANALYSIS,REFERENCE_REANALYSIS
2024-06-15T19:00,13.0827,80.2707,Chennai,28.8,0.0,13.8,ERA5_REANALYSIS,REFERENCE_REANALYSIS
2024-06-15T20:00,13.0827,80.2707,Chennai,28.4,0.0,11.3,ERA5_REANALYSIS,REFERENCE_REANALYSIS
2024-06-15T21:00,13.0827,80.2707,Chennai,28.1,0.0,7.6,ERA5_REANALYSIS,REFERENCE_REANALYSIS
2024-06-15T22:00,13.0827,80.2707,Chennai,27.6,0.0,5.2,ERA5_REANALYSIS,REFERENCE_REANALYSIS
2024-06-15T23:00,13.0827,80.2707,Chennai,27.2,0.0,5.1,ERA5_REANALYSIS,REFERENCE_REANALYSIS
2024-06-16T00:00,13.0827,80.2707,Chennai,27.1,0.0,6.2,ERA5_REANALYSIS,REFERENCE_REANALYSIS
2024-06-16T01:00,13.0827,80.2707,Chennai,28.6,0.0,12.8,ERA5_REANALYSIS,REFERENCE_REANALYSIS
2024-06-16T02:00,13.0827,80.2707,Chennai,30.2,0.0,13.6,ERA5_REANALYSIS,REFERENCE_REANALYSIS
2024-06-16T03:00,13.0827,80.2707,Chennai,31.7,0.0,15.3,ERA5_REANALYSIS,REFERENCE_REANALYSIS
2024-06-16T04:00,13.0827,80.2707,Chennai,32.7,0.0,14.3,ERA5_REANALYSIS,REFERENCE_REANALYSIS
2024-06-16T05:00,13.0827,80.2707,Chennai,34.1,0.0,13.4,ERA5_REANALYSIS,REFERENCE_REANALYSIS
2024-06-16T06:00,13.0827,80.2707,Chennai,35.5,0.0,11.7,ERA5_REANALYSIS,REFERENCE_REANALYSIS
2024-06-16T07:00,13.0827,80.2707,Chennai,36.3,0.0,6.3,ERA5_REANALYSIS,REFERENCE_REANALYSIS
2024-06-16T08:00,13.0827,80.2707,Chennai,36.3,0.0,7.3,ERA5_REANALYSIS,REFERENCE_REANALYSIS
2024-06-16T09:00,13.0827,80.2707,Chennai,34.9,0.0,7.6,ERA5_REANALYSIS,REFERENCE_REANALYSIS
2024-06-16T10:00,13.0827,80.2707,Chennai,32.6,0.1,14.8,ERA5_REANALYSIS,REFERENCE_REANALYSIS
2024-06-16T11:00,13.0827,80.2707,Chennai,32.1,0.1,13.6,ERA5_REANALYSIS,REFERENCE_REANALYSIS
2024-06-16T12:00,13.0827,80.2707,Chennai,31.3,0.0,15.3,ERA5_REANALYSIS,REFERENCE_REANALYSIS
2024-06-16T13:00,13.0827,80.2707,Chennai,30.4,0.0,15.5,ERA5_REANALYSIS,REFERENCE_REANALYSIS
2024-06-16T14:00,13.0827,80.2707,Chennai,29.6,0.0,16.9,ERA5_REANALYSIS,REFERENCE_REANALYSIS
2024-06-16T15:00,13.0827,80.2707,Chennai,29.6,0.0,16.5,ERA5_REANALYSIS,REFERENCE_REANALYSIS
2024-06-16T16:00,13.0827,80.2707,Chennai,29.7,0.0,17.3,ERA5_REANALYSIS,REFERENCE_REANALYSIS
2024-06-16T17:00,13.0827,80.2707,Chennai,29.5,0.0,14.0,ERA5_REANALYSIS,REFERENCE_REANALYSIS
2024-06-16T18:00,13.0827,80.2707,Chennai,29.1,0.0,11.7,ERA5_REANALYSIS,REFERENCE_REANALYSIS
2024-06-16T19:00,13.0827,80.2707,Chennai,29.1,0.0,10.0,ERA5_REANALYSIS,REFERENCE_REANALYSIS
2024-06-16T20:00,13.0827,80.2707,Chennai,28.8,0.0,11.0,ERA5_REANALYSIS,REFERENCE_REANALYSIS
2024-06-16T21:00,13.0827,80.2707,Chennai,28.3,0.0,7.6,ERA5_REANALYSIS,REFERENCE_REANALYSIS
2024-06-16T22:00,13.0827,80.2707,Chennai,27.9,0.0,10.4,ERA5_REANALYSIS,REFERENCE_REANALYSIS
2024-06-16T23:00,13.0827,80.2707,Chennai,27.8,0.0,9.7,ERA5_REANALYSIS,REFERENCE_REANALYSIS
2024-06-17T00:00,13.0827,80.2707,Chennai,27.6,0.0,8.2,ERA5_REANALYSIS,REFERENCE_REANALYSIS
2024-06-17T01:00,13.0827,80.2707,Chennai,28.1,0.0,13.2,ERA5_REANALYSIS,REFERENCE_REANALYSIS
2024-06-17T02:00,13.0827,80.2707,Chennai,29.7,0.0,13.5,ERA5_REANALYSIS,REFERENCE_REANALYSIS
2024-06-17T03:00,13.0827,80.2707,Chennai,31.7,0.0,15.5,ERA5_REANALYSIS,REFERENCE_REANALYSIS
2024-06-17T04:00,13.0827,80.2707,Chennai,33.4,0.0,17.0,ERA5_REANALYSIS,REFERENCE_REANALYSIS
2024-06-17T05:00,13.0827,80.2707,Chennai,34.7,0.0,14.8,ERA5_REANALYSIS,REFERENCE_REANALYSIS
2024-06-17T06:00,13.0827,80.2707,Chennai,35.7,0.0,12.7,ERA5_REANALYSIS,REFERENCE_REANALYSIS
2024-06-17T07:00,13.0827,80.2707,Chennai,36.4,0.0,7.8,ERA5_REANALYSIS,REFERENCE_REANALYSIS
2024-06-17T08:00,13.0827,80.2707,Chennai,36.3,0.0,10.5,ERA5_REANALYSIS,REFERENCE_REANALYSIS
2024-06-17T09:00,13.0827,80.2707,Chennai,34.1,0.3,16.1,ERA5_REANALYSIS,REFERENCE_REANALYSIS
2024-06-17T10:00,13.0827,80.2707,Chennai,32.7,0.0,19.8,ERA5_REANALYSIS,REFERENCE_REANALYSIS
2024-06-17T11:00,13.0827,80.2707,Chennai,32.4,0.0,20.6,ERA5_REANALYSIS,REFERENCE_REANALYSIS
2024-06-17T12:00,13.0827,80.2707,Chennai,31.9,0.0,17.3,ERA5_REANALYSIS,REFERENCE_REANALYSIS
2024-06-17T13:00,13.0827,80.2707,Chennai,30.6,0.0,14.5,ERA5_REANALYSIS,REFERENCE_REANALYSIS
2024-06-17T14:00,13.0827,80.2707,Chennai,30.2,0.0,13.4,ERA5_REANALYSIS,REFERENCE_REANALYSIS
2024-06-17T15:00,13.0827,80.2707,Chennai,29.7,0.0,14.4,ERA5_REANALYSIS,REFERENCE_REANALYSIS
2024-06-17T16:00,13.0827,80.2707,Chennai,29.5,0.0,15.6,ERA5_REANALYSIS,REFERENCE_REANALYSIS
2024-06-17T17:00,13.0827,80.2707,Chennai,29.3,0.0,16.3,ERA5_REANALYSIS,REFERENCE_REANALYSIS
2024-06-17T18:00,13.0827,80.2707,Chennai,29.0,0.0,18.4,ERA5_REANALYSIS,REFERENCE_REANALYSIS
2024-06-17T19:00,13.0827,80.2707,Chennai,28.8,0.0,18.4,ERA5_REANALYSIS,REFERENCE_REANALYSIS
2024-06-17T20:00,13.0827,80.2707,Chennai,28.6,0.0,18.2,ERA5_REANALYSIS,REFERENCE_REANALYSIS
2024-06-17T21:00,13.0827,80.2707,Chennai,28.5,0.0,16.6,ERA5_REANALYSIS,REFERENCE_REANALYSIS
2024-06-17T22:00,13.0827,80.2707,Chennai,28.4,0.0,13.2,ERA5_REANALYSIS,REFERENCE_REANALYSIS
2024-06-17T23:00,13.0827,80.2707,Chennai,28.3,0.0,12.8,ERA5_REANALYSIS,REFERENCE_REANALYSIS
2024-06-18T00:00,13.0827,80.2707,Chennai,28.1,0.0,10.0,ERA5_REANALYSIS,REFERENCE_REANALYSIS
2024-06-18T01:00,13.0827,80.2707,Chennai,27.3,0.0,13.7,ERA5_REANALYSIS,REFERENCE_REANALYSIS
2024-06-18T02:00,13.0827,80.2707,Chennai,28.8,0.0,13.5,ERA5_REANALYSIS,REFERENCE_REANALYSIS
2024-06-18T03:00,13.0827,80.2707,Chennai,30.9,0.0,16.2,ERA5_REANALYSIS,REFERENCE_REANALYSIS
2024-06-18T04:00,13.0827,80.2707,Chennai,32.7,0.0,15.9,ERA5_REANALYSIS,REFERENCE_REANALYSIS
2024-06-18T05:00,13.0827,80.2707,Chennai,34.5,0.0,16.2,ERA5_REANALYSIS,REFERENCE_REANALYSIS
2024-06-18T06:00,13.0827,80.2707,Chennai,35.8,0.0,15.9,ERA5_REANALYSIS,REFERENCE_REANALYSIS
2024-06-18T07:00,13.0827,80.2707,Chennai,36.9,0.0,15.4,ERA5_REANALYSIS,REFERENCE_REANALYSIS
2024-06-18T08:00,13.0827,80.2707,Chennai,37.0,0.0,10.2,ERA5_REANALYSIS,REFERENCE_REANALYSIS
2024-06-18T09:00,13.0827,80.2707,Chennai,36.0,0.0,11.3,ERA5_REANALYSIS,REFERENCE_REANALYSIS
2024-06-18T10:00,13.0827,80.2707,Chennai,34.3,0.3,17.2,ERA5_REANALYSIS,REFERENCE_REANALYSIS
2024-06-18T11:00,13.0827,80.2707,Chennai,31.6,0.3,12.7,ERA5_REANALYSIS,REFERENCE_REANALYSIS
2024-06-18T12:00,13.0827,80.2707,Chennai,31.6,0.1,7.9,ERA5_REANALYSIS,REFERENCE_REANALYSIS
2024-06-18T13:00,13.0827,80.2707,Chennai,30.8,0.0,16.0,ERA5_REANALYSIS,REFERENCE_REANALYSIS
2024-06-18T14:00,13.0827,80.2707,Chennai,29.9,0.0,18.5,ERA5_REANALYSIS,REFERENCE_REANALYSIS
2024-06-18T15:00,13.0827,80.2707,Chennai,29.6,0.0,19.1,ERA5_REANALYSIS,REFERENCE_REANALYSIS
2024-06-18T16:00,13.0827,80.2707,Chennai,29.5,0.0,18.8,ERA5_REANALYSIS,REFERENCE_REANALYSIS
2024-06-18T17:00,13.0827,80.2707,Chennai,29.1,0.0,16.3,ERA5_REANALYSIS,REFERENCE_REANALYSIS
2024-06-18T18:00,13.0827,80.2707,Chennai,28.2,0.0,14.3,ERA5_REANALYSIS,REFERENCE_REANALYSIS
2024-06-18T19:00,13.0827,80.2707,Chennai,27.9,0.0,13.3,ERA5_REANALYSIS,REFERENCE_REANALYSIS
2024-06-18T20:00,13.0827,80.2707,Chennai,27.4,0.2,12.0,ERA5_REANALYSIS,REFERENCE_REANALYSIS
2024-06-18T21:00,13.0827,80.2707,Chennai,27.0,1.2,10.0,ERA5_REANALYSIS,REFERENCE_REANALYSIS
2024-06-18T22:00,13.0827,80.2707,Chennai,25.9,5.4,10.5,ERA5_REANALYSIS,REFERENCE_REANALYSIS
2024-06-18T23:00,13.0827,80.2707,Chennai,26.1,0.1,15.9,ERA5_REANALYSIS,REFERENCE_REANALYSIS
2024-06-19T00:00,13.0827,80.2707,Chennai,25.8,0.2,13.3,ERA5_REANALYSIS,REFERENCE_REANALYSIS
2024-06-19T01:00,13.0827,80.2707,Chennai,27.2,0.0,16.2,ERA5_REANALYSIS,REFERENCE_REANALYSIS
2024-06-19T02:00,13.0827,80.2707,Chennai,28.3,0.8,12.3,ERA5_REANALYSIS,REFERENCE_REANALYSIS
2024-06-19T03:00,13.0827,80.2707,Chennai,29.5,0.2,12.9,ERA5_REANALYSIS,REFERENCE_REANALYSIS
2024-06-19T04:00,13.0827,80.2707,Chennai,31.3,0.0,13.3,ERA5_REANALYSIS,REFERENCE_REANALYSIS
2024-06-19T05:00,13.0827,80.2707,Chennai,33.2,0.0,12.6,ERA5_REANALYSIS,REFERENCE_REANALYSIS
2024-06-19T06:00,13.0827,80.2707,Chennai,34.3,0.0,11.5,ERA5_REANALYSIS,REFERENCE_REANALYSIS
2024-06-19T07:00,13.0827,80.2707,Chennai,35.3,0.0,9.4,ERA5_REANALYSIS,REFERENCE_REANALYSIS
2024-06-19T08:00,13.0827,80.2707,Chennai,34.4,0.0,5.7,ERA5_REANALYSIS,REFERENCE_REANALYSIS
2024-06-19T09:00,13.0827,80.2707,Chennai,32.2,1.4,14.6,ERA5_REANALYSIS,REFERENCE_REANALYSIS
2024-06-19T10:00,13.0827,80.2707,Chennai,30.1,0.3,14.1,ERA5_REANALYSIS,REFERENCE_REANALYSIS
2024-06-19T11:00,13.0827,80.2707,Chennai,29.9,0.1,11.7,ERA5_REANALYSIS,REFERENCE_REANALYSIS
2024-06-19T12:00,13.0827,80.2707,Chennai,29.6,0.0,12.9,ERA5_REANALYSIS,REFERENCE_REANALYSIS
2024-06-19T13:00,13.0827,80.2707,Chennai,29.9,0.0,17.0,ERA5_REANALYSIS,REFERENCE_REANALYSIS
2024-06-19T14:00,13.0827,80.2707,Chennai,29.3,0.0,17.7,ERA5_REANALYSIS,REFERENCE_REANALYSIS
2024-06-19T15:00,13.0827,80.2707,Chennai,29.2,0.0,15.6,ERA5_REANALYSIS,REFERENCE_REANALYSIS
2024-06-19T16:00,13.0827,80.2707,Chennai,27.0,3.8,23.2,ERA5_REANALYSIS,REFERENCE_REANALYSIS
2024-06-19T17:00,13.0827,80.2707,Chennai,26.5,0.0,15.9,ERA5_REANALYSIS,REFERENCE_REANALYSIS
2024-06-19T18:00,13.0827,80.2707,Chennai,25.6,2.9,16.1,ERA5_REANALYSIS,REFERENCE_REANALYSIS
2024-06-19T19:00,13.0827,80.2707,Chennai,25.9,0.1,10.1,ERA5_REANALYSIS,REFERENCE_REANALYSIS
2024-06-19T20:00,13.0827,80.2707,Chennai,25.8,0.1,12.0,ERA5_REANALYSIS,REFERENCE_REANALYSIS
2024-06-19T21:00,13.0827,80.2707,Chennai,25.7,0.4,11.4,ERA5_REANALYSIS,REFERENCE_REANALYSIS
2024-06-19T22:00,13.0827,80.2707,Chennai,25.6,1.1,13.1,ERA5_REANALYSIS,REFERENCE_REANALYSIS
2024-06-19T23:00,13.0827,80.2707,Chennai,25.6,0.0,12.5,ERA5_REANALYSIS,REFERENCE_REANALYSIS
2024-06-20T00:00,13.0827,80.2707,Chennai,25.7,0.0,12.7,ERA5_REANALYSIS,REFERENCE_REANALYSIS
2024-06-20T01:00,13.0827,80.2707,Chennai,26.0,0.0,12.5,ERA5_REANALYSIS,REFERENCE_REANALYSIS
2024-06-20T02:00,13.0827,80.2707,Chennai,27.6,0.0,11.8,ERA5_REANALYSIS,REFERENCE_REANALYSIS
2024-06-20T03:00,13.0827,80.2707,Chennai,29.7,0.0,13.7,ERA5_REANALYSIS,REFERENCE_REANALYSIS
2024-06-20T04:00,13.0827,80.2707,Chennai,31.8,0.0,16.2,ERA5_REANALYSIS,REFERENCE_REANALYSIS
2024-06-20T05:00,13.0827,80.2707,Chennai,33.4,0.0,14.6,ERA5_REANALYSIS,REFERENCE_REANALYSIS
2024-06-20T06:00,13.0827,80.2707,Chennai,34.5,0.0,13.3,ERA5_REANALYSIS,REFERENCE_REANALYSIS
2024-06-20T07:00,13.0827,80.2707,Chennai,35.3,0.0,12.2,ERA5_REANALYSIS,REFERENCE_REANALYSIS
2024-06-20T08:00,13.0827,80.2707,Chennai,35.6,0.0,14.2,ERA5_REANALYSIS,REFERENCE_REANALYSIS
2024-06-20T09:00,13.0827,80.2707,Chennai,33.9,0.1,15.9,ERA5_REANALYSIS,REFERENCE_REANALYSIS
2024-06-20T10:00,13.0827,80.2707,Chennai,33.7,0.0,13.7,ERA5_REANALYSIS,REFERENCE_REANALYSIS
2024-06-20T11:00,13.0827,80.2707,Chennai,31.5,0.3,8.5,ERA5_REANALYSIS,REFERENCE_REANALYSIS
2024-06-20T12:00,13.0827,80.2707,Chennai,30.4,0.0,15.2,ERA5_REANALYSIS,REFERENCE_REANALYSIS
2024-06-20T13:00,13.0827,80.2707,Chennai,32.0,0.0,14.4,ERA5_REANALYSIS,REFERENCE_REANALYSIS
2024-06-20T14:00,13.0827,80.2707,Chennai,30.7,0.0,15.5,ERA5_REANALYSIS,REFERENCE_REANALYSIS
2024-06-20T15:00,13.0827,80.2707,Chennai,29.8,0.0,12.5,ERA5_REANALYSIS,REFERENCE_REANALYSIS
2024-06-20T16:00,13.0827,80.2707,Chennai,29.3,0.0,12.1,ERA5_REANALYSIS,REFERENCE_REANALYSIS
2024-06-20T17:00,13.0827,80.2707,Chennai,29.0,0.0,11.8,ERA5_REANALYSIS,REFERENCE_REANALYSIS
2024-06-20T18:00,13.0827,80.2707,Chennai,28.8,0.0,12.1,ERA5_REANALYSIS,REFERENCE_REANALYSIS
2024-06-20T19:00,13.0827,80.2707,Chennai,28.5,0.0,12.2,ERA5_REANALYSIS,REFERENCE_REANALYSIS
2024-06-20T20:00,13.0827,80.2707,Chennai,28.2,0.0,13.7,ERA5_REANALYSIS,REFERENCE_REANALYSIS
2024-06-20T21:00,13.0827,80.2707,Chennai,27.8,0.0,14.3,ERA5_REANALYSIS,REFERENCE_REANALYSIS
2024-06-20T22:00,13.0827,80.2707,Chennai,27.7,0.0,15.0,ERA5_REANALYSIS,REFERENCE_REANALYSIS
2024-06-20T23:00,13.0827,80.2707,Chennai,27.5,0.0,14.7,ERA5_REANALYSIS,REFERENCE_REANALYSIS
2024-06-21T00:00,13.0827,80.2707,Chennai,27.4,0.0,14.2,ERA5_REANALYSIS,REFERENCE_REANALYSIS
2024-06-21T01:00,13.0827,80.2707,Chennai,27.6,0.0,14.6,ERA5_REANALYSIS,REFERENCE_REANALYSIS
2024-06-21T02:00,13.0827,80.2707,Chennai,29.2,0.0,15.6,ERA5_REANALYSIS,REFERENCE_REANALYSIS
2024-06-21T03:00,13.0827,80.2707,Chennai,30.8,0.0,18.0,ERA5_REANALYSIS,REFERENCE_REANALYSIS
2024-06-21T04:00,13.0827,80.2707,Chennai,32.3,0.0,17.8,ERA5_REANALYSIS,REFERENCE_REANALYSIS
2024-06-21T05:00,13.0827,80.2707,Chennai,33.6,0.0,14.8,ERA5_REANALYSIS,REFERENCE_REANALYSIS
2024-06-21T06:00,13.0827,80.2707,Chennai,35.0,0.0,14.0,ERA5_REANALYSIS,REFERENCE_REANALYSIS
2024-06-21T07:00,13.0827,80.2707,Chennai,36.0,0.0,13.7,ERA5_REANALYSIS,REFERENCE_REANALYSIS
2024-06-21T08:00,13.0827,80.2707,Chennai,33.5,1.3,19.1,ERA5_REANALYSIS,REFERENCE_REANALYSIS
2024-06-21T09:00,13.0827,80.2707,Chennai,34.7,0.1,7.6,ERA5_REANALYSIS,REFERENCE_REANALYSIS
2024-06-21T10:00,13.0827,80.2707,Chennai,31.4,0.3,17.2,ERA5_REANALYSIS,REFERENCE_REANALYSIS
2024-06-21T11:00,13.0827,80.2707,Chennai,30.8,0.4,15.1,ERA5_REANALYSIS,REFERENCE_REANALYSIS
2024-06-21T12:00,13.0827,80.2707,Chennai,28.8,3.5,16.6,ERA5_REANALYSIS,REFERENCE_REANALYSIS
2024-06-21T13:00,13.0827,80.2707,Chennai,30.0,0.0,16.1,ERA5_REANALYSIS,REFERENCE_REANALYSIS
2024-06-21T14:00,13.0827,80.2707,Chennai,28.8,0.0,15.0,ERA5_REANALYSIS,REFERENCE_REANALYSIS
2024-06-21T15:00,13.0827,80.2707,Chennai,28.8,0.0,15.5,ERA5_REANALYSIS,REFERENCE_REANALYSIS
2024-06-21T16:00,13.0827,80.2707,Chennai,28.4,0.0,14.3,ERA5_REANALYSIS,REFERENCE_REANALYSIS
2024-06-21T17:00,13.0827,80.2707,Chennai,28.2,0.0,13.8,ERA5_REANALYSIS,REFERENCE_REANALYSIS
2024-06-21T18:00,13.0827,80.2707,Chennai,28.3,0.0,14.7,ERA5_REANALYSIS,REFERENCE_REANALYSIS
2024-06-21T19:00,13.0827,80.2707,Chennai,28.3,0.0,15.3,ERA5_REANALYSIS,REFERENCE_REANALYSIS
2024-06-21T20:00,13.0827,80.2707,Chennai,28.5,0.0,15.0,ERA5_REANALYSIS,REFERENCE_REANALYSIS
2024-06-21T21:00,13.0827,80.2707,Chennai,28.5,0.0,15.3,ERA5_REANALYSIS,REFERENCE_REANALYSIS
2024-06-21T22:00,13.0827,80.2707,Chennai,28.2,0.0,14.8,ERA5_REANALYSIS,REFERENCE_REANALYSIS
2024-06-21T23:00,13.0827,80.2707,Chennai,28.1,0.0,13.8,ERA5_REANALYSIS,REFERENCE_REANALYSIS
2024-06-22T00:00,13.0827,80.2707,Chennai,28.0,0.0,14.0,ERA5_REANALYSIS,REFERENCE_REANALYSIS
2024-06-22T01:00,13.0827,80.2707,Chennai,27.9,0.0,14.9,ERA5_REANALYSIS,REFERENCE_REANALYSIS
2024-06-22T02:00,13.0827,80.2707,Chennai,29.5,0.0,15.7,ERA5_REANALYSIS,REFERENCE_REANALYSIS
2024-06-22T03:00,13.0827,80.2707,Chennai,31.1,0.0,18.2,ERA5_REANALYSIS,REFERENCE_REANALYSIS
2024-06-22T04:00,13.0827,80.2707,Chennai,32.5,0.0,17.5,ERA5_REANALYSIS,REFERENCE_REANALYSIS
2024-06-22T05:00,13.0827,80.2707,Chennai,33.5,0.0,15.9,ERA5_REANALYSIS,REFERENCE_REANALYSIS
2024-06-22T06:00,13.0827,80.2707,Chennai,34.5,0.0,14.9,ERA5_REANALYSIS,REFERENCE_REANALYSIS
2024-06-22T07:00,13.0827,80.2707,Chennai,35.7,0.0,14.5,ERA5_REANALYSIS,REFERENCE_REANALYSIS
2024-06-22T08:00,13.0827,80.2707,Chennai,36.3,0.0,15.4,ERA5_REANALYSIS,REFERENCE_REANALYSIS
2024-06-22T09:00,13.0827,80.2707,Chennai,36.3,0.0,15.2,ERA5_REANALYSIS,REFERENCE_REANALYSIS
2024-06-22T10:00,13.0827,80.2707,Chennai,36.3,0.0,13.0,ERA5_REANALYSIS,REFERENCE_REANALYSIS
2024-06-22T11:00,13.0827,80.2707,Chennai,35.7,0.0,8.4,ERA5_REANALYSIS,REFERENCE_REANALYSIS
2024-06-22T12:00,13.0827,80.2707,Chennai,34.9,0.2,7.2,ERA5_REANALYSIS,REFERENCE_REANALYSIS
2024-06-22T13:00,13.0827,80.2707,Chennai,30.6,0.0,15.8,ERA5_REANALYSIS,REFERENCE_REANALYSIS
2024-06-22T14:00,13.0827,80.2707,Chennai,30.0,0.0,18.2,ERA5_REANALYSIS,REFERENCE_REANALYSIS
2024-06-22T15:00,13.0827,80.2707,Chennai,29.8,0.0,19.6,ERA5_REANALYSIS,REFERENCE_REANALYSIS
2024-06-22T16:00,13.0827,80.2707,Chennai,29.4,0.0,19.6,ERA5_REANALYSIS,REFERENCE_REANALYSIS
2024-06-22T17:00,13.0827,80.2707,Chennai,29.4,0.0,19.0,ERA5_REANALYSIS,REFERENCE_REANALYSIS
2024-06-22T18:00,13.0827,80.2707,Chennai,29.1,0.0,15.6,ERA5_REANALYSIS,REFERENCE_REANALYSIS
2024-06-22T19:00,13.0827,80.2707,Chennai,29.3,0.0,15.1,ERA5_REANALYSIS,REFERENCE_REANALYSIS
2024-06-22T20:00,13.0827,80.2707,Chennai,29.2,0.0,14.7,ERA5_REANALYSIS,REFERENCE_REANALYSIS
2024-06-22T21:00,13.0827,80.2707,Chennai,28.8,0.0,13.5,ERA5_REANALYSIS,REFERENCE_REANALYSIS
2024-06-22T22:00,13.0827,80.2707,Chennai,28.4,0.0,11.3,ERA5_REANALYSIS,REFERENCE_REANALYSIS
2024-06-22T23:00,13.0827,80.2707,Chennai,27.9,0.0,11.0,ERA5_REANALYSIS,REFERENCE_REANALYSIS
2024-06-23T00:00,13.0827,80.2707,Chennai,27.6,0.0,10.2,ERA5_REANALYSIS,REFERENCE_REANALYSIS
2024-06-23T01:00,13.0827,80.2707,Chennai,28.6,0.0,15.8,ERA5_REANALYSIS,REFERENCE_REANALYSIS
2024-06-23T02:00,13.0827,80.2707,Chennai,29.9,0.0,15.3,ERA5_REANALYSIS,REFERENCE_REANALYSIS
2024-06-23T03:00,13.0827,80.2707,Chennai,31.6,0.0,14.8,ERA5_REANALYSIS,REFERENCE_REANALYSIS
2024-06-23T04:00,13.0827,80.2707,Chennai,32.8,0.0,13.6,ERA5_REANALYSIS,REFERENCE_REANALYSIS
2024-06-23T05:00,13.0827,80.2707,Chennai,34.3,0.0,12.3,ERA5_REANALYSIS,REFERENCE_REANALYSIS
2024-06-23T06:00,13.0827,80.2707,Chennai,35.7,0.0,10.2,ERA5_REANALYSIS,REFERENCE_REANALYSIS
2024-06-23T07:00,13.0827,80.2707,Chennai,36.5,0.0,5.7,ERA5_REANALYSIS,REFERENCE_REANALYSIS
2024-06-23T08:00,13.0827,80.2707,Chennai,36.0,0.0,3.1,ERA5_REANALYSIS,REFERENCE_REANALYSIS
2024-06-23T09:00,13.0827,80.2707,Chennai,35.0,0.1,10.3,ERA5_REANALYSIS,REFERENCE_REANALYSIS
2024-06-23T10:00,13.0827,80.2707,Chennai,32.5,0.4,18.1,ERA5_REANALYSIS,REFERENCE_REANALYSIS
2024-06-23T11:00,13.0827,80.2707,Chennai,31.8,0.3,18.9,ERA5_REANALYSIS,REFERENCE_REANALYSIS
2024-06-23T12:00,13.0827,80.2707,Chennai,31.1,0.1,18.4,ERA5_REANALYSIS,REFERENCE_REANALYSIS
2024-06-23T13:00,13.0827,80.2707,Chennai,30.4,0.0,16.0,ERA5_REANALYSIS,REFERENCE_REANALYSIS
2024-06-23T14:00,13.0827,80.2707,Chennai,30.0,0.0,16.2,ERA5_REANALYSIS,REFERENCE_REANALYSIS
2024-06-23T15:00,13.0827,80.2707,Chennai,29.6,0.0,17.3,ERA5_REANALYSIS,REFERENCE_REANALYSIS
2024-06-23T16:00,13.0827,80.2707,Chennai,29.3,0.0,18.0,ERA5_REANALYSIS,REFERENCE_REANALYSIS
2024-06-23T17:00,13.0827,80.2707,Chennai,29.3,0.0,16.3,ERA5_REANALYSIS,REFERENCE_REANALYSIS
2024-06-23T18:00,13.0827,80.2707,Chennai,29.0,0.0,13.5,ERA5_REANALYSIS,REFERENCE_REANALYSIS
2024-06-23T19:00,13.0827,80.2707,Chennai,29.0,0.0,13.2,ERA5_REANALYSIS,REFERENCE_REANALYSIS
2024-06-23T20:00,13.0827,80.2707,Chennai,28.7,0.0,12.6,ERA5_REANALYSIS,REFERENCE_REANALYSIS
2024-06-23T21:00,13.0827,80.2707,Chennai,28.2,0.0,9.5,ERA5_REANALYSIS,REFERENCE_REANALYSIS
2024-06-23T22:00,13.0827,80.2707,Chennai,27.9,0.0,8.0,ERA5_REANALYSIS,REFERENCE_REANALYSIS
2024-06-23T23:00,13.0827,80.2707,Chennai,28.1,0.0,11.9,ERA5_REANALYSIS,REFERENCE_REANALYSIS
2024-06-24T00:00,13.0827,80.2707,Chennai,28.4,0.0,14.7,ERA5_REANALYSIS,REFERENCE_REANALYSIS
2024-06-24T01:00,13.0827,80.2707,Chennai,28.0,0.0,10.6,ERA5_REANALYSIS,REFERENCE_REANALYSIS
2024-06-24T02:00,13.0827,80.2707,Chennai,29.0,0.0,10.2,ERA5_REANALYSIS,REFERENCE_REANALYSIS
2024-06-24T03:00,13.0827,80.2707,Chennai,30.2,0.0,13.0,ERA5_REANALYSIS,REFERENCE_REANALYSIS
2024-06-24T04:00,13.0827,80.2707,Chennai,31.9,0.0,16.4,ERA5_REANALYSIS,REFERENCE_REANALYSIS
2024-06-24T05:00,13.0827,80.2707,Chennai,33.2,0.0,15.5,ERA5_REANALYSIS,REFERENCE_REANALYSIS
2024-06-24T06:00,13.0827,80.2707,Chennai,33.9,0.0,14.7,ERA5_REANALYSIS,REFERENCE_REANALYSIS
2024-06-24T07:00,13.0827,80.2707,Chennai,35.1,0.0,15.2,ERA5_REANALYSIS,REFERENCE_REANALYSIS
2024-06-24T08:00,13.0827,80.2707,Chennai,36.1,0.0,15.9,ERA5_REANALYSIS,REFERENCE_REANALYSIS
2024-06-24T09:00,13.0827,80.2707,Chennai,36.1,0.1,14.4,ERA5_REANALYSIS,REFERENCE_REANALYSIS
2024-06-24T10:00,13.0827,80.2707,Chennai,35.4,0.0,17.6,ERA5_REANALYSIS,REFERENCE_REANALYSIS
2024-06-24T11:00,13.0827,80.2707,Chennai,32.7,0.0,22.8,ERA5_REANALYSIS,REFERENCE_REANALYSIS
2024-06-24T12:00,13.0827,80.2707,Chennai,31.1,0.1,24.3,ERA5_REANALYSIS,REFERENCE_REANALYSIS
2024-06-24T13:00,13.0827,80.2707,Chennai,30.4,0.0,18.9,ERA5_REANALYSIS,REFERENCE_REANALYSIS
2024-06-24T14:00,13.0827,80.2707,Chennai,29.9,0.0,18.4,ERA5_REANALYSIS,REFERENCE_REANALYSIS
2024-06-24T15:00,13.0827,80.2707,Chennai,29.8,0.0,19.3,ERA5_REANALYSIS,REFERENCE_REANALYSIS
2024-06-24T16:00,13.0827,80.2707,Chennai,29.2,0.0,15.3,ERA5_REANALYSIS,REFERENCE_REANALYSIS
2024-06-24T17:00,13.0827,80.2707,Chennai,28.7,0.0,10.8,ERA5_REANALYSIS,REFERENCE_REANALYSIS
2024-06-24T18:00,13.0827,80.2707,Chennai,28.7,0.0,10.8,ERA5_REANALYSIS,REFERENCE_REANALYSIS
2024-06-24T19:00,13.0827,80.2707,Chennai,28.9,0.0,11.9,ERA5_REANALYSIS,REFERENCE_REANALYSIS
2024-06-24T20:00,13.0827,80.2707,Chennai,28.8,0.0,12.2,ERA5_REANALYSIS,REFERENCE_REANALYSIS
2024-06-24T21:00,13.0827,80.2707,Chennai,28.5,0.0,13.0,ERA5_REANALYSIS,REFERENCE_REANALYSIS
2024-06-24T22:00,13.0827,80.2707,Chennai,28.1,0.0,12.0,ERA5_REANALYSIS,REFERENCE_REANALYSIS
2024-06-24T23:00,13.0827,80.2707,Chennai,27.8,0.0,12.4,ERA5_REANALYSIS,REFERENCE_REANALYSIS
2024-06-25T00:00,13.0827,80.2707,Chennai,27.8,0.0,12.2,ERA5_REANALYSIS,REFERENCE_REANALYSIS
2024-06-25T01:00,13.0827,80.2707,Chennai,29.1,0.0,17.7,ERA5_REANALYSIS,REFERENCE_REANALYSIS
2024-06-25T02:00,13.0827,80.2707,Chennai,30.1,0.0,17.0,ERA5_REANALYSIS,REFERENCE_REANALYSIS
2024-06-25T03:00,13.0827,80.2707,Chennai,31.7,0.0,19.1,ERA5_REANALYSIS,REFERENCE_REANALYSIS
2024-06-25T04:00,13.0827,80.2707,Chennai,33.1,0.0,19.0,ERA5_REANALYSIS,REFERENCE_REANALYSIS
2024-06-25T05:00,13.0827,80.2707,Chennai,33.7,0.0,19.1,ERA5_REANALYSIS,REFERENCE_REANALYSIS
2024-06-25T06:00,13.0827,80.2707,Chennai,35.0,0.0,15.2,ERA5_REANALYSIS,REFERENCE_REANALYSIS
2024-06-25T07:00,13.0827,80.2707,Chennai,33.8,0.3,12.8,ERA5_REANALYSIS,REFERENCE_REANALYSIS
2024-06-25T08:00,13.0827,80.2707,Chennai,35.2,0.0,10.5,ERA5_REANALYSIS,REFERENCE_REANALYSIS
2024-06-25T09:00,13.0827,80.2707,Chennai,33.8,0.1,14.3,ERA5_REANALYSIS,REFERENCE_REANALYSIS
2024-06-25T10:00,13.0827,80.2707,Chennai,33.7,0.2,14.4,ERA5_REANALYSIS,REFERENCE_REANALYSIS
2024-06-25T11:00,13.0827,80.2707,Chennai,33.3,0.0,17.6,ERA5_REANALYSIS,REFERENCE_REANALYSIS
2024-06-25T12:00,13.0827,80.2707,Chennai,32.7,0.0,19.8,ERA5_REANALYSIS,REFERENCE_REANALYSIS
2024-06-25T13:00,13.0827,80.2707,Chennai,31.9,0.0,19.3,ERA5_REANALYSIS,REFERENCE_REANALYSIS
2024-06-25T14:00,13.0827,80.2707,Chennai,30.9,0.0,18.8,ERA5_REANALYSIS,REFERENCE_REANALYSIS
2024-06-25T15:00,13.0827,80.2707,Chennai,29.4,0.0,14.1,ERA5_REANALYSIS,REFERENCE_REANALYSIS
2024-06-25T16:00,13.0827,80.2707,Chennai,28.9,0.0,10.7,ERA5_REANALYSIS,REFERENCE_REANALYSIS
2024-06-25T17:00,13.0827,80.2707,Chennai,28.8,0.0,10.1,ERA5_REANALYSIS,REFERENCE_REANALYSIS
2024-06-25T18:00,13.0827,80.2707,Chennai,28.8,0.0,10.3,ERA5_REANALYSIS,REFERENCE_REANALYSIS
2024-06-25T19:00,13.0827,80.2707,Chennai,28.9,0.0,11.3,ERA5_REANALYSIS,REFERENCE_REANALYSIS
2024-06-25T20:00,13.0827,80.2707,Chennai,28.9,0.0,13.0,ERA5_REANALYSIS,REFERENCE_REANALYSIS
2024-06-25T21:00,13.0827,80.2707,Chennai,28.8,0.1,13.7,ERA5_REANALYSIS,REFERENCE_REANALYSIS
2024-06-25T22:00,13.0827,80.2707,Chennai,29.0,0.1,16.3,ERA5_REANALYSIS,REFERENCE_REANALYSIS
2024-06-25T23:00,13.0827,80.2707,Chennai,29.2,0.0,15.3,ERA5_REANALYSIS,REFERENCE_REANALYSIS
2024-06-26T00:00,13.0827,80.2707,Chennai,29.2,0.0,14.2,ERA5_REANALYSIS,REFERENCE_REANALYSIS
2024-06-26T01:00,13.0827,80.2707,Chennai,29.1,0.0,13.7,ERA5_REANALYSIS,REFERENCE_REANALYSIS
2024-06-26T02:00,13.0827,80.2707,Chennai,29.6,0.0,13.5,ERA5_REANALYSIS,REFERENCE_REANALYSIS
2024-06-26T03:00,13.0827,80.2707,Chennai,30.7,0.0,14.8,ERA5_REANALYSIS,REFERENCE_REANALYSIS
2024-06-26T04:00,13.0827,80.2707,Chennai,31.8,0.0,17.9,ERA5_REANALYSIS,REFERENCE_REANALYSIS
2024-06-26T05:00,13.0827,80.2707,Chennai,33.4,0.0,17.7,ERA5_REANALYSIS,REFERENCE_REANALYSIS
2024-06-26T06:00,13.0827,80.2707,Chennai,35.1,0.0,16.0,ERA5_REANALYSIS,REFERENCE_REANALYSIS
2024-06-26T07:00,13.0827,80.2707,Chennai,34.8,0.0,16.6,ERA5_REANALYSIS,REFERENCE_REANALYSIS
2024-06-26T08:00,13.0827,80.2707,Chennai,35.6,0.0,21.1,ERA5_REANALYSIS,REFERENCE_REANALYSIS
2024-06-26T09:00,13.0827,80.2707,Chennai,36.5,0.0,17.2,ERA5_REANALYSIS,REFERENCE_REANALYSIS
2024-06-26T10:00,13.0827,80.2707,Chennai,35.8,0.2,10.5,ERA5_REANALYSIS,REFERENCE_REANALYSIS
2024-06-26T11:00,13.0827,80.2707,Chennai,33.6,0.1,11.8,ERA5_REANALYSIS,REFERENCE_REANALYSIS
2024-06-26T12:00,13.0827,80.2707,Chennai,31.5,0.0,18.7,ERA5_REANALYSIS,REFERENCE_REANALYSIS
2024-06-26T13:00,13.0827,80.2707,Chennai,32.2,0.0,13.8,ERA5_REANALYSIS,REFERENCE_REANALYSIS
2024-06-26T14:00,13.0827,80.2707,Chennai,31.2,0.0,17.5,ERA5_REANALYSIS,REFERENCE_REANALYSIS
2024-06-26T15:00,13.0827,80.2707,Chennai,30.2,0.0,17.0,ERA5_REANALYSIS,REFERENCE_REANALYSIS
2024-06-26T16:00,13.0827,80.2707,Chennai,30.2,0.0,18.0,ERA5_REANALYSIS,REFERENCE_REANALYSIS
2024-06-26T17:00,13.0827,80.2707,Chennai,30.2,0.0,17.9,ERA5_REANALYSIS,REFERENCE_REANALYSIS
2024-06-26T18:00,13.0827,80.2707,Chennai,30.0,0.0,19.1,ERA5_REANALYSIS,REFERENCE_REANALYSIS
2024-06-26T19:00,13.0827,80.2707,Chennai,29.9,0.0,17.1,ERA5_REANALYSIS,REFERENCE_REANALYSIS
2024-06-26T20:00,13.0827,80.2707,Chennai,29.6,0.0,15.9,ERA5_REANALYSIS,REFERENCE_REANALYSIS
2024-06-26T21:00,13.0827,80.2707,Chennai,29.1,0.0,14.6,ERA5_REANALYSIS,REFERENCE_REANALYSIS
2024-06-26T22:00,13.0827,80.2707,Chennai,28.8,0.0,13.5,ERA5_REANALYSIS,REFERENCE_REANALYSIS
2024-06-26T23:00,13.0827,80.2707,Chennai,28.6,0.0,12.8,ERA5_REANALYSIS,REFERENCE_REANALYSIS
2024-06-27T00:00,13.0827,80.2707,Chennai,28.3,0.0,12.0,ERA5_REANALYSIS,REFERENCE_REANALYSIS
2024-06-27T01:00,13.0827,80.2707,Chennai,28.4,0.3,18.1,ERA5_REANALYSIS,REFERENCE_REANALYSIS
2024-06-27T02:00,13.0827,80.2707,Chennai,27.1,0.7,13.5,ERA5_REANALYSIS,REFERENCE_REANALYSIS
2024-06-27T03:00,13.0827,80.2707,Chennai,28.0,0.0,9.3,ERA5_REANALYSIS,REFERENCE_REANALYSIS
2024-06-27T04:00,13.0827,80.2707,Chennai,30.3,0.0,4.6,ERA5_REANALYSIS,REFERENCE_REANALYSIS
2024-06-27T05:00,13.0827,80.2707,Chennai,32.2,0.0,8.5,ERA5_REANALYSIS,REFERENCE_REANALYSIS
2024-06-27T06:00,13.0827,80.2707,Chennai,34.1,0.0,11.9,ERA5_REANALYSIS,REFERENCE_REANALYSIS
2024-06-27T07:00,13.0827,80.2707,Chennai,34.1,0.0,20.2,ERA5_REANALYSIS,REFERENCE_REANALYSIS
2024-06-27T08:00,13.0827,80.2707,Chennai,34.7,0.0,25.5,ERA5_REANALYSIS,REFERENCE_REANALYSIS
2024-06-27T09:00,13.0827,80.2707,Chennai,34.9,0.0,25.9,ERA5_REANALYSIS,REFERENCE_REANALYSIS
2024-06-27T10:00,13.0827,80.2707,Chennai,34.8,0.0,24.5,ERA5_REANALYSIS,REFERENCE_REANALYSIS
2024-06-27T11:00,13.0827,80.2707,Chennai,34.4,0.0,20.9,ERA5_REANALYSIS,REFERENCE_REANALYSIS
2024-06-27T12:00,13.0827,80.2707,Chennai,34.0,0.0,16.2,ERA5_REANALYSIS,REFERENCE_REANALYSIS
2024-06-27T13:00,13.0827,80.2707,Chennai,32.1,0.0,10.1,ERA5_REANALYSIS,REFERENCE_REANALYSIS
2024-06-27T14:00,13.0827,80.2707,Chennai,30.3,0.0,12.3,ERA5_REANALYSIS,REFERENCE_REANALYSIS
2024-06-27T15:00,13.0827,80.2707,Chennai,29.9,0.0,13.6,ERA5_REANALYSIS,REFERENCE_REANALYSIS
2024-06-27T16:00,13.0827,80.2707,Chennai,30.6,0.0,12.4,ERA5_REANALYSIS,REFERENCE_REANALYSIS
2024-06-27T17:00,13.0827,80.2707,Chennai,30.7,0.0,14.3,ERA5_REANALYSIS,REFERENCE_REANALYSIS
2024-06-27T18:00,13.0827,80.2707,Chennai,30.8,0.0,17.7,ERA5_REANALYSIS,REFERENCE_REANALYSIS
2024-06-27T19:00,13.0827,80.2707,Chennai,30.5,0.0,15.8,ERA5_REANALYSIS,REFERENCE_REANALYSIS
2024-06-27T20:00,13.0827,80.2707,Chennai,29.8,0.0,11.8,ERA5_REANALYSIS,REFERENCE_REANALYSIS
2024-06-27T21:00,13.0827,80.2707,Chennai,29.1,0.0,11.6,ERA5_REANALYSIS,REFERENCE_REANALYSIS
2024-06-27T22:00,13.0827,80.2707,Chennai,28.9,0.0,11.9,ERA5_REANALYSIS,REFERENCE_REANALYSIS
2024-06-27T23:00,13.0827,80.2707,Chennai,28.9,0.0,12.5,ERA5_REANALYSIS,REFERENCE_REANALYSIS
2024-06-28T00:00,13.0827,80.2707,Chennai,28.5,0.0,11.2,ERA5_REANALYSIS,REFERENCE_REANALYSIS
2024-06-28T01:00,13.0827,80.2707,Chennai,28.9,0.0,13.3,ERA5_REANALYSIS,REFERENCE_REANALYSIS
2024-06-28T02:00,13.0827,80.2707,Chennai,29.9,0.0,12.6,ERA5_REANALYSIS,REFERENCE_REANALYSIS
2024-06-28T03:00,13.0827,80.2707,Chennai,31.4,0.0,15.1,ERA5_REANALYSIS,REFERENCE_REANALYSIS
2024-06-28T04:00,13.0827,80.2707,Chennai,32.8,0.0,15.4,ERA5_REANALYSIS,REFERENCE_REANALYSIS
2024-06-28T05:00,13.0827,80.2707,Chennai,34.1,0.0,14.7,ERA5_REANALYSIS,REFERENCE_REANALYSIS
2024-06-28T06:00,13.0827,80.2707,Chennai,35.4,0.0,14.4,ERA5_REANALYSIS,REFERENCE_REANALYSIS
2024-06-28T07:00,13.0827,80.2707,Chennai,36.5,0.0,15.4,ERA5_REANALYSIS,REFERENCE_REANALYSIS
2024-06-28T08:00,13.0827,80.2707,Chennai,37.1,0.0,15.0,ERA5_REANALYSIS,REFERENCE_REANALYSIS
2024-06-28T09:00,13.0827,80.2707,Chennai,37.1,0.0,12.7,ERA5_REANALYSIS,REFERENCE_REANALYSIS
2024-06-28T10:00,13.0827,80.2707,Chennai,35.1,0.0,16.2,ERA5_REANALYSIS,REFERENCE_REANALYSIS
2024-06-28T11:00,13.0827,80.2707,Chennai,33.2,0.0,21.4,ERA5_REANALYSIS,REFERENCE_REANALYSIS
2024-06-28T12:00,13.0827,80.2707,Chennai,32.1,0.0,24.2,ERA5_REANALYSIS,REFERENCE_REANALYSIS
2024-06-28T13:00,13.0827,80.2707,Chennai,30.8,0.0,19.8,ERA5_REANALYSIS,REFERENCE_REANALYSIS
2024-06-28T14:00,13.0827,80.2707,Chennai,30.2,0.0,19.1,ERA5_REANALYSIS,REFERENCE_REANALYSIS
2024-06-28T15:00,13.0827,80.2707,Chennai,29.6,0.0,18.4,ERA5_REANALYSIS,REFERENCE_REANALYSIS
2024-06-28T16:00,13.0827,80.2707,Chennai,29.4,0.0,16.9,ERA5_REANALYSIS,REFERENCE_REANALYSIS
2024-06-28T17:00,13.0827,80.2707,Chennai,29.4,0.0,17.3,ERA5_REANALYSIS,REFERENCE_REANALYSIS
2024-06-28T18:00,13.0827,80.2707,Chennai,29.1,0.0,17.3,ERA5_REANALYSIS,REFERENCE_REANALYSIS
2024-06-28T19:00,13.0827,80.2707,Chennai,28.8,0.0,16.8,ERA5_REANALYSIS,REFERENCE_REANALYSIS
2024-06-28T20:00,13.0827,80.2707,Chennai,28.5,0.0,17.1,ERA5_REANALYSIS,REFERENCE_REANALYSIS
2024-06-28T21:00,13.0827,80.2707,Chennai,28.3,0.0,16.8,ERA5_REANALYSIS,REFERENCE_REANALYSIS
2024-06-28T22:00,13.0827,80.2707,Chennai,28.2,0.0,16.8,ERA5_REANALYSIS,REFERENCE_REANALYSIS
2024-06-28T23:00,13.0827,80.2707,Chennai,27.9,0.0,15.6,ERA5_REANALYSIS,REFERENCE_REANALYSIS
2024-06-29T00:00,13.0827,80.2707,Chennai,27.7,0.0,15.6,ERA5_REANALYSIS,REFERENCE_REANALYSIS
2024-06-29T01:00,13.0827,80.2707,Chennai,28.2,0.0,12.2,ERA5_REANALYSIS,REFERENCE_REANALYSIS
2024-06-29T02:00,13.0827,80.2707,Chennai,29.8,0.0,13.6,ERA5_REANALYSIS,REFERENCE_REANALYSIS
2024-06-29T03:00,13.0827,80.2707,Chennai,31.8,0.0,18.3,ERA5_REANALYSIS,REFERENCE_REANALYSIS
2024-06-29T04:00,13.0827,80.2707,Chennai,33.2,0.0,17.7,ERA5_REANALYSIS,REFERENCE_REANALYSIS
2024-06-29T05:00,13.0827,80.2707,Chennai,34.8,0.0,16.5,ERA5_REANALYSIS,REFERENCE_REANALYSIS
2024-06-29T06:00,13.0827,80.2707,Chennai,36.5,0.0,15.3,ERA5_REANALYSIS,REFERENCE_REANALYSIS
2024-06-29T07:00,13.0827,80.2707,Chennai,37.5,0.0,13.6,ERA5_REANALYSIS,REFERENCE_REANALYSIS
2024-06-29T08:00,13.0827,80.2707,Chennai,37.8,0.0,8.6,ERA5_REANALYSIS,REFERENCE_REANALYSIS
2024-06-29T09:00,13.0827,80.2707,Chennai,36.3,0.0,15.2,ERA5_REANALYSIS,REFERENCE_REANALYSIS
2024-06-29T10:00,13.0827,80.2707,Chennai,34.8,2.0,21.1,ERA5_REANALYSIS,REFERENCE_REANALYSIS
2024-06-29T11:00,13.0827,80.2707,Chennai,33.6,0.1,15.9,ERA5_REANALYSIS,REFERENCE_REANALYSIS
2024-06-29T12:00,13.0827,80.2707,Chennai,32.6,0.0,18.5,ERA5_REANALYSIS,REFERENCE_REANALYSIS
2024-06-29T13:00,13.0827,80.2707,Chennai,32.0,0.0,12.7,ERA5_REANALYSIS,REFERENCE_REANALYSIS
2024-06-29T14:00,13.0827,80.2707,Chennai,30.5,0.0,16.6,ERA5_REANALYSIS,REFERENCE_REANALYSIS
2024-06-29T15:00,13.0827,80.2707,Chennai,29.8,0.0,16.6,ERA5_REANALYSIS,REFERENCE_REANALYSIS
2024-06-29T16:00,13.0827,80.2707,Chennai,29.4,0.0,15.5,ERA5_REANALYSIS,REFERENCE_REANALYSIS
2024-06-29T17:00,13.0827,80.2707,Chennai,29.3,0.0,16.3,ERA5_REANALYSIS,REFERENCE_REANALYSIS
2024-06-29T18:00,13.0827,80.2707,Chennai,29.3,0.0,17.3,ERA5_REANALYSIS,REFERENCE_REANALYSIS
2024-06-29T19:00,13.0827,80.2707,Chennai,29.1,0.0,17.5,ERA5_REANALYSIS,REFERENCE_REANALYSIS
2024-06-29T20:00,13.0827,80.2707,Chennai,28.9,0.0,15.5,ERA5_REANALYSIS,REFERENCE_REANALYSIS
2024-06-29T21:00,13.0827,80.2707,Chennai,28.6,0.0,15.8,ERA5_REANALYSIS,REFERENCE_REANALYSIS
2024-06-29T22:00,13.0827,80.2707,Chennai,28.6,0.0,15.6,ERA5_REANALYSIS,REFERENCE_REANALYSIS
2024-06-29T23:00,13.0827,80.2707,Chennai,28.4,0.0,14.2,ERA5_REANALYSIS,REFERENCE_REANALYSIS
2024-06-30T00:00,13.0827,80.2707,Chennai,28.2,0.0,12.7,ERA5_REANALYSIS,REFERENCE_REANALYSIS
2024-06-30T01:00,13.0827,80.2707,Chennai,28.9,0.0,14.9,ERA5_REANALYSIS,REFERENCE_REANALYSIS
2024-06-30T02:00,13.0827,80.2707,Chennai,29.4,0.0,10.1,ERA5_REANALYSIS,REFERENCE_REANALYSIS
2024-06-30T03:00,13.0827,80.2707,Chennai,29.8,0.0,10.8,ERA5_REANALYSIS,REFERENCE_REANALYSIS
2024-06-30T04:00,13.0827,80.2707,Chennai,30.7,0.0,13.4,ERA5_REANALYSIS,REFERENCE_REANALYSIS
2024-06-30T05:00,13.0827,80.2707,Chennai,31.8,0.0,12.9,ERA5_REANALYSIS,REFERENCE_REANALYSIS
2024-06-30T06:00,13.0827,80.2707,Chennai,33.3,0.0,11.6,ERA5_REANALYSIS,REFERENCE_REANALYSIS
2024-06-30T07:00,13.0827,80.2707,Chennai,33.7,0.0,12.1,ERA5_REANALYSIS,REFERENCE_REANALYSIS
2024-06-30T08:00,13.0827,80.2707,Chennai,34.3,0.0,13.3,ERA5_REANALYSIS,REFERENCE_REANALYSIS
2024-06-30T09:00,13.0827,80.2707,Chennai,34.4,0.0,14.0,ERA5_REANALYSIS,REFERENCE_REANALYSIS
2024-06-30T10:00,13.0827,80.2707,Chennai,33.6,0.0,15.7,ERA5_REANALYSIS,REFERENCE_REANALYSIS
2024-06-30T11:00,13.0827,80.2707,Chennai,32.1,0.0,18.2,ERA5_REANALYSIS,REFERENCE_REANALYSIS
2024-06-30T12:00,13.0827,80.2707,Chennai,31.1,0.0,21.2,ERA5_REANALYSIS,REFERENCE_REANALYSIS
2024-06-30T13:00,13.0827,80.2707,Chennai,29.7,0.0,18.2,ERA5_REANALYSIS,REFERENCE_REANALYSIS
2024-06-30T14:00,13.0827,80.2707,Chennai,29.6,0.0,18.6,ERA5_REANALYSIS,REFERENCE_REANALYSIS
2024-06-30T15:00,13.0827,80.2707,Chennai,29.7,0.0,21.6,ERA5_REANALYSIS,REFERENCE_REANALYSIS
2024-06-30T16:00,13.0827,80.2707,Chennai,29.5,0.0,18.7,ERA5_REANALYSIS,REFERENCE_REANALYSIS
2024-06-30T17:00,13.0827,80.2707,Chennai,29.4,0.0,16.8,ERA5_REANALYSIS,REFERENCE_REANALYSIS
2024-06-30T18:00,13.0827,80.2707,Chennai,29.2,0.0,13.8,ERA5_REANALYSIS,REFERENCE_REANALYSIS
2024-06-30T19:00,13.0827,80.2707,Chennai,29.1,0.0,12.7,ERA5_REANALYSIS,REFERENCE_REANALYSIS
2024-06-30T20:00,13.0827,80.2707,Chennai,28.8,0.0,12.0,ERA5_REANALYSIS,REFERENCE_REANALYSIS
2024-06-30T21:00,13.0827,80.2707,Chennai,28.7,0.0,14.1,ERA5_REANALYSIS,REFERENCE_REANALYSIS
2024-06-30T22:00,13.0827,80.2707,Chennai,28.3,0.0,14.7,ERA5_REANALYSIS,REFERENCE_REANALYSIS
2024-06-30T23:00,13.0827,80.2707,Chennai,28.0,0.0,14.5,ERA5_REANALYSIS,REFERENCE_REANALYSIS
2024-07-01T00:00,13.0827,80.2707,Chennai,27.8,0.0,12.3,ERA5_REANALYSIS,REFERENCE_REANALYSIS
2024-07-01T01:00,13.0827,80.2707,Chennai,26.5,0.3,8.9,ERA5_REANALYSIS,REFERENCE_REANALYSIS
2024-07-01T02:00,13.0827,80.2707,Chennai,26.8,0.6,6.1,ERA5_REANALYSIS,REFERENCE_REANALYSIS
2024-07-01T03:00,13.0827,80.2707,Chennai,27.1,1.0,3.1,ERA5_REANALYSIS,REFERENCE_REANALYSIS
2024-07-01T04:00,13.0827,80.2707,Chennai,28.1,0.1,11.5,ERA5_REANALYSIS,REFERENCE_REANALYSIS
2024-07-01T05:00,13.0827,80.2707,Chennai,30.8,0.0,12.9,ERA5_REANALYSIS,REFERENCE_REANALYSIS
2024-07-01T06:00,13.0827,80.2707,Chennai,32.2,0.0,14.5,ERA5_REANALYSIS,REFERENCE_REANALYSIS
2024-07-01T07:00,13.0827,80.2707,Chennai,32.6,0.0,14.8,ERA5_REANALYSIS,REFERENCE_REANALYSIS
2024-07-01T08:00,13.0827,80.2707,Chennai,33.9,0.0,15.8,ERA5_REANALYSIS,REFERENCE_REANALYSIS
2024-07-01T09:00,13.0827,80.2707,Chennai,33.7,0.0,16.1,ERA5_REANALYSIS,REFERENCE_REANALYSIS
2024-07-01T10:00,13.0827,80.2707,Chennai,33.2,0.0,14.8,ERA5_REANALYSIS,REFERENCE_REANALYSIS
2024-07-01T11:00,13.0827,80.2707,Chennai,33.0,0.0,14.8,ERA5_REANALYSIS,REFERENCE_REANALYSIS
2024-07-01T12:00,13.0827,80.2707,Chennai,31.8,0.0,18.4,ERA5_REANALYSIS,REFERENCE_REANALYSIS
2024-07-01T13:00,13.0827,80.2707,Chennai,31.5,0.0,11.2,ERA5_REANALYSIS,REFERENCE_REANALYSIS
2024-07-01T14:00,13.0827,80.2707,Chennai,30.6,0.0,7.0,ERA5_REANALYSIS,REFERENCE_REANALYSIS
2024-07-01T15:00,13.0827,80.2707,Chennai,30.2,0.0,11.6,ERA5_REANALYSIS,REFERENCE_REANALYSIS
2024-07-01T16:00,13.0827,80.2707,Chennai,29.8,0.0,12.2,ERA5_REANALYSIS,REFERENCE_REANALYSIS
2024-07-01T17:00,13.0827,80.2707,Chennai,29.4,0.0,12.0,ERA5_REANALYSIS,REFERENCE_REANALYSIS
2024-07-01T18:00,13.0827,80.2707,Chennai,29.0,0.0,14.4,ERA5_REANALYSIS,REFERENCE_REANALYSIS
2024-07-01T19:00,13.0827,80.2707,Chennai,28.7,0.0,13.8,ERA5_REANALYSIS,REFERENCE_REANALYSIS
2024-07-01T20:00,13.0827,80.2707,Chennai,28.5,0.0,12.3,ERA5_REANALYSIS,REFERENCE_REANALYSIS
2024-07-01T21:00,13.0827,80.2707,Chennai,28.3,0.0,13.6,ERA5_REANALYSIS,REFERENCE_REANALYSIS
2024-07-01T22:00,13.0827,80.2707,Chennai,28.2,0.0,13.6,ERA5_REANALYSIS,REFERENCE_REANALYSIS
2024-07-01T23:00,13.0827,80.2707,Chennai,28.0,0.0,13.9,ERA5_REANALYSIS,REFERENCE_REANALYSIS
2024-07-02T00:00,13.0827,80.2707,Chennai,27.7,0.0,12.2,ERA5_REANALYSIS,REFERENCE_REANALYSIS
2024-07-02T01:00,13.0827,80.2707,Chennai,27.9,0.0,10.7,ERA5_REANALYSIS,REFERENCE_REANALYSIS
2024-07-02T02:00,13.0827,80.2707,Chennai,29.1,0.0,10.2,ERA5_REANALYSIS,REFERENCE_REANALYSIS
2024-07-02T03:00,13.0827,80.2707,Chennai,30.7,0.0,13.6,ERA5_REANALYSIS,REFERENCE_REANALYSIS
2024-07-02T04:00,13.0827,80.2707,Chennai,31.8,0.0,15.2,ERA5_REANALYSIS,REFERENCE_REANALYSIS
2024-07-02T05:00,13.0827,80.2707,Chennai,32.6,0.0,14.8,ERA5_REANALYSIS,REFERENCE_REANALYSIS
2024-07-02T06:00,13.0827,80.2707,Chennai,33.7,0.0,14.0,ERA5_REANALYSIS,REFERENCE_REANALYSIS
2024-07-02T07:00,13.0827,80.2707,Chennai,34.6,0.0,14.8,ERA5_REANALYSIS,REFERENCE_REANALYSIS
2024-07-02T08:00,13.0827,80.2707,Chennai,35.5,0.0,14.1,ERA5_REANALYSIS,REFERENCE_REANALYSIS
2024-07-02T09:00,13.0827,80.2707,Chennai,36.0,0.0,11.2,ERA5_REANALYSIS,REFERENCE_REANALYSIS
2024-07-02T10:00,13.0827,80.2707,Chennai,35.3,0.0,10.0,ERA5_REANALYSIS,REFERENCE_REANALYSIS
2024-07-02T11:00,13.0827,80.2707,Chennai,33.2,0.0,11.2,ERA5_REANALYSIS,REFERENCE_REANALYSIS
2024-07-02T12:00,13.0827,80.2707,Chennai,31.5,0.0,14.1,ERA5_REANALYSIS,REFERENCE_REANALYSIS
2024-07-02T13:00,13.0827,80.2707,Chennai,29.8,0.0,16.9,ERA5_REANALYSIS,REFERENCE_REANALYSIS
2024-07-02T14:00,13.0827,80.2707,Chennai,29.7,0.0,14.2,ERA5_REANALYSIS,REFERENCE_REANALYSIS
2024-07-02T15:00,13.0827,80.2707,Chennai,29.7,0.0,17.5,ERA5_REANALYSIS,REFERENCE_REANALYSIS
2024-07-02T16:00,13.0827,80.2707,Chennai,29.4,0.0,17.9,ERA5_REANALYSIS,REFERENCE_REANALYSIS
2024-07-02T17:00,13.0827,80.2707,Chennai,29.2,0.0,17.1,ERA5_REANALYSIS,REFERENCE_REANALYSIS
2024-07-02T18:00,13.0827,80.2707,Chennai,28.9,0.0,15.7,ERA5_REANALYSIS,REFERENCE_REANALYSIS
2024-07-02T19:00,13.0827,80.2707,Chennai,28.6,0.0,13.4,ERA5_REANALYSIS,REFERENCE_REANALYSIS
2024-07-02T20:00,13.0827,80.2707,Chennai,28.3,0.0,12.6,ERA5_REANALYSIS,REFERENCE_REANALYSIS
2024-07-02T21:00,13.0827,80.2707,Chennai,28.1,0.0,12.4,ERA5_REANALYSIS,REFERENCE_REANALYSIS
2024-07-02T22:00,13.0827,80.2707,Chennai,28.0,0.0,11.9,ERA5_REANALYSIS,REFERENCE_REANALYSIS
2024-07-02T23:00,13.0827,80.2707,Chennai,27.8,0.0,11.8,ERA5_REANALYSIS,REFERENCE_REANALYSIS
2024-07-03T00:00,13.0827,80.2707,Chennai,27.4,0.0,11.2,ERA5_REANALYSIS,REFERENCE_REANALYSIS
2024-07-03T01:00,13.0827,80.2707,Chennai,28.4,0.0,11.9,ERA5_REANALYSIS,REFERENCE_REANALYSIS
2024-07-03T02:00,13.0827,80.2707,Chennai,29.9,0.0,11.8,ERA5_REANALYSIS,REFERENCE_REANALYSIS
2024-07-03T03:00,13.0827,80.2707,Chennai,31.9,0.0,14.0,ERA5_REANALYSIS,REFERENCE_REANALYSIS
2024-07-03T04:00,13.0827,80.2707,Chennai,33.5,0.0,14.8,ERA5_REANALYSIS,REFERENCE_REANALYSIS
2024-07-03T05:00,13.0827,80.2707,Chennai,35.1,0.0,13.5,ERA5_REANALYSIS,REFERENCE_REANALYSIS
2024-07-03T06:00,13.0827,80.2707,Chennai,36.4,0.0,12.2,ERA5_REANALYSIS,REFERENCE_REANALYSIS
2024-07-03T07:00,13.0827,80.2707,Chennai,37.2,0.0,9.7,ERA5_REANALYSIS,REFERENCE_REANALYSIS
2024-07-03T08:00,13.0827,80.2707,Chennai,37.5,0.0,7.3,ERA5_REANALYSIS,REFERENCE_REANALYSIS
2024-07-03T09:00,13.0827,80.2707,Chennai,37.4,0.0,6.8,ERA5_REANALYSIS,REFERENCE_REANALYSIS
2024-07-03T10:00,13.0827,80.2707,Chennai,35.7,0.2,12.3,ERA5_REANALYSIS,REFERENCE_REANALYSIS
2024-07-03T11:00,13.0827,80.2707,Chennai,33.1,1.6,10.6,ERA5_REANALYSIS,REFERENCE_REANALYSIS
2024-07-03T12:00,13.0827,80.2707,Chennai,29.5,2.1,15.7,ERA5_REANALYSIS,REFERENCE_REANALYSIS
2024-07-03T13:00,13.0827,80.2707,Chennai,30.8,0.0,14.0,ERA5_REANALYSIS,REFERENCE_REANALYSIS
2024-07-03T14:00,13.0827,80.2707,Chennai,30.3,0.1,13.6,ERA5_REANALYSIS,REFERENCE_REANALYSIS
2024-07-03T15:00,13.0827,80.2707,Chennai,30.4,0.1,15.1,ERA5_REANALYSIS,REFERENCE_REANALYSIS
2024-07-03T16:00,13.0827,80.2707,Chennai,29.6,0.1,16.9,ERA5_REANALYSIS,REFERENCE_REANALYSIS
2024-07-03T17:00,13.0827,80.2707,Chennai,28.8,0.0,13.5,ERA5_REANALYSIS,REFERENCE_REANALYSIS
2024-07-03T18:00,13.0827,80.2707,Chennai,28.7,0.0,16.8,ERA5_REANALYSIS,REFERENCE_REANALYSIS
2024-07-03T19:00,13.0827,80.2707,Chennai,28.1,0.0,13.9,ERA5_REANALYSIS,REFERENCE_REANALYSIS
2024-07-03T20:00,13.0827,80.2707,Chennai,27.9,0.0,11.4,ERA5_REANALYSIS,REFERENCE_REANALYSIS
2024-07-03T21:00,13.0827,80.2707,Chennai,27.7,0.0,12.7,ERA5_REANALYSIS,REFERENCE_REANALYSIS
2024-07-03T22:00,13.0827,80.2707,Chennai,27.5,0.0,12.3,ERA5_REANALYSIS,REFERENCE_REANALYSIS
2024-07-03T23:00,13.0827,80.2707,Chennai,27.4,0.0,13.4,ERA5_REANALYSIS,REFERENCE_REANALYSIS
2024-07-04T00:00,13.0827,80.2707,Chennai,27.3,0.0,11.9,ERA5_REANALYSIS,REFERENCE_REANALYSIS
2024-07-04T01:00,13.0827,80.2707,Chennai,26.6,1.1,11.9,ERA5_REANALYSIS,REFERENCE_REANALYSIS
2024-07-04T02:00,13.0827,80.2707,Chennai,27.1,0.0,10.5,ERA5_REANALYSIS,REFERENCE_REANALYSIS
2024-07-04T03:00,13.0827,80.2707,Chennai,28.1,0.0,12.0,ERA5_REANALYSIS,REFERENCE_REANALYSIS
2024-07-04T04:00,13.0827,80.2707,Chennai,29.8,0.0,13.5,ERA5_REANALYSIS,REFERENCE_REANALYSIS
2024-07-04T05:00,13.0827,80.2707,Chennai,31.4,0.0,11.2,ERA5_REANALYSIS,REFERENCE_REANALYSIS
2024-07-04T06:00,13.0827,80.2707,Chennai,32.8,0.0,12.9,ERA5_REANALYSIS,REFERENCE_REANALYSIS
2024-07-04T07:00,13.0827,80.2707,Chennai,34.2,0.0,15.2,ERA5_REANALYSIS,REFERENCE_REANALYSIS
2024-07-04T08:00,13.0827,80.2707,Chennai,34.8,0.0,14.3,ERA5_REANALYSIS,REFERENCE_REANALYSIS
2024-07-04T09:00,13.0827,80.2707,Chennai,33.8,1.4,13.5,ERA5_REANALYSIS,REFERENCE_REANALYSIS
2024-07-04T10:00,13.0827,80.2707,Chennai,33.0,0.0,8.3,ERA5_REANALYSIS,REFERENCE_REANALYSIS
2024-07-04T11:00,13.0827,80.2707,Chennai,32.1,0.1,3.4,ERA5_REANALYSIS,REFERENCE_REANALYSIS
2024-07-04T12:00,13.0827,80.2707,Chennai,32.6,0.0,4.0,ERA5_REANALYSIS,REFERENCE_REANALYSIS
2024-07-04T13:00,13.0827,80.2707,Chennai,30.1,0.0,13.8,ERA5_REANALYSIS,REFERENCE_REANALYSIS
2024-07-04T14:00,13.0827,80.2707,Chennai,30.1,0.0,14.3,ERA5_REANALYSIS,REFERENCE_REANALYSIS
2024-07-04T15:00,13.0827,80.2707,Chennai,30.0,0.0,11.1,ERA5_REANALYSIS,REFERENCE_REANALYSIS
2024-07-04T16:00,13.0827,80.2707,Chennai,29.9,0.0,11.5,ERA5_REANALYSIS,REFERENCE_REANALYSIS
2024-07-04T17:00,13.0827,80.2707,Chennai,29.2,0.0,14.6,ERA5_REANALYSIS,REFERENCE_REANALYSIS
2024-07-04T18:00,13.0827,80.2707,Chennai,28.7,0.0,13.1,ERA5_REANALYSIS,REFERENCE_REANALYSIS
2024-07-04T19:00,13.0827,80.2707,Chennai,28.5,0.0,13.2,ERA5_REANALYSIS,REFERENCE_REANALYSIS
2024-07-04T20:00,13.0827,80.2707,Chennai,28.4,0.0,14.7,ERA5_REANALYSIS,REFERENCE_REANALYSIS
2024-07-04T21:00,13.0827,80.2707,Chennai,28.1,0.0,14.3,ERA5_REANALYSIS,REFERENCE_REANALYSIS
2024-07-04T22:00,13.0827,80.2707,Chennai,27.7,0.0,15.8,ERA5_REANALYSIS,REFERENCE_REANALYSIS
2024-07-04T23:00,13.0827,80.2707,Chennai,27.5,0.0,13.2,ERA5_REANALYSIS,REFERENCE_REANALYSIS
2024-07-05T00:00,13.0827,80.2707,Chennai,27.0,0.0,11.6,ERA5_REANALYSIS,REFERENCE_REANALYSIS
2024-07-05T01:00,13.0827,80.2707,Chennai,27.5,0.0,11.3,ERA5_REANALYSIS,REFERENCE_REANALYSIS
2024-07-05T02:00,13.0827,80.2707,Chennai,28.5,0.0,10.7,ERA5_REANALYSIS,REFERENCE_REANALYSIS
2024-07-05T03:00,13.0827,80.2707,Chennai,29.6,0.0,10.6,ERA5_REANALYSIS,REFERENCE_REANALYSIS
2024-07-05T04:00,13.0827,80.2707,Chennai,31.8,0.0,11.2,ERA5_REANALYSIS,REFERENCE_REANALYSIS
2024-07-05T05:00,13.0827,80.2707,Chennai,33.6,0.0,10.7,ERA5_REANALYSIS,REFERENCE_REANALYSIS
2024-07-05T06:00,13.0827,80.2707,Chennai,35.0,0.0,9.2,ERA5_REANALYSIS,REFERENCE_REANALYSIS
2024-07-05T07:00,13.0827,80.2707,Chennai,35.7,0.0,8.3,ERA5_REANALYSIS,REFERENCE_REANALYSIS
2024-07-05T08:00,13.0827,80.2707,Chennai,36.1,0.0,8.7,ERA5_REANALYSIS,REFERENCE_REANALYSIS
2024-07-05T09:00,13.0827,80.2707,Chennai,34.9,0.0,12.6,ERA5_REANALYSIS,REFERENCE_REANALYSIS
2024-07-05T10:00,13.0827,80.2707,Chennai,33.6,0.0,19.9,ERA5_REANALYSIS,REFERENCE_REANALYSIS
2024-07-05T11:00,13.0827,80.2707,Chennai,32.4,0.0,22.2,ERA5_REANALYSIS,REFERENCE_REANALYSIS
2024-07-05T12:00,13.0827,80.2707,Chennai,31.2,0.0,23.8,ERA5_REANALYSIS,REFERENCE_REANALYSIS
2024-07-05T13:00,13.0827,80.2707,Chennai,30.3,0.0,17.3,ERA5_REANALYSIS,REFERENCE_REANALYSIS
2024-07-05T14:00,13.0827,80.2707,Chennai,29.9,0.0,17.4,ERA5_REANALYSIS,REFERENCE_REANALYSIS
2024-07-05T15:00,13.0827,80.2707,Chennai,29.8,0.0,14.9,ERA5_REANALYSIS,REFERENCE_REANALYSIS
2024-07-05T16:00,13.0827,80.2707,Chennai,29.4,0.0,14.1,ERA5_REANALYSIS,REFERENCE_REANALYSIS
2024-07-05T17:00,13.0827,80.2707,Chennai,29.3,0.0,9.5,ERA5_REANALYSIS,REFERENCE_REANALYSIS
2024-07-05T18:00,13.0827,80.2707,Chennai,28.9,0.0,5.6,ERA5_REANALYSIS,REFERENCE_REANALYSIS
2024-07-05T19:00,13.0827,80.2707,Chennai,28.5,0.0,5.8,ERA5_REANALYSIS,REFERENCE_REANALYSIS
2024-07-05T20:00,13.0827,80.2707,Chennai,28.4,0.0,6.5,ERA5_REANALYSIS,REFERENCE_REANALYSIS
2024-07-05T21:00,13.0827,80.2707,Chennai,27.8,0.1,4.7,ERA5_REANALYSIS,REFERENCE_REANALYSIS
2024-07-05T22:00,13.0827,80.2707,Chennai,27.6,0.0,3.8,ERA5_REANALYSIS,REFERENCE_REANALYSIS
2024-07-05T23:00,13.0827,80.2707,Chennai,27.4,0.0,4.7,ERA5_REANALYSIS,REFERENCE_REANALYSIS
2024-07-06T00:00,13.0827,80.2707,Chennai,27.2,0.1,5.8,ERA5_REANALYSIS,REFERENCE_REANALYSIS
2024-07-06T01:00,13.0827,80.2707,Chennai,26.1,0.3,10.5,ERA5_REANALYSIS,REFERENCE_REANALYSIS
2024-07-06T02:00,13.0827,80.2707,Chennai,26.5,0.2,10.7,ERA5_REANALYSIS,REFERENCE_REANALYSIS
2024-07-06T03:00,13.0827,80.2707,Chennai,26.3,0.4,10.0,ERA5_REANALYSIS,REFERENCE_REANALYSIS
2024-07-06T04:00,13.0827,80.2707,Chennai,27.5,0.6,12.6,ERA5_REANALYSIS,REFERENCE_REANALYSIS
2024-07-06T05:00,13.0827,80.2707,Chennai,29.5,0.2,14.5,ERA5_REANALYSIS,REFERENCE_REANALYSIS
2024-07-06T06:00,13.0827,80.2707,Chennai,30.1,0.0,12.5,ERA5_REANALYSIS,REFERENCE_REANALYSIS
2024-07-06T07:00,13.0827,80.2707,Chennai,31.2,0.0,11.6,ERA5_REANALYSIS,REFERENCE_REANALYSIS
2024-07-06T08:00,13.0827,80.2707,Chennai,31.6,0.0,11.3,ERA5_REANALYSIS,REFERENCE_REANALYSIS
2024-07-06T09:00,13.0827,80.2707,Chennai,32.2,0.0,9.5,ERA5_REANALYSIS,REFERENCE_REANALYSIS
2024-07-06T10:00,13.0827,80.2707,Chennai,32.2,0.0,7.6,ERA5_REANALYSIS,REFERENCE_REANALYSIS
2024-07-06T11:00,13.0827,80.2707,Chennai,32.1,0.0,6.3,ERA5_REANALYSIS,REFERENCE_REANALYSIS
2024-07-06T12:00,13.0827,80.2707,Chennai,30.7,0.0,13.2,ERA5_REANALYSIS,REFERENCE_REANALYSIS
2024-07-06T13:00,13.0827,80.2707,Chennai,29.2,0.0,10.2,ERA5_REANALYSIS,REFERENCE_REANALYSIS
2024-07-06T14:00,13.0827,80.2707,Chennai,28.3,0.0,11.5,ERA5_REANALYSIS,REFERENCE_REANALYSIS
2024-07-06T15:00,13.0827,80.2707,Chennai,28.1,0.0,10.2,ERA5_REANALYSIS,REFERENCE_REANALYSIS
2024-07-06T16:00,13.0827,80.2707,Chennai,27.8,0.1,12.1,ERA5_REANALYSIS,REFERENCE_REANALYSIS
2024-07-06T17:00,13.0827,80.2707,Chennai,27.5,0.2,12.1,ERA5_REANALYSIS,REFERENCE_REANALYSIS
2024-07-06T18:00,13.0827,80.2707,Chennai,27.4,0.0,10.8,ERA5_REANALYSIS,REFERENCE_REANALYSIS
2024-07-06T19:00,13.0827,80.2707,Chennai,27.4,0.0,12.3,ERA5_REANALYSIS,REFERENCE_REANALYSIS
2024-07-06T20:00,13.0827,80.2707,Chennai,27.3,0.0,13.1,ERA5_REANALYSIS,REFERENCE_REANALYSIS
2024-07-06T21:00,13.0827,80.2707,Chennai,27.1,0.0,13.0,ERA5_REANALYSIS,REFERENCE_REANALYSIS
2024-07-06T22:00,13.0827,80.2707,Chennai,27.0,0.0,11.9,ERA5_REANALYSIS,REFERENCE_REANALYSIS
2024-07-06T23:00,13.0827,80.2707,Chennai,26.9,0.0,9.7,ERA5_REANALYSIS,REFERENCE_REANALYSIS
2024-07-07T00:00,13.0827,80.2707,Chennai,26.7,0.0,7.9,ERA5_REANALYSIS,REFERENCE_REANALYSIS
2024-07-07T01:00,13.0827,80.2707,Chennai,27.1,0.0,8.9,ERA5_REANALYSIS,REFERENCE_REANALYSIS
2024-07-07T02:00,13.0827,80.2707,Chennai,27.7,0.0,10.4,ERA5_REANALYSIS,REFERENCE_REANALYSIS
2024-07-07T03:00,13.0827,80.2707,Chennai,28.9,0.0,11.2,ERA5_REANALYSIS,REFERENCE_REANALYSIS
2024-07-07T04:00,13.0827,80.2707,Chennai,30.8,0.0,14.7,ERA5_REANALYSIS,REFERENCE_REANALYSIS
2024-07-07T05:00,13.0827,80.2707,Chennai,32.5,0.0,15.0,ERA5_REANALYSIS,REFERENCE_REANALYSIS
2024-07-07T06:00,13.0827,80.2707,Chennai,34.1,0.0,15.0,ERA5_REANALYSIS,REFERENCE_REANALYSIS
2024-07-07T07:00,13.0827,80.2707,Chennai,35.4,0.0,18.0,ERA5_REANALYSIS,REFERENCE_REANALYSIS
2024-07-07T08:00,13.0827,80.2707,Chennai,36.1,0.0,12.7,ERA5_REANALYSIS,REFERENCE_REANALYSIS
2024-07-07T09:00,13.0827,80.2707,Chennai,35.9,0.0,6.0,ERA5_REANALYSIS,REFERENCE_REANALYSIS
2024-07-07T10:00,13.0827,80.2707,Chennai,31.3,0.5,16.6,ERA5_REANALYSIS,REFERENCE_REANALYSIS
2024-07-07T11:00,13.0827,80.2707,Chennai,29.9,0.6,13.2,ERA5_REANALYSIS,REFERENCE_REANALYSIS
2024-07-07T12:00,13.0827,80.2707,Chennai,30.2,0.1,11.6,ERA5_REANALYSIS,REFERENCE_REANALYSIS
2024-07-07T13:00,13.0827,80.2707,Chennai,29.5,0.0,9.1,ERA5_REANALYSIS,REFERENCE_REANALYSIS
2024-07-07T14:00,13.0827,80.2707,Chennai,29.0,0.0,10.5,ERA5_REANALYSIS,REFERENCE_REANALYSIS
2024-07-07T15:00,13.0827,80.2707,Chennai,28.7,0.0,9.4,ERA5_REANALYSIS,REFERENCE_REANALYSIS
2024-07-07T16:00,13.0827,80.2707,Chennai,28.6,0.0,8.9,ERA5_REANALYSIS,REFERENCE_REANALYSIS
2024-07-07T17:00,13.0827,80.2707,Chennai,28.4,0.0,8.4,ERA5_REANALYSIS,REFERENCE_REANALYSIS
2024-07-07T18:00,13.0827,80.2707,Chennai,28.1,0.0,5.9,ERA5_REANALYSIS,REFERENCE_REANALYSIS
2024-07-07T19:00,13.0827,80.2707,Chennai,27.8,0.0,7.7,ERA5_REANALYSIS,REFERENCE_REANALYSIS
2024-07-07T20:00,13.0827,80.2707,Chennai,27.3,0.0,5.9,ERA5_REANALYSIS,REFERENCE_REANALYSIS
2024-07-07T21:00,13.0827,80.2707,Chennai,27.2,0.0,5.9,ERA5_REANALYSIS,REFERENCE_REANALYSIS
2024-07-07T22:00,13.0827,80.2707,Chennai,27.0,0.0,6.9,ERA5_REANALYSIS,REFERENCE_REANALYSIS
2024-07-07T23:00,13.0827,80.2707,Chennai,27.1,0.0,5.5,ERA5_REANALYSIS,REFERENCE_REANALYSIS
2024-07-08T00:00,13.0827,80.2707,Chennai,27.1,0.0,6.1,ERA5_REANALYSIS,REFERENCE_REANALYSIS
2024-07-08T01:00,13.0827,80.2707,Chennai,26.9,0.0,10.5,ERA5_REANALYSIS,REFERENCE_REANALYSIS
2024-07-08T02:00,13.0827,80.2707,Chennai,27.5,0.0,10.3,ERA5_REANALYSIS,REFERENCE_REANALYSIS
2024-07-08T03:00,13.0827,80.2707,Chennai,28.6,0.0,15.8,ERA5_REANALYSIS,REFERENCE_REANALYSIS
2024-07-08T04:00,13.0827,80.2707,Chennai,29.9,0.0,15.0,ERA5_REANALYSIS,REFERENCE_REANALYSIS
2024-07-08T05:00,13.0827,80.2707,Chennai,31.3,0.0,13.4,ERA5_REANALYSIS,REFERENCE_REANALYSIS
2024-07-08T06:00,13.0827,80.2707,Chennai,32.7,0.0,11.7,ERA5_REANALYSIS,REFERENCE_REANALYSIS
2024-07-08T07:00,13.0827,80.2707,Chennai,32.5,0.0,10.9,ERA5_REANALYSIS,REFERENCE_REANALYSIS
2024-07-08T08:00,13.0827,80.2707,Chennai,32.7,0.0,12.9,ERA5_REANALYSIS,REFERENCE_REANALYSIS
2024-07-08T09:00,13.0827,80.2707,Chennai,31.1,0.0,12.3,ERA5_REANALYSIS,REFERENCE_REANALYSIS
2024-07-08T10:00,13.0827,80.2707,Chennai,30.1,0.7,9.6,ERA5_REANALYSIS,REFERENCE_REANALYSIS
2024-07-08T11:00,13.0827,80.2707,Chennai,30.0,0.1,14.2,ERA5_REANALYSIS,REFERENCE_REANALYSIS
2024-07-08T12:00,13.0827,80.2707,Chennai,29.6,0.2,13.6,ERA5_REANALYSIS,REFERENCE_REANALYSIS
2024-07-08T13:00,13.0827,80.2707,Chennai,30.0,0.0,9.5,ERA5_REANALYSIS,REFERENCE_REANALYSIS
2024-07-08T14:00,13.0827,80.2707,Chennai,28.7,1.5,11.6,ERA5_REANALYSIS,REFERENCE_REANALYSIS
2024-07-08T15:00,13.0827,80.2707,Chennai,27.5,4.9,10.6,ERA5_REANALYSIS,REFERENCE_REANALYSIS
2024-07-08T16:00,13.0827,80.2707,Chennai,27.2,0.8,9.4,ERA5_REANALYSIS,REFERENCE_REANALYSIS
2024-07-08T17:00,13.0827,80.2707,Chennai,27.0,1.8,13.2,ERA5_REANALYSIS,REFERENCE_REANALYSIS
2024-07-08T18:00,13.0827,80.2707,Chennai,26.5,1.6,11.9,ERA5_REANALYSIS,REFERENCE_REANALYSIS
2024-07-08T19:00,13.0827,80.2707,Chennai,26.5,0.9,11.5,ERA5_REANALYSIS,REFERENCE_REANALYSIS
2024-07-08T20:00,13.0827,80.2707,Chennai,26.4,2.1,11.5,ERA5_REANALYSIS,REFERENCE_REANALYSIS
2024-07-08T21:00,13.0827,80.2707,Chennai,26.4,0.5,9.0,ERA5_REANALYSIS,REFERENCE_REANALYSIS
2024-07-08T22:00,13.0827,80.2707,Chennai,26.4,0.0,6.5,ERA5_REANALYSIS,REFERENCE_REANALYSIS
2024-07-08T23:00,13.0827,80.2707,Chennai,26.3,0.0,4.0,ERA5_REANALYSIS,REFERENCE_REANALYSIS
2024-07-09T00:00,13.0827,80.2707,Chennai,25.8,0.0,5.7,ERA5_REANALYSIS,REFERENCE_REANALYSIS
2024-07-09T01:00,13.0827,80.2707,Chennai,26.1,0.5,9.5,ERA5_REANALYSIS,REFERENCE_REANALYSIS
2024-07-09T02:00,13.0827,80.2707,Chennai,26.8,0.3,7.4,ERA5_REANALYSIS,REFERENCE_REANALYSIS
2024-07-09T03:00,13.0827,80.2707,Chennai,27.9,0.8,3.4,ERA5_REANALYSIS,REFERENCE_REANALYSIS
2024-07-09T04:00,13.0827,80.2707,Chennai,28.3,0.1,5.1,ERA5_REANALYSIS,REFERENCE_REANALYSIS
2024-07-09T05:00,13.0827,80.2707,Chennai,29.7,0.0,6.8,ERA5_REANALYSIS,REFERENCE_REANALYSIS
2024-07-09T06:00,13.0827,80.2707,Chennai,31.5,0.0,7.5,ERA5_REANALYSIS,REFERENCE_REANALYSIS
2024-07-09T07:00,13.0827,80.2707,Chennai,33.0,0.0,9.9,ERA5_REANALYSIS,REFERENCE_REANALYSIS
2024-07-09T08:00,13.0827,80.2707,Chennai,33.9,0.0,12.7,ERA5_REANALYSIS,REFERENCE_REANALYSIS
2024-07-09T09:00,13.0827,80.2707,Chennai,33.8,0.0,9.0,ERA5_REANALYSIS,REFERENCE_REANALYSIS
2024-07-09T10:00,13.0827,80.2707,Chennai,33.2,0.0,7.2,ERA5_REANALYSIS,REFERENCE_REANALYSIS
2024-07-09T11:00,13.0827,80.2707,Chennai,30.8,0.0,17.6,ERA5_REANALYSIS,REFERENCE_REANALYSIS
2024-07-09T12:00,13.0827,80.2707,Chennai,30.0,0.0,16.7,ERA5_REANALYSIS,REFERENCE_REANALYSIS
2024-07-09T13:00,13.0827,80.2707,Chennai,28.7,0.0,15.1,ERA5_REANALYSIS,REFERENCE_REANALYSIS
2024-07-09T14:00,13.0827,80.2707,Chennai,28.6,0.0,12.7,ERA5_REANALYSIS,REFERENCE_REANALYSIS
2024-07-09T15:00,13.0827,80.2707,Chennai,28.6,0.0,12.1,ERA5_REANALYSIS,REFERENCE_REANALYSIS
2024-07-09T16:00,13.0827,80.2707,Chennai,28.6,0.0,13.7,ERA5_REANALYSIS,REFERENCE_REANALYSIS
2024-07-09T17:00,13.0827,80.2707,Chennai,28.6,0.0,14.1,ERA5_REANALYSIS,REFERENCE_REANALYSIS
2024-07-09T18:00,13.0827,80.2707,Chennai,28.4,0.0,12.4,ERA5_REANALYSIS,REFERENCE_REANALYSIS
2024-07-09T19:00,13.0827,80.2707,Chennai,28.3,0.0,11.1,ERA5_REANALYSIS,REFERENCE_REANALYSIS
2024-07-09T20:00,13.0827,80.2707,Chennai,28.0,0.0,10.1,ERA5_REANALYSIS,REFERENCE_REANALYSIS
2024-07-09T21:00,13.0827,80.2707,Chennai,27.8,0.0,9.4,ERA5_REANALYSIS,REFERENCE_REANALYSIS
2024-07-09T22:00,13.0827,80.2707,Chennai,27.5,0.0,8.7,ERA5_REANALYSIS,REFERENCE_REANALYSIS
2024-07-09T23:00,13.0827,80.2707,Chennai,27.2,0.0,8.6,ERA5_REANALYSIS,REFERENCE_REANALYSIS
2024-07-10T00:00,13.0827,80.2707,Chennai,27.0,0.0,8.2,ERA5_REANALYSIS,REFERENCE_REANALYSIS
2024-07-10T01:00,13.0827,80.2707,Chennai,27.4,0.0,11.2,ERA5_REANALYSIS,REFERENCE_REANALYSIS
2024-07-10T02:00,13.0827,80.2707,Chennai,28.7,0.0,9.6,ERA5_REANALYSIS,REFERENCE_REANALYSIS
2024-07-10T03:00,13.0827,80.2707,Chennai,30.8,0.0,13.6,ERA5_REANALYSIS,REFERENCE_REANALYSIS
2024-07-10T04:00,13.0827,80.2707,Chennai,32.4,0.0,14.4,ERA5_REANALYSIS,REFERENCE_REANALYSIS
2024-07-10T05:00,13.0827,80.2707,Chennai,33.7,0.0,10.5,ERA5_REANALYSIS,REFERENCE_REANALYSIS
2024-07-10T06:00,13.0827,80.2707,Chennai,34.8,0.0,7.3,ERA5_REANALYSIS,REFERENCE_REANALYSIS
2024-07-10T07:00,13.0827,80.2707,Chennai,35.5,0.0,2.7,ERA5_REANALYSIS,REFERENCE_REANALYSIS
2024-07-10T08:00,13.0827,80.2707,Chennai,35.4,0.0,3.8,ERA5_REANALYSIS,REFERENCE_REANALYSIS
2024-07-10T09:00,13.0827,80.2707,Chennai,33.2,0.1,14.4,ERA5_REANALYSIS,REFERENCE_REANALYSIS
2024-07-10T10:00,13.0827,80.2707,Chennai,32.0,0.1,14.8,ERA5_REANALYSIS,REFERENCE_REANALYSIS
2024-07-10T11:00,13.0827,80.2707,Chennai,31.5,0.0,14.8,ERA5_REANALYSIS,REFERENCE_REANALYSIS
2024-07-10T12:00,13.0827,80.2707,Chennai,31.1,0.0,15.0,ERA5_REANALYSIS,REFERENCE_REANALYSIS
2024-07-10T13:00,13.0827,80.2707,Chennai,30.0,0.0,14.8,ERA5_REANALYSIS,REFERENCE_REANALYSIS
2024-07-10T14:00,13.0827,80.2707,Chennai,29.3,0.0,15.3,ERA5_REANALYSIS,REFERENCE_REANALYSIS
2024-07-10T15:00,13.0827,80.2707,Chennai,29.2,0.0,15.4,ERA5_REANALYSIS,REFERENCE_REANALYSIS
2024-07-10T16:00,13.0827,80.2707,Chennai,29.2,0.0,15.9,ERA5_REANALYSIS,REFERENCE_REANALYSIS
2024-07-10T17:00,13.0827,80.2707,Chennai,29.0,0.0,13.4,ERA5_REANALYSIS,REFERENCE_REANALYSIS
2024-07-10T18:00,13.0827,80.2707,Chennai,28.8,0.0,14.9,ERA5_REANALYSIS,REFERENCE_REANALYSIS
2024-07-10T19:00,13.0827,80.2707,Chennai,27.7,0.7,14.5,ERA5_REANALYSIS,REFERENCE_REANALYSIS
2024-07-10T20:00,13.0827,80.2707,Chennai,27.0,0.2,10.4,ERA5_REANALYSIS,REFERENCE_REANALYSIS
2024-07-10T21:00,13.0827,80.2707,Chennai,26.9,0.0,7.7,ERA5_REANALYSIS,REFERENCE_REANALYSIS
2024-07-10T22:00,13.0827,80.2707,Chennai,26.8,0.0,8.6,ERA5_REANALYSIS,REFERENCE_REANALYSIS
2024-07-10T23:00,13.0827,80.2707,Chennai,26.7,0.0,10.1,ERA5_REANALYSIS,REFERENCE_REANALYSIS
2024-07-11T00:00,13.0827,80.2707,Chennai,26.5,0.0,8.4,ERA5_REANALYSIS,REFERENCE_REANALYSIS
2024-07-11T01:00,13.0827,80.2707,Chennai,26.1,0.1,8.1,ERA5_REANALYSIS,REFERENCE_REANALYSIS
2024-07-11T02:00,13.0827,80.2707,Chennai,26.9,0.0,5.1,ERA5_REANALYSIS,REFERENCE_REANALYSIS
2024-07-11T03:00,13.0827,80.2707,Chennai,28.5,0.0,5.9,ERA5_REANALYSIS,REFERENCE_REANALYSIS
2024-07-11T04:00,13.0827,80.2707,Chennai,29.7,0.0,5.4,ERA5_REANALYSIS,REFERENCE_REANALYSIS
2024-07-11T05:00,13.0827,80.2707,Chennai,31.6,0.0,8.7,ERA5_REANALYSIS,REFERENCE_REANALYSIS
2024-07-11T06:00,13.0827,80.2707,Chennai,31.9,0.0,13.1,ERA5_REANALYSIS,REFERENCE_REANALYSIS
2024-07-11T07:00,13.0827,80.2707,Chennai,32.7,0.0,12.4,ERA5_REANALYSIS,REFERENCE_REANALYSIS
2024-07-11T08:00,13.0827,80.2707,Chennai,33.2,0.0,11.0,ERA5_REANALYSIS,REFERENCE_REANALYSIS
2024-07-11T09:00,13.0827,80.2707,Chennai,33.3,0.0,10.6,ERA5_REANALYSIS,REFERENCE_REANALYSIS
2024-07-11T10:00,13.0827,80.2707,Chennai,33.3,0.0,11.7,ERA5_REANALYSIS,REFERENCE_REANALYSIS
2024-07-11T11:00,13.0827,80.2707,Chennai,32.9,0.0,9.1,ERA5_REANALYSIS,REFERENCE_REANALYSIS
2024-07-11T12:00,13.0827,80.2707,Chennai,31.9,0.0,4.5,ERA5_REANALYSIS,REFERENCE_REANALYSIS
2024-07-11T13:00,13.0827,80.2707,Chennai,28.8,0.0,10.6,ERA5_REANALYSIS,REFERENCE_REANALYSIS
2024-07-11T14:00,13.0827,80.2707,Chennai,28.4,0.0,12.6,ERA5_REANALYSIS,REFERENCE_REANALYSIS
2024-07-11T15:00,13.0827,80.2707,Chennai,28.5,0.0,13.9,ERA5_REANALYSIS,REFERENCE_REANALYSIS
2024-07-11T16:00,13.0827,80.2707,Chennai,28.4,0.0,15.5,ERA5_REANALYSIS,REFERENCE_REANALYSIS
2024-07-11T17:00,13.0827,80.2707,Chennai,28.5,0.0,15.5,ERA5_REANALYSIS,REFERENCE_REANALYSIS
2024-07-11T18:00,13.0827,80.2707,Chennai,28.4,0.0,15.5,ERA5_REANALYSIS,REFERENCE_REANALYSIS
2024-07-11T19:00,13.0827,80.2707,Chennai,28.2,0.0,15.3,ERA5_REANALYSIS,REFERENCE_REANALYSIS
2024-07-11T20:00,13.0827,80.2707,Chennai,27.9,0.0,14.0,ERA5_REANALYSIS,REFERENCE_REANALYSIS
2024-07-11T21:00,13.0827,80.2707,Chennai,27.8,0.0,13.5,ERA5_REANALYSIS,REFERENCE_REANALYSIS
2024-07-11T22:00,13.0827,80.2707,Chennai,27.7,0.0,11.9,ERA5_REANALYSIS,REFERENCE_REANALYSIS
2024-07-11T23:00,13.0827,80.2707,Chennai,27.5,0.0,10.9,ERA5_REANALYSIS,REFERENCE_REANALYSIS
2024-07-12T00:00,13.0827,80.2707,Chennai,27.3,0.0,11.0,ERA5_REANALYSIS,REFERENCE_REANALYSIS
2024-07-12T01:00,13.0827,80.2707,Chennai,27.6,0.0,12.6,ERA5_REANALYSIS,REFERENCE_REANALYSIS
2024-07-12T02:00,13.0827,80.2707,Chennai,29.0,0.0,14.3,ERA5_REANALYSIS,REFERENCE_REANALYSIS
2024-07-12T03:00,13.0827,80.2707,Chennai,30.9,0.0,14.8,ERA5_REANALYSIS,REFERENCE_REANALYSIS
2024-07-12T04:00,13.0827,80.2707,Chennai,32.6,0.0,15.6,ERA5_REANALYSIS,REFERENCE_REANALYSIS
2024-07-12T05:00,13.0827,80.2707,Chennai,34.0,0.0,14.5,ERA5_REANALYSIS,REFERENCE_REANALYSIS
2024-07-12T06:00,13.0827,80.2707,Chennai,34.9,0.0,13.5,ERA5_REANALYSIS,REFERENCE_REANALYSIS
2024-07-12T07:00,13.0827,80.2707,Chennai,35.7,0.1,9.1,ERA5_REANALYSIS,REFERENCE_REANALYSIS
2024-07-12T08:00,13.0827,80.2707,Chennai,35.4,0.0,7.2,ERA5_REANALYSIS,REFERENCE_REANALYSIS
2024-07-12T09:00,13.0827,80.2707,Chennai,33.2,1.8,14.7,ERA5_REANALYSIS,REFERENCE_REANALYSIS
2024-07-12T10:00,13.0827,80.2707,Chennai,32.4,0.1,22.8,ERA5_REANALYSIS,REFERENCE_REANALYSIS
2024-07-12T11:00,13.0827,80.2707,Chennai,31.5,0.2,23.2,ERA5_REANALYSIS,REFERENCE_REANALYSIS
2024-07-12T12:00,13.0827,80.2707,Chennai,31.4,0.2,23.4,ERA5_REANALYSIS,REFERENCE_REANALYSIS
2024-07-12T13:00,13.0827,80.2707,Chennai,30.8,0.0,20.8,ERA5_REANALYSIS,REFERENCE_REANALYSIS
2024-07-12T14:00,13.0827,80.2707,Chennai,30.5,0.0,21.2,ERA5_REANALYSIS,REFERENCE_REANALYSIS
2024-07-12T15:00,13.0827,80.2707,Chennai,28.3,0.1,18.3,ERA5_REANALYSIS,REFERENCE_REANALYSIS
2024-07-12T16:00,13.0827,80.2707,Chennai,27.8,0.0,20.1,ERA5_REANALYSIS,REFERENCE_REANALYSIS
2024-07-12T17:00,13.0827,80.2707,Chennai,27.3,0.1,13.6,ERA5_REANALYSIS,REFERENCE_REANALYSIS
2024-07-12T18:00,13.0827,80.2707,Chennai,27.4,0.0,8.8,ERA5_REANALYSIS,REFERENCE_REANALYSIS
2024-07-12T19:00,13.0827,80.2707,Chennai,27.1,0.0,10.7,ERA5_REANALYSIS,REFERENCE_REANALYSIS
2024-07-12T20:00,13.0827,80.2707,Chennai,27.2,0.0,11.2,ERA5_REANALYSIS,REFERENCE_REANALYSIS
2024-07-12T21:00,13.0827,80.2707,Chennai,27.4,0.0,13.7,ERA5_REANALYSIS,REFERENCE_REANALYSIS
2024-07-12T22:00,13.0827,80.2707,Chennai,27.8,0.0,14.1,ERA5_REANALYSIS,REFERENCE_REANALYSIS
2024-07-12T23:00,13.0827,80.2707,Chennai,28.1,0.0,14.8,ERA5_REANALYSIS,REFERENCE_REANALYSIS
2024-07-13T00:00,13.0827,80.2707,Chennai,28.4,0.0,14.9,ERA5_REANALYSIS,REFERENCE_REANALYSIS
2024-07-13T01:00,13.0827,80.2707,Chennai,25.7,1.6,13.1,ERA5_REANALYSIS,REFERENCE_REANALYSIS
2024-07-13T02:00,13.0827,80.2707,Chennai,25.6,1.9,16.6,ERA5_REANALYSIS,REFERENCE_REANALYSIS
2024-07-13T03:00,13.0827,80.2707,Chennai,25.9,0.9,17.3,ERA5_REANALYSIS,REFERENCE_REANALYSIS
2024-07-13T04:00,13.0827,80.2707,Chennai,26.9,0.3,13.3,ERA5_REANALYSIS,REFERENCE_REANALYSIS
2024-07-13T05:00,13.0827,80.2707,Chennai,27.4,0.0,6.9,ERA5_REANALYSIS,REFERENCE_REANALYSIS
2024-07-13T06:00,13.0827,80.2707,Chennai,29.2,0.0,10.0,ERA5_REANALYSIS,REFERENCE_REANALYSIS
2024-07-13T07:00,13.0827,80.2707,Chennai,29.6,0.0,13.8,ERA5_REANALYSIS,REFERENCE_REANALYSIS
2024-07-13T08:00,13.0827,80.2707,Chennai,29.3,0.2,13.3,ERA5_REANALYSIS,REFERENCE_REANALYSIS
2024-07-13T09:00,13.0827,80.2707,Chennai,29.3,0.2,9.6,ERA5_REANALYSIS,REFERENCE_REANALYSIS
2024-07-13T10:00,13.0827,80.2707,Chennai,29.6,0.1,12.7,ERA5_REANALYSIS,REFERENCE_REANALYSIS
2024-07-13T11:00,13.0827,80.2707,Chennai,29.2,0.1,10.6,ERA5_REANALYSIS,REFERENCE_REANALYSIS
2024-07-13T12:00,13.0827,80.2707,Chennai,29.2,0.0,12.1,ERA5_REANALYSIS,REFERENCE_REANALYSIS
2024-07-13T13:00,13.0827,80.2707,Chennai,28.6,0.0,13.1,ERA5_REANALYSIS,REFERENCE_REANALYSIS
2024-07-13T14:00,13.0827,80.2707,Chennai,28.4,0.0,12.1,ERA5_REANALYSIS,REFERENCE_REANALYSIS
2024-07-13T15:00,13.0827,80.2707,Chennai,28.4,0.0,11.2,ERA5_REANALYSIS,REFERENCE_REANALYSIS
2024-07-13T16:00,13.0827,80.2707,Chennai,28.2,0.0,13.6,ERA5_REANALYSIS,REFERENCE_REANALYSIS
2024-07-13T17:00,13.0827,80.2707,Chennai,27.1,0.7,12.8,ERA5_REANALYSIS,REFERENCE_REANALYSIS
2024-07-13T18:00,13.0827,80.2707,Chennai,26.7,2.0,12.2,ERA5_REANALYSIS,REFERENCE_REANALYSIS
2024-07-13T19:00,13.0827,80.2707,Chennai,26.3,0.3,12.0,ERA5_REANALYSIS,REFERENCE_REANALYSIS
2024-07-13T20:00,13.0827,80.2707,Chennai,26.1,0.4,13.0,ERA5_REANALYSIS,REFERENCE_REANALYSIS
2024-07-13T21:00,13.0827,80.2707,Chennai,26.1,0.2,13.9,ERA5_REANALYSIS,REFERENCE_REANALYSIS
2024-07-13T22:00,13.0827,80.2707,Chennai,25.9,0.2,14.0,ERA5_REANALYSIS,REFERENCE_REANALYSIS
2024-07-13T23:00,13.0827,80.2707,Chennai,25.7,0.2,13.1,ERA5_REANALYSIS,REFERENCE_REANALYSIS
2024-07-14T00:00,13.0827,80.2707,Chennai,25.6,0.2,13.4,ERA5_REANALYSIS,REFERENCE_REANALYSIS
2024-07-14T01:00,13.0827,80.2707,Chennai,25.4,0.9,9.5,ERA5_REANALYSIS,REFERENCE_REANALYSIS
2024-07-14T02:00,13.0827,80.2707,Chennai,25.6,0.7,11.4,ERA5_REANALYSIS,REFERENCE_REANALYSIS
2024-07-14T03:00,13.0827,80.2707,Chennai,26.0,0.7,12.1,ERA5_REANALYSIS,REFERENCE_REANALYSIS
2024-07-14T04:00,13.0827,80.2707,Chennai,27.1,0.5,12.4,ERA5_REANALYSIS,REFERENCE_REANALYSIS
2024-07-14T05:00,13.0827,80.2707,Chennai,27.8,0.3,13.2,ERA5_REANALYSIS,REFERENCE_REANALYSIS
2024-07-14T06:00,13.0827,80.2707,Chennai,28.1,0.4,13.8,ERA5_REANALYSIS,REFERENCE_REANALYSIS
2024-07-14T07:00,13.0827,80.2707,Chennai,28.0,0.5,12.1,ERA5_REANALYSIS,REFERENCE_REANALYSIS
2024-07-14T08:00,13.0827,80.2707,Chennai,28.1,0.6,11.0,ERA5_REANALYSIS,REFERENCE_REANALYSIS
2024-07-14T09:00,13.0827,80.2707,Chennai,27.4,1.0,12.0,ERA5_REANALYSIS,REFERENCE_REANALYSIS
2024-07-14T10:00,13.0827,80.2707,Chennai,28.5,0.5,11.8,ERA5_REANALYSIS,REFERENCE_REANALYSIS
2024-07-14T11:00,13.0827,80.2707,Chennai,28.5,0.0,10.7,ERA5_REANALYSIS,REFERENCE_REANALYSIS
2024-07-14T12:00,13.0827,80.2707,Chennai,28.5,0.0,10.5,ERA5_REANALYSIS,REFERENCE_REANALYSIS
2024-07-14T13:00,13.0827,80.2707,Chennai,28.1,0.0,8.4,ERA5_REANALYSIS,REFERENCE_REANALYSIS
2024-07-14T14:00,13.0827,80.2707,Chennai,27.9,0.1,11.1,ERA5_REANALYSIS,REFERENCE_REANALYSIS
2024-07-14T15:00,13.0827,80.2707,Chennai,27.5,0.3,14.6,ERA5_REANALYSIS,REFERENCE_REANALYSIS
2024-07-14T16:00,13.0827,80.2707,Chennai,27.2,0.1,14.2,ERA5_REANALYSIS,REFERENCE_REANALYSIS
2024-07-14T17:00,13.0827,80.2707,Chennai,27.1,0.1,13.9,ERA5_REANALYSIS,REFERENCE_REANALYSIS
2024-07-14T18:00,13.0827,80.2707,Chennai,26.6,0.7,12.4,ERA5_REANALYSIS,REFERENCE_REANALYSIS
2024-07-14T19:00,13.0827,80.2707,Chennai,26.5,0.1,13.4,ERA5_REANALYSIS,REFERENCE_REANALYSIS
2024-07-14T20:00,13.0827,80.2707,Chennai,26.4,0.1,17.1,ERA5_REANALYSIS,REFERENCE_REANALYSIS
2024-07-14T21:00,13.0827,80.2707,Chennai,26.0,0.3,17.3,ERA5_REANALYSIS,REFERENCE_REANALYSIS
2024-07-14T22:00,13.0827,80.2707,Chennai,25.5,0.6,18.1,ERA5_REANALYSIS,REFERENCE_REANALYSIS
2024-07-14T23:00,13.0827,80.2707,Chennai,25.5,0.4,18.6,ERA5_REANALYSIS,REFERENCE_REANALYSIS
2024-07-15T00:00,13.0827,80.2707,Chennai,25.6,0.2,18.1,ERA5_REANALYSIS,REFERENCE_REANALYSIS
2024-07-15T01:00,13.0827,80.2707,Chennai,25.2,0.7,15.2,ERA5_REANALYSIS,REFERENCE_REANALYSIS
2024-07-15T02:00,13.0827,80.2707,Chennai,25.4,1.5,14.7,ERA5_REANALYSIS,REFERENCE_REANALYSIS
2024-07-15T03:00,13.0827,80.2707,Chennai,25.5,1.0,15.9,ERA5_REANALYSIS,REFERENCE_REANALYSIS
2024-07-15T04:00,13.0827,80.2707,Chennai,26.2,1.1,15.4,ERA5_REANALYSIS,REFERENCE_REANALYSIS
2024-07-15T05:00,13.0827,80.2707,Chennai,26.7,0.7,16.4,ERA5_REANALYSIS,REFERENCE_REANALYSIS
2024-07-15T06:00,13.0827,80.2707,Chennai,28.2,0.1,19.1,ERA5_REANALYSIS,REFERENCE_REANALYSIS
2024-07-15T07:00,13.0827,80.2707,Chennai,29.9,0.0,19.5,ERA5_REANALYSIS,REFERENCE_REANALYSIS
2024-07-15T08:00,13.0827,80.2707,Chennai,30.2,0.0,19.3,ERA5_REANALYSIS,REFERENCE_REANALYSIS
2024-07-15T09:00,13.0827,80.2707,Chennai,29.5,0.0,15.3,ERA5_REANALYSIS,REFERENCE_REANALYSIS
2024-07-15T10:00,13.0827,80.2707,Chennai,29.4,0.1,13.4,ERA5_REANALYSIS,REFERENCE_REANALYSIS
2024-07-15T11:00,13.0827,80.2707,Chennai,28.6,0.7,14.4,ERA5_REANALYSIS,REFERENCE_REANALYSIS
2024-07-15T12:00,13.0827,80.2707,Chennai,27.9,0.1,18.3,ERA5_REANALYSIS,REFERENCE_REANALYSIS
2024-07-15T13:00,13.0827,80.2707,Chennai,26.8,0.3,17.6,ERA5_REANALYSIS,REFERENCE_REANALYSIS
2024-07-15T14:00,13.0827,80.2707,Chennai,26.6,0.1,17.3,ERA5_REANALYSIS,REFERENCE_REANALYSIS
2024-07-15T15:00,13.0827,80.2707,Chennai,26.6,0.1,17.0,ERA5_REANALYSIS,REFERENCE_REANALYSIS
2024-07-15T16:00,13.0827,80.2707,Chennai,26.5,0.0,17.6,ERA5_REANALYSIS,REFERENCE_REANALYSIS
2024-07-15T17:00,13.0827,80.2707,Chennai,26.2,0.0,17.3,ERA5_REANALYSIS,REFERENCE_REANALYSIS
2024-07-15T18:00,13.0827,80.2707,Chennai,26.3,0.0,18.1,ERA5_REANALYSIS,REFERENCE_REANALYSIS
2024-07-15T19:00,13.0827,80.2707,Chennai,26.2,0.0,19.4,ERA5_REANALYSIS,REFERENCE_REANALYSIS
2024-07-15T20:00,13.0827,80.2707,Chennai,26.0,0.2,18.4,ERA5_REANALYSIS,REFERENCE_REANALYSIS
2024-07-15T21:00,13.0827,80.2707,Chennai,25.8,0.3,14.9,ERA5_REANALYSIS,REFERENCE_REANALYSIS
2024-07-15T22:00,13.0827,80.2707,Chennai,25.6,0.2,14.3,ERA5_REANALYSIS,REFERENCE_REANALYSIS
2024-07-15T23:00,13.0827,80.2707,Chennai,25.5,0.0,14.9,ERA5_REANALYSIS,REFERENCE_REANALYSIS
2024-07-16T00:00,13.0827,80.2707,Chennai,25.6,0.0,15.9,ERA5_REANALYSIS,REFERENCE_REANALYSIS
2024-07-16T01:00,13.0827,80.2707,Chennai,25.6,0.1,18.9,ERA5_REANALYSIS,REFERENCE_REANALYSIS
2024-07-16T02:00,13.0827,80.2707,Chennai,25.7,0.2,16.8,ERA5_REANALYSIS,REFERENCE_REANALYSIS
2024-07-16T03:00,13.0827,80.2707,Chennai,26.0,0.1,17.3,ERA5_REANALYSIS,REFERENCE_REANALYSIS
2024-07-16T04:00,13.0827,80.2707,Chennai,27.0,0.0,16.5,ERA5_REANALYSIS,REFERENCE_REANALYSIS
2024-07-16T05:00,13.0827,80.2707,Chennai,30.2,0.0,17.6,ERA5_REANALYSIS,REFERENCE_REANALYSIS
2024-07-16T06:00,13.0827,80.2707,Chennai,31.3,0.0,18.7,ERA5_REANALYSIS,REFERENCE_REANALYSIS
2024-07-16T07:00,13.0827,80.2707,Chennai,30.2,0.0,19.6,ERA5_REANALYSIS,REFERENCE_REANALYSIS
2024-07-16T08:00,13.0827,80.2707,Chennai,29.8,0.0,19.6,ERA5_REANALYSIS,REFERENCE_REANALYSIS
2024-07-16T09:00,13.0827,80.2707,Chennai,29.7,0.0,21.8,ERA5_REANALYSIS,REFERENCE_REANALYSIS
2024-07-16T10:00,13.0827,80.2707,Chennai,29.1,0.0,19.9,ERA5_REANALYSIS,REFERENCE_REANALYSIS
2024-07-16T11:00,13.0827,80.2707,Chennai,29.3,0.0,19.4,ERA5_REANALYSIS,REFERENCE_REANALYSIS
2024-07-16T12:00,13.0827,80.2707,Chennai,28.7,0.0,20.2,ERA5_REANALYSIS,REFERENCE_REANALYSIS
2024-07-16T13:00,13.0827,80.2707,Chennai,26.8,1.3,15.0,ERA5_REANALYSIS,REFERENCE_REANALYSIS
2024-07-16T14:00,13.0827,80.2707,Chennai,26.7,0.4,15.5,ERA5_REANALYSIS,REFERENCE_REANALYSIS
2024-07-16T15:00,13.0827,80.2707,Chennai,26.7,0.0,16.1,ERA5_REANALYSIS,REFERENCE_REANALYSIS
2024-07-16T16:00,13.0827,80.2707,Chennai,26.3,0.0,16.6,ERA5_REANALYSIS,REFERENCE_REANALYSIS
2024-07-16T17:00,13.0827,80.2707,Chennai,26.2,0.0,16.3,ERA5_REANALYSIS,REFERENCE_REANALYSIS
2024-07-16T18:00,13.0827,80.2707,Chennai,26.1,0.0,13.6,ERA5_REANALYSIS,REFERENCE_REANALYSIS
2024-07-16T19:00,13.0827,80.2707,Chennai,25.9,0.0,11.3,ERA5_REANALYSIS,REFERENCE_REANALYSIS
2024-07-16T20:00,13.0827,80.2707,Chennai,25.8,0.0,13.8,ERA5_REANALYSIS,REFERENCE_REANALYSIS
2024-07-16T21:00,13.0827,80.2707,Chennai,26.1,0.0,16.1,ERA5_REANALYSIS,REFERENCE_REANALYSIS
2024-07-16T22:00,13.0827,80.2707,Chennai,26.0,0.0,14.3,ERA5_REANALYSIS,REFERENCE_REANALYSIS
2024-07-16T23:00,13.0827,80.2707,Chennai,25.9,0.0,14.1,ERA5_REANALYSIS,REFERENCE_REANALYSIS
2024-07-17T00:00,13.0827,80.2707,Chennai,25.9,0.1,13.9,ERA5_REANALYSIS,REFERENCE_REANALYSIS
2024-07-17T01:00,13.0827,80.2707,Chennai,26.9,0.0,17.4,ERA5_REANALYSIS,REFERENCE_REANALYSIS
2024-07-17T02:00,13.0827,80.2707,Chennai,27.3,0.0,16.6,ERA5_REANALYSIS,REFERENCE_REANALYSIS
2024-07-17T03:00,13.0827,80.2707,Chennai,27.5,0.0,15.4,ERA5_REANALYSIS,REFERENCE_REANALYSIS
2024-07-17T04:00,13.0827,80.2707,Chennai,27.7,0.0,12.8,ERA5_REANALYSIS,REFERENCE_REANALYSIS
2024-07-17T05:00,13.0827,80.2707,Chennai,29.1,0.0,16.4,ERA5_REANALYSIS,REFERENCE_REANALYSIS
2024-07-17T06:00,13.0827,80.2707,Chennai,29.9,0.0,18.4,ERA5_REANALYSIS,REFERENCE_REANALYSIS
2024-07-17T07:00,13.0827,80.2707,Chennai,30.4,0.0,18.7,ERA5_REANALYSIS,REFERENCE_REANALYSIS
2024-07-17T08:00,13.0827,80.2707,Chennai,31.0,0.0,18.6,ERA5_REANALYSIS,REFERENCE_REANALYSIS
2024-07-17T09:00,13.0827,80.2707,Chennai,31.4,0.0,20.9,ERA5_REANALYSIS,REFERENCE_REANALYSIS
2024-07-17T10:00,13.0827,80.2707,Chennai,31.3,0.0,15.6,ERA5_REANALYSIS,REFERENCE_REANALYSIS
2024-07-17T11:00,13.0827,80.2707,Chennai,30.7,0.0,12.6,ERA5_REANALYSIS,REFERENCE_REANALYSIS
2024-07-17T12:00,13.0827,80.2707,Chennai,30.2,0.0,15.1,ERA5_REANALYSIS,REFERENCE_REANALYSIS
2024-07-17T13:00,13.0827,80.2707,Chennai,29.7,0.0,16.5,ERA5_REANALYSIS,REFERENCE_REANALYSIS
2024-07-17T14:00,13.0827,80.2707,Chennai,29.4,0.0,17.2,ERA5_REANALYSIS,REFERENCE_REANALYSIS
2024-07-17T15:00,13.0827,80.2707,Chennai,29.3,0.0,17.9,ERA5_REANALYSIS,REFERENCE_REANALYSIS
2024-07-17T16:00,13.0827,80.2707,Chennai,29.1,0.0,15.6,ERA5_REANALYSIS,REFERENCE_REANALYSIS
2024-07-17T17:00,13.0827,80.2707,Chennai,29.3,0.0,19.4,ERA5_REANALYSIS,REFERENCE_REANALYSIS
2024-07-17T18:00,13.0827,80.2707,Chennai,29.0,0.0,17.8,ERA5_REANALYSIS,REFERENCE_REANALYSIS
2024-07-17T19:00,13.0827,80.2707,Chennai,28.6,0.0,18.1,ERA5_REANALYSIS,REFERENCE_REANALYSIS
2024-07-17T20:00,13.0827,80.2707,Chennai,28.4,0.0,19.0,ERA5_REANALYSIS,REFERENCE_REANALYSIS
2024-07-17T21:00,13.0827,80.2707,Chennai,28.2,0.0,21.3,ERA5_REANALYSIS,REFERENCE_REANALYSIS
2024-07-17T22:00,13.0827,80.2707,Chennai,28.1,0.0,22.1,ERA5_REANALYSIS,REFERENCE_REANALYSIS
2024-07-17T23:00,13.0827,80.2707,Chennai,28.2,0.0,22.4,ERA5_REANALYSIS,REFERENCE_REANALYSIS
2024-07-18T00:00,13.0827,80.2707,Chennai,28.2,0.0,19.8,ERA5_REANALYSIS,REFERENCE_REANALYSIS
2024-07-18T01:00,13.0827,80.2707,Chennai,27.2,0.0,21.9,ERA5_REANALYSIS,REFERENCE_REANALYSIS
2024-07-18T02:00,13.0827,80.2707,Chennai,27.4,0.0,16.5,ERA5_REANALYSIS,REFERENCE_REANALYSIS
2024-07-18T03:00,13.0827,80.2707,Chennai,28.6,0.0,13.8,ERA5_REANALYSIS,REFERENCE_REANALYSIS
2024-07-18T04:00,13.0827,80.2707,Chennai,29.7,0.0,15.0,ERA5_REANALYSIS,REFERENCE_REANALYSIS
2024-07-18T05:00,13.0827,80.2707,Chennai,31.1,0.0,16.3,ERA5_REANALYSIS,REFERENCE_REANALYSIS
2024-07-18T06:00,13.0827,80.2707,Chennai,31.8,0.0,20.5,ERA5_REANALYSIS,REFERENCE_REANALYSIS
2024-07-18T07:00,13.0827,80.2707,Chennai,31.9,0.0,23.4,ERA5_REANALYSIS,REFERENCE_REANALYSIS
2024-07-18T08:00,13.0827,80.2707,Chennai,31.2,0.0,20.4,ERA5_REANALYSIS,REFERENCE_REANALYSIS
2024-07-18T09:00,13.0827,80.2707,Chennai,30.4,0.0,21.0,ERA5_REANALYSIS,REFERENCE_REANALYSIS
2024-07-18T10:00,13.0827,80.2707,Chennai,29.9,0.0,18.1,ERA5_REANALYSIS,REFERENCE_REANALYSIS
2024-07-18T11:00,13.0827,80.2707,Chennai,30.0,0.0,14.8,ERA5_REANALYSIS,REFERENCE_REANALYSIS
2024-07-18T12:00,13.0827,80.2707,Chennai,30.1,0.0,15.6,ERA5_REANALYSIS,REFERENCE_REANALYSIS
2024-07-18T13:00,13.0827,80.2707,Chennai,28.5,0.3,18.6,ERA5_REANALYSIS,REFERENCE_REANALYSIS
2024-07-18T14:00,13.0827,80.2707,Chennai,27.1,0.8,19.5,ERA5_REANALYSIS,REFERENCE_REANALYSIS
2024-07-18T15:00,13.0827,80.2707,Chennai,27.2,0.0,20.5,ERA5_REANALYSIS,REFERENCE_REANALYSIS
2024-07-18T16:00,13.0827,80.2707,Chennai,27.3,0.0,21.0,ERA5_REANALYSIS,REFERENCE_REANALYSIS
2024-07-18T17:00,13.0827,80.2707,Chennai,27.6,0.0,19.0,ERA5_REANALYSIS,REFERENCE_REANALYSIS
2024-07-18T18:00,13.0827,80.2707,Chennai,27.7,0.0,18.1,ERA5_REANALYSIS,REFERENCE_REANALYSIS
2024-07-18T19:00,13.0827,80.2707,Chennai,27.7,0.0,16.6,ERA5_REANALYSIS,REFERENCE_REANALYSIS
2024-07-18T20:00,13.0827,80.2707,Chennai,27.5,0.0,16.9,ERA5_REANALYSIS,REFERENCE_REANALYSIS
2024-07-18T21:00,13.0827,80.2707,Chennai,27.2,0.0,16.6,ERA5_REANALYSIS,REFERENCE_REANALYSIS
2024-07-18T22:00,13.0827,80.2707,Chennai,27.0,0.0,15.6,ERA5_REANALYSIS,REFERENCE_REANALYSIS
2024-07-18T23:00,13.0827,80.2707,Chennai,27.0,0.0,17.3,ERA5_REANALYSIS,REFERENCE_REANALYSIS
2024-07-19T00:00,13.0827,80.2707,Chennai,26.9,0.0,16.0,ERA5_REANALYSIS,REFERENCE_REANALYSIS
2024-07-19T01:00,13.0827,80.2707,Chennai,26.2,0.1,13.3,ERA5_REANALYSIS,REFERENCE_REANALYSIS
2024-07-19T02:00,13.0827,80.2707,Chennai,26.9,0.0,15.8,ERA5_REANALYSIS,REFERENCE_REANALYSIS
2024-07-19T03:00,13.0827,80.2707,Chennai,27.2,0.0,17.4,ERA5_REANALYSIS,REFERENCE_REANALYSIS
2024-07-19T04:00,13.0827,80.2707,Chennai,27.4,0.0,16.8,ERA5_REANALYSIS,REFERENCE_REANALYSIS
2024-07-19T05:00,13.0827,80.2707,Chennai,28.2,0.0,19.7,ERA5_REANALYSIS,REFERENCE_REANALYSIS
2024-07-19T06:00,13.0827,80.2707,Chennai,28.7,0.0,20.0,ERA5_REANALYSIS,REFERENCE_REANALYSIS
2024-07-19T07:00,13.0827,80.2707,Chennai,30.1,0.0,22.6,ERA5_REANALYSIS,REFERENCE_REANALYSIS
2024-07-19T08:00,13.0827,80.2707,Chennai,29.4,0.0,19.4,ERA5_REANALYSIS,REFERENCE_REANALYSIS
2024-07-19T09:00,13.0827,80.2707,Chennai,29.6,0.0,20.6,ERA5_REANALYSIS,REFERENCE_REANALYSIS
2024-07-19T10:00,13.0827,80.2707,Chennai,29.0,0.0,19.0,ERA5_REANALYSIS,REFERENCE_REANALYSIS
2024-07-19T11:00,13.0827,80.2707,Chennai,28.7,0.0,17.2,ERA5_REANALYSIS,REFERENCE_REANALYSIS
2024-07-19T12:00,13.0827,80.2707,Chennai,29.2,0.0,18.6,ERA5_REANALYSIS,REFERENCE_REANALYSIS
2024-07-19T13:00,13.0827,80.2707,Chennai,27.3,0.3,22.1,ERA5_REANALYSIS,REFERENCE_REANALYSIS
2024-07-19T14:00,13.0827,80.2707,Chennai,27.3,0.0,20.4,ERA5_REANALYSIS,REFERENCE_REANALYSIS
2024-07-19T15:00,13.0827,80.2707,Chennai,27.3,0.0,19.1,ERA5_REANALYSIS,REFERENCE_REANALYSIS
2024-07-19T16:00,13.0827,80.2707,Chennai,26.9,0.0,17.3,ERA5_REANALYSIS,REFERENCE_REANALYSIS
2024-07-19T17:00,13.0827,80.2707,Chennai,26.6,0.0,17.4,ERA5_REANALYSIS,REFERENCE_REANALYSIS
2024-07-19T18:00,13.0827,80.2707,Chennai,26.3,0.1,16.3,ERA5_REANALYSIS,REFERENCE_REANALYSIS
2024-07-19T19:00,13.0827,80.2707,Chennai,26.2,0.0,15.3,ERA5_REANALYSIS,REFERENCE_REANALYSIS
2024-07-19T20:00,13.0827,80.2707,Chennai,26.0,0.0,14.0,ERA5_REANALYSIS,REFERENCE_REANALYSIS
2024-07-19T21:00,13.0827,80.2707,Chennai,25.9,0.0,14.3,ERA5_REANALYSIS,REFERENCE_REANALYSIS
2024-07-19T22:00,13.0827,80.2707,Chennai,25.9,0.0,15.0,ERA5_REANALYSIS,REFERENCE_REANALYSIS
2024-07-19T23:00,13.0827,80.2707,Chennai,26.0,0.0,15.3,ERA5_REANALYSIS,REFERENCE_REANALYSIS
2024-07-20T00:00,13.0827,80.2707,Chennai,26.0,0.0,15.1,ERA5_REANALYSIS,REFERENCE_REANALYSIS
2024-07-20T01:00,13.0827,80.2707,Chennai,25.9,0.1,13.0,ERA5_REANALYSIS,REFERENCE_REANALYSIS
2024-07-20T02:00,13.0827,80.2707,Chennai,26.3,0.0,11.0,ERA5_REANALYSIS,REFERENCE_REANALYSIS
2024-07-20T03:00,13.0827,80.2707,Chennai,27.0,0.0,12.4,ERA5_REANALYSIS,REFERENCE_REANALYSIS
2024-07-20T04:00,13.0827,80.2707,Chennai,27.9,0.0,13.2,ERA5_REANALYSIS,REFERENCE_REANALYSIS
2024-07-20T05:00,13.0827,80.2707,Chennai,28.3,0.0,15.3,ERA5_REANALYSIS,REFERENCE_REANALYSIS
2024-07-20T06:00,13.0827,80.2707,Chennai,29.0,0.0,19.1,ERA5_REANALYSIS,REFERENCE_REANALYSIS
2024-07-20T07:00,13.0827,80.2707,Chennai,30.2,0.0,19.7,ERA5_REANALYSIS,REFERENCE_REANALYSIS
2024-07-20T08:00,13.0827,80.2707,Chennai,32.2,0.0,23.5,ERA5_REANALYSIS,REFERENCE_REANALYSIS
2024-07-20T09:00,13.0827,80.2707,Chennai,32.4,0.0,25.5,ERA5_REANALYSIS,REFERENCE_REANALYSIS
2024-07-20T10:00,13.0827,80.2707,Chennai,33.0,0.0,24.6,ERA5_REANALYSIS,REFERENCE_REANALYSIS
2024-07-20T11:00,13.0827,80.2707,Chennai,32.7,0.0,17.0,ERA5_REANALYSIS,REFERENCE_REANALYSIS
2024-07-20T12:00,13.0827,80.2707,Chennai,31.7,0.0,10.4,ERA5_REANALYSIS,REFERENCE_REANALYSIS
2024-07-20T13:00,13.0827,80.2707,Chennai,31.0,0.0,11.7,ERA5_REANALYSIS,REFERENCE_REANALYSIS
2024-07-20T14:00,13.0827,80.2707,Chennai,30.1,0.0,10.4,ERA5_REANALYSIS,REFERENCE_REANALYSIS
2024-07-20T15:00,13.0827,80.2707,Chennai,29.3,0.0,9.0,ERA5_REANALYSIS,REFERENCE_REANALYSIS
2024-07-20T16:00,13.0827,80.2707,Chennai,28.6,0.0,7.3,ERA5_REANALYSIS,REFERENCE_REANALYSIS
2024-07-20T17:00,13.0827,80.2707,Chennai,27.7,0.0,6.0,ERA5_REANALYSIS,REFERENCE_REANALYSIS
2024-07-20T18:00,13.0827,80.2707,Chennai,27.1,0.0,7.5,ERA5_REANALYSIS,REFERENCE_REANALYSIS
2024-07-20T19:00,13.0827,80.2707,Chennai,27.1,0.0,9.0,ERA5_REANALYSIS,REFERENCE_REANALYSIS
2024-07-20T20:00,13.0827,80.2707,Chennai,27.2,0.0,9.9,ERA5_REANALYSIS,REFERENCE_REANALYSIS
2024-07-20T21:00,13.0827,80.2707,Chennai,27.1,0.0,10.6,ERA5_REANALYSIS,REFERENCE_REANALYSIS
2024-07-20T22:00,13.0827,80.2707,Chennai,27.0,0.0,13.0,ERA5_REANALYSIS,REFERENCE_REANALYSIS
2024-07-20T23:00,13.0827,80.2707,Chennai,27.0,0.0,12.9,ERA5_REANALYSIS,REFERENCE_REANALYSIS
2024-07-21T00:00,13.0827,80.2707,Chennai,27.0,0.0,12.7,ERA5_REANALYSIS,REFERENCE_REANALYSIS
2024-07-21T01:00,13.0827,80.2707,Chennai,27.8,0.0,13.3,ERA5_REANALYSIS,REFERENCE_REANALYSIS
2024-07-21T02:00,13.0827,80.2707,Chennai,28.4,0.0,11.5,ERA5_REANALYSIS,REFERENCE_REANALYSIS
2024-07-21T03:00,13.0827,80.2707,Chennai,29.0,0.0,10.8,ERA5_REANALYSIS,REFERENCE_REANALYSIS
2024-07-21T04:00,13.0827,80.2707,Chennai,30.5,0.0,13.5,ERA5_REANALYSIS,REFERENCE_REANALYSIS
2024-07-21T05:00,13.0827,80.2707,Chennai,31.3,0.0,15.3,ERA5_REANALYSIS,REFERENCE_REANALYSIS
2024-07-21T06:00,13.0827,80.2707,Chennai,32.7,0.0,21.7,ERA5_REANALYSIS,REFERENCE_REANALYSIS
2024-07-21T07:00,13.0827,80.2707,Chennai,33.7,0.0,21.9,ERA5_REANALYSIS,REFERENCE_REANALYSIS
2024-07-21T08:00,13.0827,80.2707,Chennai,34.3,0.0,21.1,ERA5_REANALYSIS,REFERENCE_REANALYSIS
2024-07-21T09:00,13.0827,80.2707,Chennai,35.6,0.2,21.5,ERA5_REANALYSIS,REFERENCE_REANALYSIS
2024-07-21T10:00,13.0827,80.2707,Chennai,35.6,0.0,17.1,ERA5_REANALYSIS,REFERENCE_REANALYSIS
2024-07-21T11:00,13.0827,80.2707,Chennai,34.1,0.0,11.8,ERA5_REANALYSIS,REFERENCE_REANALYSIS
2024-07-21T12:00,13.0827,80.2707,Chennai,31.5,2.4,3.6,ERA5_REANALYSIS,REFERENCE_REANALYSIS
2024-07-21T13:00,13.0827,80.2707,Chennai,31.3,0.0,9.0,ERA5_REANALYSIS,REFERENCE_REANALYSIS
2024-07-21T14:00,13.0827,80.2707,Chennai,30.1,0.0,5.4,ERA5_REANALYSIS,REFERENCE_REANALYSIS
2024-07-21T15:00,13.0827,80.2707,Chennai,29.4,0.0,6.1,ERA5_REANALYSIS,REFERENCE_REANALYSIS
2024-07-21T16:00,13.0827,80.2707,Chennai,29.4,0.0,8.2,ERA5_REANALYSIS,REFERENCE_REANALYSIS
2024-07-21T17:00,13.0827,80.2707,Chennai,29.2,0.0,8.4,ERA5_REANALYSIS,REFERENCE_REANALYSIS
2024-07-21T18:00,13.0827,80.2707,Chennai,29.6,0.0,14.2,ERA5_REANALYSIS,REFERENCE_REANALYSIS
2024-07-21T19:00,13.0827,80.2707,Chennai,29.7,0.0,16.0,ERA5_REANALYSIS,REFERENCE_REANALYSIS
2024-07-21T20:00,13.0827,80.2707,Chennai,29.1,0.0,15.7,ERA5_REANALYSIS,REFERENCE_REANALYSIS
2024-07-21T21:00,13.0827,80.2707,Chennai,28.5,0.0,15.3,ERA5_REANALYSIS,REFERENCE_REANALYSIS
2024-07-21T22:00,13.0827,80.2707,Chennai,27.9,0.0,14.3,ERA5_REANALYSIS,REFERENCE_REANALYSIS
2024-07-21T23:00,13.0827,80.2707,Chennai,27.6,0.0,14.3,ERA5_REANALYSIS,REFERENCE_REANALYSIS
2024-07-22T00:00,13.0827,80.2707,Chennai,27.4,0.0,14.0,ERA5_REANALYSIS,REFERENCE_REANALYSIS
2024-07-22T01:00,13.0827,80.2707,Chennai,27.6,0.0,13.0,ERA5_REANALYSIS,REFERENCE_REANALYSIS
2024-07-22T02:00,13.0827,80.2707,Chennai,28.3,0.0,11.8,ERA5_REANALYSIS,REFERENCE_REANALYSIS
2024-07-22T03:00,13.0827,80.2707,Chennai,29.9,0.0,15.5,ERA5_REANALYSIS,REFERENCE_REANALYSIS
2024-07-22T04:00,13.0827,80.2707,Chennai,30.0,0.0,16.6,ERA5_REANALYSIS,REFERENCE_REANALYSIS
2024-07-22T05:00,13.0827,80.2707,Chennai,32.0,0.0,17.1,ERA5_REANALYSIS,REFERENCE_REANALYSIS
2024-07-22T06:00,13.0827,80.2707,Chennai,33.5,0.0,18.7,ERA5_REANALYSIS,REFERENCE_REANALYSIS
2024-07-22T07:00,13.0827,80.2707,Chennai,34.4,0.0,24.9,ERA5_REANALYSIS,REFERENCE_REANALYSIS
2024-07-22T08:00,13.0827,80.2707,Chennai,34.8,0.0,19.2,ERA5_REANALYSIS,REFERENCE_REANALYSIS
2024-07-22T09:00,13.0827,80.2707,Chennai,35.2,0.0,15.6,ERA5_REANALYSIS,REFERENCE_REANALYSIS
2024-07-22T10:00,13.0827,80.2707,Chennai,34.5,0.0,8.9,ERA5_REANALYSIS,REFERENCE_REANALYSIS
2024-07-22T11:00,13.0827,80.2707,Chennai,34.2,0.0,7.4,ERA5_REANALYSIS,REFERENCE_REANALYSIS
2024-07-22T12:00,13.0827,80.2707,Chennai,33.5,0.0,11.2,ERA5_REANALYSIS,REFERENCE_REANALYSIS
2024-07-22T13:00,13.0827,80.2707,Chennai,31.6,0.0,12.0,ERA5_REANALYSIS,REFERENCE_REANALYSIS
2024-07-22T14:00,13.0827,80.2707,Chennai,31.0,0.0,13.0,ERA5_REANALYSIS,REFERENCE_REANALYSIS
2024-07-22T15:00,13.0827,80.2707,Chennai,30.8,0.0,13.3,ERA5_REANALYSIS,REFERENCE_REANALYSIS
2024-07-22T16:00,13.0827,80.2707,Chennai,30.4,0.0,13.8,ERA5_REANALYSIS,REFERENCE_REANALYSIS
2024-07-22T17:00,13.0827,80.2707,Chennai,30.0,0.0,15.3,ERA5_REANALYSIS,REFERENCE_REANALYSIS
2024-07-22T18:00,13.0827,80.2707,Chennai,29.8,0.0,15.0,ERA5_REANALYSIS,REFERENCE_REANALYSIS
2024-07-22T19:00,13.0827,80.2707,Chennai,29.5,0.0,15.1,ERA5_REANALYSIS,REFERENCE_REANALYSIS
2024-07-22T20:00,13.0827,80.2707,Chennai,28.6,0.0,13.6,ERA5_REANALYSIS,REFERENCE_REANALYSIS
2024-07-22T21:00,13.0827,80.2707,Chennai,28.2,0.0,15.3,ERA5_REANALYSIS,REFERENCE_REANALYSIS
2024-07-22T22:00,13.0827,80.2707,Chennai,28.0,0.0,15.9,ERA5_REANALYSIS,REFERENCE_REANALYSIS
2024-07-22T23:00,13.0827,80.2707,Chennai,27.5,0.0,14.0,ERA5_REANALYSIS,REFERENCE_REANALYSIS
2024-07-23T00:00,13.0827,80.2707,Chennai,27.0,0.0,12.3,ERA5_REANALYSIS,REFERENCE_REANALYSIS
2024-07-23T01:00,13.0827,80.2707,Chennai,27.3,0.0,14.6,ERA5_REANALYSIS,REFERENCE_REANALYSIS
2024-07-23T02:00,13.0827,80.2707,Chennai,28.3,0.0,13.2,ERA5_REANALYSIS,REFERENCE_REANALYSIS
2024-07-23T03:00,13.0827,80.2707,Chennai,30.1,0.0,14.9,ERA5_REANALYSIS,REFERENCE_REANALYSIS
2024-07-23T04:00,13.0827,80.2707,Chennai,31.6,0.0,17.6,ERA5_REANALYSIS,REFERENCE_REANALYSIS
2024-07-23T05:00,13.0827,80.2707,Chennai,32.9,0.0,19.2,ERA5_REANALYSIS,REFERENCE_REANALYSIS
2024-07-23T06:00,13.0827,80.2707,Chennai,34.6,0.0,23.2,ERA5_REANALYSIS,REFERENCE_REANALYSIS
2024-07-23T07:00,13.0827,80.2707,Chennai,35.6,0.0,27.4,ERA5_REANALYSIS,REFERENCE_REANALYSIS
2024-07-23T08:00,13.0827,80.2707,Chennai,36.1,0.0,23.1,ERA5_REANALYSIS,REFERENCE_REANALYSIS
2024-07-23T09:00,13.0827,80.2707,Chennai,36.5,0.0,23.9,ERA5_REANALYSIS,REFERENCE_REANALYSIS
2024-07-23T10:00,13.0827,80.2707,Chennai,36.6,0.0,25.5,ERA5_REANALYSIS,REFERENCE_REANALYSIS
2024-07-23T11:00,13.0827,80.2707,Chennai,36.3,0.0,20.4,ERA5_REANALYSIS,REFERENCE_REANALYSIS
2024-07-23T12:00,13.0827,80.2707,Chennai,35.4,0.0,19.9,ERA5_REANALYSIS,REFERENCE_REANALYSIS
2024-07-23T13:00,13.0827,80.2707,Chennai,31.8,0.0,6.1,ERA5_REANALYSIS,REFERENCE_REANALYSIS
2024-07-23T14:00,13.0827,80.2707,Chennai,30.3,0.0,11.2,ERA5_REANALYSIS,REFERENCE_REANALYSIS
2024-07-23T15:00,13.0827,80.2707,Chennai,29.2,0.0,15.9,ERA5_REANALYSIS,REFERENCE_REANALYSIS
2024-07-23T16:00,13.0827,80.2707,Chennai,29.2,0.1,17.2,ERA5_REANALYSIS,REFERENCE_REANALYSIS
2024-07-23T17:00,13.0827,80.2707,Chennai,29.2,0.0,12.7,ERA5_REANALYSIS,REFERENCE_REANALYSIS
2024-07-23T18:00,13.0827,80.2707,Chennai,28.7,0.0,12.6,ERA5_REANALYSIS,REFERENCE_REANALYSIS
2024-07-23T19:00,13.0827,80.2707,Chennai,28.4,0.0,13.5,ERA5_REANALYSIS,REFERENCE_REANALYSIS
2024-07-23T20:00,13.0827,80.2707,Chennai,28.1,0.0,12.8,ERA5_REANALYSIS,REFERENCE_REANALYSIS
2024-07-23T21:00,13.0827,80.2707,Chennai,28.1,0.0,14.8,ERA5_REANALYSIS,REFERENCE_REANALYSIS
2024-07-23T22:00,13.0827,80.2707,Chennai,28.4,0.0,16.5,ERA5_REANALYSIS,REFERENCE_REANALYSIS
2024-07-23T23:00,13.0827,80.2707,Chennai,28.4,0.0,16.3,ERA5_REANALYSIS,REFERENCE_REANALYSIS
2024-07-24T00:00,13.0827,80.2707,Chennai,28.0,0.0,15.8,ERA5_REANALYSIS,REFERENCE_REANALYSIS
2024-07-24T01:00,13.0827,80.2707,Chennai,28.1,0.0,16.0,ERA5_REANALYSIS,REFERENCE_REANALYSIS
2024-07-24T02:00,13.0827,80.2707,Chennai,29.0,0.0,15.8,ERA5_REANALYSIS,REFERENCE_REANALYSIS
2024-07-24T03:00,13.0827,80.2707,Chennai,30.3,0.0,19.0,ERA5_REANALYSIS,REFERENCE_REANALYSIS
2024-07-24T04:00,13.0827,80.2707,Chennai,31.6,0.0,20.7,ERA5_REANALYSIS,REFERENCE_REANALYSIS
2024-07-24T05:00,13.0827,80.2707,Chennai,32.8,0.0,19.6,ERA5_REANALYSIS,REFERENCE_REANALYSIS
2024-07-24T06:00,13.0827,80.2707,Chennai,34.9,0.0,28.9,ERA5_REANALYSIS,REFERENCE_REANALYSIS
2024-07-24T07:00,13.0827,80.2707,Chennai,35.9,0.0,27.4,ERA5_REANALYSIS,REFERENCE_REANALYSIS
2024-07-24T08:00,13.0827,80.2707,Chennai,36.7,0.0,27.1,ERA5_REANALYSIS,REFERENCE_REANALYSIS
2024-07-24T09:00,13.0827,80.2707,Chennai,36.5,0.0,28.2,ERA5_REANALYSIS,REFERENCE_REANALYSIS
2024-07-24T10:00,13.0827,80.2707,Chennai,36.7,0.0,23.8,ERA5_REANALYSIS,REFERENCE_REANALYSIS
2024-07-24T11:00,13.0827,80.2707,Chennai,35.8,0.0,22.7,ERA5_REANALYSIS,REFERENCE_REANALYSIS
2024-07-24T12:00,13.0827,80.2707,Chennai,34.2,0.0,18.8,ERA5_REANALYSIS,REFERENCE_REANALYSIS
2024-07-24T13:00,13.0827,80.2707,Chennai,33.0,0.0,13.4,ERA5_REANALYSIS,REFERENCE_REANALYSIS
2024-07-24T14:00,13.0827,80.2707,Chennai,32.2,0.0,13.8,ERA5_REANALYSIS,REFERENCE_REANALYSIS
2024-07-24T15:00,13.0827,80.2707,Chennai,31.7,0.0,13.1,ERA5_REANALYSIS,REFERENCE_REANALYSIS
2024-07-24T16:00,13.0827,80.2707,Chennai,30.9,0.0,11.1,ERA5_REANALYSIS,REFERENCE_REANALYSIS
2024-07-24T17:00,13.0827,80.2707,Chennai,30.2,0.0,12.3,ERA5_REANALYSIS,REFERENCE_REANALYSIS
2024-07-24T18:00,13.0827,80.2707,Chennai,29.9,0.0,14.0,ERA5_REANALYSIS,REFERENCE_REANALYSIS
2024-07-24T19:00,13.0827,80.2707,Chennai,29.6,0.0,15.1,ERA5_REANALYSIS,REFERENCE_REANALYSIS
2024-07-24T20:00,13.0827,80.2707,Chennai,29.5,0.0,15.7,ERA5_REANALYSIS,REFERENCE_REANALYSIS
2024-07-24T21:00,13.0827,80.2707,Chennai,29.0,0.0,14.0,ERA5_REANALYSIS,REFERENCE_REANALYSIS
2024-07-24T22:00,13.0827,80.2707,Chennai,28.5,0.0,14.5,ERA5_REANALYSIS,REFERENCE_REANALYSIS
2024-07-24T23:00,13.0827,80.2707,Chennai,28.3,0.0,15.8,ERA5_REANALYSIS,REFERENCE_REANALYSIS
2024-07-25T00:00,13.0827,80.2707,Chennai,28.0,0.0,14.5,ERA5_REANALYSIS,REFERENCE_REANALYSIS
2024-07-25T01:00,13.0827,80.2707,Chennai,28.6,0.0,18.2,ERA5_REANALYSIS,REFERENCE_REANALYSIS
2024-07-25T02:00,13.0827,80.2707,Chennai,29.1,0.0,16.1,ERA5_REANALYSIS,REFERENCE_REANALYSIS
2024-07-25T03:00,13.0827,80.2707,Chennai,30.4,0.0,17.5,ERA5_REANALYSIS,REFERENCE_REANALYSIS
2024-07-25T04:00,13.0827,80.2707,Chennai,31.2,0.0,18.6,ERA5_REANALYSIS,REFERENCE_REANALYSIS
2024-07-25T05:00,13.0827,80.2707,Chennai,33.0,0.0,19.6,ERA5_REANALYSIS,REFERENCE_REANALYSIS
2024-07-25T06:00,13.0827,80.2707,Chennai,35.2,0.0,30.3,ERA5_REANALYSIS,REFERENCE_REANALYSIS
2024-07-25T07:00,13.0827,80.2707,Chennai,36.3,0.0,27.6,ERA5_REANALYSIS,REFERENCE_REANALYSIS
2024-07-25T08:00,13.0827,80.2707,Chennai,37.3,0.0,23.4,ERA5_REANALYSIS,REFERENCE_REANALYSIS
2024-07-25T09:00,13.0827,80.2707,Chennai,37.8,0.0,27.0,ERA5_REANALYSIS,REFERENCE_REANALYSIS
2024-07-25T10:00,13.0827,80.2707,Chennai,36.2,0.1,26.7,ERA5_REANALYSIS,REFERENCE_REANALYSIS
2024-07-25T11:00,13.0827,80.2707,Chennai,36.2,0.0,24.2,ERA5_REANALYSIS,REFERENCE_REANALYSIS
2024-07-25T12:00,13.0827,80.2707,Chennai,33.4,0.3,19.7,ERA5_REANALYSIS,REFERENCE_REANALYSIS
2024-07-25T13:00,13.0827,80.2707,Chennai,31.3,0.0,15.5,ERA5_REANALYSIS,REFERENCE_REANALYSIS
2024-07-25T14:00,13.0827,80.2707,Chennai,31.8,0.0,17.7,ERA5_REANALYSIS,REFERENCE_REANALYSIS
2024-07-25T15:00,13.0827,80.2707,Chennai,30.8,0.0,17.9,ERA5_REANALYSIS,REFERENCE_REANALYSIS
2024-07-25T16:00,13.0827,80.2707,Chennai,29.4,0.1,18.6,ERA5_REANALYSIS,REFERENCE_REANALYSIS
2024-07-25T17:00,13.0827,80.2707,Chennai,28.1,0.5,17.0,ERA5_REANALYSIS,REFERENCE_REANALYSIS
2024-07-25T18:00,13.0827,80.2707,Chennai,27.8,0.1,13.0,ERA5_REANALYSIS,REFERENCE_REANALYSIS
2024-07-25T19:00,13.0827,80.2707,Chennai,28.2,0.0,12.9,ERA5_REANALYSIS,REFERENCE_REANALYSIS
2024-07-25T20:00,13.0827,80.2707,Chennai,28.5,0.0,13.8,ERA5_REANALYSIS,REFERENCE_REANALYSIS
2024-07-25T21:00,13.0827,80.2707,Chennai,28.6,0.0,14.8,ERA5_REANALYSIS,REFERENCE_REANALYSIS
2024-07-25T22:00,13.0827,80.2707,Chennai,28.6,0.0,16.1,ERA5_REANALYSIS,REFERENCE_REANALYSIS
2024-07-25T23:00,13.0827,80.2707,Chennai,28.4,0.0,16.3,ERA5_REANALYSIS,REFERENCE_REANALYSIS
2024-06-15T00:00,34.1526,77.5771,Leh,8.0,0.0,1.6,ERA5_REANALYSIS,REFERENCE_REANALYSIS
2024-06-15T01:00,34.1526,77.5771,Leh,7.5,0.0,2.3,ERA5_REANALYSIS,REFERENCE_REANALYSIS
2024-06-15T02:00,34.1526,77.5771,Leh,8.9,0.0,4.0,ERA5_REANALYSIS,REFERENCE_REANALYSIS
2024-06-15T03:00,34.1526,77.5771,Leh,10.2,0.0,5.0,ERA5_REANALYSIS,REFERENCE_REANALYSIS
2024-06-15T04:00,34.1526,77.5771,Leh,11.6,0.0,5.4,ERA5_REANALYSIS,REFERENCE_REANALYSIS
2024-06-15T05:00,34.1526,77.5771,Leh,13.1,0.0,6.0,ERA5_REANALYSIS,REFERENCE_REANALYSIS
2024-06-15T06:00,34.1526,77.5771,Leh,14.7,0.0,4.9,ERA5_REANALYSIS,REFERENCE_REANALYSIS
2024-06-15T07:00,34.1526,77.5771,Leh,15.9,0.0,4.9,ERA5_REANALYSIS,REFERENCE_REANALYSIS
2024-06-15T08:00,34.1526,77.5771,Leh,16.9,0.0,7.0,ERA5_REANALYSIS,REFERENCE_REANALYSIS
2024-06-15T09:00,34.1526,77.5771,Leh,17.3,0.0,7.5,ERA5_REANALYSIS,REFERENCE_REANALYSIS
2024-06-15T10:00,34.1526,77.5771,Leh,17.9,0.0,7.3,ERA5_REANALYSIS,REFERENCE_REANALYSIS
2024-06-15T11:00,34.1526,77.5771,Leh,17.9,0.0,8.4,ERA5_REANALYSIS,REFERENCE_REANALYSIS
2024-06-15T12:00,34.1526,77.5771,Leh,17.3,0.0,8.9,ERA5_REANALYSIS,REFERENCE_REANALYSIS
2024-06-15T13:00,34.1526,77.5771,Leh,16.5,0.0,9.8,ERA5_REANALYSIS,REFERENCE_REANALYSIS
2024-06-15T14:00,34.1526,77.5771,Leh,15.0,0.0,8.8,ERA5_REANALYSIS,REFERENCE_REANALYSIS
2024-06-15T15:00,34.1526,77.5771,Leh,14.5,0.0,6.6,ERA5_REANALYSIS,REFERENCE_REANALYSIS
2024-06-15T16:00,34.1526,77.5771,Leh,13.5,0.0,6.1,ERA5_REANALYSIS,REFERENCE_REANALYSIS
2024-06-15T17:00,34.1526,77.5771,Leh,12.1,0.0,5.4,ERA5_REANALYSIS,REFERENCE_REANALYSIS
2024-06-15T18:00,34.1526,77.5771,Leh,12.4,0.0,2.9,ERA5_REANALYSIS,REFERENCE_REANALYSIS
2024-06-15T19:00,34.1526,77.5771,Leh,11.8,0.0,1.9,ERA5_REANALYSIS,REFERENCE_REANALYSIS
2024-06-15T20:00,34.1526,77.5771,Leh,11.3,0.0,1.3,ERA5_REANALYSIS,REFERENCE_REANALYSIS
2024-06-15T21:00,34.1526,77.5771,Leh,10.7,0.0,2.5,ERA5_REANALYSIS,REFERENCE_REANALYSIS
2024-06-15T22:00,34.1526,77.5771,Leh,10.1,0.0,1.5,ERA5_REANALYSIS,REFERENCE_REANALYSIS
2024-06-15T23:00,34.1526,77.5771,Leh,10.0,0.0,1.1,ERA5_REANALYSIS,REFERENCE_REANALYSIS
2024-06-16T00:00,34.1526,77.5771,Leh,10.0,0.0,1.3,ERA5_REANALYSIS,REFERENCE_REANALYSIS
2024-06-16T01:00,34.1526,77.5771,Leh,10.2,0.0,4.1,ERA5_REANALYSIS,REFERENCE_REANALYSIS
2024-06-16T02:00,34.1526,77.5771,Leh,11.9,0.0,5.2,ERA5_REANALYSIS,REFERENCE_REANALYSIS
2024-06-16T03:00,34.1526,77.5771,Leh,13.4,0.0,4.6,ERA5_REANALYSIS,REFERENCE_REANALYSIS
2024-06-16T04:00,34.1526,77.5771,Leh,14.9,0.0,5.2,ERA5_REANALYSIS,REFERENCE_REANALYSIS
2024-06-16T05:00,34.1526,77.5771,Leh,16.5,0.0,5.6,ERA5_REANALYSIS,REFERENCE_REANALYSIS
2024-06-16T06:00,34.1526,77.5771,Leh,17.8,0.0,7.1,ERA5_REANALYSIS,REFERENCE_REANALYSIS
2024-06-16T07:00,34.1526,77.5771,Leh,19.0,0.0,8.0,ERA5_REANALYSIS,REFERENCE_REANALYSIS
2024-06-16T08:00,34.1526,77.5771,Leh,19.5,0.0,8.2,ERA5_REANALYSIS,REFERENCE_REANALYSIS
2024-06-16T09:00,34.1526,77.5771,Leh,20.1,0.0,6.6,ERA5_REANALYSIS,REFERENCE_REANALYSIS
2024-06-16T10:00,34.1526,77.5771,Leh,20.5,0.0,7.4,ERA5_REANALYSIS,REFERENCE_REANALYSIS
2024-06-16T11:00,34.1526,77.5771,Leh,20.4,0.0,8.7,ERA5_REANALYSIS,REFERENCE_REANALYSIS
2024-06-16T12:00,34.1526,77.5771,Leh,19.7,0.0,10.6,ERA5_REANALYSIS,REFERENCE_REANALYSIS
2024-06-16T13:00,34.1526,77.5771,Leh,18.8,0.0,9.9,ERA5_REANALYSIS,REFERENCE_REANALYSIS
2024-06-16T14:00,34.1526,77.5771,Leh,17.7,0.0,6.9,ERA5_REANALYSIS,REFERENCE_REANALYSIS
2024-06-16T15:00,34.1526,77.5771,Leh,17.1,0.0,5.1,ERA5_REANALYSIS,REFERENCE_REANALYSIS
2024-06-16T16:00,34.1526,77.5771,Leh,16.2,0.0,5.4,ERA5_REANALYSIS,REFERENCE_REANALYSIS
2024-06-16T17:00,34.1526,77.5771,Leh,14.5,0.0,5.8,ERA5_REANALYSIS,REFERENCE_REANALYSIS
2024-06-16T18:00,34.1526,77.5771,Leh,13.2,0.0,6.1,ERA5_REANALYSIS,REFERENCE_REANALYSIS
2024-06-16T19:00,34.1526,77.5771,Leh,12.1,0.0,6.1,ERA5_REANALYSIS,REFERENCE_REANALYSIS
2024-06-16T20:00,34.1526,77.5771,Leh,12.6,0.0,4.7,ERA5_REANALYSIS,REFERENCE_REANALYSIS
2024-06-16T21:00,34.1526,77.5771,Leh,13.1,0.0,2.0,ERA5_REANALYSIS,REFERENCE_REANALYSIS
2024-06-16T22:00,34.1526,77.5771,Leh,12.5,0.0,1.1,ERA5_REANALYSIS,REFERENCE_REANALYSIS
2024-06-16T23:00,34.1526,77.5771,Leh,11.9,0.0,2.3,ERA5_REANALYSIS,REFERENCE_REANALYSIS
2024-06-17T00:00,34.1526,77.5771,Leh,11.6,0.0,2.0,ERA5_REANALYSIS,REFERENCE_REANALYSIS
2024-06-17T01:00,34.1526,77.5771,Leh,11.3,0.0,3.3,ERA5_REANALYSIS,REFERENCE_REANALYSIS
2024-06-17T02:00,34.1526,77.5771,Leh,13.0,0.0,6.7,ERA5_REANALYSIS,REFERENCE_REANALYSIS
2024-06-17T03:00,34.1526,77.5771,Leh,14.3,0.0,9.3,ERA5_REANALYSIS,REFERENCE_REANALYSIS
2024-06-17T04:00,34.1526,77.5771,Leh,15.0,0.0,8.9,ERA5_REANALYSIS,REFERENCE_REANALYSIS
2024-06-17T05:00,34.1526,77.5771,Leh,15.7,0.0,7.8,ERA5_REANALYSIS,REFERENCE_REANALYSIS
2024-06-17T06:00,34.1526,77.5771,Leh,17.2,0.0,5.4,ERA5_REANALYSIS,REFERENCE_REANALYSIS
2024-06-17T07:00,34.1526,77.5771,Leh,18.4,0.0,8.0,ERA5_REANALYSIS,REFERENCE_REANALYSIS
2024-06-17T08:00,34.1526,77.5771,Leh,18.8,0.0,7.9,ERA5_REANALYSIS,REFERENCE_REANALYSIS
2024-06-17T09:00,34.1526,77.5771,Leh,19.3,0.0,7.6,ERA5_REANALYSIS,REFERENCE_REANALYSIS
2024-06-17T10:00,34.1526,77.5771,Leh,19.4,0.0,7.3,ERA5_REANALYSIS,REFERENCE_REANALYSIS
2024-06-17T11:00,34.1526,77.5771,Leh,19.3,0.0,9.8,ERA5_REANALYSIS,REFERENCE_REANALYSIS
2024-06-17T12:00,34.1526,77.5771,Leh,18.9,0.0,7.9,ERA5_REANALYSIS,REFERENCE_REANALYSIS
2024-06-17T13:00,34.1526,77.5771,Leh,17.9,0.0,9.8,ERA5_REANALYSIS,REFERENCE_REANALYSIS
2024-06-17T14:00,34.1526,77.5771,Leh,16.7,0.0,8.6,ERA5_REANALYSIS,REFERENCE_REANALYSIS
2024-06-17T15:00,34.1526,77.5771,Leh,15.8,0.0,5.8,ERA5_REANALYSIS,REFERENCE_REANALYSIS
2024-06-17T16:00,34.1526,77.5771,Leh,14.5,0.0,5.4,ERA5_REANALYSIS,REFERENCE_REANALYSIS
2024-06-17T17:00,34.1526,77.5771,Leh,13.2,0.0,4.5,ERA5_REANALYSIS,REFERENCE_REANALYSIS
2024-06-17T18:00,34.1526,77.5771,Leh,13.1,0.0,3.7,ERA5_REANALYSIS,REFERENCE_REANALYSIS
2024-06-17T19:00,34.1526,77.5771,Leh,12.9,0.0,2.3,ERA5_REANALYSIS,REFERENCE_REANALYSIS
2024-06-17T20:00,34.1526,77.5771,Leh,12.1,0.0,2.2,ERA5_REANALYSIS,REFERENCE_REANALYSIS
2024-06-17T21:00,34.1526,77.5771,Leh,11.5,0.0,2.1,ERA5_REANALYSIS,REFERENCE_REANALYSIS
2024-06-17T22:00,34.1526,77.5771,Leh,11.1,0.0,0.8,ERA5_REANALYSIS,REFERENCE_REANALYSIS
2024-06-17T23:00,34.1526,77.5771,Leh,10.6,0.0,1.5,ERA5_REANALYSIS,REFERENCE_REANALYSIS
2024-06-18T00:00,34.1526,77.5771,Leh,10.2,0.0,0.8,ERA5_REANALYSIS,REFERENCE_REANALYSIS
2024-06-18T01:00,34.1526,77.5771,Leh,10.0,0.0,2.9,ERA5_REANALYSIS,REFERENCE_REANALYSIS
2024-06-18T02:00,34.1526,77.5771,Leh,11.0,0.0,3.5,ERA5_REANALYSIS,REFERENCE_REANALYSIS
2024-06-18T03:00,34.1526,77.5771,Leh,12.4,0.0,2.9,ERA5_REANALYSIS,REFERENCE_REANALYSIS
2024-06-18T04:00,34.1526,77.5771,Leh,13.7,0.0,3.8,ERA5_REANALYSIS,REFERENCE_REANALYSIS
2024-06-18T05:00,34.1526,77.5771,Leh,15.1,0.0,3.6,ERA5_REANALYSIS,REFERENCE_REANALYSIS
2024-06-18T06:00,34.1526,77.5771,Leh,16.7,0.0,5.6,ERA5_REANALYSIS,REFERENCE_REANALYSIS
2024-06-18T07:00,34.1526,77.5771,Leh,17.5,0.0,5.9,ERA5_REANALYSIS,REFERENCE_REANALYSIS
2024-06-18T08:00,34.1526,77.5771,Leh,18.2,0.1,5.6,ERA5_REANALYSIS,REFERENCE_REANALYSIS
2024-06-18T09:00,34.1526,77.5771,Leh,18.0,0.3,4.6,ERA5_REANALYSIS,REFERENCE_REANALYSIS
2024-06-18T10:00,34.1526,77.5771,Leh,18.6,0.0,10.2,ERA5_REANALYSIS,REFERENCE_REANALYSIS
2024-06-18T11:00,34.1526,77.5771,Leh,15.3,0.0,18.4,ERA5_REANALYSIS,REFERENCE_REANALYSIS
2024-06-18T12:00,34.1526,77.5771,Leh,14.7,0.3,4.0,ERA5_REANALYSIS,REFERENCE_REANALYSIS
2024-06-18T13:00,34.1526,77.5771,Leh,15.5,0.0,8.6,ERA5_REANALYSIS,REFERENCE_REANALYSIS
2024-06-18T14:00,34.1526,77.5771,Leh,14.4,0.0,7.6,ERA5_REANALYSIS,REFERENCE_REANALYSIS
2024-06-18T15:00,34.1526,77.5771,Leh,12.9,0.0,6.1,ERA5_REANALYSIS,REFERENCE_REANALYSIS
2024-06-18T16:00,34.1526,77.5771,Leh,11.4,0.0,6.6,ERA5_REANALYSIS,REFERENCE_REANALYSIS
2024-06-18T17:00,34.1526,77.5771,Leh,9.8,0.0,4.3,ERA5_REANALYSIS,REFERENCE_REANALYSIS
2024-06-18T18:00,34.1526,77.5771,Leh,8.8,0.0,5.0,ERA5_REANALYSIS,REFERENCE_REANALYSIS
2024-06-18T19:00,34.1526,77.5771,Leh,8.3,0.0,2.5,ERA5_REANALYSIS,REFERENCE_REANALYSIS
2024-06-18T20:00,34.1526,77.5771,Leh,7.1,0.0,2.8,ERA5_REANALYSIS,REFERENCE_REANALYSIS
2024-06-18T21:00,34.1526,77.5771,Leh,6.8,0.0,6.1,ERA5_REANALYSIS,REFERENCE_REANALYSIS
2024-06-18T22:00,34.1526,77.5771,Leh,6.5,0.0,5.6,ERA5_REANALYSIS,REFERENCE_REANALYSIS
2024-06-18T23:00,34.1526,77.5771,Leh,6.1,0.0,3.6,ERA5_REANALYSIS,REFERENCE_REANALYSIS
2024-06-19T00:00,34.1526,77.5771,Leh,5.7,0.0,3.4,ERA5_REANALYSIS,REFERENCE_REANALYSIS
2024-06-19T01:00,34.1526,77.5771,Leh,7.6,0.0,2.6,ERA5_REANALYSIS,REFERENCE_REANALYSIS
2024-06-19T02:00,34.1526,77.5771,Leh,8.4,0.0,4.6,ERA5_REANALYSIS,REFERENCE_REANALYSIS
2024-06-19T03:00,34.1526,77.5771,Leh,8.6,0.0,4.6,ERA5_REANALYSIS,REFERENCE_REANALYSIS
2024-06-19T04:00,34.1526,77.5771,Leh,10.6,0.0,3.6,ERA5_REANALYSIS,REFERENCE_REANALYSIS
2024-06-19T05:00,34.1526,77.5771,Leh,12.5,0.0,3.0,ERA5_REANALYSIS,REFERENCE_REANALYSIS
2024-06-19T06:00,34.1526,77.5771,Leh,14.5,0.0,4.2,ERA5_REANALYSIS,REFERENCE_REANALYSIS
2024-06-19T07:00,34.1526,77.5771,Leh,15.8,0.0,5.6,ERA5_REANALYSIS,REFERENCE_REANALYSIS
2024-06-19T08:00,34.1526,77.5771,Leh,16.4,0.0,6.3,ERA5_REANALYSIS,REFERENCE_REANALYSIS
2024-06-19T09:00,34.1526,77.5771,Leh,16.7,0.0,6.1,ERA5_REANALYSIS,REFERENCE_REANALYSIS
2024-06-19T10:00,34.1526,77.5771,Leh,17.0,0.0,5.9,ERA5_REANALYSIS,REFERENCE_REANALYSIS
2024-06-19T11:00,34.1526,77.5771,Leh,17.4,0.0,9.4,ERA5_REANALYSIS,REFERENCE_REANALYSIS
2024-06-19T12:00,34.1526,77.5771,Leh,16.3,0.0,11.0,ERA5_REANALYSIS,REFERENCE_REANALYSIS
2024-06-19T13:00,34.1526,77.5771,Leh,14.8,0.0,9.1,ERA5_REANALYSIS,REFERENCE_REANALYSIS
2024-06-19T14:00,34.1526,77.5771,Leh,13.6,0.0,11.9,ERA5_REANALYSIS,REFERENCE_REANALYSIS
2024-06-19T15:00,34.1526,77.5771,Leh,12.4,0.0,7.6,ERA5_REANALYSIS,REFERENCE_REANALYSIS
2024-06-19T16:00,34.1526,77.5771,Leh,11.9,0.0,3.8,ERA5_REANALYSIS,REFERENCE_REANALYSIS
2024-06-19T17:00,34.1526,77.5771,Leh,10.8,0.0,6.5,ERA5_REANALYSIS,REFERENCE_REANALYSIS
2024-06-19T18:00,34.1526,77.5771,Leh,9.5,0.0,4.8,ERA5_REANALYSIS,REFERENCE_REANALYSIS
2024-06-19T19:00,34.1526,77.5771,Leh,8.5,0.0,4.2,ERA5_REANALYSIS,REFERENCE_REANALYSIS
2024-06-19T20:00,34.1526,77.5771,Leh,7.5,0.0,3.0,ERA5_REANALYSIS,REFERENCE_REANALYSIS
2024-06-19T21:00,34.1526,77.5771,Leh,7.1,0.0,1.6,ERA5_REANALYSIS,REFERENCE_REANALYSIS
2024-06-19T22:00,34.1526,77.5771,Leh,6.4,0.0,2.5,ERA5_REANALYSIS,REFERENCE_REANALYSIS
2024-06-19T23:00,34.1526,77.5771,Leh,5.5,0.4,3.3,ERA5_REANALYSIS,REFERENCE_REANALYSIS
2024-06-20T00:00,34.1526,77.5771,Leh,5.6,0.0,3.7,ERA5_REANALYSIS,REFERENCE_REANALYSIS
2024-06-20T01:00,34.1526,77.5771,Leh,6.5,0.0,3.1,ERA5_REANALYSIS,REFERENCE_REANALYSIS
2024-06-20T02:00,34.1526,77.5771,Leh,7.7,0.0,2.6,ERA5_REANALYSIS,REFERENCE_REANALYSIS
2024-06-20T03:00,34.1526,77.5771,Leh,9.2,0.0,2.8,ERA5_REANALYSIS,REFERENCE_REANALYSIS
2024-06-20T04:00,34.1526,77.5771,Leh,10.4,0.0,2.6,ERA5_REANALYSIS,REFERENCE_REANALYSIS
2024-06-20T05:00,34.1526,77.5771,Leh,12.4,0.0,2.9,ERA5_REANALYSIS,REFERENCE_REANALYSIS
2024-06-20T06:00,34.1526,77.5771,Leh,13.7,0.0,3.4,ERA5_REANALYSIS,REFERENCE_REANALYSIS
2024-06-20T07:00,34.1526,77.5771,Leh,14.5,0.0,4.4,ERA5_REANALYSIS,REFERENCE_REANALYSIS
2024-06-20T08:00,34.1526,77.5771,Leh,16.3,0.0,6.9,ERA5_REANALYSIS,REFERENCE_REANALYSIS
2024-06-20T09:00,34.1526,77.5771,Leh,17.1,0.0,6.8,ERA5_REANALYSIS,REFERENCE_REANALYSIS
2024-06-20T10:00,34.1526,77.5771,Leh,17.6,0.0,6.0,ERA5_REANALYSIS,REFERENCE_REANALYSIS
2024-06-20T11:00,34.1526,77.5771,Leh,17.7,0.0,11.1,ERA5_REANALYSIS,REFERENCE_REANALYSIS
2024-06-20T12:00,34.1526,77.5771,Leh,17.0,0.0,7.1,ERA5_REANALYSIS,REFERENCE_REANALYSIS
2024-06-20T13:00,34.1526,77.5771,Leh,15.3,0.0,7.9,ERA5_REANALYSIS,REFERENCE_REANALYSIS
2024-06-20T14:00,34.1526,77.5771,Leh,14.3,0.0,8.7,ERA5_REANALYSIS,REFERENCE_REANALYSIS
2024-06-20T15:00,34.1526,77.5771,Leh,13.6,0.0,5.5,ERA5_REANALYSIS,REFERENCE_REANALYSIS
2024-06-20T16:00,34.1526,77.5771,Leh,13.0,0.0,5.4,ERA5_REANALYSIS,REFERENCE_REANALYSIS
2024-06-20T17:00,34.1526,77.5771,Leh,12.5,0.0,5.5,ERA5_REANALYSIS,REFERENCE_REANALYSIS
2024-06-20T18:00,34.1526,77.5771,Leh,11.5,0.0,4.3,ERA5_REANALYSIS,REFERENCE_REANALYSIS
2024-06-20T19:00,34.1526,77.5771,Leh,10.7,0.0,4.2,ERA5_REANALYSIS,REFERENCE_REANALYSIS
2024-06-20T20:00,34.1526,77.5771,Leh,11.4,0.0,1.6,ERA5_REANALYSIS,REFERENCE_REANALYSIS
2024-06-20T21:00,34.1526,77.5771,Leh,9.8,0.0,4.0,ERA5_REANALYSIS,REFERENCE_REANALYSIS
2024-06-20T22:00,34.1526,77.5771,Leh,10.1,0.0,2.2,ERA5_REANALYSIS,REFERENCE_REANALYSIS
2024-06-20T23:00,34.1526,77.5771,Leh,10.0,0.0,2.1,ERA5_REANALYSIS,REFERENCE_REANALYSIS
2024-06-21T00:00,34.1526,77.5771,Leh,9.5,0.0,1.6,ERA5_REANALYSIS,REFERENCE_REANALYSIS
2024-06-21T01:00,34.1526,77.5771,Leh,11.0,0.0,5.1,ERA5_REANALYSIS,REFERENCE_REANALYSIS
2024-06-21T02:00,34.1526,77.5771,Leh,10.7,0.1,7.3,ERA5_REANALYSIS,REFERENCE_REANALYSIS
2024-06-21T03:00,34.1526,77.5771,Leh,11.1,0.1,4.1,ERA5_REANALYSIS,REFERENCE_REANALYSIS
2024-06-21T04:00,34.1526,77.5771,Leh,10.8,0.2,3.2,ERA5_REANALYSIS,REFERENCE_REANALYSIS
2024-06-21T05:00,34.1526,77.5771,Leh,10.8,0.3,2.3,ERA5_REANALYSIS,REFERENCE_REANALYSIS
2024-06-21T06:00,34.1526,77.5771,Leh,12.4,0.2,4.0,ERA5_REANALYSIS,REFERENCE_REANALYSIS
2024-06-21T07:00,34.1526,77.5771,Leh,13.2,0.1,2.3,ERA5_REANALYSIS,REFERENCE_REANALYSIS
2024-06-21T08:00,34.1526,77.5771,Leh,14.6,0.1,3.1,ERA5_REANALYSIS,REFERENCE_REANALYSIS
2024-06-21T09:00,34.1526,77.5771,Leh,15.6,0.0,5.4,ERA5_REANALYSIS,REFERENCE_REANALYSIS
2024-06-21T10:00,34.1526,77.5771,Leh,14.3,0.0,6.2,ERA5_REANALYSIS,REFERENCE_REANALYSIS
2024-06-21T11:00,34.1526,77.5771,Leh,13.5,0.2,2.9,ERA5_REANALYSIS,REFERENCE_REANALYSIS
2024-06-21T12:00,34.1526,77.5771,Leh,12.0,0.3,2.7,ERA5_REANALYSIS,REFERENCE_REANALYSIS
2024-06-21T13:00,34.1526,77.5771,Leh,11.2,0.0,1.1,ERA5_REANALYSIS,REFERENCE_REANALYSIS
2024-06-21T14:00,34.1526,77.5771,Leh,10.7,0.0,5.2,ERA5_REANALYSIS,REFERENCE_REANALYSIS
2024-06-21T15:00,34.1526,77.5771,Leh,9.7,0.0,3.0,ERA5_REANALYSIS,REFERENCE_REANALYSIS
2024-06-21T16:00,34.1526,77.5771,Leh,8.9,0.0,4.6,ERA5_REANALYSIS,REFERENCE_REANALYSIS
2024-06-21T17:00,34.1526,77.5771,Leh,8.5,0.4,3.1,ERA5_REANALYSIS,REFERENCE_REANALYSIS
2024-06-21T18:00,34.1526,77.5771,Leh,8.3,0.0,5.2,ERA5_REANALYSIS,REFERENCE_REANALYSIS
2024-06-21T19:00,34.1526,77.5771,Leh,7.8,0.0,2.7,ERA5_REANALYSIS,REFERENCE_REANALYSIS
2024-06-21T20:00,34.1526,77.5771,Leh,7.9,0.2,1.1,ERA5_REANALYSIS,REFERENCE_REANALYSIS
2024-06-21T21:00,34.1526,77.5771,Leh,7.8,0.4,0.8,ERA5_REANALYSIS,REFERENCE_REANALYSIS
2024-06-21T22:00,34.1526,77.5771,Leh,7.1,0.6,2.2,ERA5_REANALYSIS,REFERENCE_REANALYSIS
2024-06-21T23:00,34.1526,77.5771,Leh,7.5,0.0,2.9,ERA5_REANALYSIS,REFERENCE_REANALYSIS
2024-06-22T00:00,34.1526,77.5771,Leh,7.2,0.0,3.6,ERA5_REANALYSIS,REFERENCE_REANALYSIS
2024-06-22T01:00,34.1526,77.5771,Leh,7.7,0.0,2.5,ERA5_REANALYSIS,REFERENCE_REANALYSIS
2024-06-22T02:00,34.1526,77.5771,Leh,7.7,0.2,2.2,ERA5_REANALYSIS,REFERENCE_REANALYSIS
2024-06-22T03:00,34.1526,77.5771,Leh,7.9,0.5,4.8,ERA5_REANALYSIS,REFERENCE_REANALYSIS
2024-06-22T04:00,34.1526,77.5771,Leh,9.2,0.1,4.9,ERA5_REANALYSIS,REFERENCE_REANALYSIS
2024-06-22T05:00,34.1526,77.5771,Leh,10.8,0.0,4.2,ERA5_REANALYSIS,REFERENCE_REANALYSIS
2024-06-22T06:00,34.1526,77.5771,Leh,12.1,0.1,3.2,ERA5_REANALYSIS,REFERENCE_REANALYSIS
2024-06-22T07:00,34.1526,77.5771,Leh,13.6,0.1,3.2,ERA5_REANALYSIS,REFERENCE_REANALYSIS
2024-06-22T08:00,34.1526,77.5771,Leh,14.0,0.0,4.6,ERA5_REANALYSIS,REFERENCE_REANALYSIS
2024-06-22T09:00,34.1526,77.5771,Leh,14.7,0.0,8.0,ERA5_REANALYSIS,REFERENCE_REANALYSIS
2024-06-22T10:00,34.1526,77.5771,Leh,14.2,0.0,8.6,ERA5_REANALYSIS,REFERENCE_REANALYSIS
2024-06-22T11:00,34.1526,77.5771,Leh,15.2,0.0,7.7,ERA5_REANALYSIS,REFERENCE_REANALYSIS
2024-06-22T12:00,34.1526,77.5771,Leh,12.7,0.0,4.1,ERA5_REANALYSIS,REFERENCE_REANALYSIS
2024-06-22T13:00,34.1526,77.5771,Leh,12.1,0.0,8.9,ERA5_REANALYSIS,REFERENCE_REANALYSIS
2024-06-22T14:00,34.1526,77.5771,Leh,10.8,0.0,4.7,ERA5_REANALYSIS,REFERENCE_REANALYSIS
2024-06-22T15:00,34.1526,77.5771,Leh,10.3,0.0,5.5,ERA5_REANALYSIS,REFERENCE_REANALYSIS
2024-06-22T16:00,34.1526,77.5771,Leh,10.0,0.0,3.6,ERA5_REANALYSIS,REFERENCE_REANALYSIS
2024-06-22T17:00,34.1526,77.5771,Leh,9.7,0.0,4.6,ERA5_REANALYSIS,REFERENCE_REANALYSIS
2024-06-22T18:00,34.1526,77.5771,Leh,9.1,0.1,2.7,ERA5_REANALYSIS,REFERENCE_REANALYSIS
2024-06-22T19:00,34.1526,77.5771,Leh,8.7,0.0,2.2,ERA5_REANALYSIS,REFERENCE_REANALYSIS
2024-06-22T20:00,34.1526,77.5771,Leh,7.9,0.1,2.1,ERA5_REANALYSIS,REFERENCE_REANALYSIS
2024-06-22T21:00,34.1526,77.5771,Leh,7.0,0.4,4.6,ERA5_REANALYSIS,REFERENCE_REANALYSIS
2024-06-22T22:00,34.1526,77.5771,Leh,6.8,0.7,1.5,ERA5_REANALYSIS,REFERENCE_REANALYSIS
2024-06-22T23:00,34.1526,77.5771,Leh,6.5,0.1,3.9,ERA5_REANALYSIS,REFERENCE_REANALYSIS
2024-06-23T00:00,34.1526,77.5771,Leh,6.1,0.2,1.5,ERA5_REANALYSIS,REFERENCE_REANALYSIS
2024-06-23T01:00,34.1526,77.5771,Leh,7.7,0.0,2.5,ERA5_REANALYSIS,REFERENCE_REANALYSIS
2024-06-23T02:00,34.1526,77.5771,Leh,8.9,0.0,2.6,ERA5_REANALYSIS,REFERENCE_REANALYSIS
2024-06-23T03:00,34.1526,77.5771,Leh,10.4,0.0,3.7,ERA5_REANALYSIS,REFERENCE_REANALYSIS
2024-06-23T04:00,34.1526,77.5771,Leh,11.3,0.0,3.6,ERA5_REANALYSIS,REFERENCE_REANALYSIS
2024-06-23T05:00,34.1526,77.5771,Leh,12.8,0.0,4.5,ERA5_REANALYSIS,REFERENCE_REANALYSIS
2024-06-23T06:00,34.1526,77.5771,Leh,14.1,0.0,4.8,ERA5_REANALYSIS,REFERENCE_REANALYSIS
2024-06-23T07:00,34.1526,77.5771,Leh,16.1,0.0,5.6,ERA5_REANALYSIS,REFERENCE_REANALYSIS
2024-06-23T08:00,34.1526,77.5771,Leh,16.7,0.0,5.9,ERA5_REANALYSIS,REFERENCE_REANALYSIS
2024-06-23T09:00,34.1526,77.5771,Leh,16.8,0.0,6.2,ERA5_REANALYSIS,REFERENCE_REANALYSIS
2024-06-23T10:00,34.1526,77.5771,Leh,17.8,0.0,6.6,ERA5_REANALYSIS,REFERENCE_REANALYSIS
2024-06-23T11:00,34.1526,77.5771,Leh,17.5,0.0,8.2,ERA5_REANALYSIS,REFERENCE_REANALYSIS
2024-06-23T12:00,34.1526,77.5771,Leh,16.7,0.0,6.1,ERA5_REANALYSIS,REFERENCE_REANALYSIS
2024-06-23T13:00,34.1526,77.5771,Leh,16.4,0.0,6.5,ERA5_REANALYSIS,REFERENCE_REANALYSIS
2024-06-23T14:00,34.1526,77.5771,Leh,15.4,0.0,7.1,ERA5_REANALYSIS,REFERENCE_REANALYSIS
2024-06-23T15:00,34.1526,77.5771,Leh,14.5,0.0,5.2,ERA5_REANALYSIS,REFERENCE_REANALYSIS
2024-06-23T16:00,34.1526,77.5771,Leh,13.9,0.0,5.1,ERA5_REANALYSIS,REFERENCE_REANALYSIS
2024-06-23T17:00,34.1526,77.5771,Leh,12.8,0.0,4.3,ERA5_REANALYSIS,REFERENCE_REANALYSIS
2024-06-23T18:00,34.1526,77.5771,Leh,11.9,0.0,5.1,ERA5_REANALYSIS,REFERENCE_REANALYSIS
2024-06-23T19:00,34.1526,77.5771,Leh,12.1,0.0,3.3,ERA5_REANALYSIS,REFERENCE_REANALYSIS
2024-06-23T20:00,34.1526,77.5771,Leh,10.1,0.1,4.9,ERA5_REANALYSIS,REFERENCE_REANALYSIS
2024-06-23T21:00,34.1526,77.5771,Leh,8.2,0.4,4.3,ERA5_REANALYSIS,REFERENCE_REANALYSIS
2024-06-23T22:00,34.1526,77.5771,Leh,9.0,0.4,3.1,ERA5_REANALYSIS,REFERENCE_REANALYSIS
2024-06-23T23:00,34.1526,77.5771,Leh,8.4,0.1,2.6,ERA5_REANALYSIS,REFERENCE_REANALYSIS
2024-06-24T00:00,34.1526,77.5771,Leh,8.7,0.0,0.4,ERA5_REANALYSIS,REFERENCE_REANALYSIS
2024-06-24T01:00,34.1526,77.5771,Leh,8.6,0.0,3.6,ERA5_REANALYSIS,REFERENCE_REANALYSIS
2024-06-24T02:00,34.1526,77.5771,Leh,9.2,0.0,1.4,ERA5_REANALYSIS,REFERENCE_REANALYSIS
2024-06-24T03:00,34.1526,77.5771,Leh,10.1,0.0,3.6,ERA5_REANALYSIS,REFERENCE_REANALYSIS
2024-06-24T04:00,34.1526,77.5771,Leh,11.4,0.0,2.5,ERA5_REANALYSIS,REFERENCE_REANALYSIS
2024-06-24T05:00,34.1526,77.5771,Leh,13.1,0.0,5.6,ERA5_REANALYSIS,REFERENCE_REANALYSIS
2024-06-24T06:00,34.1526,77.5771,Leh,14.9,0.0,4.0,ERA5_REANALYSIS,REFERENCE_REANALYSIS
2024-06-24T07:00,34.1526,77.5771,Leh,15.5,0.0,3.4,ERA5_REANALYSIS,REFERENCE_REANALYSIS
2024-06-24T08:00,34.1526,77.5771,Leh,16.3,0.0,4.8,ERA5_REANALYSIS,REFERENCE_REANALYSIS
2024-06-24T09:00,34.1526,77.5771,Leh,17.4,0.0,6.4,ERA5_REANALYSIS,REFERENCE_REANALYSIS
2024-06-24T10:00,34.1526,77.5771,Leh,18.0,0.0,6.1,ERA5_REANALYSIS,REFERENCE_REANALYSIS
2024-06-24T11:00,34.1526,77.5771,Leh,18.4,0.0,6.8,ERA5_REANALYSIS,REFERENCE_REANALYSIS
2024-06-24T12:00,34.1526,77.5771,Leh,17.6,0.0,8.6,ERA5_REANALYSIS,REFERENCE_REANALYSIS
2024-06-24T13:00,34.1526,77.5771,Leh,17.5,0.0,8.2,ERA5_REANALYSIS,REFERENCE_REANALYSIS
2024-06-24T14:00,34.1526,77.5771,Leh,16.0,0.0,8.4,ERA5_REANALYSIS,REFERENCE_REANALYSIS
2024-06-24T15:00,34.1526,77.5771,Leh,15.2,0.0,5.4,ERA5_REANALYSIS,REFERENCE_REANALYSIS
2024-06-24T16:00,34.1526,77.5771,Leh,14.2,0.0,4.9,ERA5_REANALYSIS,REFERENCE_REANALYSIS
2024-06-24T17:00,34.1526,77.5771,Leh,13.3,0.0,3.7,ERA5_REANALYSIS,REFERENCE_REANALYSIS
2024-06-24T18:00,34.1526,77.5771,Leh,13.5,0.0,3.1,ERA5_REANALYSIS,REFERENCE_REANALYSIS
2024-06-24T19:00,34.1526,77.5771,Leh,13.2,0.0,2.0,ERA5_REANALYSIS,REFERENCE_REANALYSIS
2024-06-24T20:00,34.1526,77.5771,Leh,13.0,0.0,0.7,ERA5_REANALYSIS,REFERENCE_REANALYSIS
2024-06-24T21:00,34.1526,77.5771,Leh,12.4,0.0,2.6,ERA5_REANALYSIS,REFERENCE_REANALYSIS
2024-06-24T22:00,34.1526,77.5771,Leh,10.6,0.0,3.3,ERA5_REANALYSIS,REFERENCE_REANALYSIS
2024-06-24T23:00,34.1526,77.5771,Leh,9.2,0.0,3.4,ERA5_REANALYSIS,REFERENCE_REANALYSIS
2024-06-25T00:00,34.1526,77.5771,Leh,8.8,0.0,1.1,ERA5_REANALYSIS,REFERENCE_REANALYSIS
2024-06-25T01:00,34.1526,77.5771,Leh,9.7,0.0,5.8,ERA5_REANALYSIS,REFERENCE_REANALYSIS
2024-06-25T02:00,34.1526,77.5771,Leh,10.2,0.0,4.1,ERA5_REANALYSIS,REFERENCE_REANALYSIS
2024-06-25T03:00,34.1526,77.5771,Leh,11.2,0.0,4.3,ERA5_REANALYSIS,REFERENCE_REANALYSIS
2024-06-25T04:00,34.1526,77.5771,Leh,12.9,0.0,3.3,ERA5_REANALYSIS,REFERENCE_REANALYSIS
2024-06-25T05:00,34.1526,77.5771,Leh,15.2,0.0,4.1,ERA5_REANALYSIS,REFERENCE_REANALYSIS
2024-06-25T06:00,34.1526,77.5771,Leh,17.1,0.0,5.6,ERA5_REANALYSIS,REFERENCE_REANALYSIS
2024-06-25T07:00,34.1526,77.5771,Leh,18.3,0.0,7.1,ERA5_REANALYSIS,REFERENCE_REANALYSIS
2024-06-25T08:00,34.1526,77.5771,Leh,19.4,0.0,8.7,ERA5_REANALYSIS,REFERENCE_REANALYSIS
2024-06-25T09:00,34.1526,77.5771,Leh,20.0,0.0,9.7,ERA5_REANALYSIS,REFERENCE_REANALYSIS
2024-06-25T10:00,34.1526,77.5771,Leh,20.4,0.0,8.6,ERA5_REANALYSIS,REFERENCE_REANALYSIS
2024-06-25T11:00,34.1526,77.5771,Leh,20.9,0.0,8.4,ERA5_REANALYSIS,REFERENCE_REANALYSIS
2024-06-25T12:00,34.1526,77.5771,Leh,20.7,0.0,9.2,ERA5_REANALYSIS,REFERENCE_REANALYSIS
2024-06-25T13:00,34.1526,77.5771,Leh,19.8,0.0,10.9,ERA5_REANALYSIS,REFERENCE_REANALYSIS
2024-06-25T14:00,34.1526,77.5771,Leh,18.2,0.0,7.2,ERA5_REANALYSIS,REFERENCE_REANALYSIS
2024-06-25T15:00,34.1526,77.5771,Leh,17.4,0.0,6.8,ERA5_REANALYSIS,REFERENCE_REANALYSIS
2024-06-25T16:00,34.1526,77.5771,Leh,16.1,0.0,6.5,ERA5_REANALYSIS,REFERENCE_REANALYSIS
2024-06-25T17:00,34.1526,77.5771,Leh,14.7,0.0,5.2,ERA5_REANALYSIS,REFERENCE_REANALYSIS
2024-06-25T18:00,34.1526,77.5771,Leh,14.9,0.0,4.0,ERA5_REANALYSIS,REFERENCE_REANALYSIS
2024-06-25T19:00,34.1526,77.5771,Leh,15.4,0.0,2.5,ERA5_REANALYSIS,REFERENCE_REANALYSIS
2024-06-25T20:00,34.1526,77.5771,Leh,14.3,0.0,1.1,ERA5_REANALYSIS,REFERENCE_REANALYSIS
2024-06-25T21:00,34.1526,77.5771,Leh,13.7,0.0,0.4,ERA5_REANALYSIS,REFERENCE_REANALYSIS
2024-06-25T22:00,34.1526,77.5771,Leh,13.8,0.0,3.4,ERA5_REANALYSIS,REFERENCE_REANALYSIS
2024-06-25T23:00,34.1526,77.5771,Leh,13.7,0.0,3.3,ERA5_REANALYSIS,REFERENCE_REANALYSIS
2024-06-26T00:00,34.1526,77.5771,Leh,13.1,0.0,2.7,ERA5_REANALYSIS,REFERENCE_REANALYSIS
2024-06-26T01:00,34.1526,77.5771,Leh,12.7,0.0,4.5,ERA5_REANALYSIS,REFERENCE_REANALYSIS
2024-06-26T02:00,34.1526,77.5771,Leh,14.1,0.0,4.4,ERA5_REANALYSIS,REFERENCE_REANALYSIS
2024-06-26T03:00,34.1526,77.5771,Leh,15.3,0.0,5.4,ERA5_REANALYSIS,REFERENCE_REANALYSIS
2024-06-26T04:00,34.1526,77.5771,Leh,16.5,0.0,6.8,ERA5_REANALYSIS,REFERENCE_REANALYSIS
2024-06-26T05:00,34.1526,77.5771,Leh,18.0,0.0,6.3,ERA5_REANALYSIS,REFERENCE_REANALYSIS
2024-06-26T06:00,34.1526,77.5771,Leh,19.5,0.0,6.2,ERA5_REANALYSIS,REFERENCE_REANALYSIS
2024-06-26T07:00,34.1526,77.5771,Leh,20.4,0.0,8.0,ERA5_REANALYSIS,REFERENCE_REANALYSIS
2024-06-26T08:00,34.1526,77.5771,Leh,20.5,0.0,8.1,ERA5_REANALYSIS,REFERENCE_REANALYSIS
2024-06-26T09:00,34.1526,77.5771,Leh,21.2,0.0,8.4,ERA5_REANALYSIS,REFERENCE_REANALYSIS
2024-06-26T10:00,34.1526,77.5771,Leh,21.8,0.0,7.3,ERA5_REANALYSIS,REFERENCE_REANALYSIS
2024-06-26T11:00,34.1526,77.5771,Leh,21.9,0.0,5.5,ERA5_REANALYSIS,REFERENCE_REANALYSIS
2024-06-26T12:00,34.1526,77.5771,Leh,21.7,0.0,7.1,ERA5_REANALYSIS,REFERENCE_REANALYSIS
2024-06-26T13:00,34.1526,77.5771,Leh,21.0,0.0,8.3,ERA5_REANALYSIS,REFERENCE_REANALYSIS
2024-06-26T14:00,34.1526,77.5771,Leh,19.6,0.0,7.7,ERA5_REANALYSIS,REFERENCE_REANALYSIS
2024-06-26T15:00,34.1526,77.5771,Leh,18.8,0.0,6.8,ERA5_REANALYSIS,REFERENCE_REANALYSIS
2024-06-26T16:00,34.1526,77.5771,Leh,17.9,0.0,6.5,ERA5_REANALYSIS,REFERENCE_REANALYSIS
2024-06-26T17:00,34.1526,77.5771,Leh,17.1,0.0,4.4,ERA5_REANALYSIS,REFERENCE_REANALYSIS
2024-06-26T18:00,34.1526,77.5771,Leh,16.2,0.0,3.4,ERA5_REANALYSIS,REFERENCE_REANALYSIS
2024-06-26T19:00,34.1526,77.5771,Leh,15.9,0.0,3.4,ERA5_REANALYSIS,REFERENCE_REANALYSIS
2024-06-26T20:00,34.1526,77.5771,Leh,15.4,0.0,3.8,ERA5_REANALYSIS,REFERENCE_REANALYSIS
2024-06-26T21:00,34.1526,77.5771,Leh,15.6,0.0,3.1,ERA5_REANALYSIS,REFERENCE_REANALYSIS
2024-06-26T22:00,34.1526,77.5771,Leh,15.0,0.0,1.8,ERA5_REANALYSIS,REFERENCE_REANALYSIS
2024-06-26T23:00,34.1526,77.5771,Leh,14.5,0.0,0.5,ERA5_REANALYSIS,REFERENCE_REANALYSIS
2024-06-27T00:00,34.1526,77.5771,Leh,13.8,0.0,2.3,ERA5_REANALYSIS,REFERENCE_REANALYSIS
2024-06-27T01:00,34.1526,77.5771,Leh,13.3,0.0,2.9,ERA5_REANALYSIS,REFERENCE_REANALYSIS
2024-06-27T02:00,34.1526,77.5771,Leh,15.0,0.0,3.6,ERA5_REANALYSIS,REFERENCE_REANALYSIS
2024-06-27T03:00,34.1526,77.5771,Leh,16.2,0.0,4.5,ERA5_REANALYSIS,REFERENCE_REANALYSIS
2024-06-27T04:00,34.1526,77.5771,Leh,17.6,0.0,5.7,ERA5_REANALYSIS,REFERENCE_REANALYSIS
2024-06-27T05:00,34.1526,77.5771,Leh,18.9,0.0,6.9,ERA5_REANALYSIS,REFERENCE_REANALYSIS
2024-06-27T06:00,34.1526,77.5771,Leh,19.8,0.0,6.7,ERA5_REANALYSIS,REFERENCE_REANALYSIS
2024-06-27T07:00,34.1526,77.5771,Leh,20.7,0.0,4.9,ERA5_REANALYSIS,REFERENCE_REANALYSIS
2024-06-27T08:00,34.1526,77.5771,Leh,21.7,0.0,4.2,ERA5_REANALYSIS,REFERENCE_REANALYSIS
2024-06-27T09:00,34.1526,77.5771,Leh,22.7,0.0,4.7,ERA5_REANALYSIS,REFERENCE_REANALYSIS
2024-06-27T10:00,34.1526,77.5771,Leh,22.8,0.0,6.2,ERA5_REANALYSIS,REFERENCE_REANALYSIS
2024-06-27T11:00,34.1526,77.5771,Leh,22.6,0.0,7.6,ERA5_REANALYSIS,REFERENCE_REANALYSIS
2024-06-27T12:00,34.1526,77.5771,Leh,21.8,0.0,6.3,ERA5_REANALYSIS,REFERENCE_REANALYSIS
2024-06-27T13:00,34.1526,77.5771,Leh,20.7,0.0,7.9,ERA5_REANALYSIS,REFERENCE_REANALYSIS
2024-06-27T14:00,34.1526,77.5771,Leh,19.4,0.0,7.1,ERA5_REANALYSIS,REFERENCE_REANALYSIS
2024-06-27T15:00,34.1526,77.5771,Leh,18.2,0.0,4.2,ERA5_REANALYSIS,REFERENCE_REANALYSIS
2024-06-27T16:00,34.1526,77.5771,Leh,17.3,0.0,3.1,ERA5_REANALYSIS,REFERENCE_REANALYSIS
2024-06-27T17:00,34.1526,77.5771,Leh,17.2,0.0,2.1,ERA5_REANALYSIS,REFERENCE_REANALYSIS
2024-06-27T18:00,34.1526,77.5771,Leh,16.7,0.0,1.4,ERA5_REANALYSIS,REFERENCE_REANALYSIS
2024-06-27T19:00,34.1526,77.5771,Leh,16.2,0.0,1.1,ERA5_REANALYSIS,REFERENCE_REANALYSIS
2024-06-27T20:00,34.1526,77.5771,Leh,15.7,0.0,0.7,ERA5_REANALYSIS,REFERENCE_REANALYSIS
2024-06-27T21:00,34.1526,77.5771,Leh,14.9,0.0,0.8,ERA5_REANALYSIS,REFERENCE_REANALYSIS
2024-06-27T22:00,34.1526,77.5771,Leh,11.4,0.0,7.4,ERA5_REANALYSIS,REFERENCE_REANALYSIS
2024-06-27T23:00,34.1526,77.5771,Leh,12.2,0.0,5.1,ERA5_REANALYSIS,REFERENCE_REANALYSIS
2024-06-28T00:00,34.1526,77.5771,Leh,13.5,0.0,1.3,ERA5_REANALYSIS,REFERENCE_REANALYSIS
2024-06-28T01:00,34.1526,77.5771,Leh,13.8,0.0,1.5,ERA5_REANALYSIS,REFERENCE_REANALYSIS
2024-06-28T02:00,34.1526,77.5771,Leh,15.5,0.0,4.3,ERA5_REANALYSIS,REFERENCE_REANALYSIS
2024-06-28T03:00,34.1526,77.5771,Leh,16.7,0.0,4.7,ERA5_REANALYSIS,REFERENCE_REANALYSIS
2024-06-28T04:00,34.1526,77.5771,Leh,18.2,0.0,6.0,ERA5_REANALYSIS,REFERENCE_REANALYSIS
2024-06-28T05:00,34.1526,77.5771,Leh,19.6,0.0,7.7,ERA5_REANALYSIS,REFERENCE_REANALYSIS
2024-06-28T06:00,34.1526,77.5771,Leh,21.0,0.0,9.0,ERA5_REANALYSIS,REFERENCE_REANALYSIS
2024-06-28T07:00,34.1526,77.5771,Leh,22.3,0.0,9.2,ERA5_REANALYSIS,REFERENCE_REANALYSIS
2024-06-28T08:00,34.1526,77.5771,Leh,23.1,0.0,7.7,ERA5_REANALYSIS,REFERENCE_REANALYSIS
2024-06-28T09:00,34.1526,77.5771,Leh,23.5,0.0,7.6,ERA5_REANALYSIS,REFERENCE_REANALYSIS
2024-06-28T10:00,34.1526,77.5771,Leh,23.6,0.0,9.5,ERA5_REANALYSIS,REFERENCE_REANALYSIS
2024-06-28T11:00,34.1526,77.5771,Leh,23.5,0.0,10.5,ERA5_REANALYSIS,REFERENCE_REANALYSIS
2024-06-28T12:00,34.1526,77.5771,Leh,23.0,0.0,10.3,ERA5_REANALYSIS,REFERENCE_REANALYSIS
2024-06-28T13:00,34.1526,77.5771,Leh,22.5,0.0,9.2,ERA5_REANALYSIS,REFERENCE_REANALYSIS
2024-06-28T14:00,34.1526,77.5771,Leh,21.4,0.0,8.5,ERA5_REANALYSIS,REFERENCE_REANALYSIS
2024-06-28T15:00,34.1526,77.5771,Leh,20.5,0.0,5.5,ERA5_REANALYSIS,REFERENCE_REANALYSIS
2024-06-28T16:00,34.1526,77.5771,Leh,18.9,0.0,3.6,ERA5_REANALYSIS,REFERENCE_REANALYSIS
2024-06-28T17:00,34.1526,77.5771,Leh,19.1,0.0,2.3,ERA5_REANALYSIS,REFERENCE_REANALYSIS
2024-06-28T18:00,34.1526,77.5771,Leh,18.5,0.0,1.1,ERA5_REANALYSIS,REFERENCE_REANALYSIS
2024-06-28T19:00,34.1526,77.5771,Leh,17.8,0.0,1.8,ERA5_REANALYSIS,REFERENCE_REANALYSIS
2024-06-28T20:00,34.1526,77.5771,Leh,16.9,0.0,1.3,ERA5_REANALYSIS,REFERENCE_REANALYSIS
2024-06-28T21:00,34.1526,77.5771,Leh,16.1,0.0,1.1,ERA5_REANALYSIS,REFERENCE_REANALYSIS
2024-06-28T22:00,34.1526,77.5771,Leh,15.5,0.0,1.3,ERA5_REANALYSIS,REFERENCE_REANALYSIS
2024-06-28T23:00,34.1526,77.5771,Leh,14.9,0.0,2.6,ERA5_REANALYSIS,REFERENCE_REANALYSIS
2024-06-29T00:00,34.1526,77.5771,Leh,14.5,0.0,3.8,ERA5_REANALYSIS,REFERENCE_REANALYSIS
2024-06-29T01:00,34.1526,77.5771,Leh,15.0,0.0,1.5,ERA5_REANALYSIS,REFERENCE_REANALYSIS
2024-06-29T02:00,34.1526,77.5771,Leh,16.5,0.0,4.1,ERA5_REANALYSIS,REFERENCE_REANALYSIS
2024-06-29T03:00,34.1526,77.5771,Leh,17.9,0.0,6.0,ERA5_REANALYSIS,REFERENCE_REANALYSIS
2024-06-29T04:00,34.1526,77.5771,Leh,19.3,0.0,7.8,ERA5_REANALYSIS,REFERENCE_REANALYSIS
2024-06-29T05:00,34.1526,77.5771,Leh,21.2,0.0,8.2,ERA5_REANALYSIS,REFERENCE_REANALYSIS
2024-06-29T06:00,34.1526,77.5771,Leh,23.1,0.0,9.4,ERA5_REANALYSIS,REFERENCE_REANALYSIS
2024-06-29T07:00,34.1526,77.5771,Leh,23.6,0.0,9.4,ERA5_REANALYSIS,REFERENCE_REANALYSIS
2024-06-29T08:00,34.1526,77.5771,Leh,24.0,0.0,8.9,ERA5_REANALYSIS,REFERENCE_REANALYSIS
2024-06-29T09:00,34.1526,77.5771,Leh,24.9,0.0,9.9,ERA5_REANALYSIS,REFERENCE_REANALYSIS
2024-06-29T10:00,34.1526,77.5771,Leh,24.2,0.0,8.4,ERA5_REANALYSIS,REFERENCE_REANALYSIS
2024-06-29T11:00,34.1526,77.5771,Leh,23.8,0.0,9.2,ERA5_REANALYSIS,REFERENCE_REANALYSIS
2024-06-29T12:00,34.1526,77.5771,Leh,23.3,0.0,9.8,ERA5_REANALYSIS,REFERENCE_REANALYSIS
2024-06-29T13:00,34.1526,77.5771,Leh,22.1,0.0,11.2,ERA5_REANALYSIS,REFERENCE_REANALYSIS
2024-06-29T14:00,34.1526,77.5771,Leh,20.8,0.0,8.1,ERA5_REANALYSIS,REFERENCE_REANALYSIS
2024-06-29T15:00,34.1526,77.5771,Leh,19.9,0.0,6.6,ERA5_REANALYSIS,REFERENCE_REANALYSIS
2024-06-29T16:00,34.1526,77.5771,Leh,19.1,0.0,6.4,ERA5_REANALYSIS,REFERENCE_REANALYSIS
2024-06-29T17:00,34.1526,77.5771,Leh,17.7,0.0,4.8,ERA5_REANALYSIS,REFERENCE_REANALYSIS
2024-06-29T18:00,34.1526,77.5771,Leh,17.7,0.0,2.9,ERA5_REANALYSIS,REFERENCE_REANALYSIS
2024-06-29T19:00,34.1526,77.5771,Leh,17.4,0.0,2.5,ERA5_REANALYSIS,REFERENCE_REANALYSIS
2024-06-29T20:00,34.1526,77.5771,Leh,16.7,0.0,2.2,ERA5_REANALYSIS,REFERENCE_REANALYSIS
2024-06-29T21:00,34.1526,77.5771,Leh,16.1,0.0,2.6,ERA5_REANALYSIS,REFERENCE_REANALYSIS
2024-06-29T22:00,34.1526,77.5771,Leh,15.4,0.0,1.8,ERA5_REANALYSIS,REFERENCE_REANALYSIS
2024-06-29T23:00,34.1526,77.5771,Leh,14.8,0.0,1.1,ERA5_REANALYSIS,REFERENCE_REANALYSIS
2024-06-30T00:00,34.1526,77.5771,Leh,14.1,0.0,2.5,ERA5_REANALYSIS,REFERENCE_REANALYSIS
2024-06-30T01:00,34.1526,77.5771,Leh,14.2,0.0,2.3,ERA5_REANALYSIS,REFERENCE_REANALYSIS
2024-06-30T02:00,34.1526,77.5771,Leh,15.8,0.0,4.3,ERA5_REANALYSIS,REFERENCE_REANALYSIS
2024-06-30T03:00,34.1526,77.5771,Leh,16.9,0.0,5.4,ERA5_REANALYSIS,REFERENCE_REANALYSIS
2024-06-30T04:00,34.1526,77.5771,Leh,18.6,0.0,5.2,ERA5_REANALYSIS,REFERENCE_REANALYSIS
2024-06-30T05:00,34.1526,77.5771,Leh,20.5,0.0,7.5,ERA5_REANALYSIS,REFERENCE_REANALYSIS
2024-06-30T06:00,34.1526,77.5771,Leh,21.7,0.0,7.9,ERA5_REANALYSIS,REFERENCE_REANALYSIS
2024-06-30T07:00,34.1526,77.5771,Leh,22.5,0.0,9.5,ERA5_REANALYSIS,REFERENCE_REANALYSIS
2024-06-30T08:00,34.1526,77.5771,Leh,23.2,0.0,8.9,ERA5_REANALYSIS,REFERENCE_REANALYSIS
2024-06-30T09:00,34.1526,77.5771,Leh,24.0,0.0,7.9,ERA5_REANALYSIS,REFERENCE_REANALYSIS
2024-06-30T10:00,34.1526,77.5771,Leh,24.2,0.0,8.9,ERA5_REANALYSIS,REFERENCE_REANALYSIS
2024-06-30T11:00,34.1526,77.5771,Leh,24.1,0.0,8.9,ERA5_REANALYSIS,REFERENCE_REANALYSIS
2024-06-30T12:00,34.1526,77.5771,Leh,23.5,0.0,7.9,ERA5_REANALYSIS,REFERENCE_REANALYSIS
2024-06-30T13:00,34.1526,77.5771,Leh,22.5,0.0,11.0,ERA5_REANALYSIS,REFERENCE_REANALYSIS
2024-06-30T14:00,34.1526,77.5771,Leh,21.2,0.0,8.7,ERA5_REANALYSIS,REFERENCE_REANALYSIS
2024-06-30T15:00,34.1526,77.5771,Leh,20.3,0.0,6.7,ERA5_REANALYSIS,REFERENCE_REANALYSIS
2024-06-30T16:00,34.1526,77.5771,Leh,19.6,0.0,6.1,ERA5_REANALYSIS,REFERENCE_REANALYSIS
2024-06-30T17:00,34.1526,77.5771,Leh,18.2,0.0,5.1,ERA5_REANALYSIS,REFERENCE_REANALYSIS
2024-06-30T18:00,34.1526,77.5771,Leh,17.8,0.0,3.4,ERA5_REANALYSIS,REFERENCE_REANALYSIS
2024-06-30T19:00,34.1526,77.5771,Leh,17.7,0.0,1.9,ERA5_REANALYSIS,REFERENCE_REANALYSIS
2024-06-30T20:00,34.1526,77.5771,Leh,16.8,0.0,1.1,ERA5_REANALYSIS,REFERENCE_REANALYSIS
2024-06-30T21:00,34.1526,77.5771,Leh,16.3,0.0,1.0,ERA5_REANALYSIS,REFERENCE_REANALYSIS
2024-06-30T22:00,34.1526,77.5771,Leh,15.4,0.0,0.7,ERA5_REANALYSIS,REFERENCE_REANALYSIS
2024-06-30T23:00,34.1526,77.5771,Leh,14.9,0.0,0.8,ERA5_REANALYSIS,REFERENCE_REANALYSIS
2024-07-01T00:00,34.1526,77.5771,Leh,14.6,0.0,1.3,ERA5_REANALYSIS,REFERENCE_REANALYSIS
2024-07-01T01:00,34.1526,77.5771,Leh,15.0,0.0,3.1,ERA5_REANALYSIS,REFERENCE_REANALYSIS
2024-07-01T02:00,34.1526,77.5771,Leh,16.2,0.0,4.3,ERA5_REANALYSIS,REFERENCE_REANALYSIS
2024-07-01T03:00,34.1526,77.5771,Leh,17.2,0.0,4.0,ERA5_REANALYSIS,REFERENCE_REANALYSIS
2024-07-01T04:00,34.1526,77.5771,Leh,18.8,0.0,6.1,ERA5_REANALYSIS,REFERENCE_REANALYSIS
2024-07-01T05:00,34.1526,77.5771,Leh,20.0,0.0,6.9,ERA5_REANALYSIS,REFERENCE_REANALYSIS
2024-07-01T06:00,34.1526,77.5771,Leh,21.2,0.0,6.6,ERA5_REANALYSIS,REFERENCE_REANALYSIS
2024-07-01T07:00,34.1526,77.5771,Leh,22.6,0.0,7.1,ERA5_REANALYSIS,REFERENCE_REANALYSIS
2024-07-01T08:00,34.1526,77.5771,Leh,23.5,0.0,7.0,ERA5_REANALYSIS,REFERENCE_REANALYSIS
2024-07-01T09:00,34.1526,77.5771,Leh,24.2,0.0,8.2,ERA5_REANALYSIS,REFERENCE_REANALYSIS
2024-07-01T10:00,34.1526,77.5771,Leh,24.4,0.0,7.8,ERA5_REANALYSIS,REFERENCE_REANALYSIS
2024-07-01T11:00,34.1526,77.5771,Leh,24.9,0.0,7.8,ERA5_REANALYSIS,REFERENCE_REANALYSIS
2024-07-01T12:00,34.1526,77.5771,Leh,24.3,0.0,7.1,ERA5_REANALYSIS,REFERENCE_REANALYSIS
2024-07-01T13:00,34.1526,77.5771,Leh,22.6,0.0,8.2,ERA5_REANALYSIS,REFERENCE_REANALYSIS
2024-07-01T14:00,34.1526,77.5771,Leh,21.3,0.0,5.1,ERA5_REANALYSIS,REFERENCE_REANALYSIS
2024-07-01T15:00,34.1526,77.5771,Leh,20.5,0.0,5.4,ERA5_REANALYSIS,REFERENCE_REANALYSIS
2024-07-01T16:00,34.1526,77.5771,Leh,19.7,0.0,5.0,ERA5_REANALYSIS,REFERENCE_REANALYSIS
2024-07-01T17:00,34.1526,77.5771,Leh,18.6,0.0,3.9,ERA5_REANALYSIS,REFERENCE_REANALYSIS
2024-07-01T18:00,34.1526,77.5771,Leh,18.8,0.0,3.3,ERA5_REANALYSIS,REFERENCE_REANALYSIS
2024-07-01T19:00,34.1526,77.5771,Leh,17.9,0.0,3.8,ERA5_REANALYSIS,REFERENCE_REANALYSIS
2024-07-01T20:00,34.1526,77.5771,Leh,17.8,0.0,3.2,ERA5_REANALYSIS,REFERENCE_REANALYSIS
2024-07-01T21:00,34.1526,77.5771,Leh,17.2,0.0,2.0,ERA5_REANALYSIS,REFERENCE_REANALYSIS
2024-07-01T22:00,34.1526,77.5771,Leh,16.6,0.0,4.1,ERA5_REANALYSIS,REFERENCE_REANALYSIS
2024-07-01T23:00,34.1526,77.5771,Leh,15.2,0.0,5.0,ERA5_REANALYSIS,REFERENCE_REANALYSIS
2024-07-02T00:00,34.1526,77.5771,Leh,15.8,0.0,2.2,ERA5_REANALYSIS,REFERENCE_REANALYSIS
2024-07-02T01:00,34.1526,77.5771,Leh,15.6,0.0,1.3,ERA5_REANALYSIS,REFERENCE_REANALYSIS
2024-07-02T02:00,34.1526,77.5771,Leh,16.3,0.0,1.6,ERA5_REANALYSIS,REFERENCE_REANALYSIS
2024-07-02T03:00,34.1526,77.5771,Leh,17.6,0.0,2.6,ERA5_REANALYSIS,REFERENCE_REANALYSIS
2024-07-02T04:00,34.1526,77.5771,Leh,19.0,0.0,2.5,ERA5_REANALYSIS,REFERENCE_REANALYSIS
2024-07-02T05:00,34.1526,77.5771,Leh,20.7,0.0,4.5,ERA5_REANALYSIS,REFERENCE_REANALYSIS
2024-07-02T06:00,34.1526,77.5771,Leh,21.9,0.0,4.8,ERA5_REANALYSIS,REFERENCE_REANALYSIS
2024-07-02T07:00,34.1526,77.5771,Leh,22.9,0.0,3.8,ERA5_REANALYSIS,REFERENCE_REANALYSIS
2024-07-02T08:00,34.1526,77.5771,Leh,23.8,0.0,2.5,ERA5_REANALYSIS,REFERENCE_REANALYSIS
2024-07-02T09:00,34.1526,77.5771,Leh,24.0,0.0,1.8,ERA5_REANALYSIS,REFERENCE_REANALYSIS
2024-07-02T10:00,34.1526,77.5771,Leh,24.7,0.0,7.0,ERA5_REANALYSIS,REFERENCE_REANALYSIS
2024-07-02T11:00,34.1526,77.5771,Leh,25.0,0.0,9.3,ERA5_REANALYSIS,REFERENCE_REANALYSIS
2024-07-02T12:00,34.1526,77.5771,Leh,24.3,0.0,10.1,ERA5_REANALYSIS,REFERENCE_REANALYSIS
2024-07-02T13:00,34.1526,77.5771,Leh,23.1,0.0,8.3,ERA5_REANALYSIS,REFERENCE_REANALYSIS
2024-07-02T14:00,34.1526,77.5771,Leh,21.8,0.0,7.8,ERA5_REANALYSIS,REFERENCE_REANALYSIS
2024-07-02T15:00,34.1526,77.5771,Leh,20.9,0.0,4.7,ERA5_REANALYSIS,REFERENCE_REANALYSIS
2024-07-02T16:00,34.1526,77.5771,Leh,20.3,0.0,3.8,ERA5_REANALYSIS,REFERENCE_REANALYSIS
2024-07-02T17:00,34.1526,77.5771,Leh,19.0,0.0,3.3,ERA5_REANALYSIS,REFERENCE_REANALYSIS
2024-07-02T18:00,34.1526,77.5771,Leh,18.5,0.0,3.2,ERA5_REANALYSIS,REFERENCE_REANALYSIS
2024-07-02T19:00,34.1526,77.5771,Leh,18.2,0.0,2.9,ERA5_REANALYSIS,REFERENCE_REANALYSIS
2024-07-02T20:00,34.1526,77.5771,Leh,17.5,0.0,2.7,ERA5_REANALYSIS,REFERENCE_REANALYSIS
2024-07-02T21:00,34.1526,77.5771,Leh,16.9,0.0,1.9,ERA5_REANALYSIS,REFERENCE_REANALYSIS
2024-07-02T22:00,34.1526,77.5771,Leh,16.2,0.0,2.5,ERA5_REANALYSIS,REFERENCE_REANALYSIS
2024-07-02T23:00,34.1526,77.5771,Leh,15.6,0.0,2.6,ERA5_REANALYSIS,REFERENCE_REANALYSIS
2024-07-03T00:00,34.1526,77.5771,Leh,15.1,0.0,2.4,ERA5_REANALYSIS,REFERENCE_REANALYSIS
2024-07-03T01:00,34.1526,77.5771,Leh,14.9,0.0,2.6,ERA5_REANALYSIS,REFERENCE_REANALYSIS
2024-07-03T02:00,34.1526,77.5771,Leh,16.2,0.0,4.7,ERA5_REANALYSIS,REFERENCE_REANALYSIS
2024-07-03T03:00,34.1526,77.5771,Leh,17.6,0.0,5.0,ERA5_REANALYSIS,REFERENCE_REANALYSIS
2024-07-03T04:00,34.1526,77.5771,Leh,19.2,0.0,6.3,ERA5_REANALYSIS,REFERENCE_REANALYSIS
2024-07-03T05:00,34.1526,77.5771,Leh,20.9,0.0,8.4,ERA5_REANALYSIS,REFERENCE_REANALYSIS
2024-07-03T06:00,34.1526,77.5771,Leh,22.3,0.0,10.0,ERA5_REANALYSIS,REFERENCE_REANALYSIS
2024-07-03T07:00,34.1526,77.5771,Leh,23.5,0.0,10.0,ERA5_REANALYSIS,REFERENCE_REANALYSIS
2024-07-03T08:00,34.1526,77.5771,Leh,24.5,0.0,8.6,ERA5_REANALYSIS,REFERENCE_REANALYSIS
2024-07-03T09:00,34.1526,77.5771,Leh,25.4,0.0,7.7,ERA5_REANALYSIS,REFERENCE_REANALYSIS
2024-07-03T10:00,34.1526,77.5771,Leh,25.7,0.0,6.6,ERA5_REANALYSIS,REFERENCE_REANALYSIS
2024-07-03T11:00,34.1526,77.5771,Leh,25.8,0.0,8.7,ERA5_REANALYSIS,REFERENCE_REANALYSIS
2024-07-03T12:00,34.1526,77.5771,Leh,25.9,0.0,8.9,ERA5_REANALYSIS,REFERENCE_REANALYSIS
2024-07-03T13:00,34.1526,77.5771,Leh,25.2,0.0,8.5,ERA5_REANALYSIS,REFERENCE_REANALYSIS
2024-07-03T14:00,34.1526,77.5771,Leh,23.7,0.0,7.4,ERA5_REANALYSIS,REFERENCE_REANALYSIS
2024-07-03T15:00,34.1526,77.5771,Leh,22.6,0.0,5.6,ERA5_REANALYSIS,REFERENCE_REANALYSIS
2024-07-03T16:00,34.1526,77.5771,Leh,20.9,0.0,4.9,ERA5_REANALYSIS,REFERENCE_REANALYSIS
2024-07-03T17:00,34.1526,77.5771,Leh,20.2,0.0,4.3,ERA5_REANALYSIS,REFERENCE_REANALYSIS
2024-07-03T18:00,34.1526,77.5771,Leh,20.8,0.0,2.8,ERA5_REANALYSIS,REFERENCE_REANALYSIS
2024-07-03T19:00,34.1526,77.5771,Leh,20.1,0.0,3.2,ERA5_REANALYSIS,REFERENCE_REANALYSIS
2024-07-03T20:00,34.1526,77.5771,Leh,19.4,0.0,3.1,ERA5_REANALYSIS,REFERENCE_REANALYSIS
2024-07-03T21:00,34.1526,77.5771,Leh,18.6,0.0,2.6,ERA5_REANALYSIS,REFERENCE_REANALYSIS
2024-07-03T22:00,34.1526,77.5771,Leh,17.7,0.0,2.1,ERA5_REANALYSIS,REFERENCE_REANALYSIS
2024-07-03T23:00,34.1526,77.5771,Leh,17.0,0.0,2.1,ERA5_REANALYSIS,REFERENCE_REANALYSIS
2024-07-04T00:00,34.1526,77.5771,Leh,16.4,0.0,2.3,ERA5_REANALYSIS,REFERENCE_REANALYSIS
2024-07-04T01:00,34.1526,77.5771,Leh,16.3,0.0,2.3,ERA5_REANALYSIS,REFERENCE_REANALYSIS
2024-07-04T02:00,34.1526,77.5771,Leh,17.3,0.0,3.9,ERA5_REANALYSIS,REFERENCE_REANALYSIS
2024-07-04T03:00,34.1526,77.5771,Leh,18.5,0.0,4.7,ERA5_REANALYSIS,REFERENCE_REANALYSIS
2024-07-04T04:00,34.1526,77.5771,Leh,20.0,0.0,5.8,ERA5_REANALYSIS,REFERENCE_REANALYSIS
2024-07-04T05:00,34.1526,77.5771,Leh,21.5,0.0,7.8,ERA5_REANALYSIS,REFERENCE_REANALYSIS
2024-07-04T06:00,34.1526,77.5771,Leh,22.8,0.0,7.4,ERA5_REANALYSIS,REFERENCE_REANALYSIS
2024-07-04T07:00,34.1526,77.5771,Leh,24.3,0.0,7.0,ERA5_REANALYSIS,REFERENCE_REANALYSIS
2024-07-04T08:00,34.1526,77.5771,Leh,25.2,0.0,7.2,ERA5_REANALYSIS,REFERENCE_REANALYSIS
2024-07-04T09:00,34.1526,77.5771,Leh,25.9,0.0,5.6,ERA5_REANALYSIS,REFERENCE_REANALYSIS
2024-07-04T10:00,34.1526,77.5771,Leh,26.5,0.0,7.3,ERA5_REANALYSIS,REFERENCE_REANALYSIS
2024-07-04T11:00,34.1526,77.5771,Leh,26.0,0.0,11.4,ERA5_REANALYSIS,REFERENCE_REANALYSIS
2024-07-04T12:00,34.1526,77.5771,Leh,25.8,0.0,13.0,ERA5_REANALYSIS,REFERENCE_REANALYSIS
2024-07-04T13:00,34.1526,77.5771,Leh,25.2,0.0,7.9,ERA5_REANALYSIS,REFERENCE_REANALYSIS
2024-07-04T14:00,34.1526,77.5771,Leh,23.5,0.0,8.8,ERA5_REANALYSIS,REFERENCE_REANALYSIS
2024-07-04T15:00,34.1526,77.5771,Leh,22.1,0.0,6.5,ERA5_REANALYSIS,REFERENCE_REANALYSIS
2024-07-04T16:00,34.1526,77.5771,Leh,21.2,0.0,6.5,ERA5_REANALYSIS,REFERENCE_REANALYSIS
2024-07-04T17:00,34.1526,77.5771,Leh,20.0,0.0,5.8,ERA5_REANALYSIS,REFERENCE_REANALYSIS
2024-07-04T18:00,34.1526,77.5771,Leh,18.6,0.0,5.5,ERA5_REANALYSIS,REFERENCE_REANALYSIS
2024-07-04T19:00,34.1526,77.5771,Leh,17.9,0.0,4.5,ERA5_REANALYSIS,REFERENCE_REANALYSIS
2024-07-04T20:00,34.1526,77.5771,Leh,16.9,0.0,4.7,ERA5_REANALYSIS,REFERENCE_REANALYSIS
2024-07-04T21:00,34.1526,77.5771,Leh,15.4,0.0,5.5,ERA5_REANALYSIS,REFERENCE_REANALYSIS
2024-07-04T22:00,34.1526,77.5771,Leh,14.9,0.0,4.3,ERA5_REANALYSIS,REFERENCE_REANALYSIS
2024-07-04T23:00,34.1526,77.5771,Leh,15.2,0.0,2.5,ERA5_REANALYSIS,REFERENCE_REANALYSIS
2024-07-05T00:00,34.1526,77.5771,Leh,13.9,0.0,3.4,ERA5_REANALYSIS,REFERENCE_REANALYSIS
2024-07-05T01:00,34.1526,77.5771,Leh,14.7,0.0,2.4,ERA5_REANALYSIS,REFERENCE_REANALYSIS
2024-07-05T02:00,34.1526,77.5771,Leh,15.6,0.0,3.6,ERA5_REANALYSIS,REFERENCE_REANALYSIS
2024-07-05T03:00,34.1526,77.5771,Leh,15.2,0.0,3.0,ERA5_REANALYSIS,REFERENCE_REANALYSIS
2024-07-05T04:00,34.1526,77.5771,Leh,16.9,0.0,5.2,ERA5_REANALYSIS,REFERENCE_REANALYSIS
2024-07-05T05:00,34.1526,77.5771,Leh,16.7,0.0,6.5,ERA5_REANALYSIS,REFERENCE_REANALYSIS
2024-07-05T06:00,34.1526,77.5771,Leh,18.4,0.4,3.5,ERA5_REANALYSIS,REFERENCE_REANALYSIS
2024-07-05T07:00,34.1526,77.5771,Leh,20.2,0.0,6.3,ERA5_REANALYSIS,REFERENCE_REANALYSIS
2024-07-05T08:00,34.1526,77.5771,Leh,21.1,0.0,6.5,ERA5_REANALYSIS,REFERENCE_REANALYSIS
2024-07-05T09:00,34.1526,77.5771,Leh,22.1,0.0,10.4,ERA5_REANALYSIS,REFERENCE_REANALYSIS
2024-07-05T10:00,34.1526,77.5771,Leh,21.7,0.0,10.4,ERA5_REANALYSIS,REFERENCE_REANALYSIS
2024-07-05T11:00,34.1526,77.5771,Leh,21.6,0.0,8.8,ERA5_REANALYSIS,REFERENCE_REANALYSIS
2024-07-05T12:00,34.1526,77.5771,Leh,21.4,0.0,8.5,ERA5_REANALYSIS,REFERENCE_REANALYSIS
2024-07-05T13:00,34.1526,77.5771,Leh,20.2,0.0,4.7,ERA5_REANALYSIS,REFERENCE_REANALYSIS
2024-07-05T14:00,34.1526,77.5771,Leh,19.0,0.0,2.6,ERA5_REANALYSIS,REFERENCE_REANALYSIS
2024-07-05T15:00,34.1526,77.5771,Leh,18.7,0.0,2.9,ERA5_REANALYSIS,REFERENCE_REANALYSIS
2024-07-05T16:00,34.1526,77.5771,Leh,18.5,0.0,3.8,ERA5_REANALYSIS,REFERENCE_REANALYSIS
2024-07-05T17:00,34.1526,77.5771,Leh,17.3,0.0,4.2,ERA5_REANALYSIS,REFERENCE_REANALYSIS
2024-07-05T18:00,34.1526,77.5771,Leh,16.1,0.0,3.5,ERA5_REANALYSIS,REFERENCE_REANALYSIS
2024-07-05T19:00,34.1526,77.5771,Leh,15.8,0.0,2.4,ERA5_REANALYSIS,REFERENCE_REANALYSIS
2024-07-05T20:00,34.1526,77.5771,Leh,15.5,0.0,2.0,ERA5_REANALYSIS,REFERENCE_REANALYSIS
2024-07-05T21:00,34.1526,77.5771,Leh,15.1,0.0,2.1,ERA5_REANALYSIS,REFERENCE_REANALYSIS
2024-07-05T22:00,34.1526,77.5771,Leh,14.3,0.0,3.1,ERA5_REANALYSIS,REFERENCE_REANALYSIS
2024-07-05T23:00,34.1526,77.5771,Leh,14.0,0.0,3.3,ERA5_REANALYSIS,REFERENCE_REANALYSIS
2024-07-06T00:00,34.1526,77.5771,Leh,13.5,0.0,3.8,ERA5_REANALYSIS,REFERENCE_REANALYSIS
2024-07-06T01:00,34.1526,77.5771,Leh,12.2,0.0,3.3,ERA5_REANALYSIS,REFERENCE_REANALYSIS
2024-07-06T02:00,34.1526,77.5771,Leh,12.0,0.0,2.1,ERA5_REANALYSIS,REFERENCE_REANALYSIS
2024-07-06T03:00,34.1526,77.5771,Leh,13.2,0.0,3.1,ERA5_REANALYSIS,REFERENCE_REANALYSIS
2024-07-06T04:00,34.1526,77.5771,Leh,13.7,0.0,3.0,ERA5_REANALYSIS,REFERENCE_REANALYSIS
2024-07-06T05:00,34.1526,77.5771,Leh,14.2,0.0,1.1,ERA5_REANALYSIS,REFERENCE_REANALYSIS
2024-07-06T06:00,34.1526,77.5771,Leh,15.3,0.0,3.4,ERA5_REANALYSIS,REFERENCE_REANALYSIS
2024-07-06T07:00,34.1526,77.5771,Leh,15.5,0.1,4.1,ERA5_REANALYSIS,REFERENCE_REANALYSIS
2024-07-06T08:00,34.1526,77.5771,Leh,15.6,0.2,2.6,ERA5_REANALYSIS,REFERENCE_REANALYSIS
2024-07-06T09:00,34.1526,77.5771,Leh,15.3,0.0,1.0,ERA5_REANALYSIS,REFERENCE_REANALYSIS
2024-07-06T10:00,34.1526,77.5771,Leh,15.9,0.0,3.6,ERA5_REANALYSIS,REFERENCE_REANALYSIS
2024-07-06T11:00,34.1526,77.5771,Leh,17.2,0.0,4.3,ERA5_REANALYSIS,REFERENCE_REANALYSIS
2024-07-06T12:00,34.1526,77.5771,Leh,16.3,0.0,5.6,ERA5_REANALYSIS,REFERENCE_REANALYSIS
2024-07-06T13:00,34.1526,77.5771,Leh,14.5,0.0,4.8,ERA5_REANALYSIS,REFERENCE_REANALYSIS
2024-07-06T14:00,34.1526,77.5771,Leh,13.3,0.0,5.8,ERA5_REANALYSIS,REFERENCE_REANALYSIS
2024-07-06T15:00,34.1526,77.5771,Leh,13.1,0.0,5.1,ERA5_REANALYSIS,REFERENCE_REANALYSIS
2024-07-06T16:00,34.1526,77.5771,Leh,12.2,0.0,3.7,ERA5_REANALYSIS,REFERENCE_REANALYSIS
2024-07-06T17:00,34.1526,77.5771,Leh,12.8,0.0,2.8,ERA5_REANALYSIS,REFERENCE_REANALYSIS
2024-07-06T18:00,34.1526,77.5771,Leh,11.6,0.0,4.4,ERA5_REANALYSIS,REFERENCE_REANALYSIS
2024-07-06T19:00,34.1526,77.5771,Leh,12.4,0.0,1.3,ERA5_REANALYSIS,REFERENCE_REANALYSIS
2024-07-06T20:00,34.1526,77.5771,Leh,12.6,0.0,2.5,ERA5_REANALYSIS,REFERENCE_REANALYSIS
2024-07-06T21:00,34.1526,77.5771,Leh,12.2,0.0,2.7,ERA5_REANALYSIS,REFERENCE_REANALYSIS
2024-07-06T22:00,34.1526,77.5771,Leh,12.0,0.0,1.1,ERA5_REANALYSIS,REFERENCE_REANALYSIS
2024-07-06T23:00,34.1526,77.5771,Leh,11.7,0.0,3.2,ERA5_REANALYSIS,REFERENCE_REANALYSIS
2024-07-07T00:00,34.1526,77.5771,Leh,11.1,0.0,3.1,ERA5_REANALYSIS,REFERENCE_REANALYSIS
2024-07-07T01:00,34.1526,77.5771,Leh,10.8,0.0,3.7,ERA5_REANALYSIS,REFERENCE_REANALYSIS
2024-07-07T02:00,34.1526,77.5771,Leh,13.3,0.0,4.2,ERA5_REANALYSIS,REFERENCE_REANALYSIS
2024-07-07T03:00,34.1526,77.5771,Leh,14.6,0.0,5.0,ERA5_REANALYSIS,REFERENCE_REANALYSIS
2024-07-07T04:00,34.1526,77.5771,Leh,16.0,0.0,4.6,ERA5_REANALYSIS,REFERENCE_REANALYSIS
2024-07-07T05:00,34.1526,77.5771,Leh,17.4,0.0,4.4,ERA5_REANALYSIS,REFERENCE_REANALYSIS
2024-07-07T06:00,34.1526,77.5771,Leh,18.4,0.0,1.4,ERA5_REANALYSIS,REFERENCE_REANALYSIS
2024-07-07T07:00,34.1526,77.5771,Leh,19.2,0.0,1.4,ERA5_REANALYSIS,REFERENCE_REANALYSIS
2024-07-07T08:00,34.1526,77.5771,Leh,20.5,0.0,2.3,ERA5_REANALYSIS,REFERENCE_REANALYSIS
2024-07-07T09:00,34.1526,77.5771,Leh,21.4,0.0,4.0,ERA5_REANALYSIS,REFERENCE_REANALYSIS
2024-07-07T10:00,34.1526,77.5771,Leh,22.5,0.0,5.4,ERA5_REANALYSIS,REFERENCE_REANALYSIS
2024-07-07T11:00,34.1526,77.5771,Leh,21.8,0.0,5.1,ERA5_REANALYSIS,REFERENCE_REANALYSIS
2024-07-07T12:00,34.1526,77.5771,Leh,21.6,0.0,6.2,ERA5_REANALYSIS,REFERENCE_REANALYSIS
2024-07-07T13:00,34.1526,77.5771,Leh,19.9,0.0,3.4,ERA5_REANALYSIS,REFERENCE_REANALYSIS
2024-07-07T14:00,34.1526,77.5771,Leh,19.5,0.0,1.8,ERA5_REANALYSIS,REFERENCE_REANALYSIS
2024-07-07T15:00,34.1526,77.5771,Leh,18.5,0.0,0.8,ERA5_REANALYSIS,REFERENCE_REANALYSIS
2024-07-07T16:00,34.1526,77.5771,Leh,18.0,0.0,2.2,ERA5_REANALYSIS,REFERENCE_REANALYSIS
2024-07-07T17:00,34.1526,77.5771,Leh,17.3,0.0,2.0,ERA5_REANALYSIS,REFERENCE_REANALYSIS
2024-07-07T18:00,34.1526,77.5771,Leh,16.2,0.0,3.8,ERA5_REANALYSIS,REFERENCE_REANALYSIS
2024-07-07T19:00,34.1526,77.5771,Leh,14.6,0.0,6.3,ERA5_REANALYSIS,REFERENCE_REANALYSIS
2024-07-07T20:00,34.1526,77.5771,Leh,13.4,0.0,6.2,ERA5_REANALYSIS,REFERENCE_REANALYSIS
2024-07-07T21:00,34.1526,77.5771,Leh,13.6,0.0,5.2,ERA5_REANALYSIS,REFERENCE_REANALYSIS
2024-07-07T22:00,34.1526,77.5771,Leh,13.9,0.0,4.5,ERA5_REANALYSIS,REFERENCE_REANALYSIS
2024-07-07T23:00,34.1526,77.5771,Leh,12.3,0.0,5.6,ERA5_REANALYSIS,REFERENCE_REANALYSIS
2024-07-08T00:00,34.1526,77.5771,Leh,12.1,0.0,4.6,ERA5_REANALYSIS,REFERENCE_REANALYSIS
2024-07-08T01:00,34.1526,77.5771,Leh,12.8,0.0,4.1,ERA5_REANALYSIS,REFERENCE_REANALYSIS
2024-07-08T02:00,34.1526,77.5771,Leh,13.7,0.0,3.8,ERA5_REANALYSIS,REFERENCE_REANALYSIS
2024-07-08T03:00,34.1526,77.5771,Leh,14.8,0.0,3.7,ERA5_REANALYSIS,REFERENCE_REANALYSIS
2024-07-08T04:00,34.1526,77.5771,Leh,15.9,0.0,3.3,ERA5_REANALYSIS,REFERENCE_REANALYSIS
2024-07-08T05:00,34.1526,77.5771,Leh,17.2,0.0,2.6,ERA5_REANALYSIS,REFERENCE_REANALYSIS
2024-07-08T06:00,34.1526,77.5771,Leh,18.6,0.0,3.7,ERA5_REANALYSIS,REFERENCE_REANALYSIS
2024-07-08T07:00,34.1526,77.5771,Leh,19.7,0.0,4.3,ERA5_REANALYSIS,REFERENCE_REANALYSIS
2024-07-08T08:00,34.1526,77.5771,Leh,20.6,0.0,2.8,ERA5_REANALYSIS,REFERENCE_REANALYSIS
2024-07-08T09:00,34.1526,77.5771,Leh,22.3,0.0,2.3,ERA5_REANALYSIS,REFERENCE_REANALYSIS
2024-07-08T10:00,34.1526,77.5771,Leh,23.0,0.0,2.0,ERA5_REANALYSIS,REFERENCE_REANALYSIS
2024-07-08T11:00,34.1526,77.5771,Leh,22.4,0.0,7.4,ERA5_REANALYSIS,REFERENCE_REANALYSIS
2024-07-08T12:00,34.1526,77.5771,Leh,21.5,0.0,10.0,ERA5_REANALYSIS,REFERENCE_REANALYSIS
2024-07-08T13:00,34.1526,77.5771,Leh,20.2,0.0,8.0,ERA5_REANALYSIS,REFERENCE_REANALYSIS
2024-07-08T14:00,34.1526,77.5771,Leh,18.8,0.0,4.7,ERA5_REANALYSIS,REFERENCE_REANALYSIS
2024-07-08T15:00,34.1526,77.5771,Leh,18.2,0.0,3.3,ERA5_REANALYSIS,REFERENCE_REANALYSIS
2024-07-08T16:00,34.1526,77.5771,Leh,17.4,0.0,4.9,ERA5_REANALYSIS,REFERENCE_REANALYSIS
2024-07-08T17:00,34.1526,77.5771,Leh,16.0,0.0,4.7,ERA5_REANALYSIS,REFERENCE_REANALYSIS
2024-07-08T18:00,34.1526,77.5771,Leh,16.5,0.0,3.6,ERA5_REANALYSIS,REFERENCE_REANALYSIS
2024-07-08T19:00,34.1526,77.5771,Leh,16.5,0.0,3.3,ERA5_REANALYSIS,REFERENCE_REANALYSIS
2024-07-08T20:00,34.1526,77.5771,Leh,15.7,0.0,4.2,ERA5_REANALYSIS,REFERENCE_REANALYSIS
2024-07-08T21:00,34.1526,77.5771,Leh,15.4,0.0,4.5,ERA5_REANALYSIS,REFERENCE_REANALYSIS
2024-07-08T22:00,34.1526,77.5771,Leh,14.9,0.0,4.5,ERA5_REANALYSIS,REFERENCE_REANALYSIS
2024-07-08T23:00,34.1526,77.5771,Leh,14.5,0.0,3.4,ERA5_REANALYSIS,REFERENCE_REANALYSIS
2024-07-09T00:00,34.1526,77.5771,Leh,13.9,0.0,3.1,ERA5_REANALYSIS,REFERENCE_REANALYSIS
2024-07-09T01:00,34.1526,77.5771,Leh,13.0,0.0,3.1,ERA5_REANALYSIS,REFERENCE_REANALYSIS
2024-07-09T02:00,34.1526,77.5771,Leh,14.3,0.0,3.1,ERA5_REANALYSIS,REFERENCE_REANALYSIS
2024-07-09T03:00,34.1526,77.5771,Leh,15.7,0.0,3.1,ERA5_REANALYSIS,REFERENCE_REANALYSIS
2024-07-09T04:00,34.1526,77.5771,Leh,17.0,0.0,3.9,ERA5_REANALYSIS,REFERENCE_REANALYSIS
2024-07-09T05:00,34.1526,77.5771,Leh,18.3,0.0,4.6,ERA5_REANALYSIS,REFERENCE_REANALYSIS
2024-07-09T06:00,34.1526,77.5771,Leh,19.6,0.0,4.6,ERA5_REANALYSIS,REFERENCE_REANALYSIS
2024-07-09T07:00,34.1526,77.5771,Leh,20.9,0.0,3.9,ERA5_REANALYSIS,REFERENCE_REANALYSIS
2024-07-09T08:00,34.1526,77.5771,Leh,21.9,0.0,2.1,ERA5_REANALYSIS,REFERENCE_REANALYSIS
2024-07-09T09:00,34.1526,77.5771,Leh,22.7,0.0,4.3,ERA5_REANALYSIS,REFERENCE_REANALYSIS
2024-07-09T10:00,34.1526,77.5771,Leh,22.8,0.0,3.3,ERA5_REANALYSIS,REFERENCE_REANALYSIS
2024-07-09T11:00,34.1526,77.5771,Leh,22.2,0.0,7.0,ERA5_REANALYSIS,REFERENCE_REANALYSIS
2024-07-09T12:00,34.1526,77.5771,Leh,21.9,0.0,7.6,ERA5_REANALYSIS,REFERENCE_REANALYSIS
2024-07-09T13:00,34.1526,77.5771,Leh,21.7,0.0,3.9,ERA5_REANALYSIS,REFERENCE_REANALYSIS
2024-07-09T14:00,34.1526,77.5771,Leh,20.7,0.0,6.2,ERA5_REANALYSIS,REFERENCE_REANALYSIS
2024-07-09T15:00,34.1526,77.5771,Leh,19.6,0.0,5.4,ERA5_REANALYSIS,REFERENCE_REANALYSIS
2024-07-09T16:00,34.1526,77.5771,Leh,18.4,0.0,4.6,ERA5_REANALYSIS,REFERENCE_REANALYSIS
2024-07-09T17:00,34.1526,77.5771,Leh,17.8,0.0,3.6,ERA5_REANALYSIS,REFERENCE_REANALYSIS
2024-07-09T18:00,34.1526,77.5771,Leh,18.2,0.0,2.5,ERA5_REANALYSIS,REFERENCE_REANALYSIS
2024-07-09T19:00,34.1526,77.5771,Leh,17.7,0.0,1.8,ERA5_REANALYSIS,REFERENCE_REANALYSIS
2024-07-09T20:00,34.1526,77.5771,Leh,17.3,0.0,1.9,ERA5_REANALYSIS,REFERENCE_REANALYSIS
2024-07-09T21:00,34.1526,77.5771,Leh,16.9,0.0,2.3,ERA5_REANALYSIS,REFERENCE_REANALYSIS
2024-07-09T22:00,34.1526,77.5771,Leh,16.3,0.0,2.5,ERA5_REANALYSIS,REFERENCE_REANALYSIS
2024-07-09T23:00,34.1526,77.5771,Leh,15.7,0.0,3.2,ERA5_REANALYSIS,REFERENCE_REANALYSIS
2024-07-10T00:00,34.1526,77.5771,Leh,15.0,0.0,2.2,ERA5_REANALYSIS,REFERENCE_REANALYSIS
2024-07-10T01:00,34.1526,77.5771,Leh,14.8,0.0,2.3,ERA5_REANALYSIS,REFERENCE_REANALYSIS
2024-07-10T02:00,34.1526,77.5771,Leh,15.5,0.0,2.4,ERA5_REANALYSIS,REFERENCE_REANALYSIS
2024-07-10T03:00,34.1526,77.5771,Leh,17.1,0.0,3.7,ERA5_REANALYSIS,REFERENCE_REANALYSIS
2024-07-10T04:00,34.1526,77.5771,Leh,18.4,0.0,4.5,ERA5_REANALYSIS,REFERENCE_REANALYSIS
2024-07-10T05:00,34.1526,77.5771,Leh,19.8,0.0,5.6,ERA5_REANALYSIS,REFERENCE_REANALYSIS
2024-07-10T06:00,34.1526,77.5771,Leh,20.9,0.0,3.8,ERA5_REANALYSIS,REFERENCE_REANALYSIS
2024-07-10T07:00,34.1526,77.5771,Leh,22.1,0.0,2.9,ERA5_REANALYSIS,REFERENCE_REANALYSIS
2024-07-10T08:00,34.1526,77.5771,Leh,23.0,0.0,3.9,ERA5_REANALYSIS,REFERENCE_REANALYSIS
2024-07-10T09:00,34.1526,77.5771,Leh,23.4,0.0,4.4,ERA5_REANALYSIS,REFERENCE_REANALYSIS
2024-07-10T10:00,34.1526,77.5771,Leh,23.5,0.0,3.9,ERA5_REANALYSIS,REFERENCE_REANALYSIS
2024-07-10T11:00,34.1526,77.5771,Leh,22.8,0.0,5.1,ERA5_REANALYSIS,REFERENCE_REANALYSIS
2024-07-10T12:00,34.1526,77.5771,Leh,22.3,0.0,7.4,ERA5_REANALYSIS,REFERENCE_REANALYSIS
2024-07-10T13:00,34.1526,77.5771,Leh,20.9,0.0,4.4,ERA5_REANALYSIS,REFERENCE_REANALYSIS
2024-07-10T14:00,34.1526,77.5771,Leh,20.4,0.0,3.0,ERA5_REANALYSIS,REFERENCE_REANALYSIS
2024-07-10T15:00,34.1526,77.5771,Leh,19.8,0.0,2.5,ERA5_REANALYSIS,REFERENCE_REANALYSIS
2024-07-10T16:00,34.1526,77.5771,Leh,19.2,0.0,5.2,ERA5_REANALYSIS,REFERENCE_REANALYSIS
2024-07-10T17:00,34.1526,77.5771,Leh,17.7,0.0,4.2,ERA5_REANALYSIS,REFERENCE_REANALYSIS
2024-07-10T18:00,34.1526,77.5771,Leh,16.5,0.0,5.2,ERA5_REANALYSIS,REFERENCE_REANALYSIS
2024-07-10T19:00,34.1526,77.5771,Leh,15.6,0.0,6.7,ERA5_REANALYSIS,REFERENCE_REANALYSIS
2024-07-10T20:00,34.1526,77.5771,Leh,14.8,0.0,7.1,ERA5_REANALYSIS,REFERENCE_REANALYSIS
2024-07-10T21:00,34.1526,77.5771,Leh,14.8,0.0,5.2,ERA5_REANALYSIS,REFERENCE_REANALYSIS
2024-07-10T22:00,34.1526,77.5771,Leh,14.5,0.0,5.0,ERA5_REANALYSIS,REFERENCE_REANALYSIS
2024-07-10T23:00,34.1526,77.5771,Leh,13.3,0.0,5.8,ERA5_REANALYSIS,REFERENCE_REANALYSIS
2024-07-11T00:00,34.1526,77.5771,Leh,14.2,0.0,4.5,ERA5_REANALYSIS,REFERENCE_REANALYSIS
2024-07-11T01:00,34.1526,77.5771,Leh,13.7,0.0,4.8,ERA5_REANALYSIS,REFERENCE_REANALYSIS
2024-07-11T02:00,34.1526,77.5771,Leh,15.0,0.0,3.8,ERA5_REANALYSIS,REFERENCE_REANALYSIS
2024-07-11T03:00,34.1526,77.5771,Leh,16.1,0.0,4.0,ERA5_REANALYSIS,REFERENCE_REANALYSIS
2024-07-11T04:00,34.1526,77.5771,Leh,17.4,0.0,5.8,ERA5_REANALYSIS,REFERENCE_REANALYSIS
2024-07-11T05:00,34.1526,77.5771,Leh,18.6,0.0,5.2,ERA5_REANALYSIS,REFERENCE_REANALYSIS
2024-07-11T06:00,34.1526,77.5771,Leh,19.6,0.0,5.6,ERA5_REANALYSIS,REFERENCE_REANALYSIS
2024-07-11T07:00,34.1526,77.5771,Leh,20.6,0.0,4.6,ERA5_REANALYSIS,REFERENCE_REANALYSIS
2024-07-11T08:00,34.1526,77.5771,Leh,21.4,0.0,3.8,ERA5_REANALYSIS,REFERENCE_REANALYSIS
2024-07-11T09:00,34.1526,77.5771,Leh,22.2,0.0,1.9,ERA5_REANALYSIS,REFERENCE_REANALYSIS
2024-07-11T10:00,34.1526,77.5771,Leh,22.5,0.0,4.4,ERA5_REANALYSIS,REFERENCE_REANALYSIS
2024-07-11T11:00,34.1526,77.5771,Leh,22.2,0.0,8.7,ERA5_REANALYSIS,REFERENCE_REANALYSIS
2024-07-11T12:00,34.1526,77.5771,Leh,21.3,0.0,7.6,ERA5_REANALYSIS,REFERENCE_REANALYSIS
2024-07-11T13:00,34.1526,77.5771,Leh,21.0,0.0,8.0,ERA5_REANALYSIS,REFERENCE_REANALYSIS
2024-07-11T14:00,34.1526,77.5771,Leh,19.8,0.0,5.8,ERA5_REANALYSIS,REFERENCE_REANALYSIS
2024-07-11T15:00,34.1526,77.5771,Leh,19.2,0.0,6.8,ERA5_REANALYSIS,REFERENCE_REANALYSIS
2024-07-11T16:00,34.1526,77.5771,Leh,18.8,0.0,6.9,ERA5_REANALYSIS,REFERENCE_REANALYSIS
2024-07-11T17:00,34.1526,77.5771,Leh,17.9,0.0,7.7,ERA5_REANALYSIS,REFERENCE_REANALYSIS
2024-07-11T18:00,34.1526,77.5771,Leh,16.6,0.0,7.6,ERA5_REANALYSIS,REFERENCE_REANALYSIS
2024-07-11T19:00,34.1526,77.5771,Leh,15.6,0.0,6.8,ERA5_REANALYSIS,REFERENCE_REANALYSIS
2024-07-11T20:00,34.1526,77.5771,Leh,14.6,0.0,6.9,ERA5_REANALYSIS,REFERENCE_REANALYSIS
2024-07-11T21:00,34.1526,77.5771,Leh,13.5,0.0,7.0,ERA5_REANALYSIS,REFERENCE_REANALYSIS
2024-07-11T22:00,34.1526,77.5771,Leh,12.7,0.0,7.3,ERA5_REANALYSIS,REFERENCE_REANALYSIS
2024-07-11T23:00,34.1526,77.5771,Leh,12.2,0.0,4.9,ERA5_REANALYSIS,REFERENCE_REANALYSIS
2024-07-12T00:00,34.1526,77.5771,Leh,12.1,0.0,4.0,ERA5_REANALYSIS,REFERENCE_REANALYSIS
2024-07-12T01:00,34.1526,77.5771,Leh,9.6,0.0,2.5,ERA5_REANALYSIS,REFERENCE_REANALYSIS
2024-07-12T02:00,34.1526,77.5771,Leh,10.6,0.0,4.3,ERA5_REANALYSIS,REFERENCE_REANALYSIS
2024-07-12T03:00,34.1526,77.5771,Leh,11.6,0.0,4.3,ERA5_REANALYSIS,REFERENCE_REANALYSIS
2024-07-12T04:00,34.1526,77.5771,Leh,13.7,0.0,4.7,ERA5_REANALYSIS,REFERENCE_REANALYSIS
2024-07-12T05:00,34.1526,77.5771,Leh,15.9,0.0,5.4,ERA5_REANALYSIS,REFERENCE_REANALYSIS
2024-07-12T06:00,34.1526,77.5771,Leh,17.4,0.0,6.1,ERA5_REANALYSIS,REFERENCE_REANALYSIS
2024-07-12T07:00,34.1526,77.5771,Leh,18.3,0.0,5.6,ERA5_REANALYSIS,REFERENCE_REANALYSIS
2024-07-12T08:00,34.1526,77.5771,Leh,19.7,0.0,5.1,ERA5_REANALYSIS,REFERENCE_REANALYSIS
2024-07-12T09:00,34.1526,77.5771,Leh,20.5,0.0,5.0,ERA5_REANALYSIS,REFERENCE_REANALYSIS
2024-07-12T10:00,34.1526,77.5771,Leh,21.1,0.0,8.4,ERA5_REANALYSIS,REFERENCE_REANALYSIS
2024-07-12T11:00,34.1526,77.5771,Leh,21.4,0.0,11.6,ERA5_REANALYSIS,REFERENCE_REANALYSIS
2024-07-12T12:00,34.1526,77.5771,Leh,21.1,0.0,12.0,ERA5_REANALYSIS,REFERENCE_REANALYSIS
2024-07-12T13:00,34.1526,77.5771,Leh,20.8,0.0,8.2,ERA5_REANALYSIS,REFERENCE_REANALYSIS
2024-07-12T14:00,34.1526,77.5771,Leh,19.3,0.0,9.4,ERA5_REANALYSIS,REFERENCE_REANALYSIS
2024-07-12T15:00,34.1526,77.5771,Leh,18.9,0.0,9.1,ERA5_REANALYSIS,REFERENCE_REANALYSIS
2024-07-12T16:00,34.1526,77.5771,Leh,18.3,0.0,9.4,ERA5_REANALYSIS,REFERENCE_REANALYSIS
2024-07-12T17:00,34.1526,77.5771,Leh,17.7,0.0,7.5,ERA5_REANALYSIS,REFERENCE_REANALYSIS
2024-07-12T18:00,34.1526,77.5771,Leh,16.8,0.0,6.9,ERA5_REANALYSIS,REFERENCE_REANALYSIS
2024-07-12T19:00,34.1526,77.5771,Leh,16.0,0.0,6.2,ERA5_REANALYSIS,REFERENCE_REANALYSIS
2024-07-12T20:00,34.1526,77.5771,Leh,14.8,0.0,5.0,ERA5_REANALYSIS,REFERENCE_REANALYSIS
2024-07-12T21:00,34.1526,77.5771,Leh,14.4,0.0,3.1,ERA5_REANALYSIS,REFERENCE_REANALYSIS
2024-07-12T22:00,34.1526,77.5771,Leh,13.9,0.0,1.3,ERA5_REANALYSIS,REFERENCE_REANALYSIS
2024-07-12T23:00,34.1526,77.5771,Leh,13.3,0.0,4.8,ERA5_REANALYSIS,REFERENCE_REANALYSIS
2024-07-13T00:00,34.1526,77.5771,Leh,12.7,0.0,3.4,ERA5_REANALYSIS,REFERENCE_REANALYSIS
2024-07-13T01:00,34.1526,77.5771,Leh,12.4,0.1,4.5,ERA5_REANALYSIS,REFERENCE_REANALYSIS
2024-07-13T02:00,34.1526,77.5771,Leh,12.6,0.0,3.1,ERA5_REANALYSIS,REFERENCE_REANALYSIS
2024-07-13T03:00,34.1526,77.5771,Leh,13.7,0.0,4.0,ERA5_REANALYSIS,REFERENCE_REANALYSIS
2024-07-13T04:00,34.1526,77.5771,Leh,14.7,0.0,3.8,ERA5_REANALYSIS,REFERENCE_REANALYSIS
2024-07-13T05:00,34.1526,77.5771,Leh,15.9,0.0,4.5,ERA5_REANALYSIS,REFERENCE_REANALYSIS
2024-07-13T06:00,34.1526,77.5771,Leh,17.4,0.0,5.4,ERA5_REANALYSIS,REFERENCE_REANALYSIS
2024-07-13T07:00,34.1526,77.5771,Leh,18.5,0.0,6.1,ERA5_REANALYSIS,REFERENCE_REANALYSIS
2024-07-13T08:00,34.1526,77.5771,Leh,19.1,0.0,4.6,ERA5_REANALYSIS,REFERENCE_REANALYSIS
2024-07-13T09:00,34.1526,77.5771,Leh,19.9,0.0,4.4,ERA5_REANALYSIS,REFERENCE_REANALYSIS
2024-07-13T10:00,34.1526,77.5771,Leh,19.4,0.0,6.6,ERA5_REANALYSIS,REFERENCE_REANALYSIS
2024-07-13T11:00,34.1526,77.5771,Leh,19.4,0.0,5.8,ERA5_REANALYSIS,REFERENCE_REANALYSIS
2024-07-13T12:00,34.1526,77.5771,Leh,20.1,0.0,8.9,ERA5_REANALYSIS,REFERENCE_REANALYSIS
2024-07-13T13:00,34.1526,77.5771,Leh,19.2,0.0,6.1,ERA5_REANALYSIS,REFERENCE_REANALYSIS
2024-07-13T14:00,34.1526,77.5771,Leh,18.4,0.0,5.8,ERA5_REANALYSIS,REFERENCE_REANALYSIS
2024-07-13T15:00,34.1526,77.5771,Leh,17.5,0.0,4.0,ERA5_REANALYSIS,REFERENCE_REANALYSIS
2024-07-13T16:00,34.1526,77.5771,Leh,16.8,0.0,2.6,ERA5_REANALYSIS,REFERENCE_REANALYSIS
2024-07-13T17:00,34.1526,77.5771,Leh,16.0,0.0,3.1,ERA5_REANALYSIS,REFERENCE_REANALYSIS
2024-07-13T18:00,34.1526,77.5771,Leh,15.3,0.0,3.6,ERA5_REANALYSIS,REFERENCE_REANALYSIS
2024-07-13T19:00,34.1526,77.5771,Leh,14.7,0.0,3.6,ERA5_REANALYSIS,REFERENCE_REANALYSIS
2024-07-13T20:00,34.1526,77.5771,Leh,13.9,0.0,3.9,ERA5_REANALYSIS,REFERENCE_REANALYSIS
2024-07-13T21:00,34.1526,77.5771,Leh,13.8,0.0,3.0,ERA5_REANALYSIS,REFERENCE_REANALYSIS
2024-07-13T22:00,34.1526,77.5771,Leh,13.6,0.0,3.0,ERA5_REANALYSIS,REFERENCE_REANALYSIS
2024-07-13T23:00,34.1526,77.5771,Leh,13.5,0.0,2.2,ERA5_REANALYSIS,REFERENCE_REANALYSIS
2024-07-14T00:00,34.1526,77.5771,Leh,13.0,0.0,2.1,ERA5_REANALYSIS,REFERENCE_REANALYSIS
2024-07-14T01:00,34.1526,77.5771,Leh,12.7,0.0,6.4,ERA5_REANALYSIS,REFERENCE_REANALYSIS
2024-07-14T02:00,34.1526,77.5771,Leh,13.9,0.0,4.6,ERA5_REANALYSIS,REFERENCE_REANALYSIS
2024-07-14T03:00,34.1526,77.5771,Leh,14.9,0.0,2.8,ERA5_REANALYSIS,REFERENCE_REANALYSIS
2024-07-14T04:00,34.1526,77.5771,Leh,16.1,0.0,2.6,ERA5_REANALYSIS,REFERENCE_REANALYSIS
2024-07-14T05:00,34.1526,77.5771,Leh,17.4,0.0,2.3,ERA5_REANALYSIS,REFERENCE_REANALYSIS
2024-07-14T06:00,34.1526,77.5771,Leh,18.5,0.0,2.0,ERA5_REANALYSIS,REFERENCE_REANALYSIS
2024-07-14T07:00,34.1526,77.5771,Leh,19.0,0.0,1.8,ERA5_REANALYSIS,REFERENCE_REANALYSIS
2024-07-14T08:00,34.1526,77.5771,Leh,19.5,0.0,3.1,ERA5_REANALYSIS,REFERENCE_REANALYSIS
2024-07-14T09:00,34.1526,77.5771,Leh,20.5,0.0,5.6,ERA5_REANALYSIS,REFERENCE_REANALYSIS
2024-07-14T10:00,34.1526,77.5771,Leh,22.0,0.0,7.2,ERA5_REANALYSIS,REFERENCE_REANALYSIS
2024-07-14T11:00,34.1526,77.5771,Leh,22.6,0.0,8.7,ERA5_REANALYSIS,REFERENCE_REANALYSIS
2024-07-14T12:00,34.1526,77.5771,Leh,21.9,0.0,6.9,ERA5_REANALYSIS,REFERENCE_REANALYSIS
2024-07-14T13:00,34.1526,77.5771,Leh,18.3,0.0,4.0,ERA5_REANALYSIS,REFERENCE_REANALYSIS
2024-07-14T14:00,34.1526,77.5771,Leh,18.1,0.0,5.1,ERA5_REANALYSIS,REFERENCE_REANALYSIS
2024-07-14T15:00,34.1526,77.5771,Leh,17.8,0.0,6.2,ERA5_REANALYSIS,REFERENCE_REANALYSIS
2024-07-14T16:00,34.1526,77.5771,Leh,16.9,0.0,5.5,ERA5_REANALYSIS,REFERENCE_REANALYSIS
2024-07-14T17:00,34.1526,77.5771,Leh,16.4,0.0,4.7,ERA5_REANALYSIS,REFERENCE_REANALYSIS
2024-07-14T18:00,34.1526,77.5771,Leh,15.8,0.0,2.1,ERA5_REANALYSIS,REFERENCE_REANALYSIS
2024-07-14T19:00,34.1526,77.5771,Leh,15.1,0.0,1.8,ERA5_REANALYSIS,REFERENCE_REANALYSIS
2024-07-14T20:00,34.1526,77.5771,Leh,15.0,0.0,1.5,ERA5_REANALYSIS,REFERENCE_REANALYSIS
2024-07-14T21:00,34.1526,77.5771,Leh,14.6,0.0,2.5,ERA5_REANALYSIS,REFERENCE_REANALYSIS
2024-07-14T22:00,34.1526,77.5771,Leh,14.0,0.0,2.1,ERA5_REANALYSIS,REFERENCE_REANALYSIS
2024-07-14T23:00,34.1526,77.5771,Leh,13.5,0.0,0.5,ERA5_REANALYSIS,REFERENCE_REANALYSIS
2024-07-15T00:00,34.1526,77.5771,Leh,13.1,0.0,0.8,ERA5_REANALYSIS,REFERENCE_REANALYSIS
2024-07-15T01:00,34.1526,77.5771,Leh,13.2,0.0,5.1,ERA5_REANALYSIS,REFERENCE_REANALYSIS
2024-07-15T02:00,34.1526,77.5771,Leh,13.8,0.0,5.0,ERA5_REANALYSIS,REFERENCE_REANALYSIS
2024-07-15T03:00,34.1526,77.5771,Leh,14.8,0.0,4.4,ERA5_REANALYSIS,REFERENCE_REANALYSIS
2024-07-15T04:00,34.1526,77.5771,Leh,16.0,0.0,3.2,ERA5_REANALYSIS,REFERENCE_REANALYSIS
2024-07-15T05:00,34.1526,77.5771,Leh,16.9,0.0,3.9,ERA5_REANALYSIS,REFERENCE_REANALYSIS
2024-07-15T06:00,34.1526,77.5771,Leh,17.7,0.0,4.4,ERA5_REANALYSIS,REFERENCE_REANALYSIS
2024-07-15T07:00,34.1526,77.5771,Leh,18.7,0.0,3.4,ERA5_REANALYSIS,REFERENCE_REANALYSIS
2024-07-15T08:00,34.1526,77.5771,Leh,19.8,0.0,2.6,ERA5_REANALYSIS,REFERENCE_REANALYSIS
2024-07-15T09:00,34.1526,77.5771,Leh,21.2,0.0,3.8,ERA5_REANALYSIS,REFERENCE_REANALYSIS
2024-07-15T10:00,34.1526,77.5771,Leh,22.0,0.0,7.6,ERA5_REANALYSIS,REFERENCE_REANALYSIS
2024-07-15T11:00,34.1526,77.5771,Leh,22.1,0.0,8.4,ERA5_REANALYSIS,REFERENCE_REANALYSIS
2024-07-15T12:00,34.1526,77.5771,Leh,21.7,0.0,8.3,ERA5_REANALYSIS,REFERENCE_REANALYSIS
2024-07-15T13:00,34.1526,77.5771,Leh,20.9,0.0,5.5,ERA5_REANALYSIS,REFERENCE_REANALYSIS
2024-07-15T14:00,34.1526,77.5771,Leh,20.1,0.0,6.2,ERA5_REANALYSIS,REFERENCE_REANALYSIS
2024-07-15T15:00,34.1526,77.5771,Leh,19.6,0.0,5.4,ERA5_REANALYSIS,REFERENCE_REANALYSIS
2024-07-15T16:00,34.1526,77.5771,Leh,18.2,0.0,4.6,ERA5_REANALYSIS,REFERENCE_REANALYSIS
2024-07-15T17:00,34.1526,77.5771,Leh,18.3,0.0,3.6,ERA5_REANALYSIS,REFERENCE_REANALYSIS
2024-07-15T18:00,34.1526,77.5771,Leh,17.5,0.0,4.4,ERA5_REANALYSIS,REFERENCE_REANALYSIS
2024-07-15T19:00,34.1526,77.5771,Leh,18.0,0.0,3.9,ERA5_REANALYSIS,REFERENCE_REANALYSIS
2024-07-15T20:00,34.1526,77.5771,Leh,17.4,0.0,3.4,ERA5_REANALYSIS,REFERENCE_REANALYSIS
2024-07-15T21:00,34.1526,77.5771,Leh,16.5,0.0,3.1,ERA5_REANALYSIS,REFERENCE_REANALYSIS
2024-07-15T22:00,34.1526,77.5771,Leh,15.6,0.0,3.0,ERA5_REANALYSIS,REFERENCE_REANALYSIS
2024-07-15T23:00,34.1526,77.5771,Leh,14.8,0.0,2.7,ERA5_REANALYSIS,REFERENCE_REANALYSIS
2024-07-16T00:00,34.1526,77.5771,Leh,14.3,0.0,3.2,ERA5_REANALYSIS,REFERENCE_REANALYSIS
2024-07-16T01:00,34.1526,77.5771,Leh,14.5,0.0,1.8,ERA5_REANALYSIS,REFERENCE_REANALYSIS
2024-07-16T02:00,34.1526,77.5771,Leh,15.7,0.0,2.2,ERA5_REANALYSIS,REFERENCE_REANALYSIS
2024-07-16T03:00,34.1526,77.5771,Leh,17.1,0.0,1.0,ERA5_REANALYSIS,REFERENCE_REANALYSIS
2024-07-16T04:00,34.1526,77.5771,Leh,18.5,0.0,2.6,ERA5_REANALYSIS,REFERENCE_REANALYSIS
2024-07-16T05:00,34.1526,77.5771,Leh,19.8,0.0,3.6,ERA5_REANALYSIS,REFERENCE_REANALYSIS
2024-07-16T06:00,34.1526,77.5771,Leh,21.1,0.0,3.7,ERA5_REANALYSIS,REFERENCE_REANALYSIS
2024-07-16T07:00,34.1526,77.5771,Leh,22.0,0.0,2.3,ERA5_REANALYSIS,REFERENCE_REANALYSIS
2024-07-16T08:00,34.1526,77.5771,Leh,23.1,0.0,3.2,ERA5_REANALYSIS,REFERENCE_REANALYSIS
2024-07-16T09:00,34.1526,77.5771,Leh,24.6,0.0,7.6,ERA5_REANALYSIS,REFERENCE_REANALYSIS
2024-07-16T10:00,34.1526,77.5771,Leh,25.8,0.0,12.8,ERA5_REANALYSIS,REFERENCE_REANALYSIS
2024-07-16T11:00,34.1526,77.5771,Leh,25.7,0.0,11.5,ERA5_REANALYSIS,REFERENCE_REANALYSIS
2024-07-16T12:00,34.1526,77.5771,Leh,24.8,0.0,3.2,ERA5_REANALYSIS,REFERENCE_REANALYSIS
2024-07-16T13:00,34.1526,77.5771,Leh,23.5,0.0,3.3,ERA5_REANALYSIS,REFERENCE_REANALYSIS
2024-07-16T14:00,34.1526,77.5771,Leh,22.1,0.0,3.0,ERA5_REANALYSIS,REFERENCE_REANALYSIS
2024-07-16T15:00,34.1526,77.5771,Leh,20.7,0.0,5.7,ERA5_REANALYSIS,REFERENCE_REANALYSIS
2024-07-16T16:00,34.1526,77.5771,Leh,19.2,0.0,7.0,ERA5_REANALYSIS,REFERENCE_REANALYSIS
2024-07-16T17:00,34.1526,77.5771,Leh,18.1,0.0,7.0,ERA5_REANALYSIS,REFERENCE_REANALYSIS
2024-07-16T18:00,34.1526,77.5771,Leh,17.3,0.0,4.5,ERA5_REANALYSIS,REFERENCE_REANALYSIS
2024-07-16T19:00,34.1526,77.5771,Leh,17.0,0.0,4.7,ERA5_REANALYSIS,REFERENCE_REANALYSIS
2024-07-16T20:00,34.1526,77.5771,Leh,16.0,0.0,5.4,ERA5_REANALYSIS,REFERENCE_REANALYSIS
2024-07-16T21:00,34.1526,77.5771,Leh,16.8,0.0,4.3,ERA5_REANALYSIS,REFERENCE_REANALYSIS
2024-07-16T22:00,34.1526,77.5771,Leh,16.8,0.0,3.1,ERA5_REANALYSIS,REFERENCE_REANALYSIS
2024-07-16T23:00,34.1526,77.5771,Leh,16.2,0.0,3.3,ERA5_REANALYSIS,REFERENCE_REANALYSIS
2024-07-17T00:00,34.1526,77.5771,Leh,15.5,0.0,2.1,ERA5_REANALYSIS,REFERENCE_REANALYSIS
2024-07-17T01:00,34.1526,77.5771,Leh,14.9,0.0,2.9,ERA5_REANALYSIS,REFERENCE_REANALYSIS
2024-07-17T02:00,34.1526,77.5771,Leh,16.3,0.0,1.1,ERA5_REANALYSIS,REFERENCE_REANALYSIS
2024-07-17T03:00,34.1526,77.5771,Leh,17.8,0.0,4.0,ERA5_REANALYSIS,REFERENCE_REANALYSIS
2024-07-17T04:00,34.1526,77.5771,Leh,19.1,0.0,4.7,ERA5_REANALYSIS,REFERENCE_REANALYSIS
2024-07-17T05:00,34.1526,77.5771,Leh,20.6,0.0,4.7,ERA5_REANALYSIS,REFERENCE_REANALYSIS
2024-07-17T06:00,34.1526,77.5771,Leh,21.9,0.0,4.1,ERA5_REANALYSIS,REFERENCE_REANALYSIS
2024-07-17T07:00,34.1526,77.5771,Leh,22.8,0.0,2.6,ERA5_REANALYSIS,REFERENCE_REANALYSIS
2024-07-17T08:00,34.1526,77.5771,Leh,23.9,0.0,4.0,ERA5_REANALYSIS,REFERENCE_REANALYSIS
2024-07-17T09:00,34.1526,77.5771,Leh,25.4,0.0,6.0,ERA5_REANALYSIS,REFERENCE_REANALYSIS
2024-07-17T10:00,34.1526,77.5771,Leh,26.1,0.0,7.4,ERA5_REANALYSIS,REFERENCE_REANALYSIS
2024-07-17T11:00,34.1526,77.5771,Leh,25.7,0.0,5.9,ERA5_REANALYSIS,REFERENCE_REANALYSIS
2024-07-17T12:00,34.1526,77.5771,Leh,25.1,0.0,0.4,ERA5_REANALYSIS,REFERENCE_REANALYSIS
2024-07-17T13:00,34.1526,77.5771,Leh,24.0,0.0,4.4,ERA5_REANALYSIS,REFERENCE_REANALYSIS
2024-07-17T14:00,34.1526,77.5771,Leh,22.6,0.0,3.6,ERA5_REANALYSIS,REFERENCE_REANALYSIS
2024-07-17T15:00,34.1526,77.5771,Leh,21.4,0.0,2.2,ERA5_REANALYSIS,REFERENCE_REANALYSIS
2024-07-17T16:00,34.1526,77.5771,Leh,20.7,0.0,2.4,ERA5_REANALYSIS,REFERENCE_REANALYSIS
2024-07-17T17:00,34.1526,77.5771,Leh,20.2,0.0,3.8,ERA5_REANALYSIS,REFERENCE_REANALYSIS
2024-07-17T18:00,34.1526,77.5771,Leh,17.7,0.0,6.3,ERA5_REANALYSIS,REFERENCE_REANALYSIS
2024-07-17T19:00,34.1526,77.5771,Leh,17.0,0.0,6.0,ERA5_REANALYSIS,REFERENCE_REANALYSIS
2024-07-17T20:00,34.1526,77.5771,Leh,16.2,0.0,6.6,ERA5_REANALYSIS,REFERENCE_REANALYSIS
2024-07-17T21:00,34.1526,77.5771,Leh,16.9,0.0,5.4,ERA5_REANALYSIS,REFERENCE_REANALYSIS
2024-07-17T22:00,34.1526,77.5771,Leh,16.4,0.0,5.4,ERA5_REANALYSIS,REFERENCE_REANALYSIS
2024-07-17T23:00,34.1526,77.5771,Leh,16.7,0.0,5.0,ERA5_REANALYSIS,REFERENCE_REANALYSIS
2024-07-18T00:00,34.1526,77.5771,Leh,16.3,0.0,4.1,ERA5_REANALYSIS,REFERENCE_REANALYSIS
2024-07-18T01:00,34.1526,77.5771,Leh,16.6,0.0,2.9,ERA5_REANALYSIS,REFERENCE_REANALYSIS
2024-07-18T02:00,34.1526,77.5771,Leh,17.5,0.0,3.3,ERA5_REANALYSIS,REFERENCE_REANALYSIS
2024-07-18T03:00,34.1526,77.5771,Leh,18.7,0.0,2.9,ERA5_REANALYSIS,REFERENCE_REANALYSIS
2024-07-18T04:00,34.1526,77.5771,Leh,20.0,0.0,2.3,ERA5_REANALYSIS,REFERENCE_REANALYSIS
2024-07-18T05:00,34.1526,77.5771,Leh,21.3,0.0,3.3,ERA5_REANALYSIS,REFERENCE_REANALYSIS
2024-07-18T06:00,34.1526,77.5771,Leh,21.9,0.0,3.8,ERA5_REANALYSIS,REFERENCE_REANALYSIS
2024-07-18T07:00,34.1526,77.5771,Leh,22.6,0.0,7.2,ERA5_REANALYSIS,REFERENCE_REANALYSIS
2024-07-18T08:00,34.1526,77.5771,Leh,24.1,0.0,7.5,ERA5_REANALYSIS,REFERENCE_REANALYSIS
2024-07-18T09:00,34.1526,77.5771,Leh,24.9,0.0,4.8,ERA5_REANALYSIS,REFERENCE_REANALYSIS
2024-07-18T10:00,34.1526,77.5771,Leh,24.9,0.0,2.7,ERA5_REANALYSIS,REFERENCE_REANALYSIS
2024-07-18T11:00,34.1526,77.5771,Leh,23.8,0.0,7.8,ERA5_REANALYSIS,REFERENCE_REANALYSIS
2024-07-18T12:00,34.1526,77.5771,Leh,23.4,0.0,8.0,ERA5_REANALYSIS,REFERENCE_REANALYSIS
2024-07-18T13:00,34.1526,77.5771,Leh,20.3,0.0,10.5,ERA5_REANALYSIS,REFERENCE_REANALYSIS
2024-07-18T14:00,34.1526,77.5771,Leh,19.1,0.0,6.5,ERA5_REANALYSIS,REFERENCE_REANALYSIS
2024-07-18T15:00,34.1526,77.5771,Leh,18.4,0.0,2.2,ERA5_REANALYSIS,REFERENCE_REANALYSIS
2024-07-18T16:00,34.1526,77.5771,Leh,17.5,0.0,2.6,ERA5_REANALYSIS,REFERENCE_REANALYSIS
2024-07-18T17:00,34.1526,77.5771,Leh,16.8,0.0,3.4,ERA5_REANALYSIS,REFERENCE_REANALYSIS
2024-07-18T18:00,34.1526,77.5771,Leh,16.3,0.0,3.9,ERA5_REANALYSIS,REFERENCE_REANALYSIS
2024-07-18T19:00,34.1526,77.5771,Leh,16.7,0.0,3.1,ERA5_REANALYSIS,REFERENCE_REANALYSIS
2024-07-18T20:00,34.1526,77.5771,Leh,16.2,0.0,2.9,ERA5_REANALYSIS,REFERENCE_REANALYSIS
2024-07-18T21:00,34.1526,77.5771,Leh,15.8,0.0,2.1,ERA5_REANALYSIS,REFERENCE_REANALYSIS
2024-07-18T22:00,34.1526,77.5771,Leh,15.5,0.0,2.2,ERA5_REANALYSIS,REFERENCE_REANALYSIS
2024-07-18T23:00,34.1526,77.5771,Leh,14.9,0.0,2.8,ERA5_REANALYSIS,REFERENCE_REANALYSIS
2024-07-19T00:00,34.1526,77.5771,Leh,14.4,0.0,2.7,ERA5_REANALYSIS,REFERENCE_REANALYSIS
2024-07-19T01:00,34.1526,77.5771,Leh,14.4,0.0,2.3,ERA5_REANALYSIS,REFERENCE_REANALYSIS
2024-07-19T02:00,34.1526,77.5771,Leh,15.5,0.0,2.6,ERA5_REANALYSIS,REFERENCE_REANALYSIS
2024-07-19T03:00,34.1526,77.5771,Leh,16.1,0.0,2.6,ERA5_REANALYSIS,REFERENCE_REANALYSIS
2024-07-19T04:00,34.1526,77.5771,Leh,17.3,0.0,2.4,ERA5_REANALYSIS,REFERENCE_REANALYSIS
2024-07-19T05:00,34.1526,77.5771,Leh,18.6,0.0,2.5,ERA5_REANALYSIS,REFERENCE_REANALYSIS
2024-07-19T06:00,34.1526,77.5771,Leh,20.5,0.0,4.0,ERA5_REANALYSIS,REFERENCE_REANALYSIS
2024-07-19T07:00,34.1526,77.5771,Leh,21.7,0.0,4.1,ERA5_REANALYSIS,REFERENCE_REANALYSIS
2024-07-19T08:00,34.1526,77.5771,Leh,22.9,0.0,4.8,ERA5_REANALYSIS,REFERENCE_REANALYSIS
2024-07-19T09:00,34.1526,77.5771,Leh,24.2,0.0,4.1,ERA5_REANALYSIS,REFERENCE_REANALYSIS
2024-07-19T10:00,34.1526,77.5771,Leh,24.9,0.0,4.1,ERA5_REANALYSIS,REFERENCE_REANALYSIS
2024-07-19T11:00,34.1526,77.5771,Leh,25.2,0.0,3.7,ERA5_REANALYSIS,REFERENCE_REANALYSIS
2024-07-19T12:00,34.1526,77.5771,Leh,24.9,0.0,1.8,ERA5_REANALYSIS,REFERENCE_REANALYSIS
2024-07-19T13:00,34.1526,77.5771,Leh,23.8,0.0,5.1,ERA5_REANALYSIS,REFERENCE_REANALYSIS
2024-07-19T14:00,34.1526,77.5771,Leh,22.2,0.0,3.6,ERA5_REANALYSIS,REFERENCE_REANALYSIS
2024-07-19T15:00,34.1526,77.5771,Leh,21.2,0.0,2.5,ERA5_REANALYSIS,REFERENCE_REANALYSIS
2024-07-19T16:00,34.1526,77.5771,Leh,20.0,0.0,4.0,ERA5_REANALYSIS,REFERENCE_REANALYSIS
2024-07-19T17:00,34.1526,77.5771,Leh,19.0,0.0,6.9,ERA5_REANALYSIS,REFERENCE_REANALYSIS
2024-07-19T18:00,34.1526,77.5771,Leh,17.9,0.0,6.9,ERA5_REANALYSIS,REFERENCE_REANALYSIS
2024-07-19T19:00,34.1526,77.5771,Leh,17.6,0.0,4.8,ERA5_REANALYSIS,REFERENCE_REANALYSIS
2024-07-19T20:00,34.1526,77.5771,Leh,17.1,0.0,4.6,ERA5_REANALYSIS,REFERENCE_REANALYSIS
2024-07-19T21:00,34.1526,77.5771,Leh,17.0,0.0,4.3,ERA5_REANALYSIS,REFERENCE_REANALYSIS
2024-07-19T22:00,34.1526,77.5771,Leh,16.9,0.0,3.7,ERA5_REANALYSIS,REFERENCE_REANALYSIS
2024-07-19T23:00,34.1526,77.5771,Leh,16.2,0.0,3.2,ERA5_REANALYSIS,REFERENCE_REANALYSIS
2024-07-20T00:00,34.1526,77.5771,Leh,15.7,0.0,2.2,ERA5_REANALYSIS,REFERENCE_REANALYSIS
2024-07-20T01:00,34.1526,77.5771,Leh,14.9,0.0,3.1,ERA5_REANALYSIS,REFERENCE_REANALYSIS
2024-07-20T02:00,34.1526,77.5771,Leh,16.7,0.0,2.1,ERA5_REANALYSIS,REFERENCE_REANALYSIS
2024-07-20T03:00,34.1526,77.5771,Leh,18.0,0.0,2.3,ERA5_REANALYSIS,REFERENCE_REANALYSIS
2024-07-20T04:00,34.1526,77.5771,Leh,19.3,0.0,3.9,ERA5_REANALYSIS,REFERENCE_REANALYSIS
2024-07-20T05:00,34.1526,77.5771,Leh,20.8,0.0,4.9,ERA5_REANALYSIS,REFERENCE_REANALYSIS
2024-07-20T06:00,34.1526,77.5771,Leh,21.9,0.0,4.1,ERA5_REANALYSIS,REFERENCE_REANALYSIS
2024-07-20T07:00,34.1526,77.5771,Leh,23.0,0.0,2.6,ERA5_REANALYSIS,REFERENCE_REANALYSIS
2024-07-20T08:00,34.1526,77.5771,Leh,24.5,0.0,3.9,ERA5_REANALYSIS,REFERENCE_REANALYSIS
2024-07-20T09:00,34.1526,77.5771,Leh,26.1,0.0,6.4,ERA5_REANALYSIS,REFERENCE_REANALYSIS
2024-07-20T10:00,34.1526,77.5771,Leh,26.5,0.0,6.4,ERA5_REANALYSIS,REFERENCE_REANALYSIS
2024-07-20T11:00,34.1526,77.5771,Leh,26.3,0.0,2.3,ERA5_REANALYSIS,REFERENCE_REANALYSIS
2024-07-20T12:00,34.1526,77.5771,Leh,26.1,0.0,9.2,ERA5_REANALYSIS,REFERENCE_REANALYSIS
2024-07-20T13:00,34.1526,77.5771,Leh,24.6,0.0,7.6,ERA5_REANALYSIS,REFERENCE_REANALYSIS
2024-07-20T14:00,34.1526,77.5771,Leh,23.0,0.0,4.8,ERA5_REANALYSIS,REFERENCE_REANALYSIS
2024-07-20T15:00,34.1526,77.5771,Leh,22.2,0.0,2.3,ERA5_REANALYSIS,REFERENCE_REANALYSIS
2024-07-20T16:00,34.1526,77.5771,Leh,22.1,0.0,2.9,ERA5_REANALYSIS,REFERENCE_REANALYSIS
2024-07-20T17:00,34.1526,77.5771,Leh,20.1,0.0,4.8,ERA5_REANALYSIS,REFERENCE_REANALYSIS
2024-07-20T18:00,34.1526,77.5771,Leh,20.0,0.0,4.3,ERA5_REANALYSIS,REFERENCE_REANALYSIS
2024-07-20T19:00,34.1526,77.5771,Leh,17.9,0.0,5.9,ERA5_REANALYSIS,REFERENCE_REANALYSIS
2024-07-20T20:00,34.1526,77.5771,Leh,16.8,0.0,6.8,ERA5_REANALYSIS,REFERENCE_REANALYSIS
2024-07-20T21:00,34.1526,77.5771,Leh,16.8,0.0,6.0,ERA5_REANALYSIS,REFERENCE_REANALYSIS
2024-07-20T22:00,34.1526,77.5771,Leh,16.2,0.0,5.8,ERA5_REANALYSIS,REFERENCE_REANALYSIS
2024-07-20T23:00,34.1526,77.5771,Leh,17.7,0.0,4.3,ERA5_REANALYSIS,REFERENCE_REANALYSIS
2024-07-21T00:00,34.1526,77.5771,Leh,17.0,0.0,3.9,ERA5_REANALYSIS,REFERENCE_REANALYSIS
2024-07-21T01:00,34.1526,77.5771,Leh,15.9,0.0,3.3,ERA5_REANALYSIS,REFERENCE_REANALYSIS
2024-07-21T02:00,34.1526,77.5771,Leh,17.0,0.0,1.3,ERA5_REANALYSIS,REFERENCE_REANALYSIS
2024-07-21T03:00,34.1526,77.5771,Leh,18.4,0.0,3.1,ERA5_REANALYSIS,REFERENCE_REANALYSIS
2024-07-21T04:00,34.1526,77.5771,Leh,19.8,0.0,3.8,ERA5_REANALYSIS,REFERENCE_REANALYSIS
2024-07-21T05:00,34.1526,77.5771,Leh,21.3,0.0,3.8,ERA5_REANALYSIS,REFERENCE_REANALYSIS
2024-07-21T06:00,34.1526,77.5771,Leh,22.6,0.0,4.1,ERA5_REANALYSIS,REFERENCE_REANALYSIS
2024-07-21T07:00,34.1526,77.5771,Leh,23.8,0.0,2.8,ERA5_REANALYSIS,REFERENCE_REANALYSIS
2024-07-21T08:00,34.1526,77.5771,Leh,25.2,0.0,2.6,ERA5_REANALYSIS,REFERENCE_REANALYSIS
2024-07-21T09:00,34.1526,77.5771,Leh,26.2,0.0,4.4,ERA5_REANALYSIS,REFERENCE_REANALYSIS
2024-07-21T10:00,34.1526,77.5771,Leh,26.4,0.0,6.6,ERA5_REANALYSIS,REFERENCE_REANALYSIS
2024-07-21T11:00,34.1526,77.5771,Leh,26.0,0.0,11.0,ERA5_REANALYSIS,REFERENCE_REANALYSIS
2024-07-21T12:00,34.1526,77.5771,Leh,25.3,0.0,12.4,ERA5_REANALYSIS,REFERENCE_REANALYSIS
2024-07-21T13:00,34.1526,77.5771,Leh,24.0,0.0,7.7,ERA5_REANALYSIS,REFERENCE_REANALYSIS
2024-07-21T14:00,34.1526,77.5771,Leh,23.3,0.0,2.7,ERA5_REANALYSIS,REFERENCE_REANALYSIS
2024-07-21T15:00,34.1526,77.5771,Leh,22.2,0.0,4.0,ERA5_REANALYSIS,REFERENCE_REANALYSIS
2024-07-21T16:00,34.1526,77.5771,Leh,20.8,0.0,2.9,ERA5_REANALYSIS,REFERENCE_REANALYSIS
2024-07-21T17:00,34.1526,77.5771,Leh,19.7,0.0,3.3,ERA5_REANALYSIS,REFERENCE_REANALYSIS
2024-07-21T18:00,34.1526,77.5771,Leh,17.9,0.0,5.3,ERA5_REANALYSIS,REFERENCE_REANALYSIS
2024-07-21T19:00,34.1526,77.5771,Leh,17.7,0.0,4.8,ERA5_REANALYSIS,REFERENCE_REANALYSIS
2024-07-21T20:00,34.1526,77.5771,Leh,17.9,0.0,4.7,ERA5_REANALYSIS,REFERENCE_REANALYSIS
2024-07-21T21:00,34.1526,77.5771,Leh,18.4,0.0,3.7,ERA5_REANALYSIS,REFERENCE_REANALYSIS
2024-07-21T22:00,34.1526,77.5771,Leh,17.8,0.0,4.2,ERA5_REANALYSIS,REFERENCE_REANALYSIS
2024-07-21T23:00,34.1526,77.5771,Leh,17.1,0.0,4.1,ERA5_REANALYSIS,REFERENCE_REANALYSIS
2024-07-22T00:00,34.1526,77.5771,Leh,16.4,0.0,3.3,ERA5_REANALYSIS,REFERENCE_REANALYSIS
2024-07-22T01:00,34.1526,77.5771,Leh,16.0,0.0,2.7,ERA5_REANALYSIS,REFERENCE_REANALYSIS
2024-07-22T02:00,34.1526,77.5771,Leh,16.9,0.0,1.8,ERA5_REANALYSIS,REFERENCE_REANALYSIS
2024-07-22T03:00,34.1526,77.5771,Leh,18.3,0.0,3.5,ERA5_REANALYSIS,REFERENCE_REANALYSIS
2024-07-22T04:00,34.1526,77.5771,Leh,19.6,0.0,5.1,ERA5_REANALYSIS,REFERENCE_REANALYSIS
2024-07-22T05:00,34.1526,77.5771,Leh,21.0,0.0,5.4,ERA5_REANALYSIS,REFERENCE_REANALYSIS
2024-07-22T06:00,34.1526,77.5771,Leh,22.2,0.0,3.3,ERA5_REANALYSIS,REFERENCE_REANALYSIS
2024-07-22T07:00,34.1526,77.5771,Leh,23.6,0.0,4.0,ERA5_REANALYSIS,REFERENCE_REANALYSIS
2024-07-22T08:00,34.1526,77.5771,Leh,24.6,0.0,6.9,ERA5_REANALYSIS,REFERENCE_REANALYSIS
2024-07-22T09:00,34.1526,77.5771,Leh,25.4,0.0,7.8,ERA5_REANALYSIS,REFERENCE_REANALYSIS
2024-07-22T10:00,34.1526,77.5771,Leh,26.0,0.0,7.4,ERA5_REANALYSIS,REFERENCE_REANALYSIS
2024-07-22T11:00,34.1526,77.5771,Leh,26.1,0.0,8.2,ERA5_REANALYSIS,REFERENCE_REANALYSIS
2024-07-22T12:00,34.1526,77.5771,Leh,26.0,0.0,12.3,ERA5_REANALYSIS,REFERENCE_REANALYSIS
2024-07-22T13:00,34.1526,77.5771,Leh,25.2,0.0,9.2,ERA5_REANALYSIS,REFERENCE_REANALYSIS
2024-07-22T14:00,34.1526,77.5771,Leh,23.4,0.0,6.2,ERA5_REANALYSIS,REFERENCE_REANALYSIS
2024-07-22T15:00,34.1526,77.5771,Leh,22.1,0.0,5.9,ERA5_REANALYSIS,REFERENCE_REANALYSIS
2024-07-22T16:00,34.1526,77.5771,Leh,21.2,0.0,3.7,ERA5_REANALYSIS,REFERENCE_REANALYSIS
2024-07-22T17:00,34.1526,77.5771,Leh,20.2,0.0,4.5,ERA5_REANALYSIS,REFERENCE_REANALYSIS
2024-07-22T18:00,34.1526,77.5771,Leh,19.0,0.0,5.1,ERA5_REANALYSIS,REFERENCE_REANALYSIS
2024-07-22T19:00,34.1526,77.5771,Leh,19.8,0.0,3.9,ERA5_REANALYSIS,REFERENCE_REANALYSIS
2024-07-22T20:00,34.1526,77.5771,Leh,18.3,0.0,4.2,ERA5_REANALYSIS,REFERENCE_REANALYSIS
2024-07-22T21:00,34.1526,77.5771,Leh,17.3,0.0,4.7,ERA5_REANALYSIS,REFERENCE_REANALYSIS
2024-07-22T22:00,34.1526,77.5771,Leh,16.7,0.0,4.3,ERA5_REANALYSIS,REFERENCE_REANALYSIS
2024-07-22T23:00,34.1526,77.5771,Leh,17.0,0.0,2.9,ERA5_REANALYSIS,REFERENCE_REANALYSIS
2024-07-23T00:00,34.1526,77.5771,Leh,16.5,0.0,2.5,ERA5_REANALYSIS,REFERENCE_REANALYSIS
2024-07-23T01:00,34.1526,77.5771,Leh,16.4,0.0,1.8,ERA5_REANALYSIS,REFERENCE_REANALYSIS
2024-07-23T02:00,34.1526,77.5771,Leh,17.5,0.0,3.8,ERA5_REANALYSIS,REFERENCE_REANALYSIS
2024-07-23T03:00,34.1526,77.5771,Leh,18.6,0.0,4.2,ERA5_REANALYSIS,REFERENCE_REANALYSIS
2024-07-23T04:00,34.1526,77.5771,Leh,20.1,0.0,4.2,ERA5_REANALYSIS,REFERENCE_REANALYSIS
2024-07-23T05:00,34.1526,77.5771,Leh,21.6,0.0,3.9,ERA5_REANALYSIS,REFERENCE_REANALYSIS
2024-07-23T06:00,34.1526,77.5771,Leh,23.2,0.0,4.8,ERA5_REANALYSIS,REFERENCE_REANALYSIS
2024-07-23T07:00,34.1526,77.5771,Leh,24.3,0.0,3.4,ERA5_REANALYSIS,REFERENCE_REANALYSIS
2024-07-23T08:00,34.1526,77.5771,Leh,25.5,0.0,6.1,ERA5_REANALYSIS,REFERENCE_REANALYSIS
2024-07-23T09:00,34.1526,77.5771,Leh,25.4,0.0,7.3,ERA5_REANALYSIS,REFERENCE_REANALYSIS
2024-07-23T10:00,34.1526,77.5771,Leh,25.4,0.0,5.0,ERA5_REANALYSIS,REFERENCE_REANALYSIS
2024-07-23T11:00,34.1526,77.5771,Leh,25.4,0.0,4.2,ERA5_REANALYSIS,REFERENCE_REANALYSIS
2024-07-23T12:00,34.1526,77.5771,Leh,25.5,0.0,9.0,ERA5_REANALYSIS,REFERENCE_REANALYSIS
2024-07-23T13:00,34.1526,77.5771,Leh,22.1,0.0,8.9,ERA5_REANALYSIS,REFERENCE_REANALYSIS
2024-07-23T14:00,34.1526,77.5771,Leh,21.4,0.0,5.4,ERA5_REANALYSIS,REFERENCE_REANALYSIS
2024-07-23T15:00,34.1526,77.5771,Leh,21.1,0.0,3.6,ERA5_REANALYSIS,REFERENCE_REANALYSIS
2024-07-23T16:00,34.1526,77.5771,Leh,20.0,0.0,4.0,ERA5_REANALYSIS,REFERENCE_REANALYSIS
2024-07-23T17:00,34.1526,77.5771,Leh,20.7,0.0,2.1,ERA5_REANALYSIS,REFERENCE_REANALYSIS
2024-07-23T18:00,34.1526,77.5771,Leh,19.5,0.0,4.0,ERA5_REANALYSIS,REFERENCE_REANALYSIS
2024-07-23T19:00,34.1526,77.5771,Leh,19.9,0.0,3.1,ERA5_REANALYSIS,REFERENCE_REANALYSIS
2024-07-23T20:00,34.1526,77.5771,Leh,19.4,0.0,3.0,ERA5_REANALYSIS,REFERENCE_REANALYSIS
2024-07-23T21:00,34.1526,77.5771,Leh,18.8,0.0,1.4,ERA5_REANALYSIS,REFERENCE_REANALYSIS
2024-07-23T22:00,34.1526,77.5771,Leh,18.3,0.0,1.6,ERA5_REANALYSIS,REFERENCE_REANALYSIS
2024-07-23T23:00,34.1526,77.5771,Leh,17.8,0.0,1.8,ERA5_REANALYSIS,REFERENCE_REANALYSIS
2024-07-24T00:00,34.1526,77.5771,Leh,17.3,0.0,1.1,ERA5_REANALYSIS,REFERENCE_REANALYSIS
2024-07-24T01:00,34.1526,77.5771,Leh,16.5,0.0,3.1,ERA5_REANALYSIS,REFERENCE_REANALYSIS
2024-07-24T02:00,34.1526,77.5771,Leh,17.7,0.0,2.9,ERA5_REANALYSIS,REFERENCE_REANALYSIS
2024-07-24T03:00,34.1526,77.5771,Leh,19.1,0.0,3.1,ERA5_REANALYSIS,REFERENCE_REANALYSIS
2024-07-24T04:00,34.1526,77.5771,Leh,20.4,0.0,3.3,ERA5_REANALYSIS,REFERENCE_REANALYSIS
2024-07-24T05:00,34.1526,77.5771,Leh,21.6,0.0,4.4,ERA5_REANALYSIS,REFERENCE_REANALYSIS
2024-07-24T06:00,34.1526,77.5771,Leh,22.5,0.0,4.3,ERA5_REANALYSIS,REFERENCE_REANALYSIS
2024-07-24T07:00,34.1526,77.5771,Leh,23.2,0.0,5.4,ERA5_REANALYSIS,REFERENCE_REANALYSIS
2024-07-24T08:00,34.1526,77.5771,Leh,23.6,0.0,4.8,ERA5_REANALYSIS,REFERENCE_REANALYSIS
2024-07-24T09:00,34.1526,77.5771,Leh,24.5,0.0,2.4,ERA5_REANALYSIS,REFERENCE_REANALYSIS
2024-07-24T10:00,34.1526,77.5771,Leh,25.6,0.0,2.2,ERA5_REANALYSIS,REFERENCE_REANALYSIS
2024-07-24T11:00,34.1526,77.5771,Leh,26.2,0.0,9.8,ERA5_REANALYSIS,REFERENCE_REANALYSIS
2024-07-24T12:00,34.1526,77.5771,Leh,24.7,0.0,12.5,ERA5_REANALYSIS,REFERENCE_REANALYSIS
2024-07-24T13:00,34.1526,77.5771,Leh,23.5,0.0,10.5,ERA5_REANALYSIS,REFERENCE_REANALYSIS
2024-07-24T14:00,34.1526,77.5771,Leh,22.4,0.0,8.6,ERA5_REANALYSIS,REFERENCE_REANALYSIS
2024-07-24T15:00,34.1526,77.5771,Leh,21.8,0.0,5.6,ERA5_REANALYSIS,REFERENCE_REANALYSIS
2024-07-24T16:00,34.1526,77.5771,Leh,20.8,0.0,3.5,ERA5_REANALYSIS,REFERENCE_REANALYSIS
2024-07-24T17:00,34.1526,77.5771,Leh,20.2,0.0,4.0,ERA5_REANALYSIS,REFERENCE_REANALYSIS
2024-07-24T18:00,34.1526,77.5771,Leh,20.1,0.0,4.1,ERA5_REANALYSIS,REFERENCE_REANALYSIS
2024-07-24T19:00,34.1526,77.5771,Leh,19.4,0.0,4.3,ERA5_REANALYSIS,REFERENCE_REANALYSIS
2024-07-24T20:00,34.1526,77.5771,Leh,18.1,0.0,4.8,ERA5_REANALYSIS,REFERENCE_REANALYSIS
2024-07-24T21:00,34.1526,77.5771,Leh,17.6,0.0,4.8,ERA5_REANALYSIS,REFERENCE_REANALYSIS
2024-07-24T22:00,34.1526,77.5771,Leh,18.4,0.0,4.0,ERA5_REANALYSIS,REFERENCE_REANALYSIS
2024-07-24T23:00,34.1526,77.5771,Leh,17.7,0.0,2.9,ERA5_REANALYSIS,REFERENCE_REANALYSIS
2024-07-25T00:00,34.1526,77.5771,Leh,17.1,0.0,1.5,ERA5_REANALYSIS,REFERENCE_REANALYSIS
2024-07-25T01:00,34.1526,77.5771,Leh,16.2,0.0,3.1,ERA5_REANALYSIS,REFERENCE_REANALYSIS
2024-07-25T02:00,34.1526,77.5771,Leh,17.3,0.0,1.1,ERA5_REANALYSIS,REFERENCE_REANALYSIS
2024-07-25T03:00,34.1526,77.5771,Leh,18.6,0.0,3.5,ERA5_REANALYSIS,REFERENCE_REANALYSIS
2024-07-25T04:00,34.1526,77.5771,Leh,19.9,0.0,4.0,ERA5_REANALYSIS,REFERENCE_REANALYSIS
2024-07-25T05:00,34.1526,77.5771,Leh,21.6,0.0,4.3,ERA5_REANALYSIS,REFERENCE_REANALYSIS
2024-07-25T06:00,34.1526,77.5771,Leh,22.8,0.0,3.7,ERA5_REANALYSIS,REFERENCE_REANALYSIS
2024-07-25T07:00,34.1526,77.5771,Leh,23.8,0.0,1.3,ERA5_REANALYSIS,REFERENCE_REANALYSIS
2024-07-25T08:00,34.1526,77.5771,Leh,24.9,0.0,1.5,ERA5_REANALYSIS,REFERENCE_REANALYSIS
2024-07-25T09:00,34.1526,77.5771,Leh,26.4,0.0,1.3,ERA5_REANALYSIS,REFERENCE_REANALYSIS
2024-07-25T10:00,34.1526,77.5771,Leh,26.1,0.0,5.5,ERA5_REANALYSIS,REFERENCE_REANALYSIS
2024-07-25T11:00,34.1526,77.5771,Leh,26.1,0.0,11.6,ERA5_REANALYSIS,REFERENCE_REANALYSIS
2024-07-25T12:00,34.1526,77.5771,Leh,26.4,0.0,12.0,ERA5_REANALYSIS,REFERENCE_REANALYSIS
2024-07-25T13:00,34.1526,77.5771,Leh,24.9,0.0,9.4,ERA5_REANALYSIS,REFERENCE_REANALYSIS
2024-07-25T14:00,34.1526,77.5771,Leh,23.7,0.0,9.0,ERA5_REANALYSIS,REFERENCE_REANALYSIS
2024-07-25T15:00,34.1526,77.5771,Leh,22.5,0.0,10.6,ERA5_REANALYSIS,REFERENCE_REANALYSIS
2024-07-25T16:00,34.1526,77.5771,Leh,21.1,0.0,10.2,ERA5_REANALYSIS,REFERENCE_REANALYSIS
2024-07-25T17:00,34.1526,77.5771,Leh,20.1,0.0,8.4,ERA5_REANALYSIS,REFERENCE_REANALYSIS
2024-07-25T18:00,34.1526,77.5771,Leh,18.8,0.0,6.8,ERA5_REANALYSIS,REFERENCE_REANALYSIS
2024-07-25T19:00,34.1526,77.5771,Leh,18.1,0.0,4.6,ERA5_REANALYSIS,REFERENCE_REANALYSIS
2024-07-25T20:00,34.1526,77.5771,Leh,19.1,0.0,1.3,ERA5_REANALYSIS,REFERENCE_REANALYSIS
2024-07-25T21:00,34.1526,77.5771,Leh,18.4,0.0,1.9,ERA5_REANALYSIS,REFERENCE_REANALYSIS
2024-07-25T22:00,34.1526,77.5771,Leh,17.8,0.0,1.8,ERA5_REANALYSIS,REFERENCE_REANALYSIS
2024-07-25T23:00,34.1526,77.5771,Leh,17.1,0.0,1.3,ERA5_REANALYSIS,REFERENCE_REANALYSIS
