tree
version=v4
num_class=1
num_tree_per_iteration=1
label_index=0
max_feature_idx=4
objective=regression
feature_names=lead_time humidity temperature pressure precip_spread
feature_infos=[12:120] [30.0007562590988:94.928453658001189] [15.008977665253214:41.993014350968501] [995.11361956149142:1017.9934174955861] [0.058070093786278698:25.094207778483494]
tree_sizes=1365 1443 1442 1446 1450 1454 1450 1443 1452 1451 1453 1445 1446 1447 1466 1450 1448 1449 1468 1462 1466 1471 1466 1469 1473 1458 1465 1458 1461 1467 1474 1479 1465 1474 1459 1473 1473 1473 1469 1470 1462 1471 1474 1472 1468 1460 1465 1463 1469 1470 1486 1466 1478 1468 1471 1471 1463 1467 1475 1465 1477 1463 1477 1477 1488 1467 1480 1469 1483 1478 1473 1476 1475 1488 1475 1473 1482 1473 1490 1479 1482 1467 1476 1481 1475 1491 1485 1484 1474 1471 1475 1467 1482 1494 1480 1488 1479 1486 1489 1488

Tree=0
num_leaves=15
num_cat=0
split_feature=4 4 2 4 3 0 2 2 4 3 3 4 0 0
split_gain=2.50979 0.6227 0.124881 0.0717737 0.0685089 0.0893517 0.0723825 0.0532136 0.0496147 0.083752 0.0527518 0.0199939 0.0163703 0.0137445
threshold=7.2712576105691307 2.6243740278785257 31.565542913834573 1.7368564113272928 1007.3651711306603 108.00000000000001 34.140324858211635 35.294241309358988 3.1809172837113908 997.89566484642467 1003.4176220463809 0.72023647047576345 108.00000000000001 60.000000000000007
decision_type=2 2 2 2 2 2 2 2 2 2 2 2 2 2
left_child=1 3 -2 11 8 6 -6 12 -3 -10 -11 -1 -5 -13
right_child=2 4 -4 7 5 -7 -8 -9 9 10 -12 13 -14 -15
leaf_value=0.26498519241299245 0.28071880761161982 0.26914723206706653 0.27525976087691056 0.26622844707733168 0.27225183121511703 0.26664417176835409 0.26858814862208752 0.2641431560546964 0.26942231168763503 0.26426787339254387 0.26758298275916281 0.26407013169989074 0.26778686676097085 0.26476727158522534
leaf_weight=276 22 29 20 72 28 21 26 29 20 30 20 155 22 130
leaf_count=276 22 29 20 72 28 21 26 29 20 30 20 155 22 130
internal_value=0.266185 0.265601 0.278119 0.264922 0.268272 0.269412 0.270488 0.266016 0.267408 0.266688 0.265594 0.264682 0.266593 0.264388
internal_weight=900 858 42 684 174 75 54 123 99 70 50 561 94 285
internal_count=900 858 42 684 174 75 54 123 99 70 50 561 94 285
is_linear=0
shrinkage=1


Tree=1
num_leaves=15
num_cat=0
split_feature=4 4 2 4 3 1 3 0 2 4 2 4 0 1
split_gain=2.26508 0.561987 0.112705 0.0647758 0.0620808 0.0712945 0.0667367 0.0570478 0.0480253 0.0373272 0.0411076 0.0180445 0.0147742 0.0132642
threshold=7.2712576105691307 2.6243740278785257 31.565542913834573 1.7368564113272928 1005.8901391606374 84.373190487042265 1013.794622060671 84.000000000000014 35.294241309358988 3.1809172837113908 29.295444266124161 0.72023647047576345 108.00000000000001 86.589399962208674
decision_type=2 2 2 2 2 2 2 2 2 2 2 2 2 2
left_child=1 3 -2 11 5 9 7 -6 12 -3 -11 -1 -5 -13
right_child=2 4 -4 8 6 -7 -8 -9 -10 10 -12 13 -14 -15
leaf_value=-0.0011400611719907014 0.013806873566301709 0.0034764811720537103 0.0086207786900922654 4.1030695062242257e-05 0.005707723419182003 -0.0014347084554504942 0.0010323344917607404 0.0025412460388686284 -0.0019399957410220444 -0.00065429553389549254 0.0025514659937471151 -0.0018220818106556181 0.0015215294059916316 -0.00069380753416696506
leaf_weight=276 22 23 20 72 25 22 31 33 29 20 20 256 22 29
leaf_count=276 22 23 20 72 25 22 31 33 29 20 20 256 22 29
internal_value=-9.55535e-12 -0.000554973 0.0113373 -0.00120038 0.00198216 0.00101575 0.00290513 0.00390611 -0.000161236 0.00187147 0.000948585 -0.00142822 0.00038753 -0.00170727
internal_weight=900 858 42 684 174 85 89 58 123 63 40 561 94 285
internal_count=900 858 42 684 174 85 89 58 123 63 40 561 94 285
is_linear=0
shrinkage=0.05


Tree=2
num_leaves=15
num_cat=0
split_feature=4 4 2 0 3 1 2 2 4 2 4 4 0 0
split_gain=2.04424 0.507906 0.101717 0.062054 0.0776567 0.0984885 0.0999241 0.0722173 0.0606555 0.043556 0.0360968 0.0162852 0.0132743 0.0125913
threshold=7.2712576105691307 2.6581558417146889 31.565542913834573 108.00000000000001 1007.7755056907043 84.373190487042265 27.019122394584688 34.140324858211635 1.7368564113272928 35.294241309358988 3.6449121478447197 0.72023647047576345 108.00000000000001 60.000000000000007
decision_type=2 2 2 2 2 2 2 2 2 2 2 2 2 2
left_child=1 8 -2 4 5 6 -3 -6 11 12 -5 -1 -10 -13
right_child=2 3 -4 10 7 -7 -8 -9 9 -11 -12 13 -14 -15
leaf_value=-0.0010830580960116451 0.013116529723629356 0.00022963822259390284 0.0081897399574518207 0.0022223786765243857 0.005865542621065218 -0.0015083924075588585 0.0050000719240178232 0.0021388891394823217 4.8700883368534657e-05 -0.0018429959233015264 -0.00044041057715990713 -0.0019262718905731398 0.0014454529472542081 -0.001259019579131116
leaf_weight=276 22 21 20 20 26 20 23 26 75 29 35 155 22 130
leaf_count=276 22 21 20 20 26 20 23 26 75 29 35 155 22 130
internal_value=1.93779e-11 -0.000527224 0.0107704 0.00191114 0.002567 0.00140088 0.00272327 0.00400222 -0.00113415 -0.000142812 0.000527876 -0.00135681 0.00036549 -0.00162191
internal_weight=900 858 42 171 116 64 44 52 687 126 55 561 97 285
internal_count=900 858 42 171 116 64 44 52 687 126 55 561 97 285
is_linear=0
shrinkage=0.05


Tree=3
num_leaves=15
num_cat=0
split_feature=4 4 2 0 3 1 2 2 4 2 4 4 0 3
split_gain=1.84492 0.458385 0.0917991 0.0560037 0.0700851 0.0888859 0.0901815 0.0651761 0.0547416 0.0393093 0.0325774 0.0147092 0.01198 0.0123599
threshold=7.2712576105691307 2.6581558417146889 31.565542913834573 108.00000000000001 1007.7755056907043 84.373190487042265 27.019122394584688 34.140324858211635 1.7368564113272928 35.294241309358988 3.6449121478447197 0.44510223051978798 108.00000000000001 1010.0174478962069
decision_type=2 2 2 2 2 2 2 2 2 2 2 2 2 2
left_child=1 8 -2 4 5 6 -3 -6 11 12 -5 -1 13 -10
right_child=2 3 -4 10 7 -7 -8 -9 9 -11 -12 -13 -14 -15
leaf_value=-0.00080833429432635568 0.012460702970962634 0.00021815625673514747 0.0077802530839107932 0.0021112596977036447 0.0055722654367295595 -0.0014329728437587619 0.0047500683723584467 0.0020319445331831681 -0.00039405341997146885 -0.0017508461778373296 -0.00041839008751724452 -0.0014253474704836199 0.0013731803491034292 0.00098194413973639412
leaf_weight=124 22 21 20 20 26 20 23 26 51 29 35 437 22 24
leaf_count=124 22 21 20 20 26 20 23 26 51 29 35 437 22 24
internal_value=-1.04568e-11 -0.000500863 0.0102319 0.00181558 0.00243865 0.00133083 0.00258711 0.0038021 -0.00107745 -0.000135672 0.000501483 -0.00128897 0.000347215 4.62658e-05
internal_weight=900 858 42 171 116 64 44 52 687 126 55 561 97 75
internal_count=900 858 42 171 116 64 44 52 687 126 55 561 97 75
is_linear=0
shrinkage=0.05


Tree=4
num_leaves=15
num_cat=0
split_feature=4 4 2 0 3 1 4 2 3 2 4 4 1 0
split_gain=1.66504 0.413692 0.0828487 0.0505433 0.0638815 0.0873296 0.0494043 0.0422122 0.0405785 0.0354767 0.0294011 0.0139122 0.0121498 0.0125768
threshold=7.2712576105691307 2.6581558417146889 31.565542913834573 108.00000000000001 1006.5530185809639 84.063176175480322 1.7368564113272928 28.155333075422664 1013.794622060671 35.294241309358988 3.6449121478447197 0.72023647047576345 86.589399962208674 18.000000000000004
decision_type=2 2 2 2 2 2 2 2 2 2 2 2 2 2
left_child=1 6 -2 4 5 7 11 -3 -6 -8 -5 -1 13 -13
right_child=2 3 -4 10 8 -7 9 -9 -10 -11 -12 12 -14 -15
leaf_value=-0.00097149827619287489 0.011837668445977299 0.00090771347109694042 0.0073912404017755758 0.0020056967716664078 0.0045344497044829445 -0.0015145318652503193 0.00032985469579310204 0.0041562582598999144 0.0017254867125302553 -0.0016633038794429138 -0.00039747055220816822 -0.0023819591225374762 -0.00049958922279294147 -0.001426385321014899
leaf_weight=276 22 20 20 20 36 20 97 20 20 29 35 41 29 215
leaf_count=276 22 20 20 20 36 20 97 20 20 29 35 41 29 215
internal_value=1.57062e-11 -0.00047582 0.00972032 0.0017248 0.00231671 0.00118315 -0.00102357 0.00253199 0.00353125 -0.000128888 0.000476408 -0.00122452 -0.00146955 -0.00157943
internal_weight=900 858 42 171 116 60 687 40 56 126 55 561 285 256
internal_count=900 858 42 171 116 60 687 40 56 126 55 561 285 256
is_linear=0
shrinkage=0.05


Tree=5
num_leaves=15
num_cat=0
split_feature=4 4 2 0 3 1 2 2 4 2 4 4 0 1
split_gain=1.5027 0.373357 0.074771 0.0456154 0.0578197 0.0724589 0.0772804 0.0584442 0.0445874 0.0320177 0.0265345 0.0125558 0.0110589 0.0299682
threshold=7.2712576105691307 2.6581558417146889 31.565542913834573 108.00000000000001 1007.7755056907043 84.373190487042265 27.019122394584688 34.140324858211635 1.7368564113272928 35.294241309358988 3.6449121478447197 0.72023647047576345 60.000000000000007 70.080597776617822
decision_type=2 2 2 2 2 2 2 2 2 2 2 2 2 2
left_child=1 8 -2 4 5 6 -3 -6 11 -10 -5 -1 13 -13
right_child=2 3 -4 10 7 -7 -8 -9 9 -11 -12 12 -14 -15
leaf_value=-0.00092292338026511613 0.011245784485204654 0.00013595750566483254 0.007021678323508241 0.0019054118613712489 0.0051155463714027205 -0.0013007199647836389 0.0043312039509739572 0.0017630452540918038 0.00031336195027028435 -0.0015801386557948969 -0.00037759703151615603 -0.0021824657026502559 -0.0010559771403159874 -0.00071682370205550954
leaf_weight=276 22 21 20 20 26 20 23 26 97 29 35 102 130 53
leaf_count=276 22 21 20 20 26 20 23 26 97 29 35 102 130 53
internal_value=-3.54198e-12 -0.000452029 0.00923431 0.00163856 0.00220088 0.00119466 0.00232893 0.0034393 -0.000972394 -0.000122444 0.000452588 -0.00116329 -0.00139607 -0.00168131
internal_weight=900 858 42 171 116 64 44 52 687 126 55 561 285 155
internal_count=900 858 42 171 116 64 44 52 687 126 55 561 285 155
is_linear=0
shrinkage=0.05


Tree=6
num_leaves=15
num_cat=0
split_feature=4 4 0 0 3 1 4 4 2 1 4 3 0 1
split_gain=1.36021 0.273863 0.171841 0.0484308 0.0775688 0.0522665 0.0387557 0.038018 0.0287397 0.0278732 0.0118793 0.011361 0.010876 0.0090796
threshold=6.0326414433736666 2.6243740278785257 60.000000000000007 108.00000000000001 1006.5530185809639 84.063176175480322 1.7368564113272928 3.6449121478447197 35.294241309358988 82.702899126386868 0.44510223051978798 1017.2355526913584 108.00000000000001 86.589399962208674
decision_type=2 2 2 2 2 2 2 2 2 2 2 2 2 2
left_child=1 6 -2 4 5 -3 10 -5 12 -6 -1 13 -8 -12
right_child=2 3 -4 7 9 -7 8 -9 -10 -11 11 -13 -14 -15
leaf_value=-0.00067319649349355465 0.0042920429291288279 0.0017846623929595022 0.010032469048746863 0.001810141282621771 0.0023998824806767518 -0.0013878491590730846 2.1082519500244718e-06 -0.00096878126569208698 -0.0015011317813206978 0.0047442014063043261 -0.0013541433979532072 -6.3587553449906414e-05 0.001272360440766947 -0.00051273703458718954
leaf_weight=124 22 37 32 20 32 20 72 32 29 21 382 20 22 35
leaf_count=124 22 37 32 20 32 20 72 32 29 21 382 20 22 35
internal_value=-1.65431e-11 -0.000491092 0.00769378 0.00135742 0.00195182 0.0006715 -0.000928897 0.000100035 -0.000125115 0.00332876 -0.00110513 -0.00122769 0.000299401 -0.00128352
internal_weight=900 846 54 162 110 57 684 52 123 53 561 437 94 417
internal_count=900 846 54 162 110 57 684 52 123 53 561 437 94 417
is_linear=0
shrinkage=0.05


Tree=7
num_leaves=15
num_cat=0
split_feature=4 4 3 0 3 1 3 4 2 2 4 4 3 2
split_gain=1.24367 0.300589 0.0685855 0.0369038 0.0474331 0.0641467 0.0365131 0.0360845 0.0343936 0.0259595 0.0219631 0.0107344 0.010548 0.0256688
threshold=7.2712576105691307 2.6581558417146889 1008.2151726121164 108.00000000000001 1006.5530185809639 84.063176175480322 1013.794622060671 1.7368564113272928 28.155333075422664 35.294241309358988 3.6449121478447197 0.72023647047576345 1011.9128159501423 20.36536658438396
decision_type=2 2 2 2 2 2 2 2 2 2 2 2 2 2
left_child=1 7 -2 4 5 8 -6 11 -3 12 -5 -1 13 -9
right_child=2 3 -4 10 6 -7 -8 9 -10 -11 -12 -13 -14 -15
leaf_value=-0.00082761918725025136 0.0064743272558023986 0.00068346201442182064 0.0105199405644089 0.0017196342488750814 0.0039685577503405511 -0.0013184566725976765 0.0013040178257506341 0.0014428999117669828 0.0036157641248428262 -0.0014260751588655444 -0.00035742630284013496 -0.0012651051043123295 0.0011637430372647942 -0.0006341378462464348
leaf_weight=276 22 20 20 20 36 20 20 21 20 29 35 285 25 51
leaf_count=276 22 20 20 20 36 20 20 21 20 29 35 285 25 51
internal_value=1.56195e-11 -0.000411228 0.00840081 0.0014646 0.00197038 0.00099359 0.00301694 -0.000878138 0.00214961 -0.000113514 0.000397868 -0.00104987 0.000278901 -2.83352e-05
internal_weight=900 858 42 171 116 60 56 687 40 126 55 561 97 72
internal_count=900 858 42 171 116 60 56 687 40 126 55 561 97 72
is_linear=0
shrinkage=0.05


Tree=8
num_leaves=15
num_cat=0
split_feature=4 4 2 0 3 1 2 2 4 2 1 0 4 1
split_gain=1.12242 0.271281 0.0658952 0.0333057 0.0429327 0.0529776 0.067908 0.0515328 0.0325894 0.0202806 0.0198831 0.018033 0.0113 0.0111915
threshold=7.2712576105691307 2.6581558417146889 31.565542913834573 108.00000000000001 1007.7755056907043 84.373190487042265 27.019122394584688 34.140324858211635 1.6098963212172401 35.294241309358988 75.898618032126834 108.00000000000001 0.72023647047576345 56.912117906119683
decision_type=2 2 2 2 2 2 2 2 2 2 2 2 2 2
left_child=1 8 -2 4 5 6 -3 -6 12 11 -5 -10 -1 -14
right_child=2 3 -4 10 7 -7 -8 -9 9 -11 -12 -13 13 -15
leaf_value=-0.00078623824462435243 0.0098690904338251464 -8.1018908392815371e-05 0.0059036157582886516 0.0012781332897279284 0.0045130249274034908 -0.0011289163283072412 0.0038516140492309047 0.0013649839737739128 -0.00018645053476279297 -0.0012715465849396424 -0.00062604771810583772 0.0013391678523621523 -0.0015774483553815475 -0.00093078366476056671
leaf_weight=276 22 21 20 29 26 20 23 26 86 32 26 25 129 139
leaf_count=276 22 21 20 29 26 20 23 26 86 32 26 25 129 139
internal_value=-3.11007e-12 -0.000390667 0.00798077 0.00139137 0.00187186 0.0010048 0.00197468 0.002939 -0.000834231 -0.000162553 0.000377975 0.000157157 -0.00101079 -0.00124205
internal_weight=900 858 42 171 116 64 44 52 687 143 55 111 544 268
internal_count=900 858 42 171 116 64 44 52 687 143 55 111 544 268
is_linear=0
shrinkage=0.05


Tree=9
num_leaves=15
num_cat=0
split_feature=4 4 3 0 3 1 3 4 2 2 4 3 2 4
split_gain=1.01298 0.244831 0.0603694 0.0300584 0.0392981 0.052805 0.0331093 0.0296556 0.0272216 0.0214041 0.0194545 0.00968668 0.0291653 0.00965314
threshold=7.2712576105691307 2.6581558417146889 1008.2151726121164 108.00000000000001 1006.5530185809639 84.063176175480322 1013.794622060671 1.7368564113272928 28.155333075422664 35.294241309358988 3.6449121478447197 1008.162888501979 21.71650986828158 0.44510223051978798
decision_type=2 2 2 2 2 2 2 2 2 2 2 2 2 2
left_child=1 7 -2 4 5 8 -6 13 -3 11 -5 12 -9 -1
right_child=2 3 -4 10 6 -7 -8 9 -10 -11 -12 -13 -14 -15
leaf_value=-0.00055884378342588824 0.0057743177156556746 0.00063367675989866267 0.009569884445518255 0.0016030690399929882 0.0036370405943469252 -0.0012085393816232684 0.0010997368663083762 0.0013134070817613975 0.0032423952303361151 -0.0012911939923250086 -0.00035177675441705757 0.00089325523963575636 -0.00097417164544918034 -0.0010586873112005705
leaf_weight=124 22 20 20 20 36 20 20 22 20 29 35 37 38 437
leaf_count=124 22 20 20 20 36 20 20 22 20 29 35 37 38 437
internal_value=-9.81527e-12 -0.000371134 0.00758173 0.0013218 0.00177827 0.000889178 0.00273086 -0.000792519 0.00193804 -9.93472e-05 0.000359076 0.000256978 -0.000135393 -0.000948205
internal_weight=900 858 42 171 116 60 56 687 40 126 55 97 60 561
internal_count=900 858 42 171 116 60 56 687 40 126 55 97 60 561
is_linear=0
shrinkage=0.05


Tree=10
num_leaves=15
num_cat=0
split_feature=4 4 0 4 3 1 4 3 4 1 1 1 4 4
split_gain=0.917273 0.178714 0.162746 0.0362166 0.0546845 0.0291935 0.078714 0.0285142 0.0268031 0.0188984 0.0251355 0.0213592 0.0154597 0.00990704
threshold=6.0326414433736666 2.6581558417146889 60.000000000000007 4.2985407071778674 1008.5734912573588 74.504171167434791 3.2047521470020111 1006.1521047578008 1.6098963212172401 42.12760643004539 85.756847608786543 77.96850851562651 2.0699784224697102 0.83875252193974303
decision_type=2 2 2 2 2 2 2 2 2 2 2 2 2 2
left_child=1 8 -2 5 -5 6 -3 -7 13 -10 11 12 -11 -1
right_child=2 3 -4 4 -6 7 -8 -9 9 10 -12 -13 -14 -15
leaf_value=-0.0007425093135658157 0.0030076085653325375 0.0027926260903477669 0.0085940583958290517 -0.0010407787543167738 0.0022042889043223115 0.0012840910423547031 -0.001175093162804842 0.0036275139044004458 0.0012416741988133817 -0.00090147957956004476 0.0012385305057978258 -0.002004408060262601 0.00052332098447633061 -0.0011800357805012301
leaf_weight=332 22 25 32 37 20 25 25 27 21 45 20 24 33 212
leaf_count=332 22 25 32 37 20 25 25 27 21 45 20 24 33 212
internal_value=5.14329e-12 -0.000403283 0.0063181 0.0011073 9.78415e-05 0.00167141 0.000808766 0.00250087 -0.000752893 -0.000143755 -0.000382231 -0.000700027 -0.000298679 -0.000913016
internal_weight=900 846 54 159 57 102 50 52 687 143 122 102 78 544
internal_count=900 846 54 159 57 102 50 52 687 143 122 102 78 544
is_linear=0
shrinkage=0.05


Tree=11
num_leaves=15
num_cat=0
split_feature=4 4 2 0 3 1 2 1 4 2 1 3 2 0
split_gain=0.838832 0.196512 0.0580753 0.0261527 0.0327508 0.0468765 0.0378355 0.0316157 0.024279 0.0197718 0.0175222 0.00903617 0.0209639 0.0138597
threshold=7.2712576105691307 2.6581558417146889 31.565542913834573 108.00000000000001 1006.6974662244303 84.063176175480322 27.149834431299109 84.540281645988514 1.7368564113272928 35.294241309358988 75.898618032126834 1011.9128159501423 20.36536658438396 84.000000000000014
decision_type=2 2 2 2 2 2 2 2 2 2 2 2 2 2
left_child=1 8 -2 4 5 6 -3 -6 -1 11 -5 12 -10 -14
right_child=2 3 -4 10 7 -7 -8 -9 9 -11 -12 -13 13 -15
leaf_value=-0.00085611616447365624 0.0086720399854874064 0.0002186639979481697 0.0049492889782413842 0.0011260010854036002 0.0015833422799395131 -0.0011775366938672959 0.0032573595288253967 0.004075375102693215 0.0012996301487354298 -0.0012335513927170944 -0.00066155610391153746 0.0010733945081010461 -0.0013244709378341215 0.00033201914503360575
leaf_weight=561 22 20 20 29 35 20 21 20 21 29 26 25 28 23
leaf_count=561 22 20 20 29 35 20 21 20 21 29 26 25 28 23
internal_value=1.44792e-12 -0.000337728 0.0068993 0.00117898 0.00160475 0.000807002 0.00177507 0.00248954 -0.000715249 -8.80527e-05 0.000280974 0.000254416 -2.99516e-05 -0.000577426
internal_weight=900 858 42 171 116 61 41 55 687 126 55 97 72 51
internal_count=900 858 42 171 116 61 41 55 687 126 55 97 72 51
is_linear=0
shrinkage=0.05


Tree=12
num_leaves=15
num_cat=0
split_feature=4 4 2 4 3 3 3 1 2 4 1 1 1 4
split_gain=0.757045 0.177352 0.052413 0.0237527 0.0399579 0.0873932 0.0686795 0.0236258 0.0220216 0.0220016 0.0173693 0.023576 0.018769 0.0142066
threshold=7.2712576105691307 2.6581558417146889 31.565542913834573 3.2047521470020111 1005.8901391606374 997.89566484642467 1013.794622060671 75.669865828536828 27.019122394584688 1.6098963212172401 42.464954600107895 85.756847608786543 77.96850851562651 2.0699784224697102
decision_type=2 2 2 2 2 2 2 2 2 2 2 2 2 2
left_child=1 9 -2 7 5 -5 8 -3 -6 -1 -11 12 13 -12
right_child=2 3 -4 4 6 -7 -8 -9 -10 10 11 -13 -14 -15
leaf_value=-0.00082455935379313063 0.0082384379802864383 0.0030008671505908882 0.0047018242534250026 0.0024450818705372517 0.001663519396573644 -0.0016572451767068422 -0.00061597016022500142 0.00075082754017785202 0.0039271609990724496 0.0011310919177839939 -0.00089620175435705946 0.0011982596042798832 -0.001901235575011621 0.00048300879901613699
leaf_weight=544 22 28 20 20 22 37 23 20 21 23 43 20 24 33
leaf_count=544 22 28 20 20 22 37 23 20 21 23 43 20 24 33
internal_value=-1.06572e-11 -0.000320842 0.00655434 0.00112003 0.000751903 -0.000217832 0.0015894 0.00206335 0.00276902 -0.000679486 -0.0001276 -0.000368849 -0.00068227 -0.000297334
internal_weight=900 858 42 171 123 57 66 48 43 687 143 120 100 76
internal_count=900 858 42 171 123 57 66 48 43 687 143 120 100 76
is_linear=0
shrinkage=0.05


Tree=13
num_leaves=15
num_cat=0
split_feature=4 4 3 0 2 2 1 2 4 1 1 1 4 4
split_gain=0.683233 0.16006 0.0510525 0.0229856 0.0338247 0.113815 0.0573547 0.0251597 0.0198564 0.0156758 0.0212773 0.016939 0.0156504 0.0128215
threshold=7.2712576105691307 2.6581558417146889 1008.2151726121164 108.00000000000001 33.142229900598032 27.019122394584688 79.616428387538761 19.90402122100355 1.6098963212172401 42.464954600107895 85.756847608786543 77.96850851562651 3.6449121478447197 2.0699784224697102
decision_type=2 2 2 2 2 2 2 2 2 2 2 2 2 2
left_child=1 8 -2 4 5 7 -6 -3 -1 -10 11 13 -5 -11
right_child=2 3 -4 12 6 -7 -8 -9 9 10 -12 -13 -14 -15
leaf_value=-0.00078333138260331661 0.0045645175078375773 0.0018817830520371618 0.0080549315526150158 0.001337911984883249 0.0021348283086395402 0.0046954265864634958 -0.001518324192147702 -0.00046580367069691422 0.001074537375698919 -0.00085139168523858458 0.0011383465951075777 -0.0018061738383645814 -0.00041542508340041556 0.00045885837947328887
leaf_weight=544 22 21 20 20 22 27 21 25 23 43 20 24 35 33
leaf_count=544 22 21 20 20 22 27 21 25 23 43 20 24 35 33
internal_value=-6.37572e-12 -0.0003048 0.00622662 0.00106403 0.00146319 0.00211848 0.000350731 0.000605921 -0.000645512 -0.00012122 -0.000350406 -0.000648157 0.000222152 -0.000282467
internal_weight=900 858 42 171 116 73 43 46 687 143 120 100 55 76
internal_count=900 858 42 171 116 73 43 46 687 143 120 100 55 76
is_linear=0
shrinkage=0.05


Tree=14
num_leaves=15
num_cat=0
split_feature=4 0 4 4 3 1 4 4 0 1 1 4 4 1
split_gain=0.619366 0.154252 0.116221 0.0284425 0.0460714 0.0347875 0.0567367 0.0321466 0.0180409 0.0382314 0.0234471 0.0171513 0.0126606 0.0120333
threshold=6.0326414433736666 60.000000000000007 2.6243740278785257 4.2985407071778674 1008.5734912573588 74.504171167434791 3.2047521470020111 3.1273660914715804 60.000000000000007 87.129173487090313 81.001539404236837 1.6840454294577485 0.59145511066730849 70.080597776617822
decision_type=2 2 2 2 2 2 2 2 2 2 2 2 2 2
left_child=2 -2 8 5 -5 6 -4 -7 12 10 11 -10 -1 -14
right_child=1 -3 3 4 -6 7 -8 -9 9 -11 -12 -13 13 -15
leaf_value=-0.00050075912852871462 0.0019687754363985734 0.0074074859265238048 0.0020313798242972956 -0.0010714919831779962 0.0019070727727375928 0.00068065287079662092 -0.0012742324551800266 0.0032210615971548992 -0.0006198789848392087 0.0016357278147631365 -0.0021350793231977149 0.00028946985465104448 -0.0013547303992652753 -0.00059979973726973206
leaf_weight=161 22 32 27 37 20 20 25 33 179 23 20 73 145 83
leaf_count=161 22 32 27 37 20 20 25 33 179 23 20 73 145 83
internal_value=4.36022e-12 0.00519171 -0.000331386 0.000872813 -2.63815e-05 0.00136095 0.000442143 0.00226242 -0.000616591 -0.000321718 -0.000487238 -0.000356457 -0.00084021 -0.00107991
internal_weight=900 54 846 162 57 105 52 53 684 295 272 252 389 228
internal_count=900 54 846 162 57 105 52 53 684 295 272 252 389 228
is_linear=0
shrinkage=0.05


Tree=15
num_leaves=15
num_cat=0
split_feature=4 4 2 0 2 2 1 2 4 2 1 0 3 2
split_gain=0.566127 0.128631 0.0461606 0.0200104 0.0302561 0.101784 0.0530143 0.023453 0.0161988 0.0155228 0.0155061 0.0144586 0.0106248 0.0120949
threshold=7.2712576105691307 2.6581558417146889 31.565542913834573 108.00000000000001 33.142229900598032 27.019122394584688 79.616428387538761 19.90402122100355 1.6098963212172401 35.294241309358988 75.898618032126834 108.00000000000001 1011.9128159501423 21.71650986828158
decision_type=2 2 2 2 2 2 2 2 2 2 2 2 2 2
left_child=1 8 -2 4 5 7 -6 -3 -1 11 -5 12 13 -10
right_child=2 3 -4 10 6 -7 -8 -9 9 -11 -12 -13 -14 -15
leaf_value=-0.0007073672763183936 0.0072483972265300432 0.0017432900932839231 0.0039294216874986888 0.00095907367569201716 0.0019852039033801043 0.0043787829301975391 -0.0015269994757892121 -0.00052327628666535024 0.00045857787111096759 -0.0010795639864227269 -0.00072250155051453756 0.0012287695668637753 0.00075593729076596603 -0.0010009922542667481
leaf_weight=544 22 21 20 29 22 27 21 25 22 32 26 25 24 40
leaf_count=544 22 21 20 29 22 27 21 25 22 32 26 25 24 40
internal_value=1.18532e-12 -0.000277451 0.00566793 0.000949649 0.00132208 0.00194184 0.000269942 0.000511461 -0.000582887 -0.000109338 0.000164147 0.000170367 -0.000137308 -0.00048308
internal_weight=900 858 42 171 116 73 43 46 687 143 55 111 86 62
internal_count=900 858 42 171 116 73 43 46 687 143 55 111 86 62
is_linear=0
shrinkage=0.05


Tree=16
num_leaves=15
num_cat=0
split_feature=4 4 3 3 3 3 4 4 1 4 1 4 2 3
split_gain=0.51093 0.11609 0.0442271 0.0201089 0.0480924 0.0410548 0.091778 0.0198537 0.0157332 0.0303418 0.0160664 0.0178033 0.0302984 0.0120757
threshold=7.2712576105691307 2.6581558417146889 1008.2151726121164 1005.052061180551 1013.794622060671 997.89566484642467 3.8698740806403467 3.7821974717181077 87.129173487090313 1.3097078414514136 81.772730120222079 1.9354932336780462 30.115708570070222 1008.6163370304399
decision_type=2 2 2 2 2 2 2 2 2 2 2 2 2 2
left_child=1 8 -2 5 7 -3 -7 -5 10 -10 11 -1 -13 -12
right_child=2 3 -4 4 -6 6 -8 -9 9 -11 13 12 -14 -15
leaf_value=-0.00065331879994586688 0.0038375261832367287 0.0020307761655809979 0.0070862468332052236 0.0012167683752652789 -0.00020925804443146673 0.0013890620289991301 -0.0027592358024170001 0.003014678602844737 -0.00067940876566960177 0.0016454761832669054 -0.0024195556800502044 0.0012421533663976281 -0.0010013324907049536 -0.00072392223546991039
leaf_weight=525 22 24 20 28 31 30 24 34 36 23 21 34 27 21
leaf_count=525 22 24 20 28 31 30 24 34 36 23 21 34 27 21
internal_value=-2.69999e-12 -0.000263579 0.00538454 0.000902166 0.00139873 0.000310113 -0.000454626 0.00220272 -0.000553742 0.000226902 -0.000627083 -0.000559377 0.000249135 -0.00157174
internal_weight=900 858 42 171 93 78 54 62 687 59 628 586 61 42
internal_count=900 858 42 171 93 78 54 62 687 59 628 586 61 42
is_linear=0
shrinkage=0.05


Tree=17
num_leaves=15
num_cat=0
split_feature=4 4 2 3 3 3 0 1 1 4 1 4 2 3
split_gain=0.461114 0.104771 0.0406323 0.0181483 0.0434034 0.0377637 0.0182524 0.0144266 0.0141992 0.0273835 0.0144999 0.0160675 0.0273443 0.0108983
threshold=7.2712576105691307 2.6581558417146889 31.565542913834573 1005.052061180551 1013.794622060671 1000.4097209772455 84.000000000000014 76.275148016198756 87.129173487090313 1.3097078414514136 81.772730120222079 1.9354932336780462 30.115708570070222 1008.6163370304399
decision_type=2 2 2 2 2 2 2 2 2 2 2 2 2 2
left_child=1 8 -2 5 6 7 -5 -3 10 -10 11 -1 -13 -12
right_child=2 3 -4 4 -6 -7 -8 -9 9 -11 13 12 -14 -15
leaf_value=-0.00062065285977225704 0.0065981159410016107 0.002074170062163224 0.0034842217992991213 0.0031362563278526066 -0.00019879508425571748 -0.00099011557652953675 0.0013873985801773096 0.00027967238593624814 -0.00064543833001759303 0.0015632023579319537 -0.0022985779242368325 0.0011800456867443727 -0.00095126587569851573 -0.0006877261302655652
leaf_weight=525 22 24 20 25 31 33 37 21 36 23 21 34 27 21
leaf_count=525 22 24 20 25 31 33 37 21 36 23 21 34 27 21
internal_value=-5.73074e-12 -0.0002504 0.00511531 0.000857058 0.00132879 0.000294608 0.00209258 0.00123674 -0.000526055 0.000215557 -0.000595729 -0.000531408 0.000236678 -0.00149315
internal_weight=900 858 42 171 93 78 62 45 687 59 628 586 61 42
internal_count=900 858 42 171 93 78 62 45 687 59 628 586 61 42
is_linear=0
shrinkage=0.05


Tree=18
num_leaves=15
num_cat=0
split_feature=4 0 4 4 3 1 4 4 0 1 1 4 4 1
split_gain=0.41726 0.143825 0.0758637 0.0241561 0.0387574 0.0334777 0.0517596 0.0288398 0.0143815 0.0294671 0.0189973 0.0118806 0.0110966 0.0108605
threshold=6.0326414433736666 60.000000000000007 2.6243740278785257 4.2985407071778674 1008.5734912573588 74.504171167434791 3.2047521470020111 3.1273660914715804 60.000000000000007 87.129173487090313 77.911492681130539 0.59145511066730849 1.6840454294577485 70.080597776617822
decision_type=2 2 2 2 2 2 2 2 2 2 2 2 2 2
left_child=2 -2 8 5 -5 6 -4 -7 11 10 12 -1 -10 -13
right_child=1 -3 3 4 -6 7 -8 -9 9 -11 -12 13 -14 -15
leaf_value=-0.00037324926203063176 0.0011491792419375006 0.0064008581422967843 0.0017673516852988139 -0.0010863298027952379 0.0016455942625179889 0.00053689654188929128 -0.0013899427433498204 0.0029430980286137623 -0.00045249999335613794 0.0014793467996439534 -0.0016179874089305357 -0.0011953622160299818 0.00029955400386825207 -0.00047816303372803901
leaf_weight=161 22 32 27 37 20 20 25 33 176 23 28 145 68 83
leaf_count=161 22 32 27 37 20 20 25 33 176 23 28 145 68 83
internal_value=-3.12463e-12 0.00426129 -0.000271997 0.000700912 -0.00012776 0.00115076 0.000249422 0.0020351 -0.000502423 -0.000239149 -0.000384463 -0.000702078 -0.000242911 -0.000934277
internal_weight=900 54 846 162 57 105 52 53 684 295 272 389 244 228
internal_count=900 54 846 162 57 105 52 53 684 295 272 389 244 228
is_linear=0
shrinkage=0.05


Tree=19
num_leaves=15
num_cat=0
split_feature=4 4 2 2 2 0 2 0 1 1 3 4 1 2
split_gain=0.384317 0.0885157 0.0271903 0.066478 0.0421763 0.0489875 0.0253257 0.0117074 0.0269489 0.0217757 0.0225883 0.00990866 0.0114514 0.0283071
threshold=7.861996547704293 2.6581558417146889 22.770152112348118 19.76310620585128 33.012750914318978 108.00000000000001 37.510652381954074 60.000000000000007 87.129173487090313 72.090435679027252 1008.9886845198212 0.59145511066730849 70.080597776617822 23.817362620769469
decision_type=2 2 2 2 2 2 2 2 2 2 2 2 2 2
left_child=1 7 3 -3 5 -4 -6 11 9 -9 -11 -1 -13 -14
right_child=-2 2 4 -5 6 -7 -8 8 -10 10 -12 12 13 -15
leaf_value=-0.00035458679316581303 0.0048547046163525337 0.0013015017215248889 0.003189383680896404 -0.002342009990076934 -0.00067258819895373153 0.00023862358542497866 0.0013718757716040793 -0.0001815447996151583 0.0014053794575612183 -0.0024781149569088998 -0.0002100021644894566 -0.0011355941267551129 -0.0016020862550865256 0.00030003682005148879
leaf_weight=161 39 31 39 21 33 22 28 230 23 23 21 145 31 53
leaf_count=161 39 31 39 21 33 22 28 230 23 23 21 145 31 53
internal_value=7.45806e-12 -0.0002199 0.000787455 -0.000169916 0.00119551 0.00212518 0.000265854 -0.000475037 -0.000238513 -0.000376504 -0.00139561 -0.00065516 -0.00086648 -0.000401937
internal_weight=900 861 174 52 122 61 61 687 297 274 44 390 229 84
internal_count=900 861 174 52 122 61 61 687 297 274 44 390 229 84
is_linear=0
shrinkage=0.05


Tree=20
num_leaves=15
num_cat=0
split_feature=4 4 2 2 2 1 4 3 1 4 1 4 1 4
split_gain=0.346846 0.0798854 0.0247208 0.0472017 0.0432677 0.04803 0.0244226 0.0109585 0.0105592 0.0213638 0.0109403 0.00981323 0.010671 0.0142475
threshold=7.861996547704293 2.6581558417146889 24.698643968840415 19.76310620585128 33.012750914318978 77.565296653581427 3.538065862823458 1017.2355526913584 87.129173487090313 1.3097078414514136 32.384298027188883 0.44510223051978798 82.272618747160138 1.7368564113272928
decision_type=2 2 2 2 2 2 2 2 2 2 2 2 2 2
left_child=1 7 3 -3 5 -4 -6 8 10 -10 -1 -12 13 -13
right_child=-2 2 4 -5 6 -7 -8 -9 9 -11 11 12 -14 -15
leaf_value=0.00044420990654124088 0.0046119692854774304 0.0012364266459048995 0.00062598747272904107 -0.0016231394631581173 0.0015846173913980075 0.0035855133754827471 -0.00049885452399627331 0.00043771007988129207 -0.00060227504889351423 0.0013754258189278929 -0.00015205577709812042 -0.00077495962406547321 -0.0015396693365931113 -5.9788326074465596e-05
leaf_weight=26 39 31 26 27 22 29 39 33 36 22 99 349 35 87
leaf_count=26 39 31 26 27 22 29 39 33 36 22 99 349 35 87
internal_value=-4.90238e-12 -0.000208905 0.000748082 -9.47507e-05 0.0011695 0.00218646 0.000252562 -0.000451285 -0.000496143 0.000147887 -0.000558817 -0.000604569 -0.000699683 -0.000632253
internal_weight=900 861 174 58 116 55 61 687 654 58 596 570 471 436
internal_count=900 861 174 58 116 55 61 687 654 58 596 570 471 436
is_linear=0
shrinkage=0.05


Tree=21
num_leaves=15
num_cat=0
split_feature=4 4 1 1 0 1 0 3 0 1 1 4 4 1
split_gain=0.313029 0.072102 0.0213099 0.0487341 0.0367911 0.0454304 0.0645891 0.0151042 0.0113879 0.0223133 0.0152835 0.0109879 0.00913904 0.00896716
threshold=7.861996547704293 2.6243740278785257 74.504171167434791 68.545945163124046 36.000000000000007 88.328320239407162 108.00000000000001 1003.8237094775601 60.000000000000007 87.129173487090313 81.001539404236837 1.6840454294577485 0.59145511066730849 67.489331482072501
decision_type=2 2 2 2 2 2 2 2 2 2 2 2 2 2
left_child=1 8 3 7 -4 6 -6 -3 12 10 11 13 -1 -10
right_child=-2 2 4 -5 5 -7 -8 -9 9 -11 -12 -13 -14 -15
leaf_value=-0.00032047629064216169 0.004381370830994386 0.002155472486047074 -0.00067018340394662873 -0.0014573509801149129 0.0035221438070584554 -0.00021181706882392369 4.2135595867875965e-05 0.00021226655808277429 -0.00029276160246995576 0.0012984731548425297 -0.0016537905513541774 0.00029920064014931253 -0.00081253254697035207 -0.0013503039202592134
leaf_weight=161 39 20 22 31 40 24 20 20 156 23 20 73 228 23
leaf_count=161 39 20 22 31 40 24 20 20 156 23 20 73 228 23
internal_value=-3.13311e-12 -0.000198459 0.000701004 3.06606e-05 0.00115001 0.00162672 0.00236214 0.00118387 -0.000431215 -0.000196939 -0.00032339 -0.000217802 -0.000608879 -0.000428647
internal_weight=900 861 177 71 106 84 60 40 684 295 272 252 389 179
internal_count=900 861 177 71 106 84 60 40 684 295 272 252 389 179
is_linear=0
shrinkage=0.05


Tree=22
num_leaves=15
num_cat=0
split_feature=4 0 4 3 1 3 3 3 0 1 1 4 4 1
split_gain=0.283599 0.133411 0.0491202 0.0220095 0.0511187 0.0470818 0.0303119 0.0294787 0.0102776 0.0201377 0.0137934 0.00991661 0.00838406 0.0104292
threshold=6.0326414433736666 60.000000000000007 2.6243740278785257 1005.052061180551 69.422057801692716 1013.794622060671 1000.4097209772455 1010.3264054535676 60.000000000000007 87.129173487090313 81.001539404236837 1.6840454294577485 0.70937815016605965 70.080597776617822
decision_type=2 2 2 2 2 2 2 2 2 2 2 2 2 2
left_child=2 -2 8 4 -4 7 -6 -5 12 10 11 -10 -1 -14
right_child=1 -3 3 5 6 -7 -8 -9 9 -11 -12 -13 13 -15
leaf_value=-0.00035509490195577789 0.00051577175221278928 0.0055737446687999185 0.0019702699924395843 0.001070124438863147 0.00013136014965693316 -0.0005772792734205723 -0.0022643188136103362 0.0034155838288522015 -0.00040721459364305201 0.0012335494778159522 -0.0015711010270752013 0.00028424061681718045 -0.0011118200604963431 -0.0003424098515148524
leaf_weight=202 22 32 22 37 31 28 23 21 179 23 20 73 116 71
leaf_count=202 22 32 22 37 31 28 23 21 179 23 20 73 116 71
internal_value=-1.95339e-12 0.00351309 -0.00022424 0.000558622 -6.1332e-05 0.00110649 -0.000889022 0.00191934 -0.000409654 -0.000187092 -0.00030722 -0.000206912 -0.000578435 -0.000819691
internal_weight=900 54 846 162 76 86 54 58 684 295 272 252 389 187
internal_count=900 54 846 162 76 86 54 58 684 295 272 252 389 187
is_linear=0
shrinkage=0.05


Tree=23
num_leaves=15
num_cat=0
split_feature=4 4 2 2 2 0 2 3 1 1 4 4 1 4
split_gain=0.26095 0.0576426 0.0233281 0.0546707 0.0328188 0.0411823 0.0223937 0.00982967 0.00850708 0.00894971 0.017571 0.00851232 0.00856226 0.0105169
threshold=7.861996547704293 2.6581558417146889 22.770152112348118 19.76310620585128 33.012750914318978 108.00000000000001 37.510652381954074 1017.2355526913584 32.384298027188883 87.129173487090313 1.3097078414514136 0.44510223051978798 82.272618747160138 1.7368564113272928
decision_type=2 2 2 2 2 2 2 2 2 2 2 2 2 2
left_child=1 7 3 -3 5 -4 -6 8 -1 11 -11 -10 13 -13
right_child=-2 2 4 -5 6 -7 -8 -9 9 10 -12 12 -14 -15
leaf_value=0.00045669218760359897 0.0040003376177106149 0.0010793013368628078 0.0028055055777375135 -0.0022248376316080492 -0.00069283822350288665 0.00010001000641337173 0.0012296418478529502 0.00045487265090218208 -0.00010502459980018856 -0.00055486736916160841 0.0012387096619270533 -0.00067727019115805466 -0.0013674880331382155 -6.2822156930984608e-05
leaf_weight=26 39 31 39 21 33 22 28 33 99 36 22 349 35 87
leaf_count=26 39 31 39 21 33 22 28 33 99 36 22 349 35 87
internal_value=7.81074e-12 -0.0001812 0.000631713 -0.000255062 0.00100968 0.00182975 0.000189612 -0.00038709 -0.000429575 -0.000466267 0.000125455 -0.000526478 -0.000615063 -0.000554662
internal_weight=900 861 174 52 122 61 61 687 654 628 58 570 471 436
internal_count=900 861 174 52 122 61 61 687 654 628 58 570 471 436
is_linear=0
shrinkage=0.05


Tree=24
num_leaves=15
num_cat=0
split_feature=4 4 2 2 2 0 1 3 1 1 4 4 3 3
split_gain=0.235507 0.0520224 0.0210536 0.0493403 0.0296189 0.0371671 0.0205515 0.00887128 0.00767764 0.00807711 0.0158579 0.00788607 0.0116888 0.0154826
threshold=7.861996547704293 2.6581558417146889 22.770152112348118 19.76310620585128 33.012750914318978 108.00000000000001 84.188493040380138 1017.2355526913584 32.384298027188883 87.129173487090313 1.3097078414514136 0.83875252193974303 1015.1091846922369 1010.8592485498441
decision_type=2 2 2 2 2 2 2 2 2 2 2 2 2 2
left_child=1 7 3 -3 5 -4 -6 8 -1 11 -11 -10 13 -13
right_child=-2 2 4 -5 6 -7 -8 -9 9 10 -12 12 -14 -15
leaf_value=0.00043385756927399107 0.0038003207518695261 0.0010253362466521082 0.0026652302533292619 -0.0021135957417018725 0.00091927901155793587 9.5009502679617574e-05 -0.00095938872048767141 0.0004321290315243515 -0.00030753114034649283 -0.00052712399776484948 0.001176774146204645 -0.00076383480971017154 -0.0016329218890389491 0.00019805236090458215
leaf_weight=26 39 31 39 21 37 22 24 33 275 36 22 214 29 52
leaf_count=26 39 31 39 21 37 22 24 33 275 36 22 214 29 52
internal_value=3.02018e-12 -0.00017214 0.000600127 -0.000242309 0.000959198 0.00173827 0.000180131 -0.000367736 -0.000408096 -0.000442954 0.000119182 -0.000500154 -0.000679717 -0.000575797
internal_weight=900 861 174 52 122 61 61 687 654 628 58 570 295 266
internal_count=900 861 174 52 122 61 61 687 654 628 58 570 295 266
is_linear=0
shrinkage=0.05


Tree=25
num_leaves=15
num_cat=0
split_feature=4 4 3 3 1 3 3 0 0 1 1 3 3 4
split_gain=0.213034 0.0443324 0.0404358 0.0191756 0.0417168 0.0431556 0.0337343 0.0172827 0.00902695 0.0156038 0.0121135 0.00767103 0.0126059 0.0103321
threshold=7.2712576105691307 2.6243740278785257 1008.2151726121164 1005.052061180551 69.422057801692716 997.919247469281 1013.794622060671 84.000000000000014 60.000000000000007 87.129173487090313 77.911492681130539 999.96128206310311 1005.3755972385374 1.0806061139000382
decision_type=2 2 2 2 2 2 2 2 2 2 2 2 2 2
left_child=1 8 -2 4 -3 -6 7 -5 -1 10 11 13 -13 -10
right_child=2 3 -4 6 5 -7 -8 -9 9 -11 -12 12 -14 -15
leaf_value=-0.00050965010183077022 0.0019976870707151565 0.0018273110932734036 0.0051040426205145196 0.0026789708322702121 0.0011501961434260011 -0.0017192335416391297 -0.00032368106565686068 0.00099684621645546707 -0.0003865180074215113 0.0011076430577541825 -0.0012336351686177036 -0.00097722183788088546 -4.5523195085662649e-05 0.0011046181648942785
leaf_weight=389 22 22 20 26 20 38 31 37 21 23 28 48 149 26
leaf_count=389 22 22 20 26 20 38 31 37 21 23 28 48 149 26
internal_value=5.28558e-12 -0.000170198 0.0034769 0.000542393 -2.65763e-05 -0.000729775 0.00102662 0.00169106 -0.000351471 -0.00014289 -0.000248633 -0.0001356 -0.000272536 0.000438366
internal_weight=900 858 42 174 80 58 94 63 684 295 272 244 197 47
internal_count=900 858 42 174 80 58 94 63 684 295 272 244 197 47
is_linear=0
shrinkage=0.05


Tree=26
num_leaves=15
num_cat=0
split_feature=4 4 2 2 2 2 3 2 3 1 1 4 4 1
split_gain=0.192824 0.0422614 0.0195985 0.0456448 0.0267861 0.0311123 0.0244057 0.0117404 0.00789057 0.00681167 0.00667405 0.0136233 0.007527 0.00725159
threshold=7.861996547704293 2.6581558417146889 22.770152112348118 19.76310620585128 34.891669256268131 37.510652381954074 1000.8635405247427 29.295444266124161 1017.2355526913584 32.384298027188883 87.129173487090313 1.3097078414514136 0.44510223051978798 82.272618747160138
decision_type=2 2 2 2 2 2 2 2 2 2 2 2 2 2
left_child=1 8 3 -3 6 -6 -4 -8 9 -1 12 -12 -11 -14
right_child=-2 2 4 -5 5 -7 7 -9 -10 10 11 -13 13 -15
leaf_value=0.00042293191542669845 0.0034387351864447386 0.00094674133513528375 0.00031570124060467441 -0.0020723546069348234 -0.0014093938643451442 0.0011032483166283262 0.0014273230320490573 0.003042956996730275 0.00042230305845088992 -5.863625932045929e-05 -0.00049100898112454979 0.0010882829617581923 -0.00048266231415672084 -0.00123069388359519
leaf_weight=26 39 31 27 21 22 28 23 22 33 99 36 22 436 35
leaf_count=26 39 31 27 21 22 28 23 22 33 99 36 22 436 35
internal_value=-8.47662e-14 -0.000155762 0.000540294 -0.000272509 0.000886735 -2.31424e-06 0.00150413 0.00221719 -0.000332055 -0.000370119 -0.000402952 0.000108033 -0.000454947 -0.000538249
internal_weight=900 861 174 52 122 50 72 45 687 654 628 58 570 471
internal_count=900 861 174 52 122 50 72 45 687 654 628 58 570 471
is_linear=0
shrinkage=0.05


Tree=27
num_leaves=15
num_cat=0
split_feature=4 0 4 3 0 0 2 3 1 1 3 4 4 2
split_gain=0.174055 0.123794 0.0298638 0.0269494 0.0641063 0.0407239 0.0348854 0.0298296 0.0195489 0.01927 0.0181934 0.0177919 0.00562262 0.0086874
threshold=6.0326414433736666 60.000000000000007 1.7368564113272928 1007.9767201231975 60.000000000000007 60.000000000000007 28.844012742672081 1011.5232894591255 69.422057801692716 72.090435679027252 1002.858360913151 2.6581558417146889 0.83875252193974303 38.20800212458866
decision_type=2 2 2 2 2 2 2 2 2 2 2 2 2 2
left_child=2 -2 12 4 -4 -5 10 -7 -8 -9 11 -6 -1 -14
right_child=1 -3 3 5 6 7 8 9 -10 -11 -12 -13 13 -15
leaf_value=-0.00025594654326679907 -0.00013505619664845819 0.0047371961107273821 -0.0020583145215641706 0.0024254005670081829 0.00058733978620021732 0.0015456115650334236 0.00042720262925805789 -0.0016728255059570076 -0.0013568517496049242 0.00031784583059620236 1.7373329527410016e-05 0.0024797700621463636 -0.00071100999352068605 0.00013505313383777525
leaf_weight=332 22 32 35 30 23 29 28 20 34 31 28 27 193 36
leaf_count=332 22 32 35 30 23 29 28 20 34 31 28 27 193 36
internal_value=-2.09007e-13 0.0027522 -0.000175673 0.000241117 -0.000144361 0.000854377 0.000334127 0.000265243 -0.00055115 -0.00046281 0.00103781 0.00160925 -0.00038741 -0.000578004
internal_weight=900 54 846 285 175 110 140 80 62 51 78 50 561 229
internal_count=900 54 846 285 175 110 140 80 62 51 78 50 561 229
is_linear=0
shrinkage=0.05


Tree=28
num_leaves=15
num_cat=0
split_feature=4 4 1 3 1 2 2 2 3 0 1 1 4 1
split_gain=0.16102 0.0342562 0.0179065 0.0321924 0.0608781 0.042164 0.0407486 0.0376981 0.0230814 0.00742713 0.013185 0.0112221 0.00739237 0.0108928
threshold=7.861996547704293 2.4004905931365319 89.426149390399516 1008.5734912573588 69.422057801692716 23.412593314959018 36.161296974740729 33.142229900598032 1013.794622060671 60.000000000000007 87.129173487090313 69.886765405114375 1.2422771208517098 75.08671694155872
decision_type=2 2 2 2 2 2 2 2 2 2 2 2 2 2
left_child=1 9 3 4 -3 -6 8 -7 -5 12 11 -11 -1 -14
right_child=-2 2 -4 6 5 7 -8 -9 -10 10 -12 -13 13 -15
leaf_value=-0.00036231878817680977 0.0031423751727486845 0.0014279160063361397 0.0018488716872525402 0.0030952424615743046 -0.0030150979978498076 0.0007107854653012884 -0.00068289251510231274 -0.0019101940753424298 0.00085522214699860512 -8.491652488373802e-05 0.0010276345219766803 -0.0010273239194223583 -0.0014158702610681455 1.8690037541091445e-06
leaf_weight=322 39 37 20 23 20 34 21 23 23 216 23 37 42 20
leaf_count=322 39 37 20 23 20 34 21 23 23 216 23 37 42 20
internal_value=2.17369e-12 -0.000142338 0.000429157 0.000272282 -0.00023892 -0.00103987 0.00114209 -0.000346803 0.00197523 -0.000316384 -0.000118541 -0.000222739 -0.000458583 -0.000958535
internal_weight=900 861 201 181 114 77 67 57 46 660 276 253 384 62
internal_count=900 861 201 181 114 77 67 57 46 660 276 253 384 62
is_linear=0
shrinkage=0.05


Tree=29
num_leaves=15
num_cat=0
split_feature=4 4 1 3 1 2 2 2 3 0 1 1 4 1
split_gain=0.145321 0.0309162 0.0161606 0.0290537 0.0549425 0.038053 0.0367756 0.0340225 0.0208309 0.00670298 0.0118994 0.0101279 0.00667162 0.00983077
threshold=7.861996547704293 2.4004905931365319 89.426149390399516 1008.5734912573588 69.422057801692716 23.412593314959018 36.161296974740729 33.142229900598032 1013.794622060671 60.000000000000007 87.129173487090313 69.886765405114375 1.2422771208517098 75.08671694155872
decision_type=2 2 2 2 2 2 2 2 2 2 2 2 2 2
left_child=1 9 3 4 -3 -6 8 -7 -5 12 11 -11 -1 -14
right_child=-2 2 -4 6 5 7 -8 -9 -10 10 -12 -13 13 -15
leaf_value=-0.00034420285447815549 0.0029852564888409316 0.0013565202388358681 0.001756428251392208 0.0029404802774281608 -0.0028643431136151777 0.00067524619551156376 -0.00064874793225455857 -0.0018146843558339322 0.00081246104698790152 -8.067069962567918e-05 0.00097625280031934383 -0.00097595774499790718 -0.001345076769523855 1.7755664885044098e-06
leaf_weight=322 39 37 20 23 20 34 21 23 23 216 23 37 42 20
leaf_count=322 39 37 20 23 20 34 21 23 23 216 23 37 42 20
internal_value=3.99531e-12 -0.000135221 0.000407699 0.000258668 -0.000226974 -0.000987873 0.00108498 -0.000329463 0.00187647 -0.000300564 -0.000112614 -0.000211602 -0.000435654 -0.000910608
internal_weight=900 861 201 181 114 77 67 57 46 660 276 253 384 62
internal_count=900 861 201 181 114 77 67 57 46 660 276 253 384 62
is_linear=0
shrinkage=0.05


Tree=30
num_leaves=15
num_cat=0
split_feature=4 4 2 4 4 4 1 4 3 1 4 4 4 1
split_gain=0.13183 0.0400803 0.0717681 0.131005 0.0523383 0.0289756 0.0392037 0.020087 0.00688571 0.00612416 0.00499426 0.0125755 0.00514638 0.00761756
threshold=9.8485175700693528 2.6581558417146889 24.417438967277306 6.0326414433736666 4.2985407071778674 4.7171682421022432 86.34672108678744 3.538065862823458 1017.3130137117213 32.384298027188883 2.2836007244741872 2.0348152008047617 0.44510223051978798 83.829507491872803
decision_type=2 2 2 2 2 2 2 2 2 2 2 2 2 2
left_child=1 8 4 5 -3 6 7 -4 9 -1 11 12 -11 -14
right_child=-2 2 3 -5 -6 -7 -8 -9 -10 10 -12 -13 13 -15
leaf_value=0.00044618660537637951 0.0039150835458366647 0.00052274065128585787 0.0010645262931254418 0.0045433794449005896 -0.0024099804894549067 -0.001161377631466497 0.0026916434263429523 -0.00072673552364496327 0.00046875415437777217 -4.6702728140088671e-05 -0.00088488597134878198 0.00064773175752524178 -0.0005051469748960564 0.00013824857156718141
leaf_weight=26 21 32 34 24 29 22 22 29 30 108 39 33 399 52
leaf_count=26 21 32 34 24 29 22 22 29 30 108 39 33 399 52
internal_value=-1.51037e-12 -9.35344e-05 0.000545124 0.00120477 -0.000871504 0.000455929 0.000874526 0.000239977 -0.000272024 -0.00030585 -0.000336837 -0.000300732 -0.000356724 -0.000430964
internal_weight=900 879 192 131 61 107 85 63 687 657 631 592 559 451
internal_count=900 879 192 131 61 107 85 63 687 657 631 592 559 451
is_linear=0
shrinkage=0.05


Tree=31
num_leaves=15
num_cat=0
split_feature=4 4 2 4 1 4 1 4 3 1 4 4 3 1
split_gain=0.118977 0.0361724 0.0650946 0.119935 0.0582759 0.0324693 0.042223 0.0241825 0.00623779 0.00555459 0.00447554 0.0114001 0.00538348 0.00746645
threshold=9.8485175700693528 2.6581558417146889 22.770152112348118 6.0326414433736666 77.911492681130539 4.7171682421022432 86.507917339742178 3.538065862823458 1017.2355526913584 32.384298027188883 2.2836007244741872 2.0348152008047617 1016.3045490295575 57.217910785810318
decision_type=2 2 2 2 2 2 2 2 2 2 2 2 2 2
left_child=1 8 4 5 -3 6 7 -4 9 -1 11 12 13 -11
right_child=-2 2 3 -5 -6 -7 -8 -9 -10 10 -12 -13 -14 -15
leaf_value=0.00042387727052510646 0.0037193294237589554 0.00048000196475186387 0.0011378429745996577 0.0043162104324437683 -0.0027793247655305705 -0.0012533712524758734 0.0028137991552371422 -0.00075122857379028574 0.00041229350254346202 -0.00048245125912665346 -0.00084064168451079282 0.00061534515186918509 -0.00098142888300278559 -0.00010483345676874593
leaf_weight=26 21 32 36 24 24 23 21 32 33 276 39 33 31 249
leaf_count=26 21 32 36 24 24 23 21 32 33 276 39 33 31 249
internal_value=-1.93318e-12 -8.88577e-05 0.000517868 0.00110863 -0.000916852 0.000421297 0.000854077 0.000248868 -0.000258423 -0.000292266 -0.000321916 -0.000287569 -0.000341159 -0.000303353
internal_weight=900 879 192 136 56 112 89 68 687 654 628 589 556 525
internal_count=900 879 192 136 56 112 89 68 687 654 628 589 556 525
is_linear=0
shrinkage=0.05


Tree=32
num_leaves=15
num_cat=0
split_feature=4 0 4 4 4 1 2 1 1 4 1 3 3 4
split_gain=0.107377 0.0343508 0.104206 0.0328976 0.031384 0.0202527 0.0109606 0.0129176 0.0308991 0.0267362 0.0162731 0.0255184 0.0206133 0.018699
threshold=9.8485175700693528 60.000000000000007 6.0326414433736666 4.8194869600320009 2.8593394250516093 89.426149390399516 40.059644638775687 79.469144399763195 74.504171167434791 4.1175945661224578 67.145114220581846 1000.0621955858936 1004.1359337045157 1.6098963212172401
decision_type=2 2 2 2 2 2 2 2 2 2 2 2 2 2
left_child=1 3 5 4 -1 6 7 8 10 -9 11 13 -12 -3
right_child=-2 2 -4 -5 -6 -7 -8 9 -10 -11 12 -13 -14 -15
leaf_value=-0.00040302243557320885 0.0035333629708648438 0.00014779966056812556 0.0036648599807882591 -0.0022381212683799472 0.0014595877776931352 0.0013545490687127833 0.00089781883409535831 -6.7920966632135053e-05 0.0016390109406697944 -0.0022727167280390862 -0.002005955486432261 -0.00022965243568606459 2.610508549528626e-05 0.0021464984334835955
leaf_weight=392 21 25 21 23 24 28 29 44 27 20 24 174 26 22
leaf_count=392 21 25 21 23 24 28 29 44 27 20 24 174 26 22
internal_value=-3.39989e-12 -8.44148e-05 0.000227797 -0.000397338 -0.000295564 5.55341e-05 -3.749e-05 -0.000112418 2.59984e-05 -0.00075692 -0.000134708 4.95857e-05 -0.000949284 0.00108336
internal_weight=900 879 440 439 416 419 391 362 298 64 271 221 50 47
internal_count=900 879 440 439 416 419 391 362 298 64 271 221 50 47
is_linear=0
shrinkage=0.05


Tree=33
num_leaves=15
num_cat=0
split_feature=4 0 4 4 4 1 2 2 1 1 1 4 1 3
split_gain=0.0969073 0.0310016 0.0940459 0.0296901 0.028324 0.0182781 0.00989198 0.0130183 0.0131658 0.0105149 0.0376273 0.0306364 0.0105958 0.010593
threshold=9.8485175700693528 60.000000000000007 6.0326414433736666 4.8194869600320009 2.8593394250516093 89.426149390399516 40.059644638775687 36.393538180797798 67.568476692425193 80.096252221555872 74.504171167434791 3.538065862823458 35.786299891783607 1000.5092369359012
decision_type=2 2 2 2 2 2 2 2 2 2 2 2 2 2
left_child=1 3 5 4 -1 6 7 9 -9 10 12 -11 -3 -14
right_child=-2 2 -4 -5 -6 -7 -8 8 -10 11 -12 -13 13 -15
leaf_value=-0.00038287130710275551 0.0033566948054136619 0.00078036435756296142 0.0034816170199995951 -0.0021262153537701003 0.0013866083706185843 0.0012868216034673556 0.00085292790799626505 -0.00010901093521776299 -0.0016626273039728402 0.0004099116718862206 0.0019921988169662656 -0.0020977296090374394 0.00041844864853082299 -0.00040681121674723516
leaf_weight=392 21 33 21 23 24 28 29 30 25 29 25 21 53 146
leaf_count=392 21 33 21 23 24 28 29 30 25 29 25 21 53 146
internal_value=-1.19295e-12 -8.01941e-05 0.000216408 -0.000377471 -0.000280786 5.27574e-05 -3.56155e-05 -0.000106797 -0.0008152 2.01155e-05 0.000149184 -0.000643298 -4.94165e-05 -0.000187018
internal_weight=900 879 440 439 416 419 391 362 55 307 257 50 232 199
internal_count=900 879 440 439 416 419 391 362 55 307 257 50 232 199
is_linear=0
shrinkage=0.05


Tree=34
num_leaves=15
num_cat=0
split_feature=4 4 2 1 4 2 3 2 2 4 4 4 3 2
split_gain=0.0874589 0.0291938 0.0440851 0.0555258 0.0411425 0.0372125 0.0366157 0.0172447 0.0153665 0.0111792 0.00500167 0.00864517 0.00633291 0.0124403
threshold=9.8485175700693528 2.4004905931365319 20.4924294660002 75.898618032126834 6.0326414433736666 28.844012742672081 1001.2851968824616 37.510652381954074 34.7302100432427 3.578912814219382 2.2341875919116956 1.6098963212172401 1001.7991839034261 25.199830192989218
decision_type=2 2 2 2 2 2 2 2 2 2 2 2 2 2
left_child=1 10 3 -3 5 9 -7 8 -8 -4 11 -1 -13 -14
right_child=-2 2 4 -5 -6 6 7 -9 -10 -11 -12 12 13 -15
leaf_value=-0.00029407203536205003 0.0031888600484567828 0.00082490883809937686 0.002422374246331553 -0.0026886584483335079 0.0025404629912892628 -0.0015471889750070631 0.00086428224511275243 0.0016804374447515744 -0.0010506596602499485 0.00091822737129405136 -0.0010014406703357096 0.00094516573514303443 -0.00085633985215315112 0.00050123260414693506
leaf_weight=544 21 22 21 23 28 31 22 22 20 30 21 23 27 45
leaf_count=544 21 22 21 23 28 31 22 22 20 30 21 23 27 45
internal_value=-1.40939e-12 -7.61844e-05 0.000424047 -0.000970914 0.000784813 0.000448113 -0.00013676 0.000546416 -4.75949e-05 0.00153758 -0.00024217 -0.000217218 0.000222875 -7.85707e-06
internal_weight=900 879 219 45 174 146 95 64 42 51 660 639 95 72
internal_count=900 879 219 45 174 146 95 64 42 51 660 639 95 72
is_linear=0
shrinkage=0.05


Tree=35
num_leaves=15
num_cat=0
split_feature=4 0 4 4 4 1 2 3 3 1 3 4 1 1
split_gain=0.0789316 0.0269303 0.07945 0.0283048 0.0250984 0.0163736 0.00975847 0.0236265 0.0209374 0.0266583 0.0228733 0.0212009 0.0157723 0.0168449
threshold=9.8485175700693528 60.000000000000007 6.0326414433736666 4.8194869600320009 2.8593394250516093 89.426149390399516 20.069951426622371 1003.9267010818587 1007.3651711306603 69.422057801692716 1008.6163370304399 3.8698740806403467 70.496674727190495 58.631236310456785
decision_type=2 2 2 2 2 2 2 2 2 2 2 2 2 2
left_child=1 3 5 4 -1 6 7 -3 9 -8 -10 -11 13 -12
right_child=-2 2 -4 -5 -6 -7 8 -9 10 11 12 -13 -14 -15
leaf_value=-0.00035113939406148016 0.0030294170104233284 0.0015374180176408001 0.0032052172658344116 -0.0020569064998594319 0.0013145370214867095 0.001221652766006238 -5.1885893438700866e-05 -0.00029179168163753321 0.0017614307210103354 -0.00071978730592513239 4.5396825654863093e-05 -0.0027054504957050086 0.00080870668631220278 -0.0015228874213947998
leaf_weight=392 21 31 21 23 24 28 103 41 22 41 67 20 43 23
leaf_count=392 21 31 21 23 24 28 103 41 22 41 67 20 43 23
internal_value=-3.42738e-12 -7.23752e-05 0.000204066 -0.000349446 -0.000255043 5.36498e-05 -2.99923e-05 0.000495785 -0.000148663 -0.000542467 0.000268007 -0.00137082 2.09742e-05 -0.000355387
internal_weight=900 879 440 439 416 419 391 72 319 164 155 61 133 90
internal_count=900 879 440 439 416 419 391 72 319 164 155 61 133 90
is_linear=0
shrinkage=0.05


Tree=36
num_leaves=15
num_cat=0
split_feature=4 4 2 4 4 3 3 4 4 3 1 4 4 4
split_gain=0.0712358 0.0250969 0.0524223 0.0910699 0.04737 0.027843 0.0357961 0.0146655 0.00755633 0.00563187 0.00475158 0.00579432 0.00836791 0.00518065
threshold=9.8485175700693528 2.6243740278785257 24.417438967277306 5.9351930192480662 4.7171682421022432 1001.2851968824616 1012.07971205109 3.2047521470020111 3.3325622569957987 1017.2355526913584 32.384298027188883 2.2836007244741872 2.0348152008047617 0.44510223051978798
decision_type=2 2 2 2 2 2 2 2 2 2 2 2 2 2
left_child=1 9 4 5 7 -4 8 -3 -7 10 -1 12 13 -12
right_child=-2 2 3 -5 -6 6 -8 -9 -10 -11 11 -13 -14 -15
leaf_value=0.00041858570251721315 0.0028779462545311879 0.0011645324964774772 -0.00075024133705458532 0.0037107546254992485 -0.0027718878816813232 0.002499728088732809 -0.00058147919178009038 -0.00070622447370128206 0.0012070134228381975 0.00042583070321460111 3.3111312556097928e-05 -0.00088705856453291036 0.00053994957936193903 -0.00035404337304377237
leaf_weight=26 21 20 37 25 20 20 25 22 26 33 107 36 33 449
leaf_count=26 21 20 37 25 20 20 25 22 26 33 107 36 33 449
internal_value=-2.69534e-12 -6.87564e-05 0.00043162 0.000991352 -0.000769098 0.000361861 0.000941407 0.000184612 0.00176906 -0.000211407 -0.00024371 -0.000271261 -0.000233623 -0.000279537
internal_weight=900 879 195 133 62 108 71 42 46 684 651 625 589 556
internal_count=900 879 195 133 62 108 71 42 46 684 651 625 589 556
is_linear=0
shrinkage=0.05


Tree=37
num_leaves=15
num_cat=0
split_feature=4 0 4 4 4 1 2 3 3 1 3 4 1 0
split_gain=0.0642903 0.0236328 0.0671161 0.0266869 0.0224161 0.014715 0.00902486 0.0211332 0.0185183 0.0242292 0.0198605 0.0192132 0.0141743 0.0159687
threshold=9.8485175700693528 60.000000000000007 6.0326414433736666 4.8194869600320009 2.8593394250516093 89.426149390399516 20.069951426622371 1003.9267010818587 1007.3651711306603 69.422057801692716 1008.6163370304399 3.8698740806403467 70.496674727190495 108.00000000000001
decision_type=2 2 2 2 2 2 2 2 2 2 2 2 2 2
left_child=1 3 5 4 -1 6 7 -3 9 -8 -10 -11 13 -12
right_child=-2 2 -4 -5 -6 -7 8 -9 10 11 12 -13 -14 -15
leaf_value=-0.00032402392362479193 0.0027340488752261513 0.0014668702129124395 0.0029520279018297084 -0.0019828155677279703 0.0012501325147847334 0.0011626643469623691 -4.0678032283960545e-05 -0.00026312832076034348 0.0016454384445255114 -0.0006783252996506125 3.4292425540194888e-05 -0.0025686142244376246 0.00077041387571520062 -0.0015403874406945848
leaf_weight=392 21 31 21 23 24 28 103 41 22 41 69 20 43 21
leaf_count=392 21 31 21 23 24 28 103 41 22 41 69 20 43 21
internal_value=-2.04252e-12 -6.53186e-05 0.000193645 -0.000324872 -0.000233207 5.5397e-05 -2.38958e-05 0.000481732 -0.000138019 -0.000508375 0.000253842 -0.00129809 2.36529e-05 -0.000333133
internal_weight=900 879 440 439 416 419 391 72 319 164 155 61 133 90
internal_count=900 879 440 439 416 419 391 72 319 164 155 61 133 90
is_linear=0
shrinkage=0.05


Tree=38
num_leaves=15
num_cat=0
split_feature=4 4 2 1 1 3 1 1 2 2 4 4 4 1
split_gain=0.058022 0.0220109 0.0397584 0.0473018 0.0364767 0.0428022 0.0400396 0.0461007 0.0381837 0.032702 0.0047872 0.00669515 0.00635137 0.00802832
threshold=9.8485175700693528 2.4004905931365319 20.4924294660002 75.898618032126834 89.426149390399516 1006.6974662244303 73.536243613238724 82.978950779294209 33.142229900598032 27.019122394584688 2.2341875919116956 1.6098963212172401 0.83875252193974303 69.221958817276516
decision_type=2 2 2 2 2 2 2 2 2 2 2 2 2 2
left_child=1 10 3 -3 5 8 -7 -8 9 -4 11 12 -1 -14
right_child=-2 2 4 -5 -6 6 7 -9 -10 -11 -12 -13 13 -15
leaf_value=-0.00011287897460829575 0.0025973464894507615 0.0007050673382102766 -0.00098074412505541522 -0.0025378792212628152 0.0027237611880991611 -0.00016047664254006965 0.0038318825278269211 0.00059164590978374087 -0.0016708250324882102 0.0015918527822941543 -0.00094899280146429593 0.00020552352482857379 -0.00065651611424216662 2.6534579810686409e-05
leaf_weight=332 21 22 21 23 20 27 23 21 32 30 21 95 152 60
leaf_count=332 21 22 21 23 20 27 23 21 32 30 21 95 152 60
internal_value=-2.91038e-14 -6.20526e-05 0.000372302 -0.000952439 0.000714907 0.000454017 0.00135528 0.00228541 -0.000316945 0.000532548 -0.000206179 -0.000181768 -0.000249401 -0.0004632
internal_weight=900 879 219 45 174 154 71 44 83 51 660 639 544 212
internal_count=900 879 219 45 174 154 71 44 83 51 660 639 544 212
is_linear=0
shrinkage=0.05


Tree=39
num_leaves=15
num_cat=0
split_feature=4 0 4 4 4 3 3 2 4 3 3 2 4 3
split_gain=0.0523648 0.0207507 0.0579119 0.024754 0.019882 0.0149506 0.0242597 0.0164566 0.0167626 0.0099493 0.0149661 0.00800178 0.00774608 0.0093294
threshold=9.8485175700693528 60.000000000000007 6.0326414433736666 4.8194869600320009 2.8593394250516093 1000.0621955858936 1001.2433659043785 32.365437086138321 2.6581558417146889 1002.7012569219957 1005.3755972385374 28.035637431362307 1.2422771208517098 1010.5414788714213
decision_type=2 2 2 2 2 2 2 2 2 2 2 2 2 2
left_child=1 3 5 4 12 7 -7 8 -3 -8 11 -11 -1 -14
right_child=-2 2 -4 -5 -6 6 9 -9 -10 10 -12 -13 13 -15
leaf_value=-0.00019577805504024967 0.0024674790379192149 0.00041192838804195885 0.0027459793258458377 -0.0018989347670551227 0.0011831020538617546 -0.0017913682613288984 0.0010303985073485157 -0.00034936668370695167 0.0020789804793894294 -0.0016347183779414213 7.7895503307460364e-05 -0.00025443361983412785 -0.0011411823178641498 0.00013656790062668733
leaf_weight=322 21 38 21 23 24 20 22 30 25 21 242 21 50 20
leaf_count=322 21 38 21 23 24 20 22 30 25 21 242 21 50 20
internal_value=-4.79203e-12 -5.895e-05 0.00018371 -0.000302163 -0.000213879 5.52905e-05 -0.000104233 0.000614482 0.00107346 6.03689e-06 -7.33151e-05 -0.000944576 -0.000299409 -0.000776111
internal_weight=900 879 440 439 416 419 326 93 63 306 284 42 392 70
internal_count=900 879 440 439 416 419 326 93 63 306 284 42 392 70
is_linear=0
shrinkage=0.05


Tree=40
num_leaves=15
num_cat=0
split_feature=4 1 4 1 4 2 4 4 3 3 3 2 1 4
split_gain=0.0472593 0.020049 0.0256353 0.020241 0.0437017 0.162565 0.0191444 0.0149425 0.0220019 0.0373633 0.025057 0.00560837 0.011135 0.0138288
threshold=9.8485175700693528 90.083909506961575 2.7265766983581377 87.846394719459241 4.9111893214203226 27.019122394584688 4.3414905995122952 2.4004905931365319 1006.6974662244303 1011.4541934321602 1002.858360913151 29.036315719122932 72.263728065360837 1.1834574601562753
decision_type=2 2 2 2 2 2 2 2 2 2 2 2 2 2
left_child=1 3 -3 4 6 -6 7 11 10 -10 -9 12 -1 -14
right_child=-2 2 -4 -5 5 -7 -8 8 9 -11 -12 -13 13 -15
leaf_value=-0.00024153371100104043 0.0023441050999930928 5.2282678162945171e-05 0.0022962744010146707 -0.0013505468466973982 -0.001961213308386505 0.0040347765146109922 -0.0016483795607373829 0.00052087554493202611 0.002503525302745402 -8.6113658423225088e-05 -0.0015599419747519753 -7.5983240204422061e-05 -0.00029763905465370044 -0.0020380874186576832
leaf_weight=235 21 35 20 32 20 26 21 39 26 30 23 326 25 21
leaf_count=235 21 35 20 32 20 26 21 39 26 30 23 326 25 21
internal_value=6.66559e-13 -5.60025e-05 0.00086828 -0.000117696 -6.7884e-05 0.00142782 -0.000160113 -0.000117004 0.000397828 0.00111622 -0.000251041 -0.000217087 -0.000380787 -0.00109219
internal_weight=900 879 55 824 792 46 746 725 118 56 62 607 281 46
internal_count=900 879 55 824 792 46 746 725 118 56 62 607 281 46
is_linear=0
shrinkage=0.05


Tree=41
num_leaves=15
num_cat=0
split_feature=4 0 4 4 4 3 3 2 4 2 1 1 4 1
split_gain=0.0426515 0.0184348 0.0486444 0.0247151 0.0171474 0.0137986 0.021819 0.0152701 0.0151003 0.00947739 0.0124733 0.0184974 0.0165873 0.0285741
threshold=9.8485175700693528 60.000000000000007 6.0326414433736666 4.8194869600320009 2.8593394250516093 1000.0621955858936 1001.2433659043785 32.365437086138321 2.6581558417146889 39.934407917533512 85.756847608786543 79.616428387538761 2.3877157905223969 70.080597776617822
decision_type=2 2 2 2 2 2 2 2 2 2 2 2 2 2
left_child=1 3 5 4 -1 7 -7 8 -3 10 11 12 -8 -14
right_child=-2 2 -4 -5 -6 6 9 -9 -10 -11 -12 -13 13 -15
leaf_value=-0.00027365821655602845 0.0022268998347932385 0.00040928320323521466 0.0025238362717486564 -0.0018779592831497608 0.0011031309618071343 -0.0016954492143122482 -0.00030990390298084644 -0.00033341869886498898 0.0019915166571736337 0.00090362856022289234 0.00076450760526839941 -0.0015273407203494572 -0.0003296047906744583 0.0020303021367315366
leaf_weight=392 21 38 21 23 24 20 165 30 25 27 38 24 29 23
leaf_count=392 21 38 21 23 24 20 165 30 25 27 38 24 29 23
internal_value=-1.2448e-12 -5.32024e-05 0.000175516 -0.000282442 -0.000194228 5.78198e-05 -9.54345e-05 0.000595034 0.00103715 9.14166e-06 -7.74216e-05 -0.000210174 -6.44965e-05 0.0007142
internal_weight=900 879 440 439 416 419 326 93 63 306 279 241 217 52
internal_count=900 879 440 439 416 419 326 93 63 306 279 241 217 52
is_linear=0
shrinkage=0.05


Tree=42
num_leaves=15
num_cat=0
split_feature=4 1 4 4 4 4 4 3 1 4 4 4 2 2
split_gain=0.038493 0.0176956 0.0228211 0.0214642 0.039881 0.0205869 0.0111349 0.0200044 0.0350156 0.0238036 0.00489263 0.00633255 0.00663918 0.0100461
threshold=9.8485175700693528 90.083909506961575 2.7265766983581377 6.9763654858956583 4.9111893214203226 4.3414905995122952 2.4004905931365319 1006.6974662244303 74.651933440315204 3.1809172837113908 2.1417422954240255 2.0348152008047617 29.036315719122932 25.879021728870285
decision_type=2 2 2 2 2 2 2 2 2 2 2 2 2 2
left_child=1 3 -3 4 5 6 10 9 -9 -8 11 12 13 -1
right_child=-2 2 -4 -5 -6 -7 7 8 -10 -11 -12 -13 -14 -15
leaf_value=-0.00021842248799065455 0.002115554890284936 4.789416595096035e-05 0.0021651353467314039 -0.00168651890541826 0.0016348596923335486 -0.0016135673038661482 0.00054019244393872985 -0.00021369161882570814 0.0022868666997445481 -0.0014231821056455375 -0.00087936754765299472 0.00070160406952102976 -2.7776920422195525e-05 -0.0010052661434747279
leaf_weight=215 21 35 20 21 33 23 38 28 28 26 24 21 317 50
leaf_count=215 21 35 20 21 33 23 38 28 28 26 24 21 317 50
internal_value=-9.74978e-13 -5.05423e-05 0.0008178 -0.000108502 -6.72338e-05 -0.000140181 -9.48154e-05 0.000346446 0.00103659 -0.000257428 -0.000179267 -0.000151403 -0.000182181 -0.000366884
internal_weight=900 879 55 824 803 770 747 120 56 64 627 603 582 265
internal_count=900 879 55 824 803 770 747 120 56 64 627 603 582 265
is_linear=0
shrinkage=0.05


Tree=43
num_leaves=15
num_cat=0
split_feature=4 0 4 4 4 3 3 2 4 3 3 3 2 2
split_gain=0.0347399 0.0163986 0.044646 0.0230659 0.0152043 0.0128544 0.0191025 0.0137403 0.013498 0.00859128 0.0122958 0.00755634 0.010304 0.00949907
threshold=9.8485175700693528 60.000000000000007 6.0326414433736666 4.8194869600320009 3.1666125351189192 1000.0621955858936 1001.2433659043785 32.365437086138321 2.6581558417146889 1002.7012569219957 1005.3755972385374 1009.2146611503068 35.656624021763356 35.656624021763356
decision_type=2 2 2 2 2 2 2 2 2 2 2 2 2 2
left_child=1 3 5 4 -1 7 -7 8 -3 -8 -11 12 -12 -13
right_child=-2 2 -4 -5 -6 6 9 -9 -10 10 11 13 -14 -15
leaf_value=-0.00024693604127697664 0.0020097772413421246 0.00039921877399281489 0.002417443355634099 -0.0018055904778125492 0.0011660469882190227 -0.0015900755308393855 0.00095676704182882206 -0.00030726019273667288 0.0018951529636979103 -0.00085857876970077917 0.0001039847294093981 0.00011695634995303076 0.001324153446572988 -0.00073341889956475613
leaf_weight=396 21 38 21 23 20 20 22 30 25 42 62 109 24 47
leaf_count=396 21 38 21 23 20 20 22 30 25 42 62 109 24 47
internal_value=-3.92215e-12 -4.80152e-05 0.000167702 -0.000264224 -0.000179004 5.49467e-05 -9.29713e-05 0.000573455 0.000992843 4.87862e-06 -6.88592e-05 6.81995e-05 0.000444497 -0.000139246
internal_weight=900 879 440 439 416 419 326 93 63 306 284 242 86 156
internal_count=900 879 440 439 416 419 326 93 63 306 284 242 86 156
is_linear=0
shrinkage=0.05


Tree=44
num_leaves=15
num_cat=0
split_feature=4 1 4 4 4 4 1 4 1 3 3 2 4 4
split_gain=0.0313528 0.0161875 0.0205531 0.0204843 0.0353377 0.0193551 0.00947371 0.0240112 0.0211043 0.0124082 0.0371729 0.0132902 0.0120628 0.0215489
threshold=9.8485175700693528 90.083909506961575 2.7265766983581377 6.9763654858956583 4.9111893214203226 4.3414905995122952 73.869056830618646 3.0709881654906925 71.263017862461695 1008.9886845198212 1003.6453943462101 25.079272252070371 1.8045526694237335 3.1809172837113908
decision_type=2 2 2 2 2 2 2 2 2 2 2 2 2 2
left_child=1 3 -3 4 5 6 8 9 12 10 -8 -11 -1 -14
right_child=-2 2 -4 -5 -6 -7 7 -9 -10 11 -12 -13 13 -15
leaf_value=-0.00023069383416473465 0.0019092883515570845 5.425357392856053e-05 0.0020635354326805099 -0.001642626382055737 0.0015414765894864544 -0.0015580264122589775 0.00049491772572634674 0.0015293843174974124 -0.001631386941880919 -0.00051799051995788303 -0.0017877303023264941 0.0010421706404602632 0.00070447441653466263 -0.0010800602509074711
leaf_weight=452 21 35 20 21 33 23 42 30 24 21 31 39 87 21
leaf_count=452 21 35 20 21 33 23 42 30 24 21 31 39 87 21
internal_value=3.42859e-12 -4.56144e-05 0.000784902 -0.000101049 -6.07341e-05 -0.0001294 -8.54131e-05 0.000251628 -0.000179484 -3.65883e-05 -0.000474426 0.000496114 -0.00011726 0.000357482
internal_weight=900 879 55 824 803 770 747 163 584 133 73 60 560 108
internal_count=900 879 55 824 803 770 747 163 584 133 73 60 560 108
is_linear=0
shrinkage=0.05


Tree=45
num_leaves=15
num_cat=0
split_feature=4 1 1 1 2 2 1 4 3 4 1 4 2 4
split_gain=0.0289096 0.0115815 0.0767132 0.0232298 0.0165947 0.0439123 0.0238994 0.0209226 0.0165936 0.0236212 0.0163486 0.0127869 0.0160016 0.0285427
threshold=7.861996547704293 74.135102744677667 75.898618032126834 71.263017862461695 30.85409635393939 25.48944779384713 84.79808289048772 2.7265766983581377 1005.8901391606374 1.8268787159851407 88.386966977891646 1.8045526694237335 20.996743618843606 3.1809172837113908
decision_type=2 2 2 2 2 2 2 2 2 2 2 2 2 2
left_child=1 3 -3 11 5 6 -4 -7 9 -6 -10 -1 -13 -14
right_child=-2 2 4 -5 8 7 -8 -9 10 -11 -12 12 13 -15
leaf_value=-0.00021915914523955172 0.0013314932035521055 0.0029764551223944065 -0.0013733574485273233 -0.0013763796566452489 -4.4013350561726837e-05 0.00057463880398750508 0.00036872260285437941 0.0026518589885778389 0.00058059884652654394 -0.0024182232477786871 -0.001134957034429092 0.0013422204624681225 0.00052828445041086525 -0.0016356901498511434
leaf_weight=452 39 23 35 38 20 27 45 22 41 22 21 31 64 20
leaf_count=452 39 23 35 38 20 27 45 22 41 22 21 31 64 20
internal_value=7.47463e-12 -6.03115e-05 0.000221597 -0.000179599 -5.03415e-05 0.000328536 -0.000393437 0.00150727 -0.000520295 -0.00128765 -4.76533e-07 -9.9391e-05 0.00037135 1.30524e-05
internal_weight=900 861 256 605 233 129 80 49 104 42 62 567 115 84
internal_count=900 861 256 605 233 129 80 49 104 42 62 567 115 84
is_linear=0
shrinkage=0.05


Tree=46
num_leaves=15
num_cat=0
split_feature=4 1 4 4 4 4 3 3 4 4 3 3 4 1
split_gain=0.0262569 0.0146224 0.0197505 0.0309716 0.0183152 0.0175686 0.00883507 0.0122707 0.0112049 0.01816 0.013092 0.00645553 0.00970231 0.0107633
threshold=9.8485175700693528 90.083909506961575 6.9763654858956583 4.9111893214203226 2.7265766983581377 4.3414905995122952 1017.3130137117213 1016.3045490295575 2.6581558417146889 3.538065862823458 1007.3651711306603 1011.9128159501423 1.2821160075572455 42.058133229472027
decision_type=2 2 2 2 2 2 2 2 2 2 2 2 2 2
left_child=1 2 3 5 -3 6 7 8 11 10 -10 -1 13 -13
right_child=-2 4 -4 -5 -6 -7 -8 -9 9 -11 -12 12 -14 -15
leaf_value=-0.00022678724263647766 0.001747249257529066 5.7876986850585258e-05 -0.0016081428598789943 0.0014451267646632695 0.0019546190608525651 -0.0014802266438694103 0.000749179964787477 -0.00097540184274877016 0.00043742026695433792 -0.00042762145716031751 0.0020496096846181902 -0.00096522404765710243 0.00092969478423583502 0.00025820454743552546
leaf_weight=467 21 35 21 33 20 23 31 39 34 35 20 25 32 64
leaf_count=467 21 35 21 33 20 23 31 39 34 35 20 25 32 64
internal_value=-3.27418e-14 -4.17432e-05 -9.443e-05 -5.48435e-05 0.000747601 -0.000119128 -7.72199e-05 -0.000113 -6.33193e-05 0.000459525 0.00103453 -0.000142457 0.000183014 -8.54552e-05
internal_weight=900 879 824 803 55 770 747 716 677 89 54 588 121 89
internal_count=900 879 824 803 55 770 747 716 677 89 54 588 121 89
is_linear=0
shrinkage=0.05


Tree=47
num_leaves=15
num_cat=0
split_feature=4 1 1 1 2 2 1 3 4 1 4 4 2 4
split_gain=0.0251251 0.00970951 0.0681907 0.0211209 0.0150886 0.0402612 0.0243777 0.0146237 0.0215636 0.0154902 0.0130249 0.0107741 0.0145558 0.02528
threshold=7.861996547704293 74.135102744677667 75.898618032126834 71.263017862461695 30.85409635393939 27.737718454459397 84.79808289048772 1005.8901391606374 1.8268787159851407 88.386966977891646 2.8353736067721433 1.8045526694237335 20.996743618843606 3.1809172837113908
decision_type=2 2 2 2 2 2 2 2 2 2 2 2 2 2
left_child=1 3 -3 11 5 6 -4 8 -6 -9 -8 -1 -13 -14
right_child=-2 2 4 -5 7 -7 10 9 -10 -11 -12 12 13 -15
leaf_value=-0.00019890539696486073 0.0012412852941988371 0.0027992233871887238 -0.0010496118344070222 -0.0013066109018645398 -3.4743295400403441e-05 0.001947070138051239 -4.5276803171469109e-05 0.00055099189590558726 -0.0023031919982961636 -0.0011189196502701157 0.0015461465739645065 0.0012691103027112063 0.00048630074840048113 -0.0015502411103807392
leaf_weight=452 39 23 44 38 20 29 36 41 22 21 20 31 64 20
leaf_count=452 39 23 44 38 20 29 36 41 22 21 20 31 64 20
internal_value=9.05351e-13 -5.62255e-05 0.000201896 -0.000165447 -5.44921e-05 0.000306784 -0.0001689 -0.000502613 -0.00122298 -1.46233e-05 0.000523089 -8.89672e-05 0.000343138 1.40983e-06
internal_weight=900 861 256 605 233 129 100 104 42 62 56 567 115 84
internal_count=900 861 256 605 233 129 100 104 42 62 56 567 115 84
is_linear=0
shrinkage=0.05


Tree=48
num_leaves=15
num_cat=0
split_feature=4 1 1 1 3 4 4 4 3 1 4 2 4 0
split_gain=0.0226754 0.00876283 0.0615421 0.0190616 0.0139123 0.0173305 0.0176969 0.0164814 0.0129623 0.0113981 0.00972363 0.0131366 0.0228152 0.0069301
threshold=7.861996547704293 74.135102744677667 75.898618032126834 71.263017862461695 1010.3264054535676 4.5005400117549756 3.0709881654906925 3.538065862823458 1003.6453943462101 87.129173487090313 1.8045526694237335 20.996743618843606 3.1809172837113908 108.00000000000001
decision_type=2 2 2 2 2 2 2 2 2 2 2 2 2 2
left_child=1 3 -3 10 5 6 8 -6 -4 -10 -1 -12 13 -13
right_child=-2 2 4 -5 7 -7 -8 -9 9 -11 11 12 -14 -15
leaf_value=-0.00018896012889991148 0.0011792210885920586 0.002659262204432035 0.00015282797624954498 -0.0012412804018056608 9.5347485122536973e-07 -0.0015371409084182234 0.0010952608883380891 0.0015449493899941445 -0.0016925849232043569 -0.00016454892718921539 0.0012056547442391035 0.00081276857937072333 -0.001472729018132668 -0.00030973653832916176
leaf_weight=452 39 23 53 38 56 25 25 25 26 23 31 44 20 20
leaf_count=452 39 23 53 38 56 25 25 25 26 23 31 44 20 20
internal_value=1.45802e-12 -5.34142e-05 0.000191802 -0.000157175 -5.17675e-05 -0.000333809 -9.69325e-05 0.000477495 -0.000389137 -0.000975344 -8.45188e-05 0.000325981 1.33936e-06 0.000461986
internal_weight=900 861 256 605 233 152 127 81 102 49 567 115 84 64
internal_count=900 861 256 605 233 152 127 81 102 49 567 115 84 64
is_linear=0
shrinkage=0.05


Tree=49
num_leaves=15
num_cat=0
split_feature=1 4 3 1 1 4 1 3 2 4 4 3 4 2
split_gain=0.0222559 0.0875391 0.00790668 0.0310158 0.0283541 0.0225905 0.0153533 0.0470155 0.018508 0.0400334 0.0303458 0.0146539 0.0128061 0.00934853
threshold=92.876226084456235 8.1834785013069737 1014.8414900521634 83.305513357680169 70.407679998011346 1.0806061139000382 84.79808289048772 1009.7314531972211 37.510652381954074 2.6581558417146889 4.3414905995122952 1000.0271612520395 2.2836007244741872 35.294241309358988
decision_type=2 2 2 2 2 2 2 2 2 2 2 2 2 2
left_child=1 2 6 4 5 -4 8 11 10 -10 13 -8 -13 -1
right_child=-2 -3 3 -5 -6 -7 7 -9 9 -11 -12 12 -14 -15
leaf_value=-1.5890625718649402e-05 -0.0016086285673303621 0.0026928530509273212 4.9960172429819706e-05 -0.0021765000364255336 0.0016210740058158991 -0.0018064610205170619 0.001062282765924465 0.0024609444774687291 4.3854476540549186e-05 0.0024735039374111996 -0.0015459301309863058 0.00030285698088371887 -0.0013319466175744311 -0.00069222814947414891
leaf_weight=429 21 30 57 21 20 23 20 25 88 21 39 23 25 58
leaf_count=429 21 30 57 21 20 23 20 25 88 21 39 23 25 58
internal_value=1.19978e-13 3.84314e-05 -5.53644e-05 -0.000429635 -6.27939e-05 -0.000483761 6.84272e-06 0.000606842 -8.10312e-05 0.000511952 -0.000203912 -7.48132e-05 -0.000548603 -9.64401e-05
internal_weight=900 879 849 121 100 80 728 93 635 109 526 68 48 487
internal_count=900 879 849 121 100 80 728 93 635 109 526 68 48 487
is_linear=0
shrinkage=0.05


Tree=50
num_leaves=15
num_cat=0
split_feature=1 4 2 4 4 1 2 4 1 4 1 0 4 3
split_gain=0.0200859 0.0790041 0.00717631 0.0476818 0.0256534 0.013517 0.0300215 0.0260289 0.0116894 0.00653434 0.00640702 0.00710155 0.00784909 0.00548554
threshold=92.876226084456235 8.1834785013069737 23.817362620769469 4.9111893214203226 4.2985407071778674 86.34672108678744 31.291811236846609 3.9602453863187841 36.677220288961884 3.0196471196633605 82.272618747160138 18.000000000000004 0.80479500440885332 1006.8573446401723
decision_type=2 2 2 2 2 2 2 2 2 2 2 2 2 2
left_child=1 2 4 5 8 7 -7 9 -1 10 11 12 -4 -10
right_child=-2 -3 3 -5 -6 6 -8 -9 13 -11 -12 -13 -14 -15
leaf_value=0.00089062656446073493 -0.0015281970457484326 0.0025582103369136654 -0.00010321901384930581 0.0018907445416323646 -0.0017938141310587527 0.002222460901248269 -0.00023254309040070937 -0.001655832184392407 -0.00046330853130774785 0.00072691613389179108 -0.00082243007456217422 3.6849182041009958e-05 -0.0012037016343898498 5.0612718908443182e-05
leaf_weight=26 21 30 43 33 25 20 33 27 116 25 29 352 26 94
leaf_count=26 21 30 43 33 25 20 33 27 116 25 29 352 26 94
internal_value=-4.88591e-12 3.65098e-05 -5.25962e-05 4.42535e-05 -0.000270786 -6.55378e-05 0.000693874 -0.000145715 -0.000109449 -5.98765e-05 -0.000103587 -5.40707e-05 -0.000517894 -0.000233268
internal_weight=900 879 849 588 261 555 53 502 236 475 450 421 69 210
internal_count=900 879 849 588 261 555 53 502 236 475 450 421 69 210
is_linear=0
shrinkage=0.05


Tree=51
num_leaves=15
num_cat=0
split_feature=1 4 3 1 3 4 2 4 4 0 1 4 4 4
split_gain=0.0181275 0.0713012 0.00709234 0.0278746 0.0140604 0.0136381 0.0397181 0.0133525 0.0276966 0.0101891 0.0130272 0.010158 0.00789996 0.0111529
threshold=92.876226084456235 8.1834785013069737 1014.8414900521634 82.978950779294209 1014.0525268731398 4.9111893214203226 29.295444266124161 4.3414905995122952 3.7821974717181077 60.000000000000007 52.206536871517557 0.66139398461420529 3.1809172837113908 2.8593394250516093
decision_type=2 2 2 2 2 2 2 2 2 2 2 2 2 2
left_child=1 2 4 9 5 7 -7 8 12 11 -11 -4 13 -1
right_child=-2 -3 3 -5 -6 6 -8 -9 -10 10 -12 -13 -14 -15
leaf_value=-0.0001204333156139418 -0.0014517872195158685 0.0024302998806039495 6.4770919615747761e-05 -0.0019709425775901132 0.00098671885889156587 -0.00071978581909206698 0.00243133042473346 -0.0012528100312920289 0.001651895448120068 -0.0003623062686529011 0.001236234615610626 -0.0014219410729128868 -0.0010048030254741511 0.0010811184899648652
leaf_weight=562 21 30 27 23 35 20 20 24 23 25 26 20 24 20
leaf_count=562 21 30 27 23 35 20 20 24 23 25 26 20 24 20
internal_value=3.03034e-12 3.46843e-05 -4.99664e-05 -0.00040444 8.95025e-06 -4.0432e-05 0.000855772 -9.53297e-05 -5.11651e-05 -3.67915e-05 0.000452636 -0.000567872 -0.000115803 -7.91429e-05
internal_weight=900 879 849 121 728 693 40 653 629 98 51 47 606 582
internal_count=900 879 849 121 728 693 40 653 629 98 51 47 606 582
is_linear=0
shrinkage=0.05


Tree=52
num_leaves=15
num_cat=0
split_feature=1 4 3 4 2 4 4 4 3 1 2 4 4 1
split_gain=0.0163601 0.0643493 0.00668882 0.0167655 0.0572594 0.0164958 0.0130765 0.0112426 0.00638603 0.0120776 0.0109503 0.00712971 0.0100655 0.00617043
threshold=92.876226084456235 8.1834785013069737 1016.3045490295575 4.9111893214203226 27.019122394584688 1.3259048568550169 4.2985407071778674 3.7821974717181077 1014.0525268731398 43.402925299043609 32.403111088036233 3.1809172837113908 2.8593394250516093 32.384298027188883
decision_type=2 2 2 2 2 2 2 2 2 2 2 2 2 2
left_child=1 2 3 6 -5 -4 7 8 11 -10 -11 12 13 -1
right_child=-2 -3 5 4 -6 -7 -8 -9 9 10 -12 -13 -14 -15
leaf_value=0.00067000157699415768 -0.0013791978488110804 0.0023087848722934726 -2.0568126006456056e-05 -0.00097386004192577232 0.0026012080864650975 -0.0016492569099434398 -0.0011211745823467417 0.0010219577816314995 -0.00060884280329836279 0.00017702609282943223 0.0016874263988852147 -0.00095456276612821973 0.0010270625798148103 -0.00014940406601934121
leaf_weight=24 21 30 53 21 24 22 28 25 21 28 21 24 20 538
leaf_count=24 21 30 53 21 24 22 28 25 21 28 21 24 20 538
internal_value=-3.09228e-13 3.29501e-05 -4.74681e-05 -3.78117e-06 0.000932843 -0.000498317 -6.15975e-05 -1.92749e-05 -5.7782e-05 0.000394386 0.000824341 -0.000110013 -7.51857e-05 -0.000114412
internal_weight=900 879 849 774 45 75 729 701 676 70 49 606 582 562
internal_count=900 879 849 774 45 75 729 701 676 70 49 606 582 562
is_linear=0
shrinkage=0.05


Tree=53
num_leaves=15
num_cat=0
split_feature=0 4 4 3 3 1 1 4 3 4 4 4 3 3
split_gain=0.0160684 0.0638235 0.034885 0.0133102 0.0165216 0.0155403 0.0279278 0.0160347 0.0126534 0.0407887 0.0212872 0.0138111 0.00956834 0.0106828
threshold=60.000000000000007 7.2712576105691307 6.9763654858956583 1000.0621955858936 1001.2851968824616 74.504171167434791 65.221104859715794 1.6098963212172401 1007.9767201231975 1.7825903622641224 1.7194452901376411 1.1834574601562753 1002.7012569219957 1004.1359337045157
decision_type=2 2 2 2 2 2 2 2 2 2 2 2 2 2
left_child=2 3 8 5 -5 6 7 -2 10 11 -1 -10 -6 -14
right_child=1 -3 -4 4 12 -7 -8 -9 9 -11 -12 -13 13 -15
leaf_value=-0.00015738354974251963 -5.3030572053103243e-05 0.0027766425243538361 -0.0022529133688658476 -0.0013698537723900266 0.0010768623568583279 0.0015350184116202097 -0.0013972927322902253 0.00181576642842794 3.8988568049832575e-05 0.0018453425160729357 -0.0014634282611360825 -0.0013644161363481544 -0.0010208236764391097 4.159684223034366e-05
leaf_weight=199 24 23 20 23 20 30 20 22 142 31 37 20 26 263
leaf_count=199 24 23 20 23 20 30 20 22 142 31 37 20 26 263
internal_value=2.74112e-13 0.0002108 -0.000211739 7.29159e-05 -7.70206e-05 0.000591446 0.00016255 0.000840742 -0.000116579 0.000183698 -0.000362145 -0.000134271 1.92097e-05 -5.39842e-05
internal_weight=900 451 449 428 332 96 66 46 429 193 236 162 309 289
internal_count=900 451 449 428 332 96 66 46 429 193 236 162 309 289
is_linear=0
shrinkage=0.05


Tree=54
num_leaves=15
num_cat=0
split_feature=2 4 4 1 3 2 3 4 4 4 4 2 3 3
split_gain=0.014924 0.112988 0.0452676 0.0177649 0.0400095 0.0337448 0.0345863 0.0313667 0.0305296 0.0141219 0.00885098 0.00884059 0.0082338 0.0113507
threshold=34.773370696709868 8.1834785013069737 4.8194869600320009 74.504171167434791 997.89566484642467 20.4924294660002 1007.7755056907043 3.1666125351189192 2.6243740278785257 2.2326119269539113 2.8000949629089811 17.779582679965596 1009.2146611503068 1007.6370300791745
decision_type=2 2 2 2 2 2 2 2 2 2 2 2 2 2
left_child=1 3 12 7 -5 11 10 9 -8 -1 -7 -6 13 -2
right_child=2 -3 -4 4 5 6 8 -9 -10 -11 -12 -13 -14 -15
leaf_value=-0.00014338087300494706 -8.1102534434313912e-05 0.0035701882903990539 -0.0026058717165142299 0.0024602993324931181 -0.00032241238746792081 0.00019739181952900254 0.00044071700862873144 -0.0016591530945857592 0.0026519651608800307 0.00095243122450483497 -0.0010018932917155326 -0.0017748886018208313 -0.00047170611297669084 0.0011365575564053396
leaf_weight=362 114 23 20 21 20 40 37 33 27 32 25 22 101 23
leaf_count=362 114 23 20 21 20 40 37 33 27 32 25 22 101 23
internal_value=3.32147e-12 0.000129073 -0.000321181 1.2121e-06 0.000400669 0.000147732 0.000548511 -0.000178403 0.00137359 -5.43809e-05 -0.000263872 -0.00108323 -0.00012919 0.000123322
internal_weight=900 642 258 619 192 171 129 427 64 394 65 42 238 137
internal_count=900 642 258 619 192 171 129 427 64 394 65 42 238 137
is_linear=0
shrinkage=0.05


Tree=55
num_leaves=15
num_cat=0
split_feature=1 4 3 4 1 3 2 1 4 2 2 2 0 4
split_gain=0.0145314 0.0505744 0.00633993 0.026071 0.0121541 0.0413223 0.0161342 0.030449 0.0220726 0.0269916 0.0134272 0.00786278 0.00850705 0.00708866
threshold=92.876226084456235 8.1834785013069737 1014.8414900521634 2.5403891221048802 84.79808289048772 1009.7314531972211 40.059644638775687 62.405967945251163 4.3414905995122952 27.019122394584688 31.354430240766366 35.656624021763356 60.000000000000007 2.8353736067721433
decision_type=2 2 2 2 2 2 2 2 2 2 2 2 2 2
left_child=1 2 4 11 6 10 8 -8 13 -10 -6 12 -4 -1
right_child=-2 -3 3 -5 5 -7 7 -9 9 -11 -12 -13 -14 -15
leaf_value=-0.00011161149926270813 -0.001299832461379646 0.0020486492477357391 -0.00026800492451889668 -0.0019769553449891864 0.00053452818894201258 0.0022875268189236522 -0.00046324551609965665 0.0020300816698945712 -0.0025681769894436001 2.9494387563318016e-05 -0.00088049913310290617 -0.00080697763198986664 0.00080168697364998108 0.00049692549564840519
leaf_weight=493 21 30 41 21 38 25 24 25 20 20 30 25 34 53
leaf_count=493 21 30 41 21 38 25 24 25 20 20 30 25 34 53
internal_value=-5.54064e-12 3.1054e-05 -4.02391e-05 -0.000375383 1.54648e-05 0.000549304 -6.27196e-05 0.00080886 -0.000135599 -0.00126934 -8.97486e-05 -3.90529e-05 0.000216922 -5.25411e-05
internal_weight=900 879 849 121 728 93 635 49 586 40 68 100 75 546
internal_count=900 879 849 121 728 93 635 49 586 40 68 100 75 546
is_linear=0
shrinkage=0.05


Tree=56
num_leaves=15
num_cat=0
split_feature=0 4 4 3 3 1 1 4 3 4 1 4 4 4
split_gain=0.0141361 0.0507593 0.0355051 0.01193 0.0144386 0.0126929 0.0244872 0.0144948 0.0113705 0.0357966 0.019925 0.0416176 0.0184281 0.0124713
threshold=60.000000000000007 7.2712576105691307 6.9763654858956583 1000.0621955858936 1001.2851968824616 74.504171167434791 65.221104859715794 1.6098963212172401 1007.9767201231975 1.7825903622641224 75.20286472010072 1.9354932336780462 1.5181004483280993 1.1265977311261259
decision_type=2 2 2 2 2 2 2 2 2 2 2 2 2 2
left_child=2 3 8 5 -5 6 7 -2 10 13 12 -12 -1 -10
right_child=1 -3 -4 4 -6 -7 -8 -9 9 -11 11 -13 -14 -15
leaf_value=-0.0002447162684927439 -3.6683286195208592e-05 0.0024859373822160389 -0.0022578355204313995 -0.0012757867098907416 2.2763612434991544e-05 0.001418422666999201 -0.0012825531017733739 0.0017401158079420301 6.2628294600478694e-05 0.0017386923224905566 -0.00012222128840221557 -0.0027914447491639294 0.0013691699237097057 -0.0011943043933411979
leaf_weight=153 24 23 20 23 309 30 20 22 139 31 40 23 20 23
leaf_count=153 24 23 20 23 309 30 20 22 139 31 40 23 20 23
internal_value=7.83984e-13 0.000197719 -0.0001986 7.47538e-05 -6.71962e-05 0.000565664 0.000178047 0.00081309 -0.000102598 0.000182051 -0.000335383 -0.0010967 -5.81398e-05 -0.000115825
internal_weight=900 451 449 428 332 96 66 46 429 193 236 63 173 162
internal_count=900 451 449 428 332 96 66 46 429 193 236 63 173 162
is_linear=0
shrinkage=0.05


Tree=57
num_leaves=15
num_cat=0
split_feature=2 4 4 1 2 4 4 2 4 0 4 3 3 2
split_gain=0.0134689 0.093788 0.0428642 0.015798 0.0362273 0.0271254 0.0197397 0.0156958 0.0152987 0.0152683 0.0122543 0.00760924 0.0102049 0.0089722
threshold=34.773370696709868 8.1834785013069737 4.8194869600320009 74.504171167434791 25.48944779384713 3.1666125351189192 1.7725452336550207 31.960600742682356 4.1175945661224578 60.000000000000007 2.3877157905223969 1009.2146611503068 1007.6370300791745 38.593289501214734
decision_type=2 2 2 2 2 2 2 2 2 2 2 2 2 2
left_child=1 3 11 5 8 10 -6 -8 9 -5 -1 12 -2 -13
right_child=2 -3 -4 4 6 -7 7 -9 -10 -11 -12 13 -14 -15
leaf_value=-0.00011893843919736084 -6.938246859997315e-05 0.0032577624463516735 -0.0025283346511423589 -0.00060439515707912507 0.00014391531436465298 -0.0015402558712980174 0.00097679267587409409 0.0026160162104212721 -0.0014944368433630602 0.00091794392553440829 0.0010469464071017379 -0.00090502887680766163 0.0010851806470031 3.790331966414744e-05
leaf_weight=370 114 23 20 40 39 33 40 23 22 28 24 52 23 49
leaf_count=370 114 23 20 40 39 33 40 23 22 28 24 52 23 49
internal_value=-4.99919e-12 0.000122619 -0.000305122 6.12736e-06 0.000382822 -0.000163253 0.00102797 0.00157524 -0.000348344 2.24503e-05 -4.79201e-05 -0.000118297 0.000124449 -0.000447567
internal_weight=900 642 258 619 192 427 102 63 90 68 394 238 137 101
internal_count=900 642 258 619 192 427 102 63 90 68 394 238 137 101
is_linear=0
shrinkage=0.05


Tree=58
num_leaves=15
num_cat=0
split_feature=1 4 3 4 2 4 4 4 3 1 2 1 4 1
split_gain=0.0127301 0.0399122 0.00592945 0.0178524 0.0449406 0.0157243 0.0112056 0.00800246 0.00560369 0.0105489 0.00929842 0.00645727 0.011374 0.00554013
threshold=92.876226084456235 8.1834785013069737 1016.3045490295575 4.9111893214203226 27.019122394584688 1.3259048568550169 4.3414905995122952 3.7821974717181077 1014.0525268731398 43.402925299043609 32.403111088036233 36.14731417722745 1.3408582352457123 38.204471975019914
decision_type=2 2 2 2 2 2 2 2 2 2 2 2 2 2
left_child=1 2 3 6 -5 -4 7 8 11 -10 -11 12 -1 -13
right_child=-2 -3 5 4 -6 -7 -8 -9 9 10 -12 13 -14 -15
leaf_value=-6.8377272327779792e-05 -0.0012166062089991533 0.0018214117176830768 7.6890034043177403e-06 -0.00071581967973283363 0.0024514152173651382 -0.0015824570553377272 -0.0010930512594059109 0.00081244799782455497 -0.00056418980183523329 0.00017873089652441974 0.0015705536955682052 -0.00097412815783172848 0.0013267710200688314 -0.00012600913242227338
leaf_weight=48 21 30 53 21 24 22 25 28 21 28 21 20 21 517
leaf_count=48 21 30 53 21 24 22 25 28 21 28 21 20 21 517
internal_value=2.33629e-12 2.90657e-05 -3.42681e-05 6.86424e-06 0.000973372 -0.000458754 -5.27968e-05 -1.58559e-05 -5.01643e-05 0.000373402 0.000775226 -9.90911e-05 0.000356233 -0.000157596
internal_weight=900 879 849 774 45 75 729 704 676 70 49 606 69 537
internal_count=900 879 849 774 45 75 729 704 676 70 49 606 69 537
is_linear=0
shrinkage=0.05


Tree=59
num_leaves=15
num_cat=0
split_feature=2 4 4 1 3 2 3 4 1 4 2 4 2 2
split_gain=0.0123847 0.0794863 0.0413848 0.0140838 0.0347426 0.0270806 0.0296798 0.0259847 0.025452 0.00866571 0.00766423 0.00755762 0.0111627 0.0133623
threshold=34.773370696709868 8.1834785013069737 4.8194869600320009 74.504171167434791 997.89566484642467 20.4924294660002 1007.7755056907043 2.6243740278785257 71.263017862461695 2.8000949629089811 17.779582679965596 1.8045526694237335 28.844012742672081 18.412341196098559
decision_type=2 2 2 2 2 2 2 2 2 2 2 2 2 2
left_child=1 3 -2 8 -5 10 9 -8 11 -7 -6 -1 13 -13
right_child=2 -3 -4 4 5 6 7 -9 -10 -11 -12 12 -14 -15
leaf_value=-0.00015392343788956666 -0.00010901057082394669 0.0030038036810963054 -0.002477092118933797 0.002285290858708322 -0.00026403267693240199 0.00019319075085149964 0.00039301544138406583 0.0024330451687866895 -0.0015538624549905459 -0.0009934755919966847 -0.0016164242550571958 -0.0002890569576993585 -0.00054468278489682993 0.0013076248641290908
leaf_weight=316 238 23 20 21 20 40 37 27 30 25 22 20 23 38
leaf_count=316 238 23 20 21 20 40 37 27 30 25 22 20 23 38
internal_value=4.83043e-14 0.00011758 -0.000292583 1.03374e-05 0.000366009 0.000130307 0.000489337 0.00125365 -0.00014959 -0.000263219 -0.000972428 -4.34733e-05 0.000387419 0.000757045
internal_weight=900 642 258 619 192 171 129 64 427 65 42 397 81 58
internal_count=900 642 258 619 192 171 129 64 427 65 42 397 81 58
is_linear=0
shrinkage=0.05


Tree=60
num_leaves=15
num_cat=0
split_feature=4 4 1 3 3 4 4 3 4 4 3 4 0 3
split_gain=0.0126703 0.0271956 0.010527 0.00832899 0.016288 0.0343594 0.0151534 0.0137665 0.0233459 0.0203362 0.0123914 0.00915089 0.00755114 0.00655136
threshold=9.1868740683048422 6.5575095632409122 92.525245747634912 1017.3130137117213 1014.8414900521634 1.0806061139000382 4.9111893214203226 1007.3651711306603 2.8754344465698476 4.1426192520094798 1004.5109910979357 0.58682090419341948 60.000000000000007 996.38515768524064
decision_type=2 2 2 2 2 2 2 2 2 2 2 2 2 2
left_child=1 2 3 4 6 -6 7 9 -9 10 13 -12 -13 -1
right_child=-2 -3 -4 -5 5 -7 -8 8 -10 -11 11 12 -14 -15
leaf_value=-0.00060937033613791343 -0.0010667630505782587 0.001810546416700596 0.0010214960280184946 0.0007633377908683953 0.00016729209707288346 -0.001845178472821748 0.0011466384582620645 5.5929428167533925e-05 0.0014264620250388463 -0.0017343257447161404 0.00012675920621000439 -0.0016500273123383523 -0.00054229996728281547 0.00010008054327853543
leaf_weight=37 27 21 24 31 48 38 28 227 36 21 27 25 40 270
leaf_count=37 27 21 24 31 48 38 28 227 36 21 27 25 40 270
internal_value=-2.36615e-12 3.29927e-05 -1.08203e-05 -4.07425e-05 -7.20179e-05 -0.000721939 6.59425e-06 -4.01426e-05 0.000243531 -0.000217776 -0.000137958 -0.000646959 -0.000968349 1.45767e-05
internal_weight=900 873 852 828 797 86 711 683 263 420 399 92 65 307
internal_count=900 873 852 828 797 86 711 683 263 420 399 92 65 307
is_linear=0
shrinkage=0.05


Tree=61
num_leaves=15
num_cat=0
split_feature=0 4 3 4 1 4 2 4 4 4 1 1 2 2
split_gain=0.0123121 0.0360928 0.026417 0.054041 0.0132709 0.0097885 0.0419529 0.0228502 0.0140749 0.00737065 0.00704615 0.0052251 0.00472944 0.00886682
threshold=18.000000000000004 8.1834785013069737 1007.9767201231975 1.2422771208517098 72.73972055739425 4.0012701610456833 27.737718454459397 4.9994113812724343 3.2047521470020111 2.8593394250516093 56.110006339807214 32.384298027188883 40.059644638775687 40.857471937493592
decision_type=2 2 2 2 2 2 2 2 2 2 2 2 2 2
left_child=2 5 3 10 -4 8 -7 -8 9 11 -1 -2 -13 -14
right_child=1 -3 4 -5 -6 6 7 -9 -10 -11 -12 12 13 -15
leaf_value=-0.0008976329423603602 0.00069895121547312519 0.0018072701284083826 -0.00021258346360637743 -0.0032894927263259891 0.0013611218648120053 -0.000692657360699601 0.00055916281461787336 0.0028071395540609956 -0.0010628579568247281 0.00080480213208055068 0.00024351186453244619 -0.00011239773753959179 0.0011737909040502497 -0.00021985742310062052
leaf_weight=24 23 29 37 20 21 39 26 20 33 27 31 524 21 25
leaf_count=24 23 29 37 20 21 39 26 20 33 27 31 524 21 25
internal_value=-3.92619e-12 7.70094e-05 -0.000444107 -0.00106379 0.000357206 9.01812e-06 0.000513734 0.00153654 -5.668e-05 -3.12533e-06 -0.000254442 -3.99112e-05 -6.9725e-05 0.000416373
internal_weight=900 767 133 75 58 738 85 46 653 620 55 593 570 46
internal_count=900 767 133 75 58 738 85 46 653 620 55 593 570 46
is_linear=0
shrinkage=0.05


Tree=62
num_leaves=15
num_cat=0
split_feature=4 4 1 3 3 4 4 3 4 4 1 3 4 1
split_gain=0.0128583 0.0224255 0.00921636 0.00744962 0.0151363 0.0311971 0.0132004 0.0118461 0.0208726 0.0185654 0.0122886 0.01636 0.0123356 0.00635418
threshold=9.1868740683048422 6.5575095632409122 92.525245747634912 1017.3130137117213 1014.8414900521634 1.0806061139000382 4.9111893214203226 1007.3651711306603 2.8754344465698476 4.1426192520094798 87.694149928972493 1004.5109910979357 0.72575362533326471 36.677220288961884
decision_type=2 2 2 2 2 2 2 2 2 2 2 2 2 2
left_child=1 2 3 4 6 -6 7 9 -9 10 11 13 -13 -1
right_child=-2 -3 -4 -5 5 -7 -8 8 -10 -11 -12 12 -14 -15
leaf_value=0.00066360678230862951 -0.0010746467927539791 0.0016473859792486543 0.00095936716582703725 0.00072590284983767382 0.00015667653942728066 -0.0017609485409737222 0.0010757014163703259 5.379442403872245e-05 0.0013496952577649306 -0.0016457623985063818 0.00093052287660471984 -3.9765279948231625e-05 -0.0012711782653635931 -9.434205670117991e-05
leaf_weight=31 27 21 24 31 48 38 28 227 36 21 26 33 53 256
leaf_count=31 27 21 24 31 48 38 28 227 36 21 26 33 53 256
internal_value=9.68309e-13 3.32365e-05 -6.54887e-06 -3.45464e-05 -6.41248e-05 -0.000690646 1.1657e-05 -3.19641e-05 0.00023118 -0.000196743 -0.000120478 -0.000193738 -0.000798659 -1.2473e-05
internal_weight=900 873 852 828 797 86 711 683 263 420 399 373 86 287
internal_count=900 873 852 828 797 86 711 683 263 420 399 373 86 287
is_linear=0
shrinkage=0.05


Tree=63
num_leaves=15
num_cat=0
split_feature=1 4 4 4 3 4 4 2 2 4 1 2 2 4
split_gain=0.0128297 0.0315422 0.00587963 0.0180859 0.0264107 0.0168891 0.00371756 0.0117281 0.019443 0.00691217 0.00392244 0.00447767 0.0103811 0.00913404
threshold=92.876226084456235 8.1834785013069737 5.1916038901268307 4.0012701610456833 1002.1119215989321 3.538065862823458 2.4004905931365319 28.844012742672081 20.582481848148408 2.2341875919116956 87.846394719459241 29.036315719122932 25.982148190925994 0.75138936912814691
decision_type=2 2 2 2 2 2 2 2 2 2 2 2 2 2
left_child=1 2 3 5 -5 6 9 8 -8 10 11 12 -1 -14
right_child=-2 -3 -4 4 -6 -7 7 -9 -10 -11 -12 -13 13 -15
leaf_value=-6.8957820254942267e-05 -0.0012213550157390448 0.0016225411059955755 -0.00062677830589027744 -0.00041526398601253396 0.0018060110945953057 -0.0014956190079828957 -0.00016896848612139533 -0.00029799787193634229 0.001958019115097289 -0.00097903695423156027 0.00045756040260465326 6.0576465724676202e-05 -0.0001040241329147565 -0.001465456923740151
leaf_weight=222 21 30 39 23 32 20 22 43 21 20 38 319 22 28
leaf_count=222 21 30 39 23 32 20 22 43 21 20 38 319 22 28
internal_value=1.3699e-12 2.91791e-05 -2.71234e-05 1.74886e-06 0.000877114 -6.20195e-05 -2.301e-05 0.000285898 0.000869793 -6.39438e-05 -3.4847e-05 -6.65077e-05 -0.000215551 -0.000866426
internal_weight=900 879 849 810 55 755 735 86 43 649 629 591 272 50
internal_count=900 879 849 810 55 755 735 86 43 649 629 591 272 50
is_linear=0
shrinkage=0.05


Tree=64
num_leaves=15
num_cat=0
split_feature=4 4 1 3 3 4 4 3 4 4 4 4 2 4
split_gain=0.0131373 0.0201648 0.00903503 0.00660872 0.013908 0.028318 0.0123541 0.0107706 0.00872731 0.0115225 0.00638997 0.00889064 0.00582288 0.00835211
threshold=9.1868740683048422 6.5575095632409122 92.525245747634912 1017.3130137117213 1014.8414900521634 1.0806061139000382 4.9111893214203226 1014.0525268731398 4.3414905995122952 3.7821974717181077 3.1809172837113908 2.6581558417146889 20.36536658438396 1.9117739992166298
decision_type=2 2 2 2 2 2 2 2 2 2 2 2 2 2
left_child=1 2 3 4 6 -6 7 8 9 10 11 12 -1 -14
right_child=-2 -3 -4 -5 5 -7 -8 -9 -10 -11 -12 -13 13 -15
leaf_value=0.00023150982410192634 -0.0010862421175396001 0.0015642224799930341 0.00095223516788488878 0.00068439313862097249 0.00014700452711622348 -0.0016799950476668432 0.0010423005142781352 0.00082507649004193292 -0.0010110556589400708 0.0010844978630881418 -0.00087993023007584272 0.00072508566480662152 -9.0196222587635513e-05 -0.00072117091879844058
leaf_weight=108 27 21 24 31 48 38 28 35 24 22 24 35 374 61
leaf_count=108 27 21 24 31 48 38 28 35 24 22 24 35 374 61
internal_value=1.00287e-12 3.35951e-05 -4.13161e-06 -3.18524e-05 -5.97114e-05 -0.000660274 1.29306e-05 -2.92691e-05 -7.54143e-05 -3.94281e-05 -8.05018e-05 -4.73075e-05 -9.70935e-05 -0.000178678
internal_weight=900 873 852 828 797 86 711 683 648 624 602 578 543 435
internal_count=900 873 852 828 797 86 711 683 648 624 602 578 543 435
is_linear=0
shrinkage=0.05


Tree=65
num_leaves=15
num_cat=0
split_feature=1 4 4 4 3 4 3 4 4 3 3 2 1 1
split_gain=0.0122479 0.0294921 0.00630715 0.0164411 0.024182 0.0152344 0.00371944 0.00443584 0.0100413 0.0139758 0.0307793 0.0078607 0.00739776 0.00539476
threshold=92.876226084456235 8.1834785013069737 5.1916038901268307 4.0012701610456833 1002.1119215989321 3.538065862823458 996.38515768524064 1.6098963212172401 1.8601267924007339 1002.7012569219957 1007.3651711306603 36.779802607282782 70.496674727190495 69.422057801692716
decision_type=2 2 2 2 2 2 2 2 2 2 2 2 2 2
left_child=1 2 3 5 -5 6 -1 -8 -9 13 -11 12 -12 -10
right_child=-2 -3 -4 4 -6 -7 7 8 9 10 11 -13 -14 -15
leaf_value=-0.00051540279022346022 -0.0011933384389738507 0.0015692214791973432 -0.00064700552984737819 -0.00039806426806456366 0.0017274235622608105 -0.00141839241492562 -7.065232073874058e-05 0.0010357518124604417 0.0013606740458106453 -0.001358126429768163 -4.1447423282079402e-05 -0.00042247177281586285 0.0011919677385219163 0.00025338800359432672
leaf_weight=36 21 30 39 23 32 20 511 31 22 40 20 22 31 22
leaf_count=36 21 30 39 23 32 20 511 31 22 40 20 22 31 22
internal_value=-9.0525e-13 2.85098e-05 -2.59323e-05 3.97121e-06 0.000838583 -5.68283e-05 -1.9779e-05 5.74671e-06 0.000213406 5.10317e-05 -0.00024334 0.000367502 0.000708276 0.000807031
internal_weight=900 879 849 810 55 755 735 699 188 157 113 73 51 44
internal_count=900 879 849 810 55 755 735 699 188 157 113 73 51 44
is_linear=0
shrinkage=0.05


Tree=66
num_leaves=15
num_cat=0
split_feature=4 4 1 3 3 4 4 3 4 4 1 3 4 3
split_gain=0.013351 0.0181671 0.00895902 0.00587218 0.0138656 0.0252726 0.0115916 0.00964661 0.016937 0.016882 0.0108423 0.0140494 0.0105441 0.0060341
threshold=9.1868740683048422 6.5575095632409122 92.525245747634912 1017.2355526913584 1014.8414900521634 1.0806061139000382 4.9111893214203226 1007.3651711306603 4.1426192520094798 2.8754344465698476 87.694149928972493 1004.5109910979357 0.58682090419341948 1009.2146611503068
decision_type=2 2 2 2 2 2 2 2 2 2 2 2 2 2
left_child=1 2 3 4 6 -6 7 8 10 13 11 -1 -13 -9
right_child=-2 -3 -4 -5 5 -7 -8 9 -10 -11 -12 12 -14 -15
leaf_value=-3.2767063985945401e-06 -0.0010950435573856036 0.0014867012599660528 0.00095039371177942176 0.00061391968064366241 0.00013311523934438204 -0.0016180842008907349 0.0010113884545197445 0.00048142113200810854 -0.0015592987992845123 0.0012168011204468914 0.0008847763732774184 0.00013297723245341331 -0.0010862633618850598 -0.00010317427994986286
leaf_weight=287 27 21 24 34 45 38 28 60 21 36 26 25 61 167
leaf_count=287 27 21 24 34 45 38 28 60 21 36 26 25 61 167
internal_value=-3.41911e-12 3.38673e-05 -1.94196e-06 -2.95459e-05 -5.70998e-05 -0.000668639 1.42894e-05 -2.65873e-05 -0.000175284 0.000210875 -0.000102441 -0.000171255 -0.000731833 5.13443e-05
internal_weight=900 873 852 828 794 83 711 683 420 263 399 373 86 227
internal_count=900 873 852 828 794 83 711 683 420 263 399 373 86 227
is_linear=0
shrinkage=0.05


Tree=67
num_leaves=15
num_cat=0
split_feature=4 4 1 1 4 4 1 4 1 1 3 3 4 4
split_gain=0.0120493 0.0163958 0.00808552 0.00574834 0.0244436 0.02007 0.0116253 0.0157087 0.00776539 0.00799744 0.016229 0.024572 0.012803 0.00881204
threshold=9.1868740683048422 6.5575095632409122 92.525245747634912 88.18037283231844 4.9111893214203226 2.2341875919116956 85.756847608786543 4.2985407071778674 84.188493040380138 73.869056830618646 1008.9886845198212 1002.7012569219957 3.1809172837113908 2.3877157905223969
decision_type=2 2 2 2 2 2 2 2 2 2 2 2 2 2
left_child=1 2 3 4 6 -5 7 8 9 12 11 -11 13 -1
right_child=-2 -3 -4 5 -6 -7 -8 -9 -10 10 -12 -13 -14 -15
leaf_value=-8.5757737981391707e-05 -0.001040291379171389 0.0014123662286216305 0.00090287402708781887 0.0002256198898783513 0.0015135314243917284 -0.0017816658905940132 0.00095364983062609101 -0.001432201833952041 -0.00099128141134445145 0.0010582156180728066 0.0011445346386608436 -0.0011140023761739334 -0.0011475760847571548 0.00071284950371026197
leaf_weight=520 27 21 24 33 26 20 28 21 21 23 42 30 27 37
leaf_count=520 27 21 24 33 26 20 28 21 21 23 42 30 27 37
internal_value=-8.21274e-13 3.2174e-05 -1.84486e-06 -2.80686e-05 6.3833e-06 -0.000531846 -4.59343e-05 -8.47531e-05 -4.43296e-05 -1.50424e-05 0.000410414 -0.000171342 -8.4252e-05 -3.27084e-05
internal_weight=900 873 852 828 775 53 749 721 700 679 95 53 584 557
internal_count=900 873 852 828 775 53 749 721 700 679 95 53 584 557
is_linear=0
shrinkage=0.05


Tree=68
num_leaves=15
num_cat=0
split_feature=1 4 4 4 2 4 3 3 2 4 3 3 1 4
split_gain=0.0123405 0.0286503 0.00780637 0.0161774 0.0217874 0.0135876 0.00352127 0.010229 0.00947796 0.0104401 0.00846944 0.00932358 0.00932761 0.0138363
threshold=92.876226084456235 8.1834785013069737 5.1916038901268307 4.0012701610456833 28.844012742672081 3.538065862823458 998.85442797414896 1001.4246969000495 19.90402122100355 1.4656218386844004 1007.2871891923484 1009.2146611503068 73.869056830618646 1.1500462160408631
decision_type=2 2 2 2 2 2 2 2 2 2 2 2 2 2
left_child=1 2 3 5 -5 6 8 -8 -1 -10 -9 -12 13 -13
right_child=-2 -3 -4 4 -6 -7 7 10 9 -11 11 12 -14 -15
leaf_value=0.00062958535367531874 -0.001197844857094987 0.0015471830902000269 -0.00071599890406315141 0.001778395516508869 -0.00021488417136984376 -0.0013379500480368734 0.00051917377186128045 -0.00033464222061873792 -0.00020808964883840152 -0.0014835079462153814 0.00059969556148157426 6.7991441383620022e-05 0.00047376587940901242 -0.00079803372535215168
leaf_weight=23 21 30 39 29 26 20 91 179 68 21 71 148 67 67
leaf_count=23 21 30 39 29 26 20 91 179 68 21 71 148 67 67
internal_value=2.68261e-12 2.86175e-05 -2.50421e-05 8.22618e-06 0.000836118 -5.20838e-05 -1.70942e-05 2.93082e-05 -0.000275208 -0.000509031 -5.44846e-05 8.75784e-05 -4.13589e-05 -0.000201886
internal_weight=900 879 849 810 55 755 735 623 112 89 532 353 282 215
internal_count=900 879 849 810 55 755 735 623 112 89 532 353 282 215
is_linear=0
shrinkage=0.05


Tree=69
num_leaves=15
num_cat=0
split_feature=4 4 2 4 3 4 2 2 4 3 4 2 3 2
split_gain=0.0122843 0.0150455 0.039224 0.0652891 0.0402609 0.00781887 0.004818 0.00452375 0.00797725 0.00705721 0.00915112 0.00549363 0.00919015 0.0061964
threshold=9.1868740683048422 4.0012701610456833 27.577120563285543 5.1916038901268307 1010.2135112522727 3.538065862823458 16.056068017966577 18.693003501308464 3.0709881654906925 1001.9851780720346 0.81613797012006983 20.315161550497237 1008.162888501979 22.212115278929424
decision_type=2 2 2 2 2 2 2 2 2 2 2 2 2 2
left_child=1 5 3 -3 -4 6 -1 9 11 -8 -11 12 -9 -13
right_child=-2 2 4 -5 -6 -7 7 8 -10 10 -12 13 -14 -15
leaf_value=0.00057434237793186737 -0.0010503857844957598 0.0012031033895909787 0.0024513464263715857 -0.0026296560675837101 -0.00033306411001831292 -0.00099457141255871167 0.00023647777596488598 0.0012923329324985389 0.00093292625732084914 -3.7735460500698538e-05 -0.0015001225052401425 -0.00059095641712324243 -0.00018858040460724044 -2.4033599604587283e-05
leaf_weight=33 27 25 37 20 20 21 25 20 22 20 23 53 22 532
leaf_count=33 27 25 37 20 20 21 25 20 22 20 23 53 22 532
internal_value=1.63467e-12 3.24862e-05 0.000603167 -0.000500345 0.00147436 -4.30124e-05 -1.63688e-05 -4.35563e-05 -2.90339e-06 -0.000431553 -0.000819942 -3.57395e-05 0.000516616 -7.53958e-05
internal_weight=900 873 102 45 57 771 750 717 649 68 43 627 42 585
internal_count=900 873 102 45 57 771 750 717 649 68 43 627 42 585
is_linear=0
shrinkage=0.05


Tree=70
num_leaves=15
num_cat=0
split_feature=0 4 4 3 4 4 1 1 4 1 4 1 3 3
split_gain=0.0117758 0.0297336 0.027106 0.00980472 0.017941 0.0155942 0.00869261 0.00695501 0.0125904 0.00615302 0.0229683 0.0124007 0.00804079 0.00803177
threshold=18.000000000000004 8.1834785013069737 2.8593394250516093 1016.3045490295575 4.9994113812724343 1.3259048568550169 48.37547985018341 92.525245747634912 4.2985407071778674 35.786299891783607 1.3873592200330109 37.756212209783065 996.38515768524064 997.919247469281
decision_type=2 2 2 2 2 2 2 2 2 2 2 2 2 2
left_child=2 3 6 4 7 -5 -1 8 9 10 -2 -11 -13 -14
right_child=1 -3 -4 5 -6 -7 -8 -9 -10 11 -12 12 13 -15
leaf_value=-0.00073993595431506712 -0.00013407383872697171 0.0016457667831203033 -0.0020827778190973083 -6.1152253686921784e-05 0.0011259803952845303 -0.0017335137084592133 0.00019041424467915833 0.00092504558357177314 -0.0010781253265492894 -0.0012523718999000266 0.001895536666852422 -0.00085678664478473364 0.00084132878654336019 8.9552399858190113e-06
leaf_weight=38 46 29 21 46 38 20 74 20 27 20 20 25 31 445
leaf_count=38 46 29 21 46 38 20 74 20 27 20 20 25 31 445
internal_value=2.44765e-12 7.53132e-05 -0.000434325 1.36016e-05 7.07162e-05 -0.000567928 -0.00012524 7.46693e-06 -2.24216e-05 2.61371e-05 0.00048096 -3.14795e-05 1.72587e-05 6.31644e-05
internal_weight=900 767 133 738 672 66 112 634 614 587 66 521 501 476
internal_count=900 767 133 738 672 66 112 634 614 587 66 521 501 476
is_linear=0
shrinkage=0.05


Tree=71
num_leaves=15
num_cat=0
split_feature=4 4 2 4 4 4 2 2 4 2 3 4 4 3
split_gain=0.0123346 0.0135746 0.0360874 0.0491206 0.0330541 0.00707733 0.0043659 0.00412199 0.00755107 0.00798075 0.00636199 0.00837143 0.00608148 0.0182264
threshold=9.1868740683048422 4.0012701610456833 25.079272252070371 5.9351930192480662 4.7171682421022432 3.538065862823458 16.056068017966577 18.693003501308464 2.6581558417146889 30.040956109647276 1001.9851780720346 0.81613797012006983 1.9117739992166298 1010.0174478962069
decision_type=2 2 2 2 2 2 2 2 2 2 2 2 2 2
left_child=1 5 -3 4 -4 6 -1 10 12 -10 -8 -12 -9 -14
right_child=-2 2 3 -5 -6 -7 7 8 9 -11 11 -13 13 -15
leaf_value=0.00054850195341383699 -0.0010525360220560321 -0.00075541300363564758 0.0014811080248494234 0.0033215053332969549 -0.0011802874086424709 -0.00094447332195981984 0.00022421382134780291 1.1482496038585576e-05 0.0013317520218801551 5.1875279690460137e-05 -3.0679759947815914e-05 -0.0014293815910249301 -0.0010499056085958431 0.00053159827045325581
leaf_weight=33 27 34 28 20 20 21 25 521 21 29 20 23 49 29
leaf_count=33 27 34 28 20 20 21 25 521 21 29 20 23 49 29
internal_value=-2.28781e-12 3.25527e-05 0.000574621 0.00123964 0.000372193 -3.91607e-05 -1.38119e-05 -3.96925e-05 -8.86701e-07 0.000589424 -0.000410059 -0.000778823 -5.01613e-05 -0.000461911
internal_weight=900 873 102 68 48 771 750 717 649 50 68 43 599 78
internal_count=900 873 102 68 48 771 750 717 649 50 68 43 599 78
is_linear=0
shrinkage=0.05


Tree=72
num_leaves=15
num_cat=0
split_feature=1 4 4 4 3 4 3 3 2 4 4 3 3 4
split_gain=0.0118641 0.0252077 0.00775383 0.0128347 0.0212995 0.0104665 0.00347336 0.00877627 0.00806529 0.0126931 0.0077955 0.0043332 0.0127865 0.0131713
threshold=92.876226084456235 8.1834785013069737 5.1916038901268307 4.0012701610456833 1002.1119215989321 3.538065862823458 998.85442797414896 1000.0271612520395 20.82271521182378 1.4656218386844004 1.1073402985648328 1007.2871891923484 1004.5109910979357 1.9117739992166298
decision_type=2 2 2 2 2 2 2 2 2 2 2 2 2 2
left_child=1 2 3 5 -5 6 8 10 -1 -10 -8 12 -9 -14
right_child=-2 -3 -4 4 -6 -7 7 11 9 -11 -12 -13 13 -15
leaf_value=0.00048435447205082268 -0.0011744957838562273 0.001452470626682043 -0.00071090077802252313 -0.00041230529769445249 0.0015824857378902381 -0.001171399670693063 -2.9236714217404368e-05 0.00010659976380875314 -0.00016868839408673992 -0.0016091194427281152 0.0012951450627297165 9.0894720082870583e-05 -0.00030628667145720105 -0.0017244677904024932
leaf_weight=27 21 30 39 23 32 20 20 139 65 20 25 353 64 22
leaf_count=27 21 30 39 23 32 20 20 139 65 20 25 353 64 22
internal_value=-1.21791e-12 2.80596e-05 -2.22729e-05 1.08832e-05 0.0007483 -4.28359e-05 -1.21267e-05 3.3959e-05 -0.000268478 -0.000507613 0.000706531 -1.84039e-05 -0.000189881 -0.000669077
internal_weight=900 879 849 810 55 755 735 623 112 85 45 578 225 86
internal_count=900 879 849 810 55 755 735 623 112 85 45 578 225 86
is_linear=0
shrinkage=0.05


Tree=73
num_leaves=15
num_cat=0
split_feature=4 4 2 4 4 4 4 1 4 4 4 2 2 2
split_gain=0.0124616 0.0117101 0.0326451 0.0451179 0.0286553 0.00559285 0.00413107 0.00342844 0.00298732 0.00573882 0.00513021 0.00398609 0.00594287 0.00660407
threshold=9.1868740683048422 4.0012701610456833 25.079272252070371 5.9351930192480662 4.7171682421022432 3.538065862823458 3.0709881654906925 32.384298027188883 2.7816875555817857 2.4004905931365319 2.2341875919116956 31.960600742682356 35.294241309358988 36.559143774164909
decision_type=2 2 2 2 2 2 2 2 2 2 2 2 2 2
left_child=1 5 -3 4 -4 6 7 -1 9 10 11 -9 -13 -14
right_child=-2 2 3 -5 -6 -7 -8 8 -10 -11 -12 12 13 -15
leaf_value=0.00051877557869172764 -0.0010579384518442331 -0.00072882408036521696 0.001369833858916536 0.0031639330135658384 -0.0011081538489088416 -0.0008386722793580876 0.00059588376424033883 -0.00015035886189703704 -0.00057110394430950418 0.00059820757117396339 -0.00083701716503128412 0.00042449806756810588 -0.00065192995596015336 0.00010077188205905258
leaf_weight=27 27 34 28 20 20 21 27 357 27 34 21 94 38 125
leaf_count=27 27 34 28 20 20 21 27 357 27 34 21 94 38 125
internal_value=9.40215e-13 3.27197e-05 0.000536185 0.00116869 0.000337339 -3.38866e-05 -1.13526e-05 -3.40295e-05 -5.54745e-05 -3.46644e-05 -6.85504e-05 -4.22673e-05 0.000107883 -7.47046e-05
internal_weight=900 873 102 68 48 771 750 723 696 669 635 614 257 163
internal_count=900 873 102 68 48 771 750 723 696 669 635 614 257 163
is_linear=0
shrinkage=0.05


Tree=74
num_leaves=15
num_cat=0
split_feature=4 4 2 4 4 2 2 4 2 3 3 4 3 4
split_gain=0.0112466 0.0105683 0.030181 0.037759 0.00504754 0.00390824 0.00380268 0.00690803 0.00708098 0.00541311 0.00776918 0.00523677 0.0158608 0.0121084
threshold=9.1868740683048422 4.0012701610456833 31.565542913834573 5.1916038901268307 3.538065862823458 16.056068017966577 18.693003501308464 2.6581558417146889 30.040956109647276 1001.9851780720346 1006.8573446401723 1.9117739992166298 1010.0174478962069 1.7725452336550207
decision_type=2 2 2 2 2 2 2 2 2 2 2 2 2 2
left_child=1 4 3 -3 5 -1 9 11 -9 -7 -11 13 -13 -8
right_child=-2 2 -4 -5 -6 6 7 8 -10 10 -12 12 -14 -15
leaf_value=0.00052124104283090373 -0.0010050415371855102 0.00085878704448004027 0.0016025135278677903 -0.0016275685325336572 -0.00079673868105081575 0.00019405962130986153 -3.9727922219125726e-05 0.0012658484548973364 6.0276969954178767e-05 -0.0014518866091384553 -0.00010443579395423118 -0.00097572626415355016 0.00049958283780142669 0.0011336921106861987
leaf_weight=33 27 37 39 26 21 25 498 21 29 20 23 49 29 23
leaf_count=33 27 37 39 26 21 25 498 21 29 20 23 49 29 23
internal_value=4.42217e-13 3.10838e-05 0.000509376 -0.000167328 -3.21923e-05 -1.0785e-05 -3.52715e-05 2.00089e-06 0.000566617 -0.000391004 -0.000731157 -4.5129e-05 -0.000427214 1.20737e-05
internal_weight=900 873 102 63 771 750 717 649 50 68 43 599 78 521
internal_count=900 873 102 63 771 750 717 649 50 68 43 599 78 521
is_linear=0
shrinkage=0.05


Tree=75
num_leaves=15
num_cat=0
split_feature=2 4 4 2 4 4 1 4 3 0 1 4 4 3
split_gain=0.0109127 0.0425403 0.0398407 0.011706 0.0328586 0.0163072 0.0122999 0.0238672 0.0100308 0.0126644 0.00900292 0.00763106 0.0157759 0.0073538
threshold=35.752684945490451 8.1834785013069737 4.2985407071778674 31.960600742682356 5.1916038901268307 2.927714649579058 84.79808289048772 1.1834574601562753 1009.2146611503068 84.000000000000014 82.426379026460168 1.9354932336780462 3.2047521470020111 1005.7726934413594
decision_type=2 2 2 2 2 2 2 2 2 2 2 2 2 2
left_child=1 3 8 4 6 -5 10 -8 13 -10 11 -1 -13 -2
right_child=2 -3 -4 5 -6 -7 7 -9 9 -11 -12 12 -14 -15
leaf_value=-0.0001629705054053101 -3.5753669625734461e-05 0.0021685416344553233 -0.002430389700457454 0.00017151387892389331 -0.0018917084249551409 0.0015614785110721222 -0.00080396345001645388 0.0012649811983979106 -0.00014514879709906012 -0.0014999265364958379 -0.0011314845873857849 0.00083118253739182058 -0.00055790944775987062 0.00084663279196706067
leaf_weight=309 83 24 20 112 24 26 20 46 69 23 20 60 31 33
leaf_count=309 83 24 20 112 24 26 20 46 69 23 20 60 31 33
internal_value=-3.8512e-12 0.000101414 -0.000298904 2.48535e-05 -8.56921e-05 0.000433391 3.49393e-06 0.000638028 -9.39531e-05 -0.000483843 -9.62186e-05 -4.44553e-05 0.000357975 0.00021527
internal_weight=900 672 228 648 510 138 486 66 208 92 420 400 91 116
internal_count=900 672 228 648 510 138 486 66 208 92 420 400 91 116
is_linear=0
shrinkage=0.05


Tree=76
num_leaves=15
num_cat=0
split_feature=4 4 3 1 4 3 3 4 2 4 1 1 4 4
split_gain=0.0112143 0.0110145 0.0990044 0.0090689 0.0113253 0.00496189 0.00596967 0.0152585 0.00487134 0.00653151 0.0223472 0.0143818 0.0114178 0.0094442
threshold=9.1868740683048422 4.9111893214203226 1001.7991839034261 92.525245747634912 4.2985407071778674 1017.3130137117213 1016.3045490295575 0.85964245247189819 40.939904278494588 1.4297975984434592 36.677220288961884 86.507917339742178 1.3097078414514136 3.538065862823458
decision_type=2 2 2 2 2 2 2 2 2 2 2 2 2 2
left_child=1 3 -3 4 5 6 8 -8 9 12 -11 13 -1 -12
right_child=-2 2 -4 -5 -6 -7 7 -9 -10 10 11 -13 -14 -15
leaf_value=-3.5064229471655499e-05 -0.0010036007397704655 0.0034064816665791333 -0.00098516623979914147 0.00096424433868378409 -0.0010305794184595081 0.00061284214184964981 0.00036918318415700923 -0.0015605301041865633 -0.00071390156138121438 0.0017148554778111209 5.9538155313164583e-05 0.0011382487350991661 -0.0012588002986740321 -0.00098089131293818362
leaf_weight=406 27 21 33 23 28 31 20 21 23 23 171 28 20 25
leaf_count=406 27 21 33 23 28 31 20 21 23 23 171 28 20 25
internal_value=7.03689e-12 3.10392e-05 0.000722697 -1.45646e-05 -4.28468e-05 -6.83568e-06 -3.29008e-05 -0.000619207 1.6373e-06 2.60911e-05 0.000230653 7.82576e-05 -9.25166e-05 -7.31697e-05
internal_weight=900 873 54 819 796 768 737 41 696 673 247 224 426 196
internal_count=900 873 54 819 796 768 737 41 696 673 247 224 426 196
is_linear=0
shrinkage=0.05


Tree=77
num_leaves=15
num_cat=0
split_feature=1 1 1 4 0 1 4 3 3 3 3 4 1 4
split_gain=0.011554 0.0350066 0.0247012 0.0231837 0.0779225 0.0162808 0.00859111 0.00420783 0.0064006 0.00484985 0.01277 0.019167 0.00887013 0.0175772
threshold=91.819683795081843 89.702268552799737 87.846394719459241 4.9111893214203226 60.000000000000007 75.20286472010072 4.2985407071778674 1017.2355526913584 1016.3045490295575 1007.2871891923484 1009.2146611503068 1.4940198589168534 73.869056830618646 1.1500462160408631
decision_type=2 2 2 2 2 2 2 2 2 2 2 2 2 2
left_child=1 2 3 6 -5 -6 7 8 9 -1 11 -11 13 -12
right_child=-2 -3 -4 4 5 -7 -8 -9 -10 10 12 -13 -14 -15
leaf_value=-0.00012224592001950957 -0.00087765023280452533 0.0018085892312228681 -0.0014293699106201531 -0.001497391216634285 0.0012550755481061061 0.0032725467346608641 -0.00097551019668268659 0.00053762746886632429 -0.00068938394262861244 0.00014009415172040464 0.00017029913901794879 0.0018831521561272287 0.00057060779432978727 -0.00091420083852677525
leaf_weight=374 36 27 30 21 20 20 24 33 36 46 105 24 46 58
leaf_count=374 36 27 30 21 20 20 24 33 36 46 105 24 46 58
internal_value=1.78605e-12 3.65688e-05 -2.05932e-05 3.17777e-05 0.000968971 0.00226381 -4.48561e-05 -1.39202e-05 -4.03369e-05 -4.55478e-06 0.00015321 0.000737714 -4.25564e-05 -0.000215597
internal_weight=900 864 837 807 61 40 746 722 689 653 279 70 209 163
internal_count=900 864 837 807 61 40 746 722 689 653 279 70 209 163
is_linear=0
shrinkage=0.05


Tree=78
num_leaves=15
num_cat=0
split_feature=4 4 2 4 4 4 1 1 1 3 1 1 1 2
split_gain=0.0106437 0.00989269 0.0278201 0.0350186 0.00429418 0.00485839 0.00295904 0.00343804 0.00816961 0.0030846 0.00483909 0.00364299 0.0118093 0.00630311
threshold=9.1868740683048422 4.0012701610456833 31.565542913834573 5.1916038901268307 3.2047521470020111 2.8593394250516093 32.384298027188883 34.155505871761143 35.786299891783607 996.38515768524064 37.756212209783065 41.272267291756798 43.402925299043609 31.439488468026891
decision_type=2 2 2 2 2 2 2 2 2 2 2 2 2 2
left_child=1 4 3 -3 5 6 -1 -8 -9 -10 -11 13 -13 -12
right_child=-2 2 -4 -5 -6 -7 7 8 9 10 11 12 -14 -15
leaf_value=0.0004819314104948986 -0.00097773331734869219 0.00083146871868332208 0.0015425023440725338 -0.0015629601552903365 -0.00056416285414242248 0.00061830391127538561 -0.0005844652616611585 0.00096682735951617363 -0.00055441985280291802 -0.00078045529052836915 -0.00010723840203826076 -0.00097701090671762367 1.3951335440688348e-05 0.0010328864930091765
leaf_weight=27 27 37 39 26 36 30 29 20 30 21 27 32 497 22
leaf_count=27 27 37 39 26 36 30 29 20 30 21 27 32 497 22
internal_value=1.87093e-12 3.02392e-05 0.00049299 -0.000156708 -3.09808e-05 -4.86572e-06 -3.13836e-05 -5.18253e-05 -2.80248e-05 -5.96576e-05 -3.48782e-05 -7.78974e-06 -4.59935e-05 0.000404654
internal_weight=900 873 102 63 771 735 705 678 649 629 599 578 529 49
internal_count=900 873 102 63 771 735 705 678 649 629 599 578 529 49
is_linear=0
shrinkage=0.05


Tree=79
num_leaves=15
num_cat=0
split_feature=1 1 1 4 0 1 4 3 3 3 3 4 3 1
split_gain=0.0104509 0.0316203 0.0224427 0.0217977 0.0718481 0.0150122 0.00866674 0.00376482 0.00508717 0.00429584 0.0119351 0.0167561 0.00923143 0.00785424
threshold=91.819683795081843 89.702268552799737 87.846394719459241 4.9111893214203226 60.000000000000007 75.20286472010072 4.2985407071778674 1017.3130137117213 1016.3045490295575 1007.3651711306603 1009.2146611503068 1.4940198589168534 1006.7953009196641 73.869056830618646
decision_type=2 2 2 2 2 2 2 2 2 2 2 2 2 2
left_child=1 2 3 6 -5 -6 7 8 9 12 11 -11 -1 -12
right_child=-2 -3 -4 4 5 -7 -8 -9 -10 10 13 -13 -14 -15
leaf_value=-5.3143210157593763e-05 -0.00083470261080138798 0.0017189136375640778 -0.0013623759980934363 -0.0014291608883511453 0.0012138270584546263 0.0031511039566248658 -0.0009786773143180957 0.00053549614482714485 -0.00059136441664006092 0.00013635981635753673 -0.00020261538725459174 0.0017854878574553369 -0.0011319420150747257 0.00053719871161181647
leaf_weight=356 36 27 30 21 20 20 24 30 39 43 163 24 21 46
leaf_count=356 36 27 30 21 20 20 24 30 39 43 163 24 21 46
internal_value=7.1365e-13 3.47793e-05 -1.95476e-05 3.03716e-05 0.000939119 0.00218247 -4.39361e-05 -1.28644e-05 -3.66372e-05 -3.50651e-06 0.000146377 0.000727092 -0.000113235 -3.97855e-05
internal_weight=900 864 837 807 61 40 746 722 692 653 276 67 377 209
internal_count=900 864 837 807 61 40 746 722 692 653 276 67 377 209
is_linear=0
shrinkage=0.05


Tree=80
num_leaves=15
num_cat=0
split_feature=4 4 2 4 3 4 2 0 3 4 4 0 2 0
split_gain=0.010102 0.00866916 0.0380812 0.0299766 0.0040375 0.00718725 0.00347326 0.00454831 0.0101731 0.00704705 0.0103272 0.00734251 0.00783286 0.00663946
threshold=9.1868740683048422 4.1426192520094798 31.565542913834573 5.1916038901268307 1017.2355526913584 3.6449121478447197 16.056068017966577 84.000000000000014 1014.4097462741906 2.5947312005611449 2.1112488039208746 60.000000000000007 38.307664334890625 108.00000000000001
decision_type=2 2 2 2 2 2 2 2 2 2 2 2 2 2
left_child=1 4 3 -3 5 6 -1 9 13 10 11 -8 -13 -9
right_child=-2 2 -4 -5 -6 -7 7 8 -10 -11 -12 12 -14 -15
leaf_value=0.00049435090201856635 -0.00095252674762849468 0.00071808240344663243 0.0018185827204861733 -0.0015520084129932981 0.00050790850269977986 -0.0009842827607644722 -6.9195764618965776e-05 -0.00041506736135918907 -0.0012905273874778125 0.0008517620586790145 -0.0010935152110288897 0.0001911826846601371 0.001272114102418224 0.00020210571085222111
leaf_weight=31 27 33 34 26 34 20 349 93 21 25 21 83 21 82
leaf_count=31 27 33 34 26 34 20 349 93 21 25 21 83 21 82
internal_value=4.81022e-13 2.94596e-05 0.000485767 -0.000282297 -2.49463e-05 -4.92319e-05 -2.34729e-05 -4.65701e-05 -0.000250662 3.35941e-05 -9.55819e-06 4.06915e-05 0.000409448 -0.000125878
internal_weight=900 873 93 59 780 746 726 695 196 499 474 453 104 175
internal_count=900 873 93 59 780 746 726 695 196 499 474 453 104 175
is_linear=0
shrinkage=0.05


Tree=81
num_leaves=15
num_cat=0
split_feature=3 4 4 1 4 4 4 3 4 4 1 4 4 4
split_gain=0.0104235 0.0218459 0.0187537 0.0104786 0.0263998 0.0170839 0.0146414 0.0239077 0.0105405 0.00856403 0.0120879 0.019818 0.00578433 0.00491981
threshold=1016.5664522003796 9.8485175700693528 1.1834574601562753 90.504453183800649 6.9763654858956583 4.9111893214203226 3.9602453863187841 1006.6974662244303 2.4999408727277701 2.6581558417146889 74.504171167434791 3.1666125351189192 2.2836007244741872 1.6840454294577485
decision_type=2 2 2 2 2 2 2 2 2 2 2 2 2 2
left_child=1 3 -2 4 5 6 9 -8 -5 12 11 -11 13 -1
right_child=2 -3 -4 8 -6 -7 7 -9 -10 10 -12 -13 -14 -15
leaf_value=-6.4600872147023856e-05 -1.0223323642137639e-05 0.0016793152876198294 -0.0018402185645841418 8.7053539162432712e-05 -0.0017859836197679953 0.0011237999105078139 -0.0021966734894522232 0.00019189018163491382 0.0016014969185926022 0.0010841285989954487 0.0012989082483303113 -0.001141741231258493 -0.00064971497049555189 0.00035629515988137113
leaf_weight=486 42 20 21 27 21 33 20 22 20 20 30 20 37 81
leaf_count=486 42 20 21 27 21 33 20 22 20 20 30 20 37 81
internal_value=5.04669e-13 4.66834e-05 -0.000620222 6.71685e-06 -3.7523e-05 1.14992e-05 -3.9766e-05 -0.000945521 0.000731498 1.66757e-05 0.000540214 -2.88063e-05 -4.39993e-05 -4.47287e-06
internal_weight=900 837 63 817 770 749 716 42 47 674 70 40 604 567
internal_count=900 837 63 817 770 749 716 42 47 674 70 40 604 567
is_linear=0
shrinkage=0.05


Tree=82
num_leaves=15
num_cat=0
split_feature=1 4 4 4 3 0 3 0 1 4 2 2 0 4
split_gain=0.0104519 0.0220709 0.00750197 0.0104753 0.00391505 0.00615664 0.0193726 0.0112875 0.0109689 0.0141327 0.0106964 0.0104588 0.00644549 0.0178807
threshold=92.876226084456235 8.1834785013069737 5.1916038901268307 4.5585770906923448 1017.2355526913584 84.000000000000014 1014.3781049969963 60.000000000000007 85.756847608786543 3.538065862823458 38.687738961625037 34.7302100432427 108.00000000000001 1.6098963212172401
decision_type=2 2 2 2 2 2 2 2 2 2 2 2 2 2
left_child=1 2 3 4 5 7 8 -1 9 12 11 -9 -7 -14
right_child=-2 -3 -4 -5 -6 6 -8 10 -10 -11 -12 -13 13 -15
leaf_value=-8.3076018141807069e-05 -0.0011023815410832565 0.0013591781941552957 -0.00069811139151286809 0.0010194242494180798 0.0005045535787597627 -0.00035841337407515987 -0.0016031911266812433 0.00049151788035588749 0.001010313454316929 -0.0014438519886295711 0.0015187249708105812 -0.00077255179756321015 -0.00047367146951728502 0.0010408931905036107
leaf_weight=389 21 30 39 25 34 89 24 90 20 21 20 20 40 38
leaf_count=389 21 30 39 25 34 89 24 90 20 21 20 20 40 38
internal_value=1.32948e-12 2.63368e-05 -2.07601e-05 1.18531e-05 -2.02352e-05 -4.39939e-05 -0.000258116 5.17216e-05 -0.000102915 -0.000221344 0.000455077 0.000261687 -6.7615e-05 0.000264193
internal_weight=900 879 849 810 785 751 232 519 208 188 130 110 167 78
internal_count=900 879 849 810 785 751 232 519 208 188 130 110 167 78
is_linear=0
shrinkage=0.05


Tree=83
num_leaves=15
num_cat=0
split_feature=4 4 1 1 3 4 4 2 3 4 3 1 1 3
split_gain=0.0110924 0.00960966 0.00753182 0.00663919 0.00429061 0.0147448 0.0126328 0.00674148 0.00714958 0.0100356 0.00571781 0.0115327 0.0237857 0.0146987
threshold=9.1868740683048422 6.5575095632409122 92.525245747634912 90.839193793355619 1000.4097209772455 3.4195577598050142 4.8194869600320009 20.069951426622371 998.85442797414896 1.4656218386844004 1007.3651711306603 73.869056830618646 77.911492681130539 1009.2146611503068
decision_type=2 2 2 2 2 2 2 2 2 2 2 2 2 2
left_child=1 2 3 4 5 7 10 -1 9 -9 -6 13 -13 -12
right_child=-2 -3 -4 -5 6 -7 -8 8 -10 -11 11 12 -14 -15
leaf_value=0.00059148634351843679 -0.00099812884021688395 0.0010875099866617737 0.00087801805154109989 -0.00089817036475454059 -0.00021853864423166769 0.0012066317177678069 -0.0012391332494602963 -0.00010913317781859615 0.0004000370905627138 -0.001366393700854609 0.00066475699407289677 0.0020664720818222987 0.00014784691564273089 -0.00024255773354525448
leaf_weight=39 27 21 24 21 223 31 22 65 39 21 56 21 70 220
leaf_count=39 27 21 24 21 223 31 22 65 39 21 56 21 70 220
internal_value=-1.70601e-12 3.087e-05 4.82602e-06 -2.04839e-05 2.35553e-06 0.0002066 -6.27225e-05 1.75701e-05 -0.000161492 -0.000416139 -1.88563e-05 0.000102477 0.000590607 -5.84649e-05
internal_weight=900 873 852 828 807 195 612 164 125 86 590 367 91 276
internal_count=900 873 852 828 807 195 612 164 125 86 590 367 91 276
is_linear=0
shrinkage=0.05


Tree=84
num_leaves=15
num_cat=0
split_feature=1 1 1 4 0 1 4 3 1 4 4 3 3 4
split_gain=0.0100249 0.0281019 0.0205808 0.019179 0.0659412 0.0133185 0.00876449 0.00318303 0.0038051 0.0196983 0.0100508 0.00740826 0.0202768 0.00600774
threshold=91.819683795081843 89.702268552799737 87.846394719459241 4.9111893214203226 60.000000000000007 75.20286472010072 4.2985407071778674 996.22538383595349 73.869056830618646 3.0709881654906925 3.1666125351189192 1008.9886845198212 1002.858360913151 2.3877157905223969
decision_type=2 2 2 2 2 2 2 2 2 2 2 2 2 2
left_child=1 2 3 6 -5 -6 7 -1 10 11 13 12 -10 -9
right_child=-2 -3 -4 4 5 -7 -8 8 9 -11 -12 -13 -14 -15
leaf_value=-0.00051201658492573189 -0.00081751362207190459 0.0016217389963222324 -0.0013030746553946908 -0.0013857747561165266 0.0011618422271567398 0.0029865714930929245 -0.00097904799622483552 -3.8264198631516656e-05 0.00054510531310746773 0.0015511057300803563 -0.00096685504966964294 0.00041442352672924711 -0.0012942479314768853 0.00065845148765771282
leaf_weight=30 36 27 30 21 20 20 24 496 29 24 28 51 31 33
leaf_count=30 36 27 30 21 20 20 24 496 29 24 28 51 31 33
internal_value=-1.46242e-12 3.40631e-05 -1.71523e-05 3.06515e-05 0.000883066 0.00207421 -3.90499e-05 -7.80343e-06 1.40555e-05 0.000252211 -4.36662e-05 -2.86309e-05 -0.000405227 5.19822e-06
internal_weight=900 864 837 807 61 40 746 722 692 135 557 111 60 529
internal_count=900 864 837 807 61 40 746 722 692 135 557 111 60 529
is_linear=0
shrinkage=0.05


Tree=85
num_leaves=15
num_cat=0
split_feature=4 4 1 1 4 4 1 4 1 1 1 1 1 3
split_gain=0.0104757 0.00786687 0.00745208 0.00651062 0.00402195 0.00944683 0.00648123 0.0115674 0.00670716 0.00632201 0.00642072 0.0123931 0.0096265 0.0041967
threshold=9.1868740683048422 6.5575095632409122 92.525245747634912 90.839193793355619 4.9111893214203226 4.2985407071778674 86.507917339742178 1.2422771208517098 84.373190487042265 80.096252221555872 77.911492681130539 73.869056830618646 71.380135408320768 1016.1487838858098
decision_type=2 2 2 2 2 2 2 2 2 2 2 2 2 2
left_child=1 2 3 4 5 6 8 -8 9 10 11 12 13 -1
right_child=-2 -3 -4 -5 -6 -7 7 -9 -10 -11 -12 -13 -14 -15
leaf_value=3.973215363954336e-05 -0.00096998482390686321 0.00098603527959702274 0.00087499283642197649 -0.00088788683781222926 0.00057194662280380727 -0.00095504821421435254 -0.00021189664964497623 0.0014476624709675976 -0.00077978951532194129 0.00065465664956718692 -0.00078091038287513796 0.00093476670872940509 -0.0010732440066269853 -0.00040600858368734566
leaf_weight=503 27 21 24 21 30 26 21 21 28 36 27 34 22 59
leaf_count=503 27 21 24 21 30 26 21 21 28 36 27 34 22 59
internal_value=2.08929e-12 2.99995e-05 6.43527e-06 -1.87403e-05 3.87689e-06 -1.80563e-05 1.43828e-05 0.000617883 -2.13675e-05 9.81575e-06 -2.61754e-05 6.79849e-06 -4.72271e-05 -7.06269e-06
internal_weight=900 873 852 828 807 777 751 42 709 681 645 618 584 562
internal_count=900 873 852 828 807 777 751 42 709 681 645 618 584 562
is_linear=0
shrinkage=0.05


Tree=86
num_leaves=15
num_cat=0
split_feature=1 4 4 4 3 0 3 0 1 1 3 2 2 3
split_gain=0.00980019 0.0203086 0.00804859 0.00995784 0.00369943 0.00564999 0.0173893 0.0100572 0.00986323 0.0134407 0.0174416 0.00957258 0.0094552 0.00742652
threshold=92.876226084456235 8.1834785013069737 5.1916038901268307 4.5585770906923448 1017.2355526913584 84.000000000000014 1014.3781049969963 60.000000000000007 85.756847608786543 69.886765405114375 1004.2717879491096 38.687738961625037 34.7302100432427 1009.5239544525336
decision_type=2 2 2 2 2 2 2 2 2 2 2 2 2 2
left_child=1 2 3 4 5 7 8 -1 9 13 -11 12 -9 -7
right_child=-2 -3 -4 -5 -6 6 -8 11 -10 10 -12 -13 -14 -15
leaf_value=-7.5822444010311896e-05 -0.001067457897477739 0.0013040260225534442 -0.00072126975521827363 0.0009964748565107586 0.0004929522762883126 0.0001915859761184192 -0.0015197601363373301 0.00046773296366963124 0.00095727392588742079 -0.002065979702747427 -6.6719785657672528e-05 0.0014383798476536925 -0.00073415885795839134 -0.00074191790100975111
leaf_weight=389 21 30 39 25 34 118 24 90 20 20 24 20 20 26
leaf_count=389 21 30 39 25 34 118 24 90 20 20 24 20 20 26
internal_value=-5.46952e-12 2.55024e-05 -1.96751e-05 1.41054e-05 -1.71803e-05 -4.02755e-05 -0.000245398 5.14171e-05 -9.83563e-05 -0.000210657 -0.000975474 0.000432157 0.000249207 2.30367e-05
internal_weight=900 879 849 810 785 751 232 519 208 188 44 130 110 144
internal_count=900 879 849 810 785 751 232 519 208 188 44 130 110 144
is_linear=0
shrinkage=0.05


Tree=87
num_leaves=15
num_cat=0
split_feature=4 1 1 4 2 1 4 4 1 1 1 1 1 4
split_gain=0.010552 0.00773355 0.0110858 0.0207742 0.0524085 0.00812848 0.0146785 0.00678992 0.0060588 0.00479456 0.00576693 0.0115239 0.00834615 0.00409383
threshold=9.1868740683048422 91.123554649647346 88.18037283231844 4.9111893214203226 27.019122394584688 85.756847608786543 4.2985407071778674 2.1611917652145336 84.188493040380138 80.096252221555872 77.911492681130539 73.869056830618646 71.380135408320768 1.8045526694237335
decision_type=2 2 2 2 2 2 2 2 2 2 2 2 2 2
left_child=1 2 3 5 -5 6 8 -3 9 10 11 12 13 -1
right_child=-2 7 -4 4 -6 -7 -8 -9 -10 -11 -12 -13 -14 -15
leaf_value=-7.4053485254445855e-05 -0.00097351205983647589 5.4944406094198885e-05 -0.0008501136133123215 -0.00076781990355812013 0.0027318432562701083 0.0008098254770240081 -0.0013609853905758688 0.0012971861647780648 -0.00085584654450593974 0.00058516701580682659 -0.00073931082604556449 0.00090205004568869149 -0.0010002310911659152 0.00026607077698413792
leaf_weight=452 27 22 37 20 23 28 21 22 21 34 27 34 22 110
leaf_count=452 27 22 37 20 23 28 21 22 21 34 27 34 22 110
internal_value=-3.65637e-12 3.01086e-05 -4.17618e-06 3.53436e-05 0.00110409 -2.60131e-05 -5.84729e-05 0.000676065 -1.93975e-05 6.47204e-06 -2.40328e-05 7.2172e-06 -4.48792e-05 -7.48112e-06
internal_weight=900 873 829 792 43 749 721 44 700 679 645 618 584 562
internal_count=900 873 829 792 43 749 721 44 700 679 645 618 584 562
is_linear=0
shrinkage=0.05


Tree=88
num_leaves=15
num_cat=0
split_feature=2 4 4 2 4 4 2 1 4 3 0 3 2 4
split_gain=0.00992444 0.0380419 0.0347659 0.0100565 0.0300167 0.0115809 0.0107525 0.0207714 0.0184966 0.00865955 0.00951758 0.00728424 0.00645169 0.00906565
threshold=35.752684945490451 4.2985407071778674 8.1834785013069737 31.960600742682356 5.1916038901268307 2.927714649579058 30.668324815078954 54.101962494809221 4.0012701610456833 1009.2146611503068 84.000000000000014 1014.1122572183116 33.558253916121139 0.88411683924583451
decision_type=2 2 2 2 2 2 2 2 2 2 2 2 2 2
left_child=2 9 3 4 6 11 8 -8 -1 -2 -11 12 -5 -14
right_child=1 -3 -4 5 -6 -7 7 -9 -10 10 -12 -13 13 -15
leaf_value=-8.18388107715537e-06 0.00020253186439417889 -0.0023678609263151889 0.0019654327305033805 0.00048557896919261957 -0.0018011113245544647 0.0013568212493107869 0.00042244002823801046 -0.0017308087301595759 0.0012057592866339666 -0.0001534234642230845 -0.0013278847190794415 0.0010503075312590228 0.00027999842002625683 -0.0010280950115814519
leaf_weight=407 116 20 24 39 24 26 21 24 34 69 23 20 27 26
leaf_count=407 116 20 24 39 24 26 21 24 34 69 23 20 27 26
internal_value=1.1974e-12 -0.000285049 9.67129e-05 2.75011e-05 -7.49605e-05 0.000406164 1.02815e-05 -0.000725959 8.54081e-05 -8.47782e-05 -0.000447039 0.000185475 -2.53188e-06 -0.000361708
internal_weight=900 228 672 648 510 138 486 45 441 208 92 112 92 53
internal_count=900 228 672 648 510 138 486 45 441 208 92 112 92 53
is_linear=0
shrinkage=0.05


Tree=89
num_leaves=15
num_cat=0
split_feature=4 1 1 4 2 4 1 4 1 1 3 4 4 2
split_gain=0.0104099 0.00718792 0.0132864 0.0200036 0.0464287 0.00850487 0.0071675 0.0140405 0.00580777 0.00796641 0.0084792 0.00836588 0.00687743 0.00678961
threshold=9.1868740683048422 90.504453183800649 88.18037283231844 4.9111893214203226 27.019122394584688 2.6581558417146889 85.756847608786543 4.2985407071778674 82.272618747160138 73.869056830618646 1008.9886845198212 3.1666125351189192 2.3877157905223969 29.036315719122932
decision_type=2 2 2 2 2 2 2 2 2 2 2 2 2 2
left_child=1 2 3 6 -5 -3 7 8 9 11 -11 12 -1 -10
right_child=-2 5 -4 4 -6 -7 -8 -9 13 10 -12 -13 -14 -15
leaf_value=-4.530041944987646e-05 -0.00096693562550677196 7.9537858643258621e-05 -0.0010208990600433262 -0.00067885835349443377 0.002615102890716947 0.0014106454001739622 0.00075895710116518408 -0.0013302940409630538 -0.0012549020966980606 2.1657182132912569e-05 0.0011043918323745553 -0.00087077444287419429 0.00067879204230848712 4.7412981866332501e-06
leaf_weight=520 27 30 31 20 23 20 28 21 20 40 33 29 35 23
leaf_count=520 27 30 31 20 23 20 28 21 20 40 33 29 35 23
internal_value=5.11475e-12 2.99052e-05 -5.45781e-06 3.4288e-05 0.00108303 0.000611981 -2.592e-05 -5.64007e-05 -1.81839e-05 1.8661e-05 0.000511113 -4.28955e-05 3.63069e-07 -0.000581139
internal_weight=900 873 823 792 43 50 749 721 700 657 73 584 555 43
internal_count=900 873 823 792 43 50 749 721 700 657 73 584 555 43
is_linear=0
shrinkage=0.05


Tree=90
num_leaves=15
num_cat=0
split_feature=1 1 1 4 0 1 4 1 4 1 3 3 3 1
split_gain=0.00947685 0.0256829 0.0167029 0.0143813 0.0600696 0.0110236 0.00628685 0.00293549 0.0185545 0.00567245 0.00631743 0.0131781 0.0109714 0.00892001
threshold=91.819683795081843 89.702268552799737 87.846394719459241 4.9111893214203226 60.000000000000007 75.20286472010072 4.2985407071778674 35.786299891783607 1.3873592200330109 37.756212209783065 1007.4927341810176 1006.7953009196641 1008.6163370304399 73.869056830618646
decision_type=2 2 2 2 2 2 2 2 2 2 2 2 2 2
left_child=1 2 3 6 -5 -6 7 8 -1 -9 11 -11 -12 -14
right_child=-2 -3 -4 4 5 -7 -8 9 -10 10 12 -13 13 -15
leaf_value=-0.00017535644253519547 -0.00079485224947954214 0.001550924422271136 -0.0011742968917784918 -0.0014001124848922095 0.0010721884107624646 0.0027322773635387425 -0.000829257665706488 -0.00079644209821102185 0.0015552716840396726 -8.1354469833962514e-05 0.0011602814602665603 -0.0014051836715225363 -0.00010892162084212429 0.00056069043218227681
leaf_weight=59 36 27 30 21 20 20 24 24 21 313 25 20 193 67
leaf_count=59 36 27 30 21 20 20 24 24 21 313 25 20 193 67
internal_value=6.71455e-12 3.31189e-05 -1.58426e-05 2.72226e-05 0.00076536 0.00190223 -3.31345e-05 -6.67055e-06 0.000278933 -4.22598e-05 -1.29712e-05 -0.000160864 0.00015983 6.36323e-05
internal_weight=900 864 837 807 61 40 746 722 80 642 618 333 285 260
internal_count=900 864 837 807 61 40 746 722 80 642 618 333 285 260
is_linear=0
shrinkage=0.05


Tree=91
num_leaves=15
num_cat=0
split_feature=4 2 4 2 3 2 4 1 4 4 4 3 3 4
split_gain=0.00976064 0.00694075 0.022921 0.0149574 0.0166051 0.0101414 0.0248067 0.017355 0.0295588 0.0156932 0.0141115 0.0121322 0.00948361 0.00860368
threshold=9.1868740683048422 37.510652381954074 3.538065862823458 35.752684945490451 1012.07971205109 31.960600742682356 5.7197181683472378 84.79808289048772 3.4664950161635888 3.5955178908899685 4.3414905995122952 1014.1122572183116 1003.4176220463809 2.4004905931365319
decision_type=2 2 2 2 2 2 2 2 2 2 2 2 2 2
left_child=1 3 -3 5 12 6 7 10 -9 11 13 -7 -5 -1
right_child=-2 2 -4 4 -6 9 -8 8 -10 -11 -12 -13 -14 -15
leaf_value=-0.00013513540842446359 -0.00093629600273238299 9.5032367164549219e-05 0.0019151435920502992 -0.001023314242484048 -0.0017909719642678586 -3.1420164171378221e-05 -0.0017876490126946011 7.738051623770541e-05 0.002365255035692826 0.0017160009080544115 -0.001314541059748634 0.001292892809059205 0.0003919607005761056 0.00052796334887062315
leaf_weight=345 27 128 20 20 24 98 20 48 20 20 23 21 29 57
leaf_count=345 27 128 20 20 24 98 20 48 20 20 23 21 29 57
internal_value=-2.22692e-12 2.89576e-05 0.000340993 -3.47407e-05 -0.000713462 4.12511e-05 -6.13954e-05 8.63512e-06 0.000750285 0.000420083 -0.000110029 0.000202282 -0.000185703 -4.11139e-05
internal_weight=900 873 148 725 73 652 513 493 68 139 425 119 49 402
internal_count=900 873 148 725 73 652 513 493 68 139 425 119 49 402
is_linear=0
shrinkage=0.05


Tree=92
num_leaves=15
num_cat=0
split_feature=3 4 4 3 4 4 3 3 3 4 3 2 2 1
split_gain=0.00934285 0.0209707 0.0164352 0.00927365 0.024545 0.0108603 0.00762484 0.00626829 0.00657739 0.00705789 0.0402211 0.00609438 0.00398166 0.00374968
threshold=1016.5664522003796 9.8485175700693528 1.1834574601562753 1015.8399748609482 6.9763654858956583 4.9111893214203226 1014.8414900521634 1014.0525268731398 1013.27812154631 4.0012701610456833 1005.8901391606374 40.939904278494588 40.15791678406466 32.384298027188883
decision_type=2 2 2 2 2 2 2 2 2 2 2 2 2 2
left_child=1 3 -2 4 5 6 7 8 9 11 -11 12 13 -1
right_child=2 -3 -4 -5 -6 -7 -8 -9 -10 10 -12 -13 -14 -15
leaf_value=0.0006108848192194604 -1.6145161117449228e-05 0.0016437914129346608 -0.0017292886617637816 0.00088314875851963365 -0.0017137369407074794 0.00089248407294850469 -0.0008161727202542383 0.00065378742179341819 -0.00083625814586412166 -0.00093553282378707088 0.0022354721277952194 -0.00083409061645279116 0.00068899771707947371 -5.5067225675614426e-05
leaf_weight=22 42 20 21 29 21 34 29 36 24 20 20 23 20 539
leaf_count=22 42 20 21 29 21 34 29 36 24 20 20 23 20 539
internal_value=-3.62151e-12 4.41973e-05 -0.000587193 5.03957e-06 -2.72766e-05 1.88976e-05 -2.16234e-05 1.11066e-05 -2.35289e-05 6.75914e-06 0.00064997 -3.58376e-05 -4.2372e-06 -2.89515e-05
internal_weight=900 837 63 817 788 767 733 704 668 644 40 604 581 561
internal_count=900 837 63 817 788 767 733 704 668 644 40 604 581 561
is_linear=0
shrinkage=0.05


Tree=93
num_leaves=15
num_cat=0
split_feature=4 4 4 4 1 4 0 4 2 4 2 2 2 1
split_gain=0.00969054 0.00648653 0.00686438 0.0146891 0.00375213 0.00428383 0.0113877 0.00336395 0.0128925 0.00596204 0.00278574 0.00604812 0.00501558 0.00681506
threshold=9.1868740683048422 6.5575095632409122 5.1916038901268307 4.5585770906923448 92.525245747634912 3.2047521470020111 108.00000000000001 2.4004905931365319 28.844012742672081 2.2341875919116956 29.036315719122932 25.982148190925994 24.417438967277306 39.470688511012831
decision_type=2 2 2 2 2 2 2 2 2 2 2 2 2 2
left_child=1 2 3 4 5 7 -7 9 -9 10 11 12 13 -1
right_child=-2 -3 -4 -5 -6 6 -8 8 -10 -11 -12 -13 -14 -15
leaf_value=0.00056173087012960908 -0.00093292748486554188 0.00089697209949744804 -0.00082614932713719709 0.0011786797713419354 0.00065247704430172846 0.00013495793529345019 -0.0012230430801327412 0.00099890814300225539 -0.00035876960645884326 -0.00087525851224199878 9.9694889103743453e-05 -0.00059468430005818972 0.00063763369323202861 -0.00021151689189816191
leaf_weight=34 27 21 24 27 21 38 26 36 34 20 336 53 27 176
leaf_count=34 27 21 24 27 21 38 26 36 34 20 336 53 27 176
internal_value=-1.32438e-12 2.88534e-05 7.45613e-06 3.16186e-05 -7.04637e-06 -2.48028e-05 -0.00041673 1.02298e-05 0.000339465 -2.54458e-05 1.70479e-06 -0.000111829 -3.84816e-06 -8.63244e-05
internal_weight=900 873 852 828 801 780 64 716 70 646 626 290 237 210
internal_count=900 873 852 828 801 780 64 716 70 646 626 290 237 210
is_linear=0
shrinkage=0.05


Tree=94
num_leaves=15
num_cat=0
split_feature=1 1 1 4 4 1 2 4 4 1 4 4 4 1
split_gain=0.00945459 0.0229124 0.0156318 0.0519236 0.0294764 0.00679513 0.00581594 0.0163233 0.0148848 0.00856583 0.00917119 0.0117501 0.00789166 0.00710722
threshold=91.819683795081843 89.702268552799737 85.102154517886817 4.0814783443021563 7.861996547704293 87.48356231176038 29.295444266124161 3.6449121478447197 4.2576159374249363 80.26526467903976 1.9117739992166298 1.5181004483280993 2.4004905931365319 72.263728065360837
decision_type=2 2 2 2 2 2 2 2 2 2 2 2 2 2
left_child=1 2 4 5 6 -4 7 12 9 10 11 -8 13 -1
right_child=-2 -3 3 -5 -6 -7 8 -9 -10 -11 -12 -13 -14 -15
leaf_value=-2.6873228504579555e-05 -0.00079391830691343381 0.0014666829641942901 -0.0003718854354583132 -0.0026737910695374015 0.0017402963042259219 0.00084351622271756444 1.4929791050161866e-05 -0.001129581303776879 0.0014583529788069428 0.00095031946059316401 -0.00053754898521440214 0.001152441873215139 0.00060527104651555421 -0.00074675853882581582
leaf_weight=240 36 27 23 23 25 23 247 38 20 25 66 25 42 40
leaf_count=240 36 27 23 23 25 23 247 38 20 25 66 25 42 40
internal_value=-1.77756e-12 3.30799e-05 -1.31653e-05 -0.000734053 5.1602e-05 0.000235815 -5.21817e-06 -0.000149507 0.000130406 5.72409e-05 -8.81517e-06 0.000119481 -3.38464e-05 -0.000129714
internal_weight=900 864 837 69 768 46 743 360 383 363 338 272 322 280
internal_count=900 864 837 69 768 46 743 360 383 363 338 272 322 280
is_linear=0
shrinkage=0.05


Tree=95
num_leaves=15
num_cat=0
split_feature=4 1 4 1 2 1 2 4 4 1 4 4 1 2
split_gain=0.00960887 0.00635227 0.00605647 0.00775618 0.00399503 0.0133491 0.00772985 0.0233011 0.00588554 0.0407475 0.0080853 0.00478494 0.00558779 0.00476048
threshold=9.1868740683048422 92.525245747634912 6.5575095632409122 90.839193793355619 21.71650986828158 84.540281645988514 20.4924294660002 2.8000949629089811 4.0814783443021563 76.275148016198756 3.3325622569957987 1.8814330365469951 67.145114220581846 22.387624933190349
decision_type=2 2 2 2 2 2 2 2 2 2 2 2 2 2
left_child=1 2 3 4 5 6 7 11 10 -10 13 12 -1 -6
right_child=-2 -3 -4 -5 8 -7 -8 -9 9 -11 -12 -13 -14 -15
leaf_value=0.00023739620982012592 -0.00092898788689463232 0.00083091850295507672 0.00084460973888607924 -0.00096386247087572145 -0.00078594338417696291 0.0013979669487092733 0.00079184803005773576 -0.0016289025434248505 0.0011219845120129842 -0.0017496901129682861 0.00085481449652713946 0.00088194188370835044 -0.00064943234585529278 -1.7967045840673247e-05
leaf_weight=78 27 24 21 21 21 21 30 21 21 30 26 20 23 516
leaf_count=78 27 24 21 21 21 21 30 21 21 30 26 20 23 516
internal_value=-3.55269e-12 2.87316e-05 6.05492e-06 -1.52128e-05 9.47328e-06 0.000207899 6.26005e-05 -9.14659e-05 -5.28985e-05 -0.000567236 -6.30662e-06 0.000175362 3.54452e-05 -4.79996e-05
internal_weight=900 873 849 828 807 193 172 142 614 51 563 121 101 537
internal_count=900 873 849 828 807 193 172 142 614 51 563 121 101 537
is_linear=0
shrinkage=0.05


Tree=96
num_leaves=15
num_cat=0
split_feature=2 4 4 4 4 3 2 0 3 0 4 3 3 4
split_gain=0.00914617 0.0354797 0.032136 0.00900764 0.0174478 0.00751717 0.00803484 0.0165165 0.00580068 0.00488907 0.00885489 0.00523278 0.0043429 0.00907417
threshold=35.752684945490451 4.2985407071778674 8.1834785013069737 5.1916038901268307 4.5585770906923448 1009.2146611503068 38.593289501214734 60.000000000000007 1012.678954668672 36.000000000000007 0.91317623217775823 1001.2851968824616 1007.2871891923484 1.4297975984434592
decision_type=2 2 2 2 2 2 2 2 2 2 2 2 2 2
left_child=2 5 3 4 12 9 7 -7 -8 -2 -11 -12 -1 -14
right_child=1 -3 -4 -5 -6 6 8 -9 -10 10 11 -13 13 -15
leaf_value=-0.00010480042939168407 -0.00025998207638622262 -0.00228509268257767 0.0018894908484071494 -0.00076589510683655083 0.0014527993874666706 -2.770292928250021e-06 -0.00060820657970561166 -0.0019674149178899826 0.00049109961182693953 -0.00026412955169156514 0.00023389584792312236 0.0013009540243527026 -3.7016582680533048e-05 0.00058017272098000378
leaf_weight=323 40 20 24 34 22 23 21 20 28 29 20 27 180 89
leaf_count=323 40 20 24 34 22 23 21 20 28 29 20 27 180 89
internal_value=-4.25644e-13 -0.000273644 9.28434e-05 2.63009e-05 7.01685e-05 -8.02352e-05 -0.000417756 -0.000916558 1.99684e-05 0.000187454 0.000422946 0.000846887 1.87869e-05 0.000167184
internal_weight=900 228 672 648 614 208 92 43 49 116 76 47 592 269
internal_count=900 228 672 648 614 208 92 43 49 116 76 47 592 269
is_linear=0
shrinkage=0.05


Tree=97
num_leaves=15
num_cat=0
split_feature=4 4 2 4 4 2 4 3 2 0 1 4 1 1
split_gain=0.0094833 0.00665031 0.0213874 0.0271938 0.00500464 0.00284304 0.00280825 0.00372625 0.00720269 0.00924738 0.00531155 0.00732161 0.00558297 0.014687
threshold=9.1868740683048422 4.0012701610456833 31.565542913834573 5.1916038901268307 3.2047521470020111 16.056068017966577 0.35070039665045877 1013.6446327686525 35.752684945490451 60.000000000000007 36.14731417722745 1.3408582352457123 57.217910785810318 60.507848739440625
decision_type=2 2 2 2 2 2 2 2 2 2 2 2 2 2
left_child=1 4 3 -3 5 -1 -7 10 9 -9 11 -8 -12 -14
right_child=-2 2 -4 -5 -6 6 7 8 -10 -11 12 -13 13 -15
leaf_value=0.00046009586508399954 -0.00092289800997133605 0.00070910574585149018 0.0013281641384729973 -0.0014009186255022473 -0.0005972525964251772 0.00025832307170845984 -9.7312547333069349e-05 -5.2320185046562045e-05 -0.00040208891374883635 0.00097384444601456867 -0.00037702588074377437 0.0011150691399234348 0.0011599045862870601 -0.00013965170902806816
leaf_weight=33 27 37 39 26 36 83 33 46 36 42 187 20 24 231
leaf_count=33 27 37 39 26 36 83 33 46 36 42 187 20 24 231
internal_value=1.56938e-13 2.85432e-05 0.000407955 -0.000161698 -2.16513e-05 6.54137e-06 -1.47796e-05 -5.13991e-05 0.000193706 0.00043744 -0.000112799 0.00036019 -0.000169515 -1.73405e-05
internal_weight=900 873 102 63 771 735 702 619 124 88 495 53 442 255
internal_count=900 873 102 63 771 735 702 619 124 88 495 53 442 255
is_linear=0
shrinkage=0.05


Tree=98
num_leaves=15
num_cat=0
split_feature=1 4 4 4 3 0 3 0 2 2 1 1 3 3
split_gain=0.00879327 0.0170912 0.00634957 0.00777376 0.00318935 0.00529735 0.0148465 0.00827389 0.00819738 0.00822338 0.00749444 0.0112441 0.0149326 0.00636081
threshold=92.876226084456235 8.1834785013069737 5.1916038901268307 4.5585770906923448 1017.2355526913584 84.000000000000014 1014.3781049969963 60.000000000000007 38.687738961625037 34.7302100432427 85.756847608786543 69.886765405114375 1004.2717879491096 1009.5239544525336
decision_type=2 2 2 2 2 2 2 2 2 2 2 2 2 2
left_child=1 2 3 4 5 7 10 -1 9 -9 11 13 -13 -7
right_child=-2 -3 -4 -5 -6 6 -8 8 -10 -11 -12 12 -14 -15
leaf_value=-6.2994127986789719e-05 -0.0010111342073373852 0.0011970417356739443 -0.0006404465859911095 0.00088069264311343434 0.00045873332008555096 0.00017272061267542115 -0.0014124988830493143 0.00043224804391179031 0.0013288969990389889 -0.0006886219867737964 0.00082105594534368723 -0.0019055722129996866 -5.5692003176469973e-05 -0.00069121158146747178
leaf_weight=389 21 30 39 25 34 118 24 90 20 20 20 20 24 26
leaf_count=389 21 30 39 25 34 118 24 90 20 20 20 20 24 26
internal_value=-1.34585e-12 2.41568e-05 -1.72879e-05 1.2716e-05 -1.49265e-05 -3.63705e-05 -0.000234989 5.24145e-05 0.000397752 0.000228453 -9.91221e-05 -0.000197013 -0.000896547 1.67329e-05
internal_weight=900 879 849 810 785 751 232 519 130 110 208 188 44 144
internal_count=900 879 849 810 785 751 232 519 130 110 208 188 44 144
is_linear=0
shrinkage=0.05


Tree=99
num_leaves=15
num_cat=0
split_feature=4 1 1 4 2 1 4 1 4 1 1 1 4 4
split_gain=0.00951291 0.00613487 0.00905306 0.018019 0.0357739 0.00561691 0.0131264 0.00546257 0.00504103 0.00408142 0.00476958 0.00944497 0.00760198 0.00592946
threshold=9.1868740683048422 91.123554649647346 88.18037283231844 4.9111893214203226 27.019122394584688 85.756847608786543 4.2985407071778674 84.188493040380138 2.1611917652145336 80.096252221555872 77.911492681130539 73.869056830618646 3.1666125351189192 2.3877157905223969
decision_type=2 2 2 2 2 2 2 2 2 2 2 2 2 2
left_child=1 2 3 5 -5 6 7 9 -3 10 11 12 13 -1
right_child=-2 8 -4 4 -6 -7 -8 -9 -10 -11 -12 -13 -14 -15
leaf_value=-3.6898683905169846e-05 -0.00092433764150849109 6.8732463246719405e-05 -0.00076640401970802779 -0.00051744049473199992 0.0023739612134902376 0.00067143215668953159 -0.0012820888865029529 -0.00080763713478864655 0.0011391014231114903 0.00054507982054287016 -0.00066748365904829745 0.00082153700418797701 -0.00082491215901521584 0.00063544057467619761
leaf_weight=520 27 22 37 20 23 28 21 21 22 34 27 34 29 35
leaf_count=520 27 22 37 20 23 28 21 21 22 34 27 34 29 35
internal_value=-2.75127e-12 2.85878e-05 -1.94841e-06 3.37648e-05 0.00102912 -2.33786e-05 -5.03616e-05 -1.34097e-05 0.000603917 1.1154e-05 -1.69909e-05 1.14287e-05 -3.57352e-05 5.50109e-06
internal_weight=900 873 829 792 43 749 721 700 44 679 645 618 584 555
internal_count=900 873 829 792 43 749 721 700 44 679 645 618 584 555
is_linear=0
shrinkage=0.05


end of trees

feature_importances:
precip_spread=568
humidity=296
pressure=242
temperature=208
lead_time=86

parameters:
[boosting: gbdt]
[objective: regression]
[metric: l2]
[tree_learner: serial]
[device_type: cpu]
[data_sample_strategy: bagging]
[data: ]
[valid: ]
[num_iterations: 100]
[learning_rate: 0.05]
[num_leaves: 15]
[num_threads: 0]
[seed: 42]
[deterministic: 0]
[force_col_wise: 0]
[force_row_wise: 0]
[histogram_pool_size: -1]
[max_depth: -1]
[min_data_in_leaf: 20]
[min_sum_hessian_in_leaf: 0.001]
[bagging_fraction: 1]
[pos_bagging_fraction: 1]
[neg_bagging_fraction: 1]
[bagging_freq: 0]
[bagging_seed: 400]
[bagging_by_query: 0]
[feature_fraction: 1]
[feature_fraction_bynode: 1]
[feature_fraction_seed: 30056]
[extra_trees: 0]
[extra_seed: 12879]
[early_stopping_round: 0]
[early_stopping_min_delta: 0]
[first_metric_only: 0]
[max_delta_step: 0]
[lambda_l1: 0]
[lambda_l2: 0]
[linear_lambda: 0]
[min_gain_to_split: 0]
[drop_rate: 0.1]
[max_drop: 50]
[skip_drop: 0.5]
[xgboost_dart_mode: 0]
[uniform_drop: 0]
[drop_seed: 17869]
[top_rate: 0.2]
[other_rate: 0.1]
[min_data_per_group: 100]
[max_cat_threshold: 32]
[cat_l2: 10]
[cat_smooth: 10]
[max_cat_to_onehot: 4]
[top_k: 20]
[monotone_constraints: ]
[monotone_constraints_method: basic]
[monotone_penalty: 0]
[feature_contri: ]
[forcedsplits_filename: ]
[refit_decay_rate: 0.9]
[cegb_tradeoff: 1]
[cegb_penalty_split: 0]
[cegb_penalty_feature_lazy: ]
[cegb_penalty_feature_coupled: ]
[path_smooth: 0]
[interaction_constraints: ]
[verbosity: -1]
[saved_feature_importance_type: 0]
[use_quantized_grad: 0]
[num_grad_quant_bins: 4]
[quant_train_renew_leaf: 0]
[stochastic_rounding: 1]
[linear_tree: 0]
[max_bin: 255]
[max_bin_by_feature: ]
[min_data_in_bin: 3]
[bin_construct_sample_cnt: 200000]
[data_random_seed: 175]
[is_enable_sparse: 1]
[enable_bundle: 1]
[use_missing: 1]
[zero_as_missing: 0]
[feature_pre_filter: 1]
[pre_partition: 0]
[two_round: 0]
[header: 0]
[label_column: ]
[weight_column: ]
[group_column: ]
[ignore_column: ]
[categorical_feature: ]
[forcedbins_filename: ]
[precise_float_parser: 0]
[parser_config_file: ]
[objective_seed: 16083]
[num_class: 1]
[is_unbalance: 0]
[scale_pos_weight: 1]
[sigmoid: 1]
[boost_from_average: 1]
[reg_sqrt: 0]
[alpha: 0.9]
[fair_c: 1]
[poisson_max_delta_step: 0.7]
[tweedie_variance_power: 1.5]
[lambdarank_truncation_level: 30]
[lambdarank_norm: 1]
[label_gain: ]
[lambdarank_position_bias_regularization: 0]
[eval_at: ]
[multi_error_top_k: 1]
[auc_mu_weights: ]
[num_machines: 1]
[local_listen_port: 12400]
[time_out: 120]
[machine_list_filename: ]
[machines: ]
[gpu_platform_id: -1]
[gpu_device_id: -1]
[gpu_device_id_list: ]
[gpu_use_dp: 0]
[num_gpu: 1]

end of parameters

pandas_categorical:[]
