tree
version=v4
num_class=1
num_tree_per_iteration=1
label_index=0
max_feature_idx=8
objective=regression
feature_names=Column_0 Column_1 Column_2 Column_3 Column_4 Column_5 Column_6 Column_7 Column_8
feature_infos=[24:72] [13.082700000000001:34.1526] [72.877700000000004:91.736199999999997] [0:34.399999999999999] [0:39.600000000000001] [0:37.600000000000001] [0.099999999999999645:35.600000000000001] [0.047140452079103001:14.833970023788869] [0.86666666666666659:28.166666666666668]
tree_sizes=1394 1455 1462 1448 1446 1456 1451 1459 1450 1455 1466 1463 1475 1478 1459 1463 1479 1471 1482 1485 1460 1471 1458 1466 1473 1463 1455 1462 1484 1472 1484 1461 1450 1478 1461 1467 1463 1488 1484 1461 1491 1433 1464 1497 1480 1479 1476 1466 1476 1469 1455 1483 1465 1435 1456 1466 1474 1466 1472 1455 1455 1467 1454 1471 1462 1439 1471 1450 1462 1466 1472 1436 1461 1467 1464 1472 1425 1475 1448 1440 1463 1460 1462 1453 1444 1465 1447 1456 1447 1485 1432 1452 1470 1451 1488 1439 1475 1459 1447 1477

Tree=0
num_leaves=15
num_cat=0
split_feature=6 1 6 2 6 5 1 5 3 3 8 5 3 3
split_gain=45.5622 22.3366 9.19269 6.02555 4.80055 3.54776 3.47682 4.32377 3.78419 3.45259 3.36441 3.2803 2.81351 2.42092
threshold=8.1500000000000039 31.383250000000004 13.550000000000002 77.393050000000017 4.2500000000000018 5.0500000000000007 31.383250000000004 8.6500000000000004 3.9500000000000006 2.2500000000000004 11.783333333333335 18.250000000000004 21.350000000000005 17.250000000000004
decision_type=2 2 2 2 2 2 2 2 2 2 2 2 2 2
left_child=1 9 6 -4 -3 -6 8 -8 -2 -1 -5 -10 -11 -12
right_child=2 4 3 10 5 -7 7 -9 11 12 13 -13 -14 -15
leaf_value=0.44159671481205437 0.44526447036950773 0.4512850145324907 0.45714379179470321 0.4543740786439473 0.45587955586557755 0.46298993309834413 0.45652344161286601 0.46681027847309015 0.45547574952357167 0.44834161366784736 0.46593164032737333 0.43725756130045762 0.45995880111695064 0.45773090936378652
leaf_weight=190 99 306 692 89 435 294 364 142 2118 3131 596 25 53 106
leaf_count=190 99 306 692 89 435 294 364 142 2118 3131 596 25 53 106
internal_value=0.453672 0.450115 0.457379 0.460551 0.456541 0.458747 0.455667 0.45941 0.454822 0.448144 0.463532 0.455263 0.448535 0.464693
internal_weight=8640 4409 4231 1483 1035 729 2748 506 2242 3374 791 2143 3184 702
internal_count=8640 4409 4231 1483 1035 729 2748 506 2242 3374 791 2143 3184 702
is_linear=0
shrinkage=1


Tree=1
num_leaves=15
num_cat=0
split_feature=6 6 1 1 4 2 5 5 8 3 3 3 5 7
split_gain=41.4851 12.2501 10.1461 9.02287 6.43927 5.43806 4.90592 3.40242 3.0921 2.64365 2.44966 2.39809 2.93727 2.37375
threshold=6.2500000000000018 13.550000000000002 31.383250000000004 31.383250000000004 15.15 77.393050000000017 5.8500000000000005 18.250000000000004 12.083333333333337 3.3500000000000001 1.7000000000000004 9.4500000000000011 5.3500000000000005 1.3984097660274213
decision_type=2 2 2 2 2 2 2 2 2 2 2 2 2 2
left_child=3 2 4 10 9 -3 -4 11 -7 -2 -1 12 -6 -5
right_child=1 5 6 13 7 8 -8 -9 -10 -11 -12 -13 -14 -15
leaf_value=-0.013681714326988177 -0.010706583461419584 0.0032979880763556626 0.0029277815280276255 -0.0044778392958146158 0.0083384983332864208 0.0019747466864646411 0.010633396889119637 -0.015462608564773512 0.010689064113065135 -0.0024260616376751416 -0.0055786878102778766 0.0024916400751070827 -0.0049351840044421311 0.0023180381224435893
leaf_weight=97 107 692 517 172 51 120 344 29 671 972 2427 1705 228 508
leaf_count=97 107 692 517 172 51 120 344 29 671 972 2427 1705 228 508
internal_value=1.76457e-11 0.0026599 0.00120609 -0.00451287 -0.000130616 0.00653509 0.00600645 0.00153993 0.00936704 -0.00324721 -0.0058901 0.00178845 -0.00250881 0.000599081
internal_weight=8640 5436 3953 3204 3092 1483 861 2013 791 1079 2524 1984 279 680
internal_count=8640 5436 3953 3204 3092 1483 861 2013 791 1079 2524 1984 279 680
is_linear=0
shrinkage=0.05


Tree=2
num_leaves=15
num_cat=0
split_feature=6 1 6 1 2 5 3 7 8 5 3 2 3 5
split_gain=37.5559 13.6019 8.98318 5.60499 4.90785 4.03261 3.87184 3.13103 2.79062 2.62854 2.60211 2.58317 4.64882 2.4618
threshold=7.3500000000000014 31.383250000000004 13.550000000000002 31.383250000000004 77.393050000000017 5.8500000000000005 4.0500000000000007 1.3984097660274213 12.083333333333337 18.250000000000004 2.2500000000000004 86.003450000000015 8.8500000000000032 6.6500000000000012
decision_type=2 2 2 2 2 2 2 2 2 2 2 2 2 2
left_child=1 10 3 6 -4 -5 -2 -3 -6 11 -1 -8 -13 -9
right_child=2 7 4 5 8 -7 9 13 -10 -11 -12 12 -14 -15
leaf_value=-0.011081138449824519 -0.008035348419752706 -0.0042539473222182834 0.0031330887774871281 0.0022558012475880486 0.001876009211046039 0.010178008911787537 0.0014355304977679167 0.0017261795987204617 0.010154611080428295 -0.014899699307548312 -0.0048806235595446543 0.009769808495184407 -0.012779349684715273 0.0088826969249198359
leaf_weight=180 127 172 692 375 120 281 2350 560 671 26 2821 32 80 153
leaf_count=180 127 172 692 375 120 281 2350 560 671 26 2821 32 80 153
internal_value=-4.07164e-12 -0.00364612 0.0029804 0.00151692 0.00620834 0.00564931 0.000480268 0.00180117 0.00889869 0.000914948 -0.00525253 0.00108196 -0.00633673 0.00326187
internal_weight=8640 3886 4754 3271 1483 656 2615 885 791 2488 3001 2462 112 713
internal_count=8640 3886 4754 3271 1483 656 2615 885 791 2488 3001 2462 112 713
is_linear=0
shrinkage=0.05


Tree=3
num_leaves=15
num_cat=0
split_feature=6 6 1 1 4 2 5 5 8 3 4 3 3 5
split_gain=34.1338 9.90836 8.31784 7.29076 5.39457 4.42933 4.16053 2.79863 2.55414 2.2345 2.59642 2.19829 2.16605 2.64628
threshold=6.2500000000000018 13.550000000000002 31.383250000000004 31.383250000000004 15.15 77.393050000000017 8.6500000000000004 18.250000000000004 11.783333333333335 19.450000000000003 21.750000000000004 3.4500000000000006 9.4500000000000011 5.3500000000000005
decision_type=2 2 2 2 2 2 2 2 2 2 2 2 2 2
left_child=3 2 4 -1 11 -3 -4 12 -7 -10 -11 -2 13 -6
right_child=1 5 6 -5 7 8 -8 -9 9 10 -12 -13 -14 -15
leaf_value=-0.0053315383503895692 -0.0095562232555051457 0.002976434175369217 0.0035273482140128209 0.00050161766207191464 0.0078613106766259114 0.00047422265241529502 0.011729498761982685 -0.013996315908072324 0.010319908743084305 -0.0098156968852685361 0.011189340706914665 -0.0021857522329516558 0.0023176936777138742 -0.004737738584037544
leaf_weight=2524 113 692 659 680 51 89 202 29 643 31 28 966 1705 228
leaf_count=2524 113 692 659 680 51 89 202 29 643 31 28 966 1705 228
internal_value=9.48687e-12 0.00241275 0.00110526 -0.00409354 -0.000105043 0.00589792 0.00545166 0.00142399 0.00845376 0.00946541 0.000152796 -0.00295764 0.00164939 -0.00243469
internal_weight=8640 5436 3953 3204 3092 1483 861 2013 791 702 59 1079 1984 279
internal_count=8640 5436 3953 3204 3092 1483 861 2013 791 702 59 1079 1984 279
is_linear=0
shrinkage=0.05


Tree=4
num_leaves=15
num_cat=0
split_feature=6 1 6 2 6 3 5 3 8 4 3 3 4 1
split_gain=30.9518 15.3702 5.92993 3.99747 3.62782 2.58447 2.44751 2.43193 2.34917 2.31785 2.20522 2.05502 2.8186 2.05206
threshold=8.1500000000000039 31.383250000000004 13.550000000000002 77.393050000000017 4.6500000000000021 21.350000000000005 5.0500000000000007 1.7000000000000004 11.15 27.050000000000004 23.750000000000004 17.250000000000004 21.750000000000004 31.383250000000004
decision_type=2 2 2 2 2 2 2 2 2 2 2 2 2 2
left_child=1 5 9 -4 -3 7 -6 -1 -5 10 13 -10 -13 -2
right_child=2 4 3 8 6 -7 -8 -9 11 -11 -12 12 -14 -15
leaf_value=-0.011790859868939399 0.0009932998990382926 -0.0015368205515100038 0.0028276124327488768 -0.0015666598896101371 0.002144183957155633 0.0063874881204990857 0.0083562449530070419 -0.0044818134038109077 0.0099008190179802474 -0.0059524511219024136 0.0098795463835053589 -0.0071235805418756286 0.009315452199699658 0.004546864684699347
leaf_weight=118 2061 374 692 59 397 53 264 3203 625 96 85 45 62 506
leaf_count=118 2061 374 692 59 397 53 264 3203 625 96 85 45 62 506
internal_value=3.60239e-11 -0.00293162 0.00305495 0.00560302 0.00239857 -0.0045667 0.00462525 -0.00474151 0.00803107 0.00167985 0.00195613 0.00880466 0.00240184 0.00169377
internal_weight=8640 4409 4231 1483 1035 3374 661 3321 791 2748 2652 732 107 2567
internal_count=8640 4409 4231 1483 1035 3374 661 3321 791 2748 2652 732 107 2567
is_linear=0
shrinkage=0.05


Tree=5
num_leaves=15
num_cat=0
split_feature=6 6 1 1 4 5 2 5 8 3 5 3 2 3
split_gain=28.1744 7.99605 6.80432 5.90575 4.6134 3.68789 3.60772 2.45697 2.16224 2.03609 2.84286 1.96637 2.01012 2.45037
threshold=6.2500000000000018 13.550000000000002 31.383250000000004 31.383250000000004 15.15 8.6500000000000004 77.393050000000017 18.250000000000004 12.083333333333337 5.8500000000000005 9.1500000000000004 3.4500000000000006 86.003450000000015 8.8500000000000032
decision_type=2 2 2 2 2 2 2 2 2 2 2 2 2 2
left_child=3 2 4 -1 11 -4 -3 -6 -8 -5 -11 -2 -13 -14
right_child=1 6 5 9 7 -7 8 -9 -10 10 -12 12 13 -15
leaf_value=-0.0048332854588605308 -0.0089559885844283371 0.0026862318822525651 0.0031368813258316648 0.0027406634290295926 0.0015479994916873811 0.010859105673314322 0.0014478625574459634 -0.013111588105173974 0.0087350278465603334 -0.0054102880436403215 0.0067650639223026448 -0.00081234681448979671 0.00074521815280119582 -0.010652787412890769
leaf_weight=2524 113 692 659 395 1984 202 120 29 671 224 61 764 75 127
leaf_count=2524 113 692 659 395 1984 202 120 29 671 224 61 764 75 127
internal_value=4.02945e-11 0.00219203 0.00101747 -0.00371907 -7.71919e-05 0.0049486 0.00532287 0.00133681 0.00762952 0.000416657 -0.00280434 -0.00271517 -0.00198514 -0.00642085
internal_weight=8640 5436 3953 3204 3092 861 1483 2013 791 680 285 1079 966 202
internal_count=8640 5436 3953 3204 3092 861 1483 2013 791 680 285 1079 966 202
is_linear=0
shrinkage=0.05


Tree=6
num_leaves=15
num_cat=0
split_feature=6 1 2 6 8 4 0 7 5 3 5 5 3 4
split_gain=25.6181 12.8784 5.17613 4.32104 4.24263 3.40983 3.57024 3.06972 3.71161 2.66162 2.83475 2.63983 2.29255 2.59336
threshold=10.150000000000004 31.383250000000004 77.393050000000017 7.0500000000000007 11.15 11.350000000000003 36.000000000000007 1.3984097660274213 4.9500000000000011 6.2500000000000009 15.450000000000001 4.6500000000000012 18.650000000000002 22.050000000000004
decision_type=2 2 2 2 2 2 2 2 2 2 2 2 2 2
left_child=1 3 5 -1 -4 -2 -7 -3 -9 11 -11 -8 -6 -14
right_child=2 7 4 -5 12 6 9 8 -10 10 -12 -13 13 -15
leaf_value=-0.0044518346698378857 -0.013558183113733926 -0.0039366987529806359 0.0008418923950835631 -0.0010846398381970594 0.007937119533805671 0.0053696456381362098 0.00068600903394528561 0.00082607763789388554 0.0065583037614783991 0.0020555810247758419 -0.0071834198920236493 -0.016347086397202119 -0.006199272023150116 0.0089145825545225918
leaf_weight=2859 36 172 337 1429 1057 516 45 676 485 774 93 46 64 51
leaf_count=2859 36 172 337 1429 1057 516 45 676 485 774 93 46 64 51
internal_value=1.15784e-12 -0.00199531 0.00371502 -0.0033297 0.00578605 0.00164537 0.00201669 0.00229714 0.00322068 0.000210716 0.00106455 -0.00792413 0.0072077 0.000503394
internal_weight=8640 5621 3019 4288 1509 1510 1474 1333 1161 958 867 91 1172 115
internal_count=8640 5621 3019 4288 1509 1510 1474 1333 1161 958 867 91 1172 115
is_linear=0
shrinkage=0.05


Tree=7
num_leaves=15
num_cat=0
split_feature=6 6 1 1 4 5 2 5 3 5 3 8 3 8
split_gain=23.1575 6.60284 5.7792 4.73139 3.80578 3.15872 2.91766 2.12937 1.9514 2.34697 1.86398 1.86171 1.81806 2.40489
threshold=6.2500000000000018 13.550000000000002 31.383250000000004 31.383250000000004 15.15 8.6500000000000004 77.393050000000017 18.250000000000004 9.4500000000000011 5.3500000000000005 2.2500000000000004 12.083333333333337 4.4500000000000011 4.2166666666666677
decision_type=2 2 2 2 2 2 2 2 2 2 2 2 2 2
left_child=3 2 4 10 -2 -4 -3 8 9 -6 -1 -8 13 -5
right_child=1 6 5 12 7 -7 11 -9 -10 -11 -12 -13 -14 -15
leaf_value=-0.0095403351855287161 -0.0024848519423357244 0.0024612383994044545 0.0028661790254599327 -0.0046979214957873546 0.0072118469057422061 0.010012936853978895 0.0011707083780008059 -0.012255307665929714 0.0020263451910762921 -0.0046533163554334338 -0.0040120103151687573 0.0079325063181670871 -0.0017679823600728261 0.0062268864593968678
leaf_weight=163 1079 692 659 67 51 202 120 29 1705 228 2361 671 410 203
leaf_count=163 1079 692 659 67 51 202 120 29 1705 228 2361 671 410 203
internal_value=-1.85854e-11 0.00198731 0.000919968 -0.00337172 -8.88721e-05 0.00454289 0.00483235 0.00119541 0.00139202 -0.00248442 -0.00436903 0.0069067 0.000330036 0.00351592
internal_weight=8640 5436 3953 3204 3092 861 1483 2013 1984 279 2524 791 680 270
internal_count=8640 5436 3953 3204 3092 861 1483 2013 1984 279 2524 791 680 270
is_linear=0
shrinkage=0.05


Tree=8
num_leaves=15
num_cat=0
split_feature=6 1 2 8 6 0 7 5 3 5 5 3 3 8
split_gain=21.1739 10.5522 4.31848 3.58174 3.52946 3.07007 2.63883 3.10527 2.38042 2.48403 2.29836 2.24317 2.06245 2.4601
threshold=10.150000000000004 31.383250000000004 77.393050000000017 11.15 8.1500000000000039 36.000000000000007 1.758155144900073 4.9500000000000011 6.2500000000000009 4.2500000000000009 15.450000000000001 21.350000000000005 19.150000000000002 16.783333333333339
decision_type=2 2 2 2 2 2 2 2 2 2 2 2 2 2
left_child=1 4 5 -4 11 -2 -3 -8 9 -7 -10 -1 -5 -14
right_child=2 6 3 12 -6 8 7 -9 10 -11 -12 -13 13 -15
leaf_value=-0.0039313651961491083 0.0045482782086751225 -0.0022721310842563247 0.0007263530191180548 0.0072159924663415661 -0.00026577279203229012 0.0024990605354105358 0.00091041865755525718 0.0064065381940840108 0.0014975173747217494 -0.014277434139920955 -0.0068108967014698573 0.0064367884506453879 -0.0082928665324437378 0.0073949704166985687
leaf_weight=3321 531 277 337 1072 914 36 614 442 793 57 93 53 49 51
leaf_count=3321 531 277 337 1072 914 36 614 442 793 57 93 53 49 51
internal_value=2.7348e-11 -0.00181401 0.00337745 0.00526913 -0.00302188 0.00148702 0.0020715 0.00321088 -0.00017337 -0.00778331 0.000625415 -0.0037685 0.00657537 -0.00029207
internal_weight=8640 5621 3019 1509 4288 1510 1333 1056 979 93 886 3374 1172 100
internal_count=8640 5621 3019 1509 4288 1510 1333 1056 979 93 886 3374 1172 100
is_linear=0
shrinkage=0.05


Tree=9
num_leaves=15
num_cat=0
split_feature=6 1 2 8 6 4 0 7 5 3 5 5 3 4
split_gain=19.1095 9.52337 3.89743 3.23252 3.20688 3.02429 2.91747 2.41726 2.93254 2.13291 2.28237 2.16441 1.87423 2.1292
threshold=10.150000000000004 31.383250000000004 77.393050000000017 11.15 7.0500000000000007 11.350000000000003 36.000000000000007 1.3984097660274213 4.9500000000000011 6.2500000000000009 15.250000000000002 4.6500000000000012 18.650000000000002 22.050000000000004
decision_type=2 2 2 2 2 2 2 2 2 2 2 2 2 2
left_child=1 4 5 -4 -1 -2 -7 -3 -9 11 -11 -8 -5 -14
right_child=2 7 3 12 -6 6 9 8 -10 10 -12 -13 13 -15
leaf_value=-0.0038374909895637285 -0.012905601986373465 -0.0035638985360788491 0.000690035458560204 0.0069061261853520378 -0.0009367053161195674 0.0047933501597875626 0.00064398807525220851 0.00065895483306245388 0.0057541819918929538 0.0018464499827473746 -0.0060167629764016186 -0.014779252392928238 -0.0058885552225547144 0.0078061191584257519
leaf_weight=2859 36 172 337 1057 1429 516 45 676 485 762 105 46 64 51
leaf_count=2859 36 172 337 1057 1429 516 45 676 485 762 105 46 64 51
internal_value=6.71148e-12 -0.00172331 0.00320858 0.00500567 -0.00287079 0.00141267 0.00176237 0.00196792 0.00278745 0.000129821 0.000894158 -0.00715238 0.0062466 0.000184735
internal_weight=8640 5621 3019 1509 4288 1510 1474 1333 1161 958 867 91 1172 115
internal_count=8640 5621 3019 1509 4288 1510 1474 1333 1161 958 867 91 1172 115
is_linear=0
shrinkage=0.05


Tree=10
num_leaves=15
num_cat=0
split_feature=6 6 1 1 8 5 2 5 5 3 4 3 3 5
split_gain=17.4048 5.00157 4.59552 3.39831 3.05065 2.57114 2.10491 2.06738 1.82055 1.95176 2.25501 1.69928 1.63716 2.36636
threshold=6.2500000000000018 13.550000000000002 31.383250000000004 31.383250000000004 9.1833333333333353 5.8500000000000005 77.393050000000017 4.8500000000000005 16.350000000000005 23.750000000000004 22.250000000000004 1.7000000000000004 5.8500000000000005 9.1500000000000004
decision_type=2 2 2 2 2 2 2 2 2 2 2 2 2 2
left_child=3 2 4 11 7 -4 -3 -2 9 -6 -11 -1 -5 -14
right_child=1 6 5 12 8 -7 -8 -9 -10 10 -12 -13 13 -15
leaf_value=-0.01025773603625154 -0.00062607315973131151 0.0021850627549206288 0.0017958301992283513 0.0022980768303902631 0.00076653208884745023 0.007374234166372633 0.0059609228605995036 -0.0061111531785603516 -0.0057268963291090373 0.018746995014336073 0.0013705819043828998 -0.0035089334879765989 -0.0050516791377439021 0.006056537963144603
leaf_weight=97 395 692 517 395 2213 344 791 304 104 33 43 2427 224 61
leaf_count=97 395 692 517 395 2213 344 791 304 104 33 43 2427 224 61
internal_value=-8.23893e-12 0.00172288 0.000793933 -0.00292309 -0.000105681 0.0040246 0.00419902 -0.00301157 0.000743136 0.0010371 0.0089156 -0.0037683 0.000214137 -0.00267413
internal_weight=8640 5436 3953 3204 3092 861 1483 699 2393 2289 76 2524 680 285
internal_count=8640 5436 3953 3204 3092 861 1483 699 2393 2289 76 2524 680 285
is_linear=0
shrinkage=0.05


Tree=11
num_leaves=15
num_cat=0
split_feature=6 1 2 8 3 4 0 3 7 5 3 5 3 5
split_gain=15.8174 7.80222 3.24328 2.87759 2.76691 2.686 2.63478 2.19394 2.05728 2.4794 1.89048 2.12586 2.32455 1.9746
threshold=10.150000000000004 31.383250000000004 77.393050000000017 13.083333333333337 20.550000000000004 11.350000000000003 36.000000000000007 2.1500000000000008 1.3984097660274213 4.9500000000000011 6.2500000000000009 7.0500000000000007 10.450000000000001 4.2500000000000009
decision_type=2 2 2 2 2 2 2 2 2 2 2 2 2 2
left_child=1 4 5 -4 7 -2 -7 -1 -3 -10 13 -12 -13 -8
right_child=2 8 3 -5 -6 6 10 -9 9 -11 11 12 -14 -15
leaf_value=-0.0081342480115671745 -0.012212846935209302 -0.0033301201486231782 0.0022939930578808722 0.0066637585548583664 0.0038240155183438284 0.0044908240321120509 0.0023068376668056267 -0.0026054900634329813 0.00057210607633970069 0.0052571618307133442 0.0054838485484032529 -0.011638058328323743 0.00024589391711248661 -0.01275566565973515
leaf_weight=188 36 172 727 782 161 516 36 3939 676 485 188 44 635 55
leaf_count=188 36 172 727 782 161 516 36 3939 676 485 188 44 635 55
internal_value=4.51101e-12 -0.00156785 0.00291915 0.00455851 -0.00260648 0.00128087 0.00161044 -0.00285735 0.00177321 0.00252926 5.89939e-05 0.000778583 -0.0005242 -0.00679687
internal_weight=8640 5621 3019 1509 4288 1510 1474 4127 1333 1161 958 867 679 91
internal_count=8640 5621 3019 1509 4288 1510 1474 4127 1333 1161 958 867 679 91
is_linear=0
shrinkage=0.05


Tree=12
num_leaves=15
num_cat=0
split_feature=6 2 6 4 1 1 3 5 5 5 8 6 0 3
split_gain=14.5738 4.39626 3.76337 2.92669 2.76482 2.68292 5.18026 6.48458 2.98265 2.77585 2.21812 2.05085 1.78491 1.75377
threshold=6.2500000000000018 86.003450000000015 17.150000000000006 10.950000000000001 31.383250000000004 31.383250000000004 8.3500000000000032 4.1500000000000012 8.6500000000000004 16.350000000000005 9.7500000000000018 10.150000000000004 60.000000000000007 19.150000000000002
decision_type=2 2 2 2 2 2 2 2 2 2 2 2 2 2
left_child=4 2 5 -3 -1 6 7 -2 10 11 -7 -8 -13 -11
right_child=1 3 -4 -5 -6 8 9 -9 -10 13 -12 12 -14 -15
leaf_value=-0.0034371811639407365 0.0046565444108416362 -0.0074662348411016731 0.006172616914346481 0.0055098106491972103 0.00015493395902012709 0.0026454285142043284 0.00040939124763776701 -0.0068867587175457344 0.0082450236497832678 -0.014279685858146927 -0.011980321864097344 0.0041747904720337544 0.00083848266647710233 -0.0018202443127202886
leaf_weight=2524 173 207 468 55 680 650 1219 410 274 38 27 1204 601 110
leaf_count=2524 173 207 468 55 680 650 1219 410 274 38 27 1204 601 110
internal_value=-2.76126e-11 0.00157654 0.00189651 -0.00474226 -0.00267481 0.00147127 0.000870461 -0.00346139 0.00384353 0.00166664 0.00206213 0.00199386 0.00306392 -0.00501929
internal_weight=8640 5436 5174 262 3204 4706 3755 583 951 3172 677 3024 1805 148
internal_count=8640 5436 5174 262 3204 4706 3755 583 951 3172 677 3024 1805 148
is_linear=0
shrinkage=0.05


Tree=13
num_leaves=15
num_cat=0
split_feature=6 2 2 8 3 4 0 1 3 5 3 5 4 5
split_gain=13.1528 3.96762 3.49366 3.55074 2.86531 2.65907 2.51805 2.49525 1.96732 1.8625 1.72483 1.68629 1.48036 2.02002
threshold=6.2500000000000018 86.003450000000015 77.393050000000017 13.083333333333337 2.7500000000000004 11.450000000000001 36.000000000000007 31.383250000000004 17.150000000000002 17.650000000000002 6.5500000000000007 2.8500000000000001 8.7500000000000018 11.250000000000002
decision_type=2 2 2 2 2 2 2 2 2 2 2 2 2 2
left_child=7 2 4 12 -2 -3 -6 -1 -5 10 11 -8 -4 -14
right_child=1 5 3 8 6 -7 9 -9 -10 -11 -12 -13 13 -15
leaf_value=-0.0032653219888897703 -0.010193452738286531 -0.0068907453045336025 0.0067612228628400883 0.0067472497183928689 0.002992509435141376 0.0061306674266234044 0.0061018012975442362 0.00014718725297023093 0.00089102873454690234 -0.010153502574626437 0.0004645759665968554 -0.0074255992327100385 0.00070929802497675832 0.0071620237659943062
leaf_weight=2524 61 214 134 738 851 48 28 680 178 47 1497 130 1377 133
leaf_count=2524 61 214 134 738 851 48 28 680 178 47 1497 130 1377 133
internal_value=3.99544e-12 0.00149772 0.00180169 0.00311458 0.000515915 -0.00450514 0.000771799 -0.00254107 0.00560925 -0.000338556 -5.98231e-05 -0.00502834 0.00172461 0.00127765
internal_weight=8640 5436 5174 2560 2614 262 2553 3204 916 1702 1655 158 1644 1510
internal_count=8640 5436 5174 2560 2614 262 2553 3204 916 1702 1655 158 1644 1510
is_linear=0
shrinkage=0.05


Tree=14
num_leaves=15
num_cat=0
split_feature=6 1 2 4 3 8 3 0 5 3 3 4 7 5
split_gain=11.8774 5.88207 2.55058 2.44514 2.35832 2.34003 2.18431 2.1691 2.00417 3.04452 1.89965 1.82774 1.77118 2.03685
threshold=10.150000000000004 31.383250000000004 77.393050000000017 11.350000000000003 20.950000000000003 11.15 2.7500000000000004 36.000000000000007 6.1500000000000012 8.0500000000000025 1.7000000000000004 23.250000000000004 1.758155144900073 4.8500000000000005
decision_type=2 2 2 2 2 2 2 2 2 2 2 2 2 2
left_child=1 4 3 -2 10 -4 -5 -8 -9 -10 -1 -6 -3 -14
right_child=2 12 5 6 11 -7 7 8 9 -11 -12 -13 13 -15
leaf_value=-0.0086006242445882085 -0.011797760142427352 -0.0020162591402469762 0.00031151717691233204 -0.010773650682272597 0.0083317327363017415 0.0050391853191667718 0.0043555207969329787 0.0048636779951936517 -0.013965340605327151 -0.00010885357506638829 -0.0022925185511366774 -0.0032799093320068939 0.00057983418014516267 0.0050191415362630535
leaf_weight=123 36 277 337 36 91 1172 500 190 42 706 4020 54 605 451
leaf_count=123 36 277 337 36 91 1172 500 190 42 706 4020 54 605 451
internal_value=-8.27063e-12 -0.00135862 0.00252958 0.00107675 -0.00226043 0.00398337 0.00139119 0.00169573 0.000277936 -0.000886892 -0.0024798 0.0040074 0.00154233 0.00247579
internal_weight=8640 5621 3019 1510 4288 1509 1474 1438 938 748 4143 145 1333 1056
internal_count=8640 5621 3019 1510 4288 1509 1474 1438 938 748 4143 145 1333 1056
is_linear=0
shrinkage=0.05


Tree=15
num_leaves=15
num_cat=0
split_feature=6 6 2 4 1 3 5 8 5 1 3 4 8 5
split_gain=11.0054 3.47943 2.92728 2.38004 2.17156 4.16335 5.64759 2.41122 2.34566 2.04762 1.59324 1.53573 2.43509 2.86546
threshold=6.2500000000000018 17.150000000000006 86.003450000000015 10.950000000000001 31.383250000000004 8.3500000000000032 4.1500000000000012 12.883333333333335 16.350000000000005 31.383250000000004 23.850000000000005 18.950000000000003 12.616666666666669 13.250000000000002
decision_type=2 2 2 2 2 2 2 2 2 2 2 2 2 2
left_child=9 2 4 -4 5 6 -2 -6 11 -1 -10 12 -7 -14
right_child=1 -3 3 -5 7 8 -8 -9 10 -11 -12 -13 13 -15
leaf_value=-0.0029804723524438142 0.0044200770099361523 0.0054914776726374655 -0.0066185314695441939 0.0050831015848300676 0.0026238388182128103 0.0018867071943073366 -0.0063525334773045714 0.011544141518961952 -0.0086366784707314903 0.0001108325409672141 0.0021399025542282123 0.0027107513932892926 -0.0038023027386213716 0.015618912614881991
leaf_weight=2524 173 468 207 55 868 888 410 83 94 680 54 1739 377 20
leaf_count=2524 173 468 207 55 868 888 410 83 94 680 54 1739 377 20
internal_value=2.48093e-11 0.00137 0.00098175 -0.00416208 0.00126813 0.000727602 -0.00315586 0.00340237 0.00144136 -0.00232439 -0.00470468 0.00174216 0.000431367 -0.0028239
internal_weight=8640 5436 4968 262 4706 3755 583 951 3172 3204 148 3024 1285 397
internal_count=8640 5436 4968 262 4706 3755 583 951 3172 3204 148 3024 1285 397
is_linear=0
shrinkage=0.05


Tree=16
num_leaves=15
num_cat=0
split_feature=6 6 2 4 3 3 2 1 3 5 5 8 5 2
split_gain=9.93235 3.17639 2.7168 2.16319 1.99854 3.46954 2.11739 1.90779 4.16412 5.02709 2.41061 2.14151 2.08337 1.77566
threshold=6.2500000000000018 18.150000000000006 86.003450000000015 11.450000000000001 5.8500000000000005 2.4500000000000006 77.393050000000017 31.383250000000004 8.5500000000000025 4.1500000000000012 8.6500000000000004 9.7500000000000018 16.350000000000005 86.003450000000015
decision_type=2 2 2 2 2 2 2 2 2 2 2 2 2 2
left_child=4 2 7 -4 5 -1 -7 8 9 -2 11 -9 -10 -6
right_child=1 -3 3 -5 13 6 -8 10 12 -11 -12 -13 -14 -15
leaf_value=-0.0061579467236207658 0.0039704263839744373 0.0062417042883058426 -0.0061056719050594718 0.0056389923571259718 -0.0022110014213788192 -0.0063556919575071431 0.0010627505421193443 0.0022445226310788152 0.0017812968559938192 -0.0057554677171451733 0.0071441948277328263 -0.011642501570669742 -0.0042708008678242464 -0.0055467953558965676
leaf_weight=247 188 307 214 48 1219 106 1039 650 3115 453 283 29 149 593
leaf_count=247 188 307 214 48 1219 106 1039 650 3115 453 283 29 149 593
internal_value=3.13228e-11 0.0013015 0.00100581 -0.00395398 -0.00220817 -0.000783418 0.000375978 0.0012728 0.000781461 -0.00290294 0.00326727 0.00165141 0.00150502 -0.00330268
internal_weight=8640 5436 5129 262 3204 1392 1145 4867 3905 641 962 679 3264 1812
internal_count=8640 5436 5129 262 3204 1392 1145 4867 3905 641 962 679 3264 1812
is_linear=0
shrinkage=0.05


Tree=17
num_leaves=15
num_cat=0
split_feature=6 1 4 6 3 4 4 3 8 3 5 4 5 1
split_gain=9.02974 4.46759 2.36388 2.48577 1.94486 1.66694 1.6048 1.55217 1.50346 2.84642 1.62007 1.47987 1.45748 1.67082
threshold=10.150000000000004 31.383250000000004 9.7500000000000018 18.150000000000006 20.950000000000003 29.550000000000004 23.250000000000004 1.7000000000000004 10.883333333333335 6.0500000000000007 4.7500000000000009 5.5500000000000007 15.850000000000003 22.610250000000004
decision_type=2 2 2 2 2 2 2 2 2 2 2 2 2 2
left_child=1 4 -2 -4 7 -5 -6 -1 9 10 -3 -12 13 -9
right_child=2 8 3 5 6 -7 -8 12 -10 -11 11 -13 -14 -15
leaf_value=-0.0077025251110970257 -0.0052387457820179976 0.00068327476781343348 0.0019797116256396953 0.0080736387065045625 0.0077734232859706489 -0.0045528154006300109 -0.0031070357783594066 -0.00044980262470730483 0.0083198939778599632 -0.0031336680132517357 -0.00761881402947686 0.0057620993439067049 -0.008724792133073641 -0.0026142584042159324
leaf_weight=123 103 578 2622 265 91 29 54 1363 73 320 22 340 79 2578
leaf_count=123 103 578 2622 265 91 29 54 1363 73 320 22 340 79 2578
internal_value=1.55062e-11 -0.00118461 0.0022056 0.00246855 -0.00197055 0.00682817 0.00372139 -0.00216976 0.00134359 0.000939412 0.00232599 0.00494889 -0.00200047 -0.00186568
internal_weight=8640 5621 3019 2916 4288 294 145 4143 1333 1260 940 362 4020 3941
internal_count=8640 5621 3019 2916 4288 294 145 4143 1333 1260 940 362 4020 3941
is_linear=0
shrinkage=0.05


Tree=18
num_leaves=15
num_cat=0
split_feature=6 6 2 4 3 3 2 1 3 5 8 5 0 2
split_gain=8.18288 2.60512 2.19726 1.91677 1.774 3.00605 1.68409 1.66745 3.51378 2.27755 2.0571 1.77817 1.64666 1.55899
threshold=6.2500000000000018 17.150000000000006 86.003450000000015 10.950000000000001 5.8500000000000005 2.2500000000000004 77.393050000000017 31.383250000000004 6.5500000000000007 3.0500000000000003 12.883333333333335 16.350000000000005 60.000000000000007 86.003450000000015
decision_type=2 2 2 2 2 2 2 2 2 2 2 2 2 2
left_child=4 2 7 -4 5 -1 -7 8 9 -2 -9 12 -10 -6
right_child=1 -3 3 -5 13 6 -8 10 11 -11 -12 -13 -14 -15
leaf_value=-0.0063510343691582163 0.0040112560646219262 0.0047475895870425474 -0.0058155777282643938 0.0046856270935809749 -0.0020125731701701555 -0.005667335179923275 0.0008797142854092368 0.0022445851954271262 0.0021630894768222141 -0.0062840805690872184 0.01048386263652671 -0.0042596777378757665 -0.00019307535449843594 -0.0051382275047714187
leaf_weight=199 67 468 207 55 1219 108 1085 868 2132 271 83 148 1137 593
leaf_count=199 67 468 207 55 1219 108 1085 868 2132 271 83 148 1137 593
internal_value=-1.90944e-11 0.00118133 0.000845383 -0.00361113 -0.00200429 -0.000661953 0.000287022 0.00109349 0.000619845 -0.00424329 0.00296368 0.00110089 0.00134359 -0.00303548
internal_weight=8640 5436 4968 262 3204 1392 1193 4706 3755 338 951 3417 3269 1812
internal_count=8640 5436 4968 262 3204 1392 1193 4706 3755 338 951 3417 3269 1812
is_linear=0
shrinkage=0.05


Tree=19
num_leaves=15
num_cat=0
split_feature=6 1 4 6 3 4 5 1 3 3 4 7 4 5
split_gain=7.52008 3.75443 2.10277 2.08065 1.73303 1.51112 1.39344 1.64694 2.34673 2.08091 1.6755 1.40325 1.35532 1.34755
threshold=10.150000000000004 31.383250000000004 9.7500000000000018 18.150000000000006 20.550000000000004 29.950000000000003 15.850000000000003 22.610250000000004 11.850000000000003 9.3500000000000032 7.8500000000000005 3.3755655995963791 23.250000000000004 9.1500000000000004
decision_type=2 2 2 2 2 2 2 2 2 2 2 2 2 2
left_child=1 4 -2 -4 6 -5 7 9 -9 -1 -11 -12 -6 -3
right_child=2 13 3 5 12 -7 -8 8 -10 10 11 -13 -14 -15
leaf_value=-0.0049806512238906057 -0.0050083784632344091 0.00060242377100360551 0.0018135667389939964 0.0072936834518306272 0.0067766982410759347 -0.0060551873499365607 -0.0087531509151061379 -0.0021156793419008545 -0.0071745799002219217 0.0095347648796935882 -0.0015565501380734263 0.0020593972519230741 -0.0027442055154528657 0.0052217934139408787
leaf_weight=214 103 1150 2622 271 102 23 75 2441 253 48 627 469 59 183
leaf_count=214 103 1150 2622 271 102 23 75 2441 253 48 627 469 59 183
internal_value=-4.53316e-12 -0.00108106 0.00201279 0.0022608 -0.00180154 0.00624938 -0.00200008 -0.00187508 -0.00259077 -0.000455295 0.000391232 -9.21499e-06 0.00328767 0.00123659
internal_weight=8640 5621 3019 2916 4288 294 4127 4052 2694 1358 1144 1096 161 1333
internal_count=8640 5621 3019 2916 4288 294 4127 4052 2694 1358 1144 1096 161 1333
is_linear=0
shrinkage=0.05


Tree=20
num_leaves=15
num_cat=0
split_feature=6 1 3 5 4 6 4 5 3 8 3 4 5 3
split_gain=6.79328 2.2108 3.28028 2.5115 2.44946 2.23696 2.49053 3.11033 4.69535 1.66604 1.58685 2.33113 2.25126 1.57419
threshold=6.2500000000000018 31.383250000000004 4.0500000000000007 8.6500000000000004 11.050000000000002 13.550000000000002 15.850000000000003 7.5500000000000007 9.8500000000000032 9.7500000000000018 23.750000000000004 22.250000000000004 15.65 5.8500000000000005
decision_type=2 2 2 2 2 2 2 2 2 2 2 2 2 2
left_child=13 2 -2 9 -5 10 -7 -8 -9 -3 12 -12 -4 -1
right_child=1 3 5 4 -6 6 7 8 -10 -11 11 -13 -14 -15
leaf_value=-0.00056171180032530787 -0.0056075839694434164 0.0018828638702095936 0.00016850296014768202 -0.00029371994861154534 0.0089394049712051681 -0.010307224715749424 0.005872029572460068 -0.013361107310521659 0.0020073358049044962 -0.0099816291330141887 0.016222525780668129 0.00098360592547135496 -0.0073979884817484106 -0.0027975800169247073
leaf_weight=1392 204 650 2714 98 269 36 539 54 624 31 37 78 102 1812
leaf_count=1392 204 650 2714 98 269 36 539 54 624 31 37 78 102 1812
internal_value=-3.42924e-12 0.00107636 0.000583585 0.00313964 0.00647388 0.000885449 0.00265366 0.00303706 0.000783301 0.00134278 0.000129538 0.00588656 -0.000105567 -0.00182619
internal_weight=8640 5436 4388 1048 367 4184 1253 1217 678 681 2931 115 2816 3204
internal_count=8640 5436 4388 1048 367 4184 1253 1217 678 681 2931 115 2816 3204
is_linear=0
shrinkage=0.05


Tree=21
num_leaves=15
num_cat=0
split_feature=6 1 2 4 0 3 1 3 3 5 5 4 3 5
split_gain=6.25351 3.20043 1.84938 1.95157 1.92017 1.88377 3.33896 2.77979 2.53751 2.23532 1.86316 2.6942 1.50313 1.29495
threshold=10.150000000000004 31.383250000000004 77.393050000000017 11.350000000000003 36.000000000000007 11.050000000000002 22.610250000000004 7.5500000000000007 15.950000000000001 7.4500000000000011 8.6500000000000004 9.7500000000000018 20.950000000000003 6.1500000000000012
decision_type=2 2 2 2 2 2 2 2 2 2 2 2 2 2
left_child=1 12 3 -2 -5 6 7 -4 -7 -9 -8 -12 -1 -6
right_child=2 -3 5 4 13 8 10 9 -10 -11 11 -13 -14 -15
leaf_value=-0.0018261621577296324 -0.010903563014128143 0.001154007126062434 -0.011334938409907576 0.0033382333482321457 0.0031111601134272302 0.0069574561860214577 0.00024757067744931075 0.0030110207611408154 0.00060998608141431005 -0.0059321301073310372 -0.0047288715018657971 0.0094188630663408716 0.0033529290339431791 -0.0013953822540455293
leaf_weight=4143 36 1333 66 516 202 490 158 205 232 106 40 212 145 756
leaf_count=4143 36 1333 66 516 202 490 158 205 232 106 40 212 145 756
internal_value=-4.40937e-13 -0.000985825 0.00183548 0.000598375 0.00087929 0.00307341 0.00138133 -0.00201499 0.00491783 -3.71271e-05 0.00450429 0.00717319 -0.00165103 -0.000445151
internal_weight=8640 5621 3019 1510 1474 1509 787 377 722 311 410 252 4288 958
internal_count=8640 5621 3019 1510 1474 1509 787 377 722 311 410 252 4288 958
is_linear=0
shrinkage=0.05


Tree=22
num_leaves=15
num_cat=0
split_feature=7 6 1 5 3 4 5 5 3 3 1 4 3 8
split_gain=5.82803 2.10337 2.27068 2.01564 1.49833 2.25697 1.86364 1.47429 1.43509 1.68508 1.48551 1.38926 1.79762 2.01034
threshold=2.1766436357838268 13.850000000000003 31.383250000000004 4.6500000000000012 23.750000000000004 23.250000000000004 15.65 1.9500000000000002 2.4500000000000006 5.1500000000000012 31.383250000000004 19.450000000000003 10.65 14.683333333333334
decision_type=2 2 2 2 2 2 2 2 2 2 2 2 2 2
left_child=7 2 4 -4 6 -6 11 -1 -9 10 -10 -2 -13 -14
right_child=1 -3 3 -5 5 -7 -8 8 9 -11 -12 12 13 -15
leaf_value=0.0018955291395894389 -0.00082075287721983855 0.0025355468294457791 0.00019347512904497983 0.0044859671862145269 0.014246990794146604 1.7453269346764216e-05 -0.0063696933941173491 -0.0073598908813643851 -0.0013988831494483453 -0.0030672692661256914 0.0042646811047129954 -0.0054107160083334037 0.0077795279446877252 0.0010805015475152597
leaf_weight=211 2602 1370 551 543 44 76 128 141 441 1447 157 87 133 709
leaf_count=211 2602 1370 551 543 44 76 128 141 441 1447 157 87 133 709
internal_value=-1.98222e-11 0.000804658 0.000318034 0.00232403 -0.00026269 0.00523495 -0.00044299 -0.00209574 -0.00248099 -0.00214459 8.80392e-05 -0.000228145 0.00143167 0.00213866
internal_weight=8640 6243 4873 1094 3779 120 3659 2397 2186 2045 598 3531 929 842
internal_count=8640 6243 4873 1094 3779 120 3659 2397 2186 2045 598 3531 929 842
is_linear=0
shrinkage=0.05


Tree=23
num_leaves=15
num_cat=0
split_feature=7 2 3 2 3 1 5 4 3 4 4 0 3 8
split_gain=5.25979 1.9963 2.03684 1.63494 2.40978 5.11431 2.67269 2.44487 2.31281 2.2621 1.98264 1.90477 1.70771 1.70698
threshold=2.1766436357838268 86.003450000000015 10.65 77.393050000000017 11.050000000000002 31.383250000000004 8.6500000000000004 19.150000000000002 9.4500000000000011 11.050000000000002 7.8500000000000005 36.000000000000007 6.2500000000000009 17.416666666666671
decision_type=2 2 2 2 2 2 2 2 2 2 2 2 2 2
left_child=-1 3 -3 11 5 8 -7 10 -5 -8 -6 -2 -13 -9
right_child=1 2 -4 4 7 6 9 13 -10 -11 -12 12 -14 -15
leaf_value=-0.0019909491470235289 0.0020240589051957114 -0.00063374858495537977 -0.0085563727656212066 -0.006243729896870452 0.011521333783138091 0.00101724040384594 9.2185142490526918e-05 0.0071592448854182512 0.00012867696905199318 0.0084343703173265696 -1.3002854407828886e-05 -0.0050254698844751479 -0.00020089167184995685 -0.00017134083508464854
leaf_weight=2397 948 382 103 293 41 873 115 484 277 277 408 205 1742 95
leaf_count=2397 948 382 103 293 41 873 115 484 277 277 408 205 1742 95
internal_value=-1.94531e-11 0.000764425 -0.00231629 0.00102392 0.00187114 0.000785397 0.00255729 0.00380921 -0.00314696 0.00598705 0.00104024 0.000186056 -0.000708872 0.00595647
internal_weight=8640 6243 485 5758 2863 1835 1265 1028 570 392 449 2895 1947 579
internal_count=8640 6243 485 5758 2863 1835 1265 1028 570 392 449 2895 1947 579
is_linear=0
shrinkage=0.05


Tree=24
num_leaves=15
num_cat=0
split_feature=7 2 3 6 3 3 2 3 3 0 1 3 5 5
split_gain=4.74696 1.80166 1.83825 1.48837 1.34742 2.24072 1.39878 1.22909 1.19164 1.35111 1.72021 2.00757 1.67278 1.50348
threshold=2.1766436357838268 86.003450000000015 10.65 18.150000000000006 2.3500000000000001 5.8500000000000005 77.393050000000017 18.350000000000005 1.3500000000000003 36.000000000000007 31.383250000000004 6.6500000000000012 8.6500000000000004 17.650000000000002
decision_type=2 2 2 2 2 2 2 2 2 2 2 2 2 2
left_child=4 3 -3 8 -1 6 -6 -7 -2 -10 11 -11 -12 -13
right_child=1 2 -4 -5 5 7 -8 -9 9 10 12 13 -14 -15
leaf_value=-0.0061026011710055179 -0.0063466914859198935 -0.00060206114028639002 -0.0081285541300689847 0.0043600598686330738 -0.0057492491157575586 -0.0031663780339209859 0.00090506778172218412 0.0069125165291611225 0.0019923040135162071 -0.004586130747124933 0.00098954164108664886 0.00031659836929096464 0.0062485474992457976 -0.0083532995197410694
leaf_weight=176 58 382 103 307 87 1247 856 31 1767 245 561 2562 207 51
leaf_count=176 58 382 103 307 87 1247 856 31 1767 245 561 2562 207 51
internal_value=1.0074e-11 0.000726204 -0.00220047 0.000972719 -0.0018914 -0.00155769 0.000291149 -0.0029219 0.000781945 0.000858611 0.000306146 -0.000258396 0.00240701 0.000147381
internal_weight=8640 6243 485 5758 2397 2221 943 1278 5451 5393 3626 2858 768 2613
internal_count=8640 6243 485 5758 2397 2221 943 1278 5451 5393 3626 2858 768 2613
is_linear=0
shrinkage=0.05


Tree=25
num_leaves=15
num_cat=0
split_feature=6 1 4 2 5 3 3 3 0 5 3 3 1 3
split_gain=4.424 2.30696 1.59812 1.3816 1.83564 3.24204 2.09678 1.68626 1.59206 1.41409 2.11709 1.20181 1.18101 1.93753
threshold=10.150000000000004 31.383250000000004 9.7500000000000018 77.393050000000017 12.550000000000002 10.65 15.950000000000001 2.7500000000000004 36.000000000000007 6.1500000000000012 8.0500000000000025 1.7000000000000004 22.610250000000004 7.5500000000000007
decision_type=2 2 2 2 2 2 2 2 2 2 2 2 2 2
left_child=1 11 -2 7 5 12 -7 -4 -9 -10 -11 -1 13 -5
right_child=2 -3 3 4 -6 6 -8 8 9 10 -12 -13 -14 -15
leaf_value=-0.0062649207432920921 -0.0045771264165947309 0.00098757978013079778 -0.0098525083526289359 -0.01047982481717499 0.0074147708650950037 0.0058947865183458263 2.369973177028785e-05 0.0032380549083929513 0.0035512138675201019 -0.012145331925213602 -0.00059049480188889936 -0.0012500945468415855 0.0021426472915064029 -0.0008107985710895223
leaf_weight=123 103 1333 37 66 192 538 212 500 194 42 706 4165 188 241
leaf_count=123 103 1333 37 66 192 538 212 500 194 42 706 4165 188 241
internal_value=-6.39106e-12 -0.000829174 0.00154382 0.00176002 0.00286416 0.00216238 0.00423523 0.000687239 0.000957677 -0.000252715 -0.0012393 -0.00139394 -0.000978289 -0.00288948
internal_weight=8640 5621 3019 2916 1437 1245 750 1479 1442 942 748 4288 495 307
internal_count=8640 5621 3019 2916 1437 1245 750 1479 1442 942 748 4288 495 307
is_linear=0
shrinkage=0.05


Tree=26
num_leaves=15
num_cat=0
split_feature=7 2 3 0 5 6 3 3 1 3 4 4 3 3
split_gain=4.05234 1.50894 1.77106 1.43122 1.32914 1.23805 1.11325 1.36212 1.36025 1.08465 1.0749 1.17721 1.0748 1.04142
threshold=2.1766436357838268 86.003450000000015 6.8500000000000005 36.000000000000007 1.8500000000000003 18.150000000000006 2.4500000000000006 5.1500000000000012 31.383250000000004 18.350000000000005 29.950000000000003 11.65 3.4500000000000006 1.3500000000000003
decision_type=2 2 2 2 2 2 2 2 2 2 2 2 2 2
left_child=4 5 12 -4 -1 13 -6 8 -8 -9 11 -7 -3 -2
right_child=1 2 3 -5 6 10 7 9 -10 -11 -12 -13 -14 -15
leaf_value=0.0023000419431367272 -0.0059415786707741692 -0.0024787879670336052 -0.010366323466102284 -0.0023755324263480754 -0.0062940265308609432 -0.0065642377716444798 -0.0012035605866414088 -0.0028246326971418947 0.0041859077189494919 0.0066293955074563137 -0.0064103796551732914 0.0057375530258147039 0.0047430828384229951 0.00079424960093670309
leaf_weight=187 58 94 78 199 147 21 452 1422 158 31 23 263 114 5393
leaf_count=187 58 94 78 199 147 21 452 1422 158 31 23 263 114 5393
internal_value=-1.14586e-12 0.00067097 -0.00200742 -0.00462565 -0.00174755 0.000896573 -0.00209003 -0.00179048 0.0001924 -0.00262293 0.00398596 0.00482791 0.00147935 0.000722579
internal_weight=8640 6243 485 277 2397 5758 2210 2063 610 1453 307 284 208 5451
internal_count=8640 6243 485 277 2397 5758 2210 2063 610 1453 307 284 208 5451
is_linear=0
shrinkage=0.05


Tree=27
num_leaves=15
num_cat=0
split_feature=6 1 4 2 5 3 3 3 0 5 3 3 4 3
split_gain=3.71656 1.99337 1.38545 1.22465 1.62684 2.89812 1.90004 1.49151 1.44824 1.54552 1.52651 1.13367 1.21979 1.09858
threshold=10.150000000000004 31.383250000000004 9.7500000000000018 77.393050000000017 12.550000000000002 10.65 15.950000000000001 2.7500000000000004 60.000000000000007 6.1500000000000012 18.150000000000002 20.950000000000003 23.050000000000004 10.050000000000002
decision_type=2 2 2 2 2 2 2 2 2 2 2 2 2 2
left_child=1 11 -2 7 5 -5 -7 -4 -9 -10 -11 -1 -13 -3
right_child=2 13 3 4 -6 6 -8 8 9 10 -12 12 -14 -15
leaf_value=-0.0014370672512056164 -0.0042841266741234707 0.0011189700804876506 -0.0093061484421628551 -0.00097423509662886241 0.0069398364380200903 0.0055347848592592098 -5.407149671194724e-05 0.0019555471255324713 0.0046637679910396827 -0.0054566104917248273 0.00096733164413584567 0.0067515432570789099 -0.0026374062992991845 -0.0099040889436804239
leaf_weight=4143 103 1310 37 495 192 538 212 976 85 223 158 88 57 23
leaf_count=4143 103 1310 37 495 192 538 212 976 85 223 158 88 57 23
internal_value=1.15604e-11 -0.000759991 0.00141501 0.00161631 0.00265585 0.00199518 0.003955 0.000606302 0.000860644 -0.00143254 -0.00279261 -0.00128497 0.00306071 0.000928775
internal_weight=8640 5621 3019 2916 1437 1245 750 1479 1442 466 381 4288 145 1333
internal_count=8640 5621 3019 2916 1437 1245 750 1479 1442 466 381 4288 145 1333
is_linear=0
shrinkage=0.05


Tree=28
num_leaves=15
num_cat=0
split_feature=7 2 3 5 3 2 3 1 3 5 4 3 8 0
split_gain=3.45142 1.57777 1.61015 1.25057 1.20944 1.10343 1.91859 4.18096 2.07155 1.98581 1.84641 1.78944 1.63642 1.44738
threshold=2.0781922674178337 86.003450000000015 6.8500000000000005 1.8500000000000003 3.4500000000000006 77.393050000000017 11.050000000000002 31.383250000000004 17.150000000000002 8.6500000000000004 10.950000000000001 9.4500000000000011 9.7500000000000018 36.000000000000007
decision_type=2 2 2 2 2 2 2 2 2 2 2 2 2 2
left_child=3 5 4 -1 -3 13 7 11 -8 12 -11 -7 -9 -2
right_child=1 2 -4 -5 -6 6 8 9 -10 10 -12 -13 -14 -15
leaf_value=0.0023197235748456378 0.0017388099113836283 -0.0029428588113480127 -0.0043859600926917357 -0.0020244037976952039 0.0043629788279230166 -0.0056781329840158278 0.0044028840552259698 0.001250283911574784 -0.0011131549561206727 -0.00027030450534885349 0.0072392189365518157 -0.00010679484382438074 -0.010259639339346906 -0.00063193522447552218
leaf_weight=180 958 101 305 2081 129 297 817 883 215 115 284 280 32 1963
leaf_count=180 958 101 305 2081 129 297 817 883 215 115 284 280 32 1963
internal_value=-1.10293e-12 0.000594958 -0.00200397 -0.00167856 0.00115476 0.000832881 0.00151969 0.000573367 0.00325371 0.00213131 0.00507482 -0.00297454 0.000847751 0.000145598
internal_weight=8640 6379 535 2261 230 5844 2923 1891 1032 1314 399 577 915 2921
internal_count=8640 6379 535 2261 230 5844 2923 1891 1032 1314 399 577 915 2921
is_linear=0
shrinkage=0.05


Tree=29
num_leaves=15
num_cat=0
split_feature=6 1 4 6 5 3 5 4 3 5 4 3 3 4
split_gain=3.1438 1.69115 1.22065 1.08308 1.0702 1.07709 1.36899 1.07932 1.01352 1.14828 1.08925 0.985598 0.983338 0.979331
threshold=10.150000000000004 31.383250000000004 9.7500000000000018 20.150000000000006 5.7500000000000009 4.4500000000000011 9.1500000000000004 9.9500000000000011 20.550000000000004 15.850000000000003 18.950000000000003 1.7000000000000004 5.8500000000000005 5.5500000000000007
decision_type=2 2 2 2 2 2 2 2 2 2 2 2 2 2
left_child=1 8 -2 -4 12 -6 -7 -8 9 11 -10 -1 -3 -14
right_child=2 4 3 -5 5 6 7 -9 10 -11 -12 -13 13 -15
leaf_value=-0.005628204280207676 -0.0040480402205591492 0.000654263210089676 0.0012822159998499881 0.0059513025849950146 0.0058384486309284072 -0.0026949477237950773 -0.0023027067761058392 0.0068180802625349979 0.012783266433879085 -0.0074646556076283267 0.0010303882784089935 -0.0010829195344138497 0.0068416319182142615 -0.0049235060658105014
leaf_weight=123 103 687 2786 130 178 139 46 110 23 75 138 3929 20 153
leaf_count=123 103 687 2786 130 178 139 46 110 23 75 138 3929 20 153
internal_value=8.17872e-13 -0.000698981 0.00130142 0.00149037 0.000856508 0.00276683 0.000913446 0.00412862 -0.00118253 -0.00133436 0.00270937 -0.00122089 -0.000194169 -0.00356337
internal_weight=8640 5621 3019 2916 1333 473 295 156 4288 4127 161 4052 860 173
internal_count=8640 5621 3019 2916 1333 473 295 156 4288 4127 161 4052 860 173
is_linear=0
shrinkage=0.05


Tree=30
num_leaves=15
num_cat=0
split_feature=2 3 6 3 4 3 1 3 5 3 4 3 5 8
split_gain=2.91061 2.33599 1.54592 1.3718 1.2144 1.08434 1.08803 2.11107 2.44054 2.45838 2.29837 3.06015 1.92038 1.73798
threshold=86.003450000000015 6.5500000000000007 5.0499999999999998 2.4500000000000006 10.850000000000003 1.3500000000000003 31.383250000000004 6.4500000000000011 7.9500000000000011 10.750000000000002 22.850000000000005 18.450000000000003 2.7500000000000004 14.516666666666667
decision_type=2 2 2 2 2 2 2 2 2 2 2 2 2 2
left_child=2 3 -1 -2 -3 -4 7 12 10 13 11 -9 -7 -10
right_child=1 4 5 -5 -6 6 -8 8 9 -11 -12 -13 -14 -15
leaf_value=-0.0012079789378893013 -0.0039497558514315946 -0.004882262639659473 -0.0057293719072486204 0.00042259129365463147 0.0041262196458410469 0.0045083855167587306 0.0021824592247935231 0.0020167849649785365 -0.0029476180807920175 0.0003924345596414438 0.0068838617325982267 -0.0093318753706802034 -0.0048599861293481105 -0.014054118862330187
leaf_weight=1158 225 578 63 885 40 67 1231 1417 250 2092 233 62 298 41
leaf_count=1158 225 578 63 885 40 67 1231 1417 250 2092 233 62 298 41
internal_value=-5.98469e-12 -0.00183542 0.000458854 -0.000463695 -0.00429919 0.000794307 0.000866524 0.000503315 0.000828082 -0.000206526 0.00226819 0.00154105 -0.00314031 -0.00451245
internal_weight=8640 1728 6912 1110 618 5754 5691 4460 4095 2383 1712 1479 365 291
internal_count=8640 1728 6912 1110 618 5754 5691 4460 4095 2383 1712 1479 365 291
is_linear=0
shrinkage=0.05


Tree=31
num_leaves=15
num_cat=0
split_feature=6 1 4 5 2 3 0 5 3 3 5 3 4 5
split_gain=2.66911 1.40122 1.07954 0.966731 0.960646 1.29742 1.33809 1.25925 2.33432 1.67863 1.05566 1.38796 1.01433 1.19908
threshold=10.150000000000004 31.383250000000004 9.7500000000000018 5.7500000000000009 77.393050000000017 2.6500000000000008 36.000000000000007 12.050000000000002 10.65 16.850000000000005 15.250000000000002 25.650000000000002 19.850000000000005 10.850000000000003
decision_type=2 2 2 2 2 2 2 2 2 2 2 2 2 2
left_child=1 -1 -2 -3 5 -4 -7 8 -6 -10 -8 -12 -11 -14
right_child=2 3 4 -5 7 6 10 -9 9 12 11 -13 13 -15
leaf_value=-0.0010842063731390952 -0.003831617036626394 -0.00022675860228848124 -0.0093205569481307812 0.0025874612824627087 -0.0010014722475731464 0.0027949541085809234 0.00018938843317084235 0.0058456608991574793 0.004776745883478364 -0.0061119070665639208 -0.0084260941176569158 0.0048923501153834738 0.0043566204521440621 -0.0091514783166348947
leaf_weight=4288 103 860 33 473 488 501 840 213 564 60 79 26 92 20
leaf_count=4288 103 860 33 473 488 501 840 213 564 60 79 26 92 20
internal_value=-3.38189e-12 -0.000644053 0.00119915 0.000771836 0.00137684 0.000482299 0.000706015 0.00229753 0.00168009 0.00345808 -0.000401454 -0.00512819 -0.000865901 0.00194446
internal_weight=8640 5621 3019 1333 2916 1479 1446 1437 1224 736 945 105 172 112
internal_count=8640 5621 3019 1333 2916 1479 1446 1437 1224 736 945 105 172 112
is_linear=0
shrinkage=0.05


Tree=32
num_leaves=15
num_cat=0
split_feature=7 5 2 3 3 3 0 1 3 5 3 4 8 8
split_gain=2.52354 1.13096 1.06283 1.37338 1.02334 0.935436 0.981678 1.18609 1.60082 1.59404 1.80933 1.50946 1.48085 1.39626
threshold=2.0781922674178337 1.8500000000000003 86.003450000000015 6.8500000000000005 3.4500000000000006 1.3500000000000003 36.000000000000007 31.383250000000004 6.6500000000000012 7.8500000000000005 10.65 15.15 14.283333333333335 11.15
decision_type=2 2 2 2 2 2 2 2 2 2 2 2 2 2
left_child=1 -1 5 4 -4 -2 -7 8 -8 11 12 13 -11 -10
right_child=2 -3 3 -5 -6 6 7 -9 9 10 -12 -13 -14 -15
leaf_value=0.0023669633853892775 -0.0053557168104730194 -0.0017641896794263333 -0.0024762868552202374 -0.0038242208483613665 0.0042440187418833373 0.0016994371643706087 -0.0038795638500640664 0.0019561413936869123 0.00043292589678870728 -0.0030802625679273721 -0.0001457985417976249 0.0031588693693262956 -0.013755131417419762 -0.008219104778583881
leaf_weight=180 63 2081 101 305 129 1905 263 856 388 173 1432 671 40 53
leaf_count=180 63 2081 101 305 129 1905 263 856 388 173 1432 671 40 53
internal_value=1.45753e-13 -0.00143531 0.000508736 -0.00162433 0.00129293 0.000704011 0.000770048 0.000313267 -0.000152396 0.000203152 -0.000785334 0.00166544 -0.00508493 -0.000606887
internal_weight=8640 2261 6379 535 230 5844 5781 3876 3020 2757 1645 1112 213 441
internal_count=8640 2261 6379 535 230 5844 5781 3876 3020 2757 1645 1112 213 441
is_linear=0
shrinkage=0.05


Tree=33
num_leaves=15
num_cat=0
split_feature=7 5 2 3 4 4 3 3 0 1 3 5 3 4
split_gain=2.2775 1.02069 0.959202 1.28785 0.929678 0.924363 0.864129 0.844231 0.885965 1.07045 1.44727 1.43302 1.69543 1.44255
threshold=2.0781922674178337 1.8500000000000003 86.003450000000015 10.65 2.3500000000000001 10.850000000000003 18.350000000000005 1.3500000000000003 36.000000000000007 31.383250000000004 6.5500000000000007 7.8500000000000005 9.8500000000000032 24.650000000000002
decision_type=2 2 2 2 2 2 2 2 2 2 2 2 2 2
left_child=1 4 7 5 -1 -4 -3 -2 -9 10 -10 13 -13 -12
right_child=2 6 3 -5 -6 -7 -8 8 9 -11 11 12 -14 -15
leaf_value=0.0090810781738792489 -0.0050879309593241601 -0.0017992058772742334 -0.0012728988453478661 -0.0064494182057591668 0.00035878508095794643 0.0053291212121445329 0.0067485463506697365 0.001614465333828618 -0.0037802903663317873 0.0018583342413289886 0.0010893387044114728 -0.0059772082617175178 -0.00026167890041990102 0.0083582497370901371
leaf_weight=39 63 2051 366 107 141 62 30 1905 251 856 1050 142 1504 73
leaf_count=39 63 2051 366 107 141 62 30 1905 251 856 1050 142 1504 73
internal_value=-6.78877e-12 -0.00136354 0.000483299 -0.00154311 0.00224862 -0.000316531 -0.00167598 0.00066881 0.000731546 0.000297603 -0.000144776 0.00018477 -0.000754756 0.00156185
internal_weight=8640 2261 6379 535 180 428 2081 5844 5781 3876 3020 2769 1646 1123
internal_count=8640 2261 6379 535 180 428 2081 5844 5781 3876 3020 2769 1646 1123
is_linear=0
shrinkage=0.05


Tree=34
num_leaves=15
num_cat=0
split_feature=6 1 3 5 4 7 2 5 3 3 4 4 5 3
split_gain=2.09803 1.08961 0.950042 1.1336 0.945718 0.869287 0.973086 1.1161 2.05098 1.37191 1.12858 1.07483 0.972951 0.972552
threshold=10.150000000000004 31.383250000000004 10.050000000000002 5.7500000000000009 9.7500000000000018 4.3293571330086067 77.393050000000017 12.550000000000002 10.65 17.850000000000005 21.450000000000003 27.750000000000004 10.750000000000002 2.6500000000000008
decision_type=2 2 2 2 2 2 2 2 2 2 2 2 2 2
left_child=1 -1 3 -3 -2 -6 13 8 -8 11 -11 -10 -12 -7
right_child=4 2 -4 -5 5 6 7 -9 9 10 12 -13 -14 -15
leaf_value=-0.00095914952180057515 -0.0036454790947705652 -0.00022035004673045855 -0.0093963549998791335 0.0028672754029174571 0.0060394851160798591 -0.0084670271899085492 -0.0010807345305002096 0.0055598241813402845 0.0046648860109776919 -0.0058270308122571023 0.0071110824666296441 -0.0048986346806369485 -0.0057924809433253753 0.00034963893518728936
leaf_weight=4288 103 854 23 456 91 32 483 191 562 70 48 31 21 1387
leaf_count=4288 103 854 23 456 91 32 483 191 562 70 48 31 21 1387
internal_value=7.6827e-12 -0.000571011 0.000677556 0.000854426 0.00106315 0.00122947 0.00107453 0.00200678 0.00144824 0.00311695 -0.00135397 0.00416494 0.00318391 0.000150813
internal_weight=8640 5621 1333 1310 3019 2916 2825 1406 1215 732 139 593 69 1419
internal_count=8640 5621 1333 1310 3019 2916 2825 1406 1215 732 139 593 69 1419
is_linear=0
shrinkage=0.05


Tree=35
num_leaves=15
num_cat=0
split_feature=2 3 3 7 4 5 8 0 3 2 3 5 3 8
split_gain=1.96479 1.90778 1.22014 1.06734 1.03588 0.92434 0.996594 0.884902 1.2394 1.22131 1.36227 2.86838 1.23642 1.36741
threshold=86.003450000000015 6.5500000000000007 2.4500000000000006 1.3984097660274213 10.850000000000003 7.4500000000000011 2.5500000000000007 36.000000000000007 1.3500000000000003 77.393050000000017 19.150000000000002 15.15 6.2500000000000009 12.616666666666669
decision_type=2 2 2 2 2 2 2 2 2 2 2 2 2 2
left_child=3 2 -2 -1 -3 6 -4 8 -5 10 11 12 -9 -14
right_child=1 4 5 7 -6 -7 -8 9 -10 -11 -12 -13 13 -15
leaf_value=-0.0018999805289956436 -0.0035560778813540105 -0.0042730428366664032 0.006803346213956292 -0.009077213746162929 0.0040469730319455267 0.0062136619252112779 -0.00034967706664954738 -0.0042730310055425248 0.0015114216920644507 0.0009684120867417223 0.0018565238114067559 -0.010647872263046948 0.0012595392629448964 -0.0018673348579402425
leaf_weight=479 225 578 52 28 40 67 766 232 2124 2158 413 79 687 712
leaf_count=479 225 578 52 28 40 67 766 232 2124 2158 413 79 687 712
internal_value=-6.58247e-12 -0.001508 -0.000268361 0.000377 -0.00373453 0.000567499 0.000105038 0.000546543 0.00137365 0.000130767 -0.000720688 -0.00134314 -0.000892448 -0.000331836
internal_weight=8640 1728 1110 6912 618 885 818 6433 2152 4281 2123 1710 1631 1399
internal_count=8640 1728 1110 6912 618 885 818 6433 2152 4281 2123 1710 1631 1399
is_linear=0
shrinkage=0.05


Tree=36
num_leaves=15
num_cat=0
split_feature=7 5 4 6 4 3 4 1 8 5 4 4 8 3
split_gain=1.82255 0.893976 0.808118 0.796337 1.16918 1.52762 1.30796 0.925689 1.37231 1.19456 0.920359 0.881451 0.873714 0.89224
threshold=2.0781922674178337 1.8500000000000003 2.3500000000000001 13.850000000000003 27.050000000000004 23.750000000000004 22.250000000000004 31.383250000000004 12.933333333333335 15.65 9.7500000000000018 23.050000000000004 3.9500000000000006 9.2500000000000018
decision_type=2 2 2 2 2 2 2 2 2 2 2 2 2 2
left_child=1 2 -1 4 5 7 -7 9 12 11 -5 -2 -9 -14
right_child=3 -3 -4 10 -6 6 -8 8 -10 -11 -12 -13 13 -15
leaf_value=0.0085308719044312458 -0.0003620052336584275 -0.0015121767393682553 0.00039878813273286622 -0.0063883201141531273 -0.005005771882888102 0.013895568378093477 0.0017808551916719548 -0.0075248142961284216 0.0103550979992866 -0.00615048580858413 0.0017134467870926603 0.0024075368570444723 0.0014837973869133358 -0.0084714511839632436
leaf_weight=39 3266 2081 141 36 108 37 56 29 41 84 1334 315 1050 23
leaf_count=39 3266 2081 141 36 108 37 56 29 41 84 1334 315 1050 23
internal_value=-1.44749e-11 -0.00121977 0.00216074 0.000432342 0.000140177 0.000253575 0.00660069 0.000130804 0.00137313 -0.000256637 0.00150055 -0.000118385 0.00103895 0.0012704
internal_weight=8640 2261 180 6379 5009 4901 93 4808 1143 3665 1370 3581 1102 1073
internal_count=8640 2261 180 6379 5009 4901 93 4808 1143 3665 1370 3581 1102 1073
is_linear=0
shrinkage=0.05


Tree=37
num_leaves=15
num_cat=0
split_feature=2 3 3 4 7 4 5 5 5 8 2 3 1 3
split_gain=1.67648 1.71007 1.11266 0.935626 0.888961 0.844568 1.34204 0.834959 0.866022 0.799438 0.867362 1.39212 3.23904 1.67139
threshold=86.003450000000015 6.5500000000000007 2.4500000000000006 10.850000000000003 1.3984097660274213 4.1500000000000012 4.9500000000000011 7.4500000000000011 1.8500000000000003 3.9500000000000006 77.393050000000017 11.050000000000002 31.383250000000004 9.3500000000000032
decision_type=2 2 2 2 2 2 2 2 2 2 2 2 2 2
left_child=4 2 -2 -3 -1 6 -6 8 -4 -7 -11 12 13 -12
right_child=1 3 7 -5 5 9 -8 -9 -10 10 11 -13 -14 -15
leaf_value=-0.0017297715850690641 -0.0033588865585918236 -0.0040127738791279847 0.0035447770959428069 0.0038944013358559459 0.014106325625345625 -0.0062866296411481356 0.0014403214073584727 0.0059451127181580268 -0.00063788022205524438 -0.00011674484747904528 -0.0053473980937794345 0.0025421041143606792 0.0015878897222208071 -0.00018635497738842582
leaf_weight=479 225 578 152 40 29 44 75 67 666 3111 305 1055 1491 323
leaf_count=479 225 578 152 40 29 44 75 67 666 3111 305 1055 1491 323
internal_value=1.08021e-11 -0.00139297 -0.000219323 -0.00350098 0.000348243 0.000502972 0.00497219 0.000578871 0.000139337 0.000429532 0.000476551 0.00105807 0.000319205 -0.00269291
internal_weight=8640 1728 1110 618 6912 6433 104 885 818 6329 6285 3174 2119 628
internal_count=8640 1728 1110 618 6912 6433 104 885 818 6329 6285 3174 2119 628
is_linear=0
shrinkage=0.05


Tree=38
num_leaves=15
num_cat=0
split_feature=6 3 3 2 4 5 4 6 2 5 3 4 4 4
split_gain=1.56778 0.888479 1.09129 1.54946 1.96542 1.65807 1.16964 0.976545 0.952312 1.37708 0.884999 1.44286 0.836861 1.04939
threshold=10.150000000000004 1.3500000000000003 5.7500000000000009 86.003450000000015 4.7500000000000009 4.9500000000000011 8.6500000000000004 9.7500000000000036 77.393050000000017 5.1500000000000012 21.950000000000003 23.050000000000004 4.3500000000000005 9.5500000000000025
decision_type=2 2 2 2 2 2 2 2 2 2 2 2 2 2
left_child=1 -1 8 4 5 -4 -5 10 -3 -10 -6 -12 -11 -14
right_child=-2 2 3 6 7 -7 -8 -9 9 12 11 -13 13 -15
leaf_value=-0.0050278670229193453 0.00091903280156459353 -0.0027124971070863913 0.015205967309219496 -0.0036920977742179771 -0.00058993576520629046 0.0019087255781542669 0.0019410129764909361 -0.0045760319676037709 5.6220639098510333e-05 -0.002374873216208702 0.0097479320358581645 -0.0031186909616194871 0.0064621378535861685 0.0014694048965162639
leaf_weight=106 3019 201 35 664 2454 71 107 149 1264 59 53 37 212 209
leaf_count=106 3019 201 35 664 2454 71 107 149 1264 59 53 37 212 209
internal_value=-4.51703e-12 -0.000493606 -0.000406456 -0.000925607 -0.000378905 0.00629932 -0.00291033 -0.000641768 0.000546433 0.000922032 -0.000411342 0.00445832 0.003202 0.00398356
internal_weight=8640 5621 5515 3570 2799 106 771 2693 1945 1744 2544 90 480 421
internal_count=8640 5621 5515 3570 2799 106 771 2693 1945 1744 2544 90 480 421
is_linear=0
shrinkage=0.05


Tree=39
num_leaves=15
num_cat=0
split_feature=7 5 3 4 3 5 4 6 6 4 7 1 5 5
split_gain=1.47734 0.748802 0.735289 0.729986 0.685669 1.75986 1.28639 0.909863 0.718114 1.07079 0.818821 0.569914 1.81474 1.24628
threshold=2.0781922674178337 1.8500000000000003 18.350000000000005 2.3500000000000001 23.750000000000004 12.65 23.050000000000004 15.750000000000002 18.150000000000006 29.950000000000003 7.7195993642551519 31.383250000000004 16.350000000000005 4.6500000000000012
decision_type=2 2 2 2 2 2 2 2 2 2 2 2 2 2
left_child=1 3 -3 -1 8 -6 -7 -8 10 -10 11 12 -2 -13
right_child=4 2 -4 -5 5 6 7 -9 9 -11 -12 13 -14 -15
leaf_value=0.0080500428397686057 0.00011889777238500072 -0.0014794750395063507 0.006405344004160725 0.00032106949898235977 -0.0091266852645203473 0.012681922215657929 0.00088110990722530663 0.012458775020204486 0.0035227233463590094 -0.0079363318837501803 -0.0085127814405563263 -0.00050667635033320327 -0.0062149441897355285 0.0026796094003208211
leaf_weight=39 4506 2051 30 141 25 42 112 20 278 22 27 583 116 648
leaf_count=39 4506 2051 30 141 25 42 112 20 278 22 27 583 116 648
internal_value=1.31266e-13 -0.0010982 -0.00136581 0.00199568 0.000389249 0.00327806 0.00506035 0.0026353 0.000296228 0.00268239 0.000174485 0.000214559 -4.00649e-05 0.00117059
internal_weight=8640 2261 2081 180 6379 199 174 132 6180 300 5880 5853 4622 1231
internal_count=8640 2261 2081 180 6379 199 174 132 6180 300 5880 5853 4622 1231
is_linear=0
shrinkage=0.05


Tree=40
num_leaves=15
num_cat=0
split_feature=6 3 3 2 4 5 4 6 2 5 6 2 4 4
split_gain=1.3435 0.805102 0.977966 1.36275 1.77593 1.5059 1.057 0.897954 0.850217 1.19272 0.842897 1.50607 2.34261 0.79856
threshold=10.150000000000004 1.3500000000000003 5.7500000000000009 86.003450000000015 4.7500000000000009 4.9500000000000011 8.6500000000000004 9.7500000000000036 77.393050000000017 5.1500000000000012 8.1500000000000039 75.043350000000018 16.250000000000004 9.7500000000000018
decision_type=2 2 2 2 2 2 2 2 2 2 2 2 2 2
left_child=1 -1 8 4 5 -4 -5 10 -3 -10 -6 12 -12 -2
right_child=13 2 3 6 7 -7 -8 -9 9 -11 11 -13 -14 -15
leaf_value=-0.0047732080961138297 -0.0034760445388015908 -0.0025512099136605361 0.014483505740229573 -0.0034699148359531059 -0.00092141892619845432 0.0018111575916278323 0.0018850721854055041 -0.0043752283579826159 7.7198856489084844e-05 0.0030048436121433045 0.014237256617622174 -0.00074687242111260137 0.0018883652844843236 0.0010035947580930222
leaf_weight=106 103 201 35 664 1882 71 107 149 1264 480 47 405 210 2916
leaf_count=106 103 201 35 664 1882 71 107 149 1264 480 47 405 210 2916
internal_value=-8.89428e-12 -0.000456938 -0.000373978 -0.000865434 -0.000352726 0.00599542 -0.00272675 -0.000602597 0.000528078 0.000882973 -0.000381638 0.00115291 0.00414672 0.000850762
internal_weight=8640 5621 5515 3570 2799 106 771 2693 1945 1744 2544 662 257 3019
internal_count=8640 5621 5515 3570 2799 106 771 2693 1945 1744 2544 662 257 3019
is_linear=0
shrinkage=0.05


Tree=41
num_leaves=15
num_cat=0
split_feature=7 4 3 5 4 3 3 5 4 3 3 3 5 5
split_gain=1.2692 0.771061 1.21075 0.702837 1.46934 2.18775 1.49405 1.37992 1.21532 3.349 1.77809 2.08518 1.13686 1.13265
threshold=1.4712049055310803 2.1500000000000008 3.8500000000000001 11.65 20.950000000000003 16.750000000000004 21.850000000000005 15.750000000000002 19.450000000000003 17.350000000000005 10.65 14.15 12.850000000000003 7.0500000000000007
decision_type=2 2 2 2 2 2 2 2 2 2 2 2 2 2
left_child=1 2 -1 8 6 12 -5 -7 9 -2 13 -12 -6 -10
right_child=3 -3 -4 4 5 7 -8 -9 10 -11 11 -13 -14 -15
leaf_value=-0.00083585224198700139 -0.00013476744802803082 -0.0017147473926445592 0.013070106933541274 0.0024101195351332021 0.00015613688354766588 0.0028765229389562715 0.011969688566486267 -0.0020154929255721296 0.00099958987718813631 -0.0080177550425203584 0.0047965486732737782 0.00024235454001472463 -0.0073291890039563854 -0.0053949671790811098
leaf_weight=49 4389 1251 23 575 82 455 44 211 139 139 465 547 133 138
leaf_count=49 4389 1251 23 575 82 455 44 211 139 139 465 547 133 138
internal_value=7.66988e-12 -0.00142516 0.00360633 0.000257687 0.0012227 -8.90238e-05 0.00308964 0.00132665 8.84276e-06 -0.000376758 0.00136338 0.00233494 -0.00447432 -0.00218615
internal_weight=8640 1323 72 7317 1500 881 619 666 5817 4528 1289 1012 215 277
internal_count=8640 1323 72 7317 1500 881 619 666 5817 4528 1289 1012 215 277
is_linear=0
shrinkage=0.05


Tree=42
num_leaves=15
num_cat=0
split_feature=7 5 3 4 3 5 4 6 1 5 5 3 3 5
split_gain=1.15444 0.666292 0.659141 0.642859 0.580111 1.56125 1.08158 0.808284 0.612698 1.78781 1.19304 1.09824 0.946278 0.867593
threshold=2.0781922674178337 1.8500000000000003 18.350000000000005 2.3500000000000001 23.750000000000004 12.65 23.050000000000004 15.750000000000002 31.383250000000004 16.350000000000005 4.6500000000000012 3.1500000000000008 9.2500000000000018 7.3500000000000005
decision_type=2 2 2 2 2 2 2 2 2 2 2 2 2 2
left_child=1 3 -3 -1 8 -6 -7 -8 9 11 -10 -2 -12 -13
right_child=4 2 -4 -5 5 6 7 -9 10 -11 12 13 -14 -15
leaf_value=0.007629233961686111 -0.0038315750422893086 -0.0013308465792929191 0.0061345328281944 0.00037615802882120332 -0.0086825515958480533 0.011668509094133264 0.00080294608321440002 0.011715210839174688 -0.00047272398318554766 -0.0060538720104749465 0.0028771275771238805 0.0010729134403933427 -0.0074271850055083639 -0.0003141266444797709
leaf_weight=39 167 2051 30 141 25 42 112 20 584 119 712 2014 23 2561
leaf_count=39 167 2051 30 141 25 42 112 20 584 119 712 2014 23 2561
internal_value=1.52989e-11 -0.000970788 -0.00122322 0.00194766 0.00034409 0.00300125 0.00467995 0.00245632 0.000258528 -8.05281e-07 0.00121427 0.000151096 0.00255468 0.000296474
internal_weight=8640 2261 2081 180 6379 199 174 132 6180 4861 1319 4742 735 4575
internal_count=8640 2261 2081 180 6379 199 174 132 6180 4861 1319 4742 735 4575
is_linear=0
shrinkage=0.05


Tree=43
num_leaves=15
num_cat=0
split_feature=2 3 8 5 0 3 4 2 3 5 3 3 5 3
split_gain=1.08481 1.36075 1.08233 0.816948 0.774906 0.965262 0.902293 0.852215 1.19242 2.17872 1.01424 0.943213 1.42155 1.41952
threshold=86.003450000000015 6.8500000000000005 6.5833333333333339 1.9500000000000002 36.000000000000007 1.3500000000000003 2.8500000000000001 77.393050000000017 19.150000000000002 14.450000000000001 20.650000000000002 11.050000000000002 12.950000000000001 5.8500000000000005
decision_type=2 2 2 2 2 2 2 2 2 2 2 2 2 2
left_child=4 2 3 -2 5 -1 -7 8 9 -6 11 12 13 -9
right_child=1 -3 -4 -5 7 6 -8 10 -10 -11 -12 -13 -14 -15
leaf_value=-0.0081981258427861452 0.0019533262979082042 -0.0031388654998672355 0.0046226023409636349 -0.0013795832585053243 -0.00083291371418863544 0.011715681408531964 0.0010486074532825456 0.0010164215204278629 0.0016244638410405682 -0.0073377031159567105 -0.0077408983734332864 0.0023111844428577171 0.0039439075821400306 -0.002167636290659134
leaf_weight=28 237 563 108 820 1742 20 2256 733 423 139 36 659 206 670
leaf_count=28 237 563 108 820 1742 20 2256 733 423 139 36 659 206 670
internal_value=-3.96009e-12 -0.00112052 -0.000145132 -0.00063228 0.00028013 0.00102883 0.00114234 -9.42197e-05 -0.000774188 -0.0013136 0.000585748 0.000717917 6.53609e-05 -0.000504119
internal_weight=8640 1728 1165 1057 6912 2304 2276 4608 2304 1881 2304 2268 1609 1403
internal_count=8640 1728 1165 1057 6912 2304 2276 4608 2304 1881 2304 2268 1609 1403
is_linear=0
shrinkage=0.05


Tree=44
num_leaves=15
num_cat=0
split_feature=6 6 6 5 8 3 8 3 2 4 5 3 2 5
split_gain=1.01282 0.767117 0.841598 0.780652 0.869461 1.09007 0.750295 0.750101 1.03148 1.70099 1.36559 0.981815 0.877094 1.05639
threshold=10.150000000000004 9.7500000000000036 9.6500000000000039 11.65 13.416666666666668 16.750000000000004 16.783333333333339 5.7500000000000009 86.003450000000015 4.7500000000000009 4.9500000000000011 1.7000000000000004 77.393050000000017 4.9500000000000011
decision_type=2 2 2 2 2 2 2 2 2 2 2 2 2 2
left_child=1 2 3 7 -5 6 -6 11 9 10 -9 -1 -13 -14
right_child=-2 -3 -4 4 5 -7 -8 8 -10 -11 -12 12 13 -15
leaf_value=-0.0033133152029272378 0.00073867526303164838 -0.0033764975105161563 0.0058712809109552344 0.0044020666509736444 -0.0012843044741644657 0.0021913435151536933 -0.0095648158286862524 0.013764374089826432 -0.0026876417434851009 -0.00084417876220064234 0.0016391951961955732 -0.002768453577429884 8.465132581774007e-05 0.0028971764468735607
leaf_weight=182 3019 208 55 168 140 265 34 35 741 1936 69 180 1135 473
leaf_count=182 3019 208 55 168 140 265 34 35 741 1936 69 180 1135 473
internal_value=1.16634e-11 -0.000396737 -0.000282237 -0.000345403 0.00134308 0.000172437 -0.00290234 -0.000561127 -0.0010899 -0.000509545 0.00571978 0.000185329 0.000541455 0.000911967
internal_weight=8640 5621 5413 5358 607 439 174 4751 2781 2040 104 1970 1788 1608
internal_count=8640 5621 5413 5358 607 439 174 4751 2781 2040 104 1970 1788 1608
is_linear=0
shrinkage=0.05


Tree=45
num_leaves=15
num_cat=0
split_feature=7 4 3 5 3 0 2 3 4 8 6 6 1 3
split_gain=0.967424 0.636233 1.10556 0.602807 0.589045 0.622415 0.658123 1.58044 0.741833 0.738813 0.635643 0.632403 0.623401 1.21452
threshold=1.4712049055310803 2.1500000000000008 3.8500000000000001 2.5500000000000003 1.3500000000000003 36.000000000000007 86.003450000000015 7.2500000000000009 3.9500000000000006 6.6500000000000012 18.950000000000006 5.0499999999999998 31.383250000000004 9.9500000000000011
decision_type=2 2 2 2 2 2 2 2 2 2 2 2 2 2
left_child=1 2 3 -1 -2 6 8 9 -6 -8 12 -9 -7 -14
right_child=4 -3 -4 -5 5 10 7 11 -10 -11 -12 -13 13 -15
leaf_value=0.0038841445065502613 -0.0035294824788455396 -0.0015073001614720946 0.012369568232932816 -0.0073223160601974951 0.0088005651358798783 -0.00044454243114375348 0.00053640567626400746 -0.00042504516581224429 0.0011291693660818564 0.010740140788257121 0.0031546227214663911 -0.0083460747299692311 0.0012651127603632349 -0.010621111084368419
leaf_weight=28 103 1251 23 21 32 3715 157 37 2073 20 150 79 929 22
leaf_count=28 103 1251 23 21 32 3715 157 37 2073 20 150 79 929 22
internal_value=-2.27221e-12 -0.00124425 0.00332621 -0.000918624 0.000224975 0.000278581 0.000936755 -0.00128344 0.00124579 0.00168937 -4.91396e-05 -0.00581954 -0.000152132 0.000990142
internal_weight=8640 1323 72 49 7317 7214 2398 293 2105 177 4816 116 4666 951
internal_count=8640 1323 72 49 7317 7214 2398 293 2105 177 4816 116 4666 951
is_linear=0
shrinkage=0.05


Tree=46
num_leaves=15
num_cat=0
split_feature=7 4 3 6 4 3 4 7 4 6 1 3 8 8
split_gain=0.8731 0.5742 0.99777 0.552519 0.977197 1.08402 0.900333 0.858064 0.716492 0.625743 0.611851 1.08509 1.63971 0.79953
threshold=1.4712049055310803 2.1500000000000008 3.8500000000000001 13.850000000000003 27.050000000000004 23.750000000000004 23.250000000000004 6.0417988428312297 9.7500000000000018 15.950000000000003 31.383250000000004 10.050000000000002 12.616666666666669 3.9500000000000006
decision_type=2 2 2 2 2 2 2 2 2 2 2 2 2 2
left_child=1 2 -1 4 5 10 -7 -5 -9 -10 -2 12 13 -12
right_child=3 -3 -4 7 -6 6 -8 8 9 -11 11 -13 -14 -15
leaf_value=-0.00087269296375464423 -0.00028428402050896762 -0.0014319351540412104 0.011751089957745179 0.0045005626513650926 -0.0047075099288863215 0.010406122526720815 0.00075909403682339425 -0.0062917234324332749 -0.00048708931422376882 0.0018560521272537292 -0.006386856760792925 -0.010085920938449405 0.0098140772181348167 0.00097501396687407109
leaf_weight=49 4378 1251 23 165 108 46 51 36 492 677 38 22 52 1252
leaf_count=49 4378 1251 23 165 108 46 51 36 492 677 38 22 52 1252
internal_value=-2.3297e-12 -0.00118204 0.0031599 0.000213727 5.18709e-06 9.23546e-05 0.00533397 0.00111897 0.000655931 0.000869888 3.8076e-06 0.000928489 0.00110905 0.000758153
internal_weight=8640 1323 72 7317 5947 5839 97 1370 1205 1169 5742 1364 1342 1290
internal_count=8640 1323 72 7317 5947 5839 97 1370 1205 1169 5742 1364 1342 1290
is_linear=0
shrinkage=0.05


Tree=47
num_leaves=15
num_cat=0
split_feature=6 6 6 5 4 7 8 2 2 3 3 5 5 3
split_gain=0.813936 0.720133 0.765429 0.687084 0.682033 0.726942 0.671229 1.29629 1.03043 0.640216 0.722769 0.800802 0.726587 1.42336
threshold=10.150000000000004 9.7500000000000036 9.5500000000000025 4.1500000000000012 9.7500000000000018 4.3293571330086067 11.71666666666667 77.393050000000017 86.003450000000015 1.3500000000000003 4.4500000000000011 11.65 15.850000000000003 20.150000000000002
decision_type=2 2 2 2 2 2 2 2 2 2 2 2 2 2
left_child=1 2 9 -3 6 -6 7 -2 -9 -1 -11 -12 -13 -14
right_child=4 3 -4 -5 5 -7 -8 8 -10 10 11 12 13 -15
leaf_value=-0.0042395370225738558 -0.0098013332077803526 0.0033749470882343522 0.0036224590644240379 -0.0044906305122588367 0.0052020352705497595 0.00066174457990461394 -0.0097841654165551593 0.010252274034012642 -0.004607309675775469 0.00074899061326319711 -0.00090791637230079017 0.0021223404189812558 -0.0063657034721719911 0.0036108266875089614
leaf_weight=103 26 33 125 175 91 2825 29 28 20 1325 3278 437 81 64
leaf_count=103 26 33 125 175 91 2825 29 28 20 1325 3278 437 81 64
internal_value=4.03016e-12 -0.000355658 -0.00024472 -0.00324273 0.000662191 0.000803434 -0.00333649 -0.000809692 0.00406078 -0.000336134 -0.000258593 -0.00060446 0.0011047 -0.00196227
internal_weight=8640 5621 5413 208 3019 2916 103 74 48 5288 5185 3860 582 145
internal_count=8640 5621 5413 208 3019 2916 103 74 48 5288 5185 3860 582 145
is_linear=0
shrinkage=0.05


Tree=48
num_leaves=15
num_cat=0
split_feature=7 5 3 2 4 7 4 3 5 0 6 4 3 3
split_gain=0.759688 0.511826 0.586191 0.549572 0.633891 0.914854 0.510104 0.900452 0.544337 0.505615 0.639598 0.622922 1.23998 1.23439
threshold=1.4712049055310803 0.90000000000000013 2.2500000000000004 77.393050000000017 7.8500000000000005 3.2293790252754313 2.1500000000000008 3.8500000000000001 2.5500000000000003 36.000000000000007 19.050000000000004 18.050000000000004 19.450000000000003 9.7500000000000018
decision_type=2 2 2 2 2 2 2 2 2 2 2 2 2 2
left_child=6 -2 3 -3 -5 -6 7 8 -1 11 -11 12 -4 -13
right_child=1 2 9 4 5 -7 -8 -9 -10 10 -12 13 -14 -15
leaf_value=0.0037228469287843577 0.0041034095688493007 -0.0074376152036711579 0.00038682057652014495 -0.0040899469515054748 0.0081187151933965439 -0.0011082539185736096 -0.00133813429305538 0.011151299658028977 -0.0069262602455204443 -0.00015334511173942022 0.0033396155445801993 -0.0033652212436080472 -0.011854096566371266 0.002559097080569834
leaf_weight=28 83 40 1394 110 34 128 1251 23 21 4487 135 99 21 786
leaf_count=28 83 40 1394 110 34 128 1251 23 21 4487 135 99 21 786
internal_value=1.95626e-12 0.000199363 0.000154569 -0.00196545 -0.00116071 0.00082827 -0.0011026 0.00298984 -0.000841056 0.000250126 -5.13222e-05 0.000855907 0.000205153 0.00189638
internal_weight=8640 7317 7234 312 272 162 1323 72 49 6922 4622 2300 1415 885
internal_count=8640 7317 7234 312 272 162 1323 72 49 6922 4622 2300 1415 885
is_linear=0
shrinkage=0.05


Tree=49
num_leaves=15
num_cat=0
split_feature=6 6 6 5 4 1 5 7 6 3 3 4 5 1
split_gain=0.689253 0.658477 0.692446 0.622789 0.603435 1.14337 0.771665 0.775519 0.654836 0.783753 1.54972 1.86504 1.61791 1.47573
threshold=10.150000000000004 9.7500000000000036 9.6500000000000039 4.1500000000000012 12.15 22.610250000000004 1.4500000000000002 4.3293571330086067 20.150000000000006 10.850000000000003 14.350000000000003 19.950000000000003 11.250000000000002 22.610250000000004
decision_type=2 2 2 2 2 2 2 2 2 2 2 2 2 2
left_child=1 2 -1 -3 5 -2 -6 -8 9 13 12 -12 -11 -9
right_child=4 3 -4 -5 6 -7 7 8 -10 10 11 -13 -14 -15
leaf_value=-0.00027849874754662135 0.0064504451758693911 0.0032124447382309222 0.0053604631870985036 -0.0042760787568986418 0.0082777581342002929 -0.0039364253911613068 0.0054023858357001757 -0.0030783529906375524 0.0040868717926088724 0.0040832539515774802 -0.0063390163408818647 0.0006090730573774754 -0.0044743194432568653 0.00095904799981575176
leaf_weight=5358 32 33 55 175 34 154 85 399 125 506 107 992 62 523
leaf_count=5358 32 33 55 175 34 154 85 399 125 506 107 992 62 523
internal_value=4.7456e-12 -0.000327286 -0.000221203 -0.003088 0.000609365 -0.00214944 0.000790494 0.000699545 0.000552256 0.0003816 0.00102858 -6.74015e-05 0.00314915 -0.000788157
internal_weight=8640 5621 5413 208 3019 186 2833 2799 2714 2589 1667 1099 568 922
internal_count=8640 5621 5413 208 3019 186 2833 2799 2714 2589 1667 1099 568 922
is_linear=0
shrinkage=0.05


Tree=50
num_leaves=15
num_cat=0
split_feature=3 7 4 3 5 3 5 4 6 1 5 3 5 3
split_gain=0.674333 0.663141 0.563444 0.718993 0.552022 0.465271 1.35691 0.887427 0.709827 0.551661 1.36758 1.21237 1.20823 1.25651
threshold=0.60000000000000009 1.4712049055310803 2.1500000000000008 3.8500000000000001 1.8500000000000003 23.750000000000004 12.65 23.050000000000004 15.750000000000002 31.383250000000004 15.050000000000002 19.850000000000005 5.8500000000000005 8.9500000000000011
decision_type=2 2 2 2 2 2 2 2 2 2 2 2 2 2
left_child=-1 2 3 4 -2 9 -7 -8 -9 10 -3 -12 13 -11
right_child=1 5 -4 -5 -6 6 7 8 -10 12 11 -13 -14 -15
leaf_value=-0.0085499662622485467 0.0060256354557350275 7.9965065142480478e-05 -0.0012517257750988939 0.010607659436114457 -0.0050234303030615244 -0.0083383040721528232 0.01026250754313713 0.00055422126070449231 0.01076669970760122 7.6609377808640179e-05 -0.0074171858409849498 -0.00042670546928561773 0.002589577510898956 -0.011524907204632957
leaf_weight=23 20 5312 1250 23 26 25 44 114 20 847 117 132 663 24
leaf_count=23 20 5312 1250 23 26 25 44 114 20 847 117 132 663 24
internal_value=1.60204e-12 2.28211e-05 -0.00100893 0.00338956 -0.000219489 0.000209294 0.0025695 0.00410149 0.00207847 0.000141764 -8.97971e-05 -0.00371139 0.000981213 -0.000243065
internal_weight=8640 8617 1319 69 46 7298 203 178 134 7095 5561 249 1534 871
internal_count=8640 8617 1319 69 46 7298 203 178 134 7095 5561 249 1534 871
is_linear=0
shrinkage=0.05


Tree=51
num_leaves=15
num_cat=0
split_feature=2 3 8 5 3 4 3 5 8 3 5 2 3 1
split_gain=0.628092 1.09614 0.907398 0.709404 0.650564 0.644619 0.790842 1.16767 0.616183 0.560893 0.505087 0.490644 1.55627 1.71546
threshold=86.003450000000015 6.8500000000000005 6.6500000000000012 10.350000000000003 2.4500000000000006 4.2500000000000009 4.3500000000000005 4.9500000000000011 2.5500000000000007 12.050000000000002 1.4500000000000002 77.393050000000017 11.050000000000002 31.383250000000004
decision_type=2 2 2 2 2 2 2 2 2 2 2 2 2 2
left_child=5 2 4 9 -2 6 -1 -8 10 -3 -6 -7 13 -13
right_child=1 3 -4 -5 8 11 7 -9 -10 -11 -12 12 -14 -15
leaf_value=-0.0037537123014529544 -0.0028307520464295522 -0.0026113920738847045 0.0045275820015162676 0.0039329340166755411 0.010422505954137216 -0.00028667864699194809 0.012146509271761028 0.0016770529793575407 -0.00012414024077757945 -0.0081788632050156587 0.00056694274893603642 -0.0023232498073580874 0.0021483647627868487 0.00068961426357518031
leaf_weight=30 220 475 102 38 26 3360 41 76 791 50 26 657 1066 1682
leaf_count=30 220 475 102 38 26 3360 41 76 791 50 26 657 1066 1682
internal_value=-7.43988e-12 -0.000852618 2.28143e-05 -0.00266413 -0.00040944 0.000213155 0.00348879 0.00534584 0.000222456 -0.00314163 0.00549472 0.000141977 0.000564967 -0.000156667
internal_weight=8640 1728 1165 563 1063 6912 147 117 843 525 52 6765 3405 2339
internal_count=8640 1728 1165 563 1063 6912 147 117 843 525 52 6765 3405 2339
is_linear=0
shrinkage=0.05


Tree=52
num_leaves=15
num_cat=0
split_feature=3 6 4 3 7 4 5 0 4 5 5 4 3 5
split_gain=0.601168 0.558981 0.849865 0.905289 0.771912 0.733534 0.59139 1.03664 0.559191 0.539259 1.13387 1.6476 1.55699 1.08798
threshold=1.3500000000000003 13.850000000000003 27.050000000000004 23.750000000000004 6.0417988428312297 22.250000000000004 6.1500000000000012 60.000000000000007 9.7500000000000018 12.750000000000002 8.4500000000000011 21.650000000000002 18.050000000000004 6.3500000000000005
decision_type=2 2 2 2 2 2 2 2 2 2 2 2 2 2
left_child=-1 2 3 -2 6 -5 -3 -8 -6 10 11 12 13 -10
right_child=1 4 -4 5 8 -7 7 -9 9 -11 -12 -13 -14 -15
leaf_value=-0.0033229310561576166 -0.00012389019530917894 0.008732232272624969 -0.0045261630693588543 0.010042522754520179 -0.0055965918944113789 0.0011746451756435223 0.005123967065823725 -0.0055916585711642142 0.0014634005850380979 0.0026023141570086349 -0.0024834459919718579 0.0034290349364842045 -0.011554898639830452 -0.0090830275760803002
leaf_weight=134 6942 50 108 39 36 58 83 31 156 289 284 365 36 29
leaf_count=134 6942 50 108 39 36 58 83 31 156 289 284 365 36 29
internal_value=8.90614e-12 5.23481e-05 -0.0001244 -5.68629e-05 0.000981866 0.00474008 0.00419853 0.00221007 0.000540416 0.000731039 0.000109432 0.00136605 -0.00204115 -0.000189823
internal_weight=8640 8506 7147 7039 1359 97 164 114 1195 1159 870 586 221 185
internal_count=8640 8506 7147 7039 1359 97 164 114 1195 1159 870 586 221 185
is_linear=0
shrinkage=0.05


Tree=53
num_leaves=15
num_cat=0
split_feature=5 4 3 3 3 5 8 4 3 3 5 5 1 3
split_gain=0.579302 0.931456 2.66721 1.3396 1.67821 0.897032 0.893116 0.867099 1.78394 1.11669 1.10231 0.964614 0.916266 0.872266
threshold=11.65 19.450000000000003 17.350000000000005 10.65 14.15 7.0500000000000007 16.516666666666669 20.950000000000003 16.750000000000004 21.850000000000005 15.750000000000002 12.850000000000003 27.379200000000004 21.950000000000003
decision_type=2 2 2 2 2 2 2 2 2 2 2 2 2 2
left_child=1 2 -1 5 6 -3 -5 9 11 -2 12 -9 -10 -14
right_child=7 3 -4 4 -6 -7 -8 8 10 -11 -12 -13 13 -15
leaf_value=-0.0002957987105166781 0.0016708219184577563 0.00077615038620763659 -0.0073068073717877276 0.0046069191075311993 -1.2021606010801996e-05 -0.0049145662670776226 -0.0049305153016645752 0.00013365407315332715 0.0035411909495898712 0.0099030552495440304 -0.0018474455241406292 -0.0067613293349399767 -0.0096621681177229794 0.0013445588967038527
leaf_weight=5637 646 139 139 439 547 138 26 82 374 44 215 133 27 54
leaf_count=5637 646 139 139 439 547 138 26 82 374 44 215 133 27 54
internal_value=-3.90102e-12 -0.000193308 -0.000464519 0.00102199 0.00186528 -0.00205894 0.00407364 0.000867124 -0.000168774 0.00219578 0.00110288 -0.00413161 0.002497 -0.00232435
internal_weight=8640 7065 5776 1289 1012 277 465 1575 885 690 670 215 455 81
internal_count=8640 7065 5776 1289 1012 277 465 1575 885 690 670 215 455 81
is_linear=0
shrinkage=0.05


Tree=54
num_leaves=15
num_cat=0
split_feature=3 7 4 3 5 5 3 5 4 3 6 4 3 6
split_gain=0.570873 0.562905 0.500648 0.645393 0.495079 0.445054 0.476967 0.413587 0.977755 1.8218 0.919968 0.9326 0.875349 0.861223
threshold=0.60000000000000009 1.4712049055310803 2.1500000000000008 3.8500000000000001 2.5500000000000003 0.90000000000000013 4.1500000000000012 11.65 21.350000000000005 13.550000000000002 14.950000000000005 27.050000000000004 21.850000000000005 10.050000000000002
decision_type=2 2 2 2 2 2 2 2 2 2 2 2 2 2
left_child=-1 2 3 4 -2 6 -3 -7 12 -10 11 13 -9 -11
right_child=1 5 -4 -5 -6 7 -8 8 9 10 -12 -13 -14 -15
leaf_value=-0.0078667787268109947 0.00434664594134889 0.007763116605347023 -0.0011584500816458603 0.010055243782699109 -0.0061170402378775178 -4.2939395113857969e-05 0.00017753609477780589 0.0018502656197725146 -0.0084723646867073954 -0.0017360738729341671 0.0039532154882326725 -0.0034492887929728671 0.0090079746584904013 0.0026314319841174495
leaf_weight=23 26 40 1250 23 20 5716 43 598 62 195 150 180 46 268
leaf_count=23 26 40 1250 23 20 5716 43 598 62 195 150 180 46 268
internal_value=-1.25881e-12 2.09976e-05 -0.000929583 0.00321656 -0.000202783 0.0001928 0.00383324 0.000150921 0.000890153 -0.000218113 0.000427238 -0.000395307 0.00236153 0.000791986
internal_weight=8640 8617 1319 69 46 7298 83 7215 1499 855 793 643 644 463
internal_count=8640 8617 1319 69 46 7298 83 7215 1499 855 793 643 644 463
is_linear=0
shrinkage=0.05


Tree=55
num_leaves=15
num_cat=0
split_feature=3 6 7 4 3 4 5 8 2 3 3 5 4 4
split_gain=0.524302 0.474564 0.714995 0.7062 0.717654 0.57719 0.532438 0.461349 1.54672 2.23885 1.11847 0.850803 0.848271 0.807547
threshold=1.7000000000000004 13.850000000000003 6.0417988428312297 27.050000000000004 23.750000000000004 23.250000000000004 10.350000000000003 19.616666666666671 75.043350000000018 17.250000000000004 19.350000000000005 16.750000000000004 27.450000000000003 24.750000000000004
decision_type=2 2 2 2 2 2 2 2 2 2 2 2 2 2
left_child=-1 3 6 4 -2 -6 -3 8 9 -4 -10 12 -9 -12
right_child=1 2 7 -5 5 -7 -8 11 10 -11 13 -13 -14 -15
leaf_value=-0.0023605324078974517 -9.8198374845739542e-05 0.0061803232847103991 -0.0076343846152205092 -0.0041122173021668224 0.0082940068926014333 0.00056984842042712613 0.00023390100992647773 -0.004481266984172786 0.0014499305608486187 0.0088373695388436323 -0.0082375502317316007 -0.0043834600690752269 0.005692680730052027 0.0026317243166267875
leaf_weight=229 6854 104 118 108 46 51 59 24 768 25 54 35 140 25
leaf_count=229 6854 104 118 108 46 51 59 24 768 25 54 35 140 25
internal_value=3.31484e-12 6.42685e-05 0.000922446 -0.000100097 -3.77593e-05 0.00423285 0.00402794 0.000496714 5.51403e-05 -0.00475471 0.000867193 0.00269349 0.00420381 -0.00479791
internal_weight=8640 8411 1352 7059 6951 97 163 1189 990 143 847 199 164 79
internal_count=8640 8411 1352 7059 6951 97 163 1189 990 143 847 199 164 79
is_linear=0
shrinkage=0.05


Tree=56
num_leaves=15
num_cat=0
split_feature=7 3 3 2 4 1 7 5 4 8 3 4 5 0
split_gain=0.503548 0.493099 0.937339 0.899626 0.747651 0.666045 0.713319 0.51092 0.490223 0.481311 0.408166 0.356196 0.573069 0.505953
threshold=2.0781922674178337 2.4500000000000006 4.5500000000000007 77.393050000000017 8.0500000000000025 16.079350000000005 1.9482185594936612 12.350000000000003 9.7500000000000018 11.416666666666668 8.8500000000000032 3.8500000000000001 6.0500000000000007 36.000000000000007
decision_type=2 2 2 2 2 2 2 2 2 2 2 2 2 2
left_child=1 -1 3 -3 -5 8 11 -8 10 -10 -4 -7 13 -13
right_child=-2 2 5 4 -6 6 7 -9 9 -11 -12 12 -14 -15
leaf_value=-0.0031219741738902447 0.00022725196870615255 -0.0061429542319446397 0.0014479240239597857 0.0015317718424492372 0.011171085281031473 0.001422439852608837 -0.0057566273300192101 0.0028276824438944461 -0.0023133587384888544 0.0065627877134829763 0.011119426740333439 -0.00047988034392721529 -0.00023789792495306522 -0.0037250949488476844
leaf_weight=184 6379 37 20 478 21 139 130 20 56 21 24 193 620 318
leaf_count=184 6379 37 20 478 21 139 130 20 56 21 24 193 620 318
internal_value=9.51062e-12 -0.00064115 -0.000421376 0.00137965 0.00193743 -0.00104782 -0.00135126 -0.00461205 0.00251318 0.000107408 0.00672329 -0.000966122 -0.00125968 -0.00249941
internal_weight=8640 2261 2077 536 499 1541 1420 150 121 77 44 1270 1131 511
internal_count=8640 2261 2077 536 499 1541 1420 150 121 77 44 1270 1131 511
is_linear=0
shrinkage=0.05


Tree=57
num_leaves=15
num_cat=0
split_feature=3 7 4 3 5 6 7 3 2 3 5 3 8 0
split_gain=0.494691 0.472987 0.446442 0.56857 0.45007 0.442954 0.433001 0.570769 0.978278 0.759736 0.606793 0.720201 0.931439 0.594397
threshold=0.60000000000000009 1.4712049055310803 2.1500000000000008 3.8500000000000001 1.8500000000000003 3.8000000000000003 2.0781922674178337 16.250000000000004 77.393050000000017 6.3500000000000005 8.9500000000000011 5.0500000000000007 3.8500000000000001 60.000000000000007
decision_type=2 2 2 2 2 2 2 2 2 2 2 2 2 2
left_child=-1 2 3 4 -2 -3 7 8 9 -7 11 12 -10 -12
right_child=1 5 -4 -5 -6 6 -8 -9 10 -11 13 -13 -14 -15
leaf_value=-0.0073230902785840248 0.0054930704226717354 0.0022986187221983277 -0.0010679333708237392 0.0094822289665108146 -0.0044836413366003683 -0.011879144444440803 0.00023521064497855995 0.0068489764891141516 -0.0042913322839885949 -0.0030825262333921814 0.0007844038111598869 -0.0025300077116583849 0.0037055139287388815 0.011266131548854036
leaf_weight=23 20 238 1250 23 26 30 6362 22 50 135 38 268 134 21
leaf_count=23 20 238 1250 23 26 30 6362 22 50 135 38 268 134 21
internal_value=-1.1542e-12 1.95464e-05 -0.000851811 0.00306345 -0.000145941 0.000177031 0.00010551 -0.00107666 -0.0013346 -0.00468191 -0.000253765 -0.000876261 0.00153246 0.00451519
internal_weight=8640 8617 1319 69 46 7298 7060 698 676 165 511 452 184 59
internal_count=8640 8617 1319 69 46 7298 7060 698 676 165 511 452 184 59
is_linear=0
shrinkage=0.05


Tree=58
num_leaves=15
num_cat=0
split_feature=2 3 8 4 3 6 5 4 3 5 5 0 3 2
split_gain=0.446683 1.00438 0.744067 0.667121 0.657908 0.654928 0.65222 0.623611 0.727706 0.989836 0.539353 0.474266 0.636888 0.537283
threshold=86.003450000000015 6.5500000000000007 6.3500000000000005 10.850000000000003 3.5500000000000003 2.5000000000000018 1.9500000000000002 4.2500000000000009 5.8500000000000005 4.9500000000000011 7.4500000000000011 36.000000000000007 1.3500000000000003 77.393050000000017
decision_type=2 2 2 2 2 2 2 2 2 2 2 2 2 2
left_child=7 2 6 -3 -4 -6 -2 8 -1 -10 -7 12 -9 -13
right_child=1 3 4 -5 5 10 -8 11 9 -11 -12 13 -14 -15
leaf_value=-0.0014250167102813174 0.0020527996028755773 -0.0027667076901833217 -0.0042350161066722304 0.0039101592754013838 -0.0026468295196536932 0.0039049699823272993 -0.0009879500013325515 -0.0067892805540135928 0.01331745846377265 0.0024594640208838079 0.012037870422419576 -0.0007332157479204252 0.00079914198994635022 0.00035670761365902735
leaf_weight=51 230 578 21 40 20 47 756 28 31 65 36 2248 2214 2275
leaf_count=51 230 578 21 40 20 47 756 28 31 65 36 2248 2214 2275
internal_value=-1.3776e-11 -0.000719023 0.000180431 -0.00233455 0.00383085 0.00547534 -0.000278647 0.000179756 0.00340157 0.00596569 0.00743249 0.000109747 0.000704371 -0.000185001
internal_weight=8640 1728 1110 618 124 103 986 6912 147 96 83 6765 2242 4523
internal_count=8640 1728 1110 618 124 103 986 6912 147 96 83 6765 2242 4523
is_linear=0
shrinkage=0.05


Tree=59
num_leaves=15
num_cat=0
split_feature=3 5 4 3 3 6 6 4 3 3 5 3 3 7
split_gain=0.438637 0.427529 0.714523 1.61749 0.796766 0.7536 0.905721 0.714282 2.41638 1.27296 1.00851 0.961438 1.149 1.09231
threshold=0.60000000000000009 11.65 21.350000000000005 13.550000000000002 21.850000000000005 14.950000000000005 14.650000000000004 19.450000000000003 17.350000000000005 6.9500000000000011 7.5500000000000007 10.850000000000003 14.65 7.9677818846305497
decision_type=2 2 2 2 2 2 2 2 2 2 2 2 2 2
left_child=-1 7 4 -4 -3 6 -5 8 -2 -9 -11 -12 13 -13
right_child=1 2 3 5 -6 -7 -8 9 -10 10 11 12 -14 -15
leaf_value=-0.0068957243195694427 -0.00022519904201575484 0.0014925306054636221 -0.0079884897615204783 5.3281039829346324e-05 0.0082951413163834305 0.0035887819287988044 -0.0091408393711649959 -0.0064571414063850953 -0.0068987271574697728 0.0030694789646169658 -0.0042441054839636545 0.0041472026415751428 -0.00095958871304367981 -0.0079805403616046537
leaf_weight=23 5615 670 62 618 46 150 28 56 139 471 108 259 375 20
leaf_count=23 5615 670 62 618 46 150 28 56 139 471 108 259 375 20
internal_value=-6.22242e-12 1.84057e-05 0.000763397 -0.000209773 0.00192957 0.000396107 -0.000345226 -0.000148088 -0.000386412 0.000915772 0.00125063 0.000126385 0.000848118 0.00327783
internal_weight=8640 8617 1574 858 716 796 646 7043 5754 1289 1233 762 654 279
internal_count=8640 8617 1574 858 716 796 646 7043 5754 1289 1233 762 654 279
is_linear=0
shrinkage=0.05


Tree=60
num_leaves=15
num_cat=0
split_feature=5 3 1 4 7 6 4 6 7 5 4 3 5 1
split_gain=0.434864 0.614631 0.406319 0.54803 0.805469 0.492586 0.601137 0.502842 0.411094 0.404838 0.72224 1.40907 0.875211 0.95701
threshold=0.90000000000000013 2.2500000000000004 31.383250000000004 7.5500000000000007 3.2951137970012865 12.250000000000004 10.950000000000001 8.4500000000000046 4.8765880271609836 11.65 20.950000000000003 16.750000000000004 15.450000000000001 27.379200000000004
decision_type=2 2 2 2 2 2 2 2 2 2 2 2 2 2
left_child=-1 2 8 -4 -5 6 7 -6 -2 -3 -11 -12 13 -13
right_child=1 9 3 4 5 -7 -8 -9 -10 10 11 12 -14 -15
leaf_value=0.0033642190969304037 -0.0025798489458393309 -0.00011507483022545206 -0.0060632686538156129 0.0073064879814270321 -0.0049393821973353624 0.0057408925323259273 -0.0083513578129631848 0.0048446761941986875 -0.0092631860492894281 0.0020049660420780875 -0.0036946392354553249 0.0033928258648649734 -0.0014610689573251023 -0.0028217476888870198
leaf_weight=95 200 6579 32 39 24 21 31 29 26 680 214 356 239 75
leaf_count=95 200 6579 32 39 24 21 31 29 26 680 214 356 239 75
internal_value=-4.09926e-12 -3.74021e-05 -0.00194594 -0.000144628 0.00117063 -0.00110841 -0.00282073 0.000414159 -0.00334873 5.68177e-05 0.000779887 -0.000162481 0.000965701 0.0023114
internal_weight=8640 8545 402 176 144 105 84 53 226 8143 1564 884 670 431
internal_count=8640 8545 402 176 144 105 84 53 226 8143 1564 884 670 431
is_linear=0
shrinkage=0.05


Tree=61
num_leaves=15
num_cat=0
split_feature=6 7 2 4 5 3 0 3 3 1 3 5 8 8
split_gain=0.400219 0.665774 0.530008 0.846253 0.922122 1.82797 0.974796 0.600067 0.89102 0.782846 1.58049 1.26542 0.671309 0.65494
threshold=10.450000000000005 4.5483812936032093 77.393050000000017 12.15 5.4500000000000011 8.3500000000000032 60.000000000000007 20.650000000000002 11.050000000000002 22.610250000000004 7.7500000000000009 7.4500000000000011 16.783333333333339 17.416666666666671
decision_type=2 2 2 2 2 2 2 2 2 2 2 2 2 2
left_child=1 -1 3 -2 -5 -6 -7 8 9 10 -4 -12 -9 -10
right_child=2 -3 7 4 5 6 -8 12 13 -11 11 -13 -14 -15
leaf_value=-0.00017974107053777373 -0.0073700554337119686 -0.0050515476181368594 -0.0080650688901747741 0.0027424342646670073 -0.0077917046461640528 0.0010330188771064043 -0.0022002878783081918 -0.010492263037873352 0.0032469436837404991 0.0017702752954941643 0.0025388500263353111 -0.0044500143538949042 0.00094625831035704449 -0.0019383397323990187
leaf_weight=5705 40 71 73 252 82 702 349 23 583 374 191 98 29 68
leaf_count=5705 40 71 73 252 82 702 349 23 583 374 191 98 29 68
internal_value=-9.5969e-12 -0.000239627 0.000483269 -0.000200245 6.82486e-06 -0.000601625 -4.06482e-05 0.00116013 0.00135783 0.000165967 -0.00149152 0.000168924 -0.00411309 0.00270532
internal_weight=8640 5776 2864 1425 1385 1133 1051 1439 1387 736 362 289 52 651
internal_count=8640 5776 2864 1425 1385 1133 1051 1439 1387 736 362 289 52 651
is_linear=0
shrinkage=0.05


Tree=62
num_leaves=15
num_cat=0
split_feature=5 3 5 1 3 5 3 4 4 4 5 6 4 5
split_gain=0.391253 0.546721 0.363538 0.679552 2.96459 1.26371 0.852568 0.861139 0.830028 0.790207 1.23098 0.749653 0.702778 0.674258
threshold=0.90000000000000013 2.2500000000000004 11.65 22.610250000000004 13.65 15.050000000000002 19.850000000000005 23.050000000000004 10.250000000000002 22.250000000000004 14.350000000000003 15.050000000000002 5.9500000000000011 7.3500000000000005
decision_type=2 2 2 2 2 2 2 2 2 2 2 2 2 2
left_child=-1 -2 13 4 -4 -6 -7 -8 12 -10 -11 -9 -5 -3
right_child=1 2 3 8 5 6 7 11 9 10 -12 -13 -14 -15
leaf_value=0.0031910701306830896 -0.0018354913365638355 0.00027107711789794449 -0.0075873986234807457 0.0062958190048282795 0.0023161958304851009 -0.0051384733329099177 0.0061628642694510445 -0.0030994699306807721 0.0042068936082168898 -0.0078834070995646086 0.0040047149310874592 0.0059261312625104832 -0.0036842681645426188 -0.00078272762307462498
leaf_weight=95 402 4203 115 22 584 111 48 129 349 38 51 28 89 2376
leaf_count=95 402 4203 115 22 584 111 48 129 349 38 51 28 89 2376
internal_value=-2.98336e-12 -3.54771e-05 5.33852e-05 0.00073858 -2.79266e-05 0.000938006 -0.00160903 0.000302037 0.00215571 0.00313442 -0.00107111 -0.00148981 -0.00170623 -0.000109504
internal_weight=8640 8545 8143 1564 1015 900 316 205 549 438 89 157 111 6579
internal_count=8640 8545 8143 1564 1015 900 316 205 549 438 89 157 111 6579
is_linear=0
shrinkage=0.05


Tree=63
num_leaves=15
num_cat=0
split_feature=7 6 3 7 0 4 2 3 5 3 3 1 4 5
split_gain=0.381095 0.418356 0.392485 0.375672 0.584956 0.513204 0.537727 0.460341 0.43564 0.749554 0.672459 0.485523 0.368844 0.70726
threshold=1.4712049055310803 3.8000000000000003 6.6500000000000012 2.0781922674178337 36.000000000000007 4.6500000000000012 77.393050000000017 14.250000000000002 8.9500000000000011 5.1500000000000012 2.7500000000000004 22.610250000000004 3.1500000000000008 4.2500000000000009
decision_type=2 2 2 2 2 2 2 2 2 2 2 2 2 2
left_child=12 2 -2 4 -3 -6 7 -7 9 10 -8 -11 13 -1
right_child=1 3 -4 -5 5 6 8 -9 -10 11 -12 -13 -14 -15
leaf_value=0.0024093874633721035 0.00406956227907781 0.00091755964903602282 -5.758772422602281e-06 0.00019253875445322355 -0.0060036651895079814 -0.0060453961915610472 -0.0054092961282509828 0.0020694604185833173 0.0046255327516701071 0.0030162371907626159 0.0042782370690946222 -0.0049978304678521494 -0.0011342940619293188 -0.006031620088193951
leaf_weight=172 129 249 109 6379 71 85 23 22 40 23 81 106 1122 29
leaf_count=172 129 249 109 6379 71 85 23 22 40 23 81 106 1122 29
internal_value=-3.38985e-12 0.000141203 0.00220313 7.18794e-05 -0.00102767 -0.00210165 -0.00137259 -0.00437692 -0.000195062 -0.00102263 0.0021358 -0.00356897 -0.000780937 0.00119153
internal_weight=8640 7317 238 7079 700 451 380 107 273 233 104 129 1323 201
internal_count=8640 7317 238 7079 700 451 380 107 273 233 104 129 1323 201
is_linear=0
shrinkage=0.05


Tree=64
num_leaves=15
num_cat=0
split_feature=3 5 2 3 5 3 5 4 4 3 5 4 5 5
split_gain=0.367342 0.344439 0.375416 0.819952 0.911338 0.702477 0.679934 0.622334 0.596706 0.656718 0.89216 0.556668 0.52113 0.5022
threshold=0.60000000000000009 0.90000000000000013 86.003450000000015 12.050000000000002 8.5500000000000025 5.7500000000000009 5.3500000000000005 8.3500000000000032 4.2500000000000009 5.8500000000000005 4.9500000000000011 5.9500000000000011 1.9500000000000002 3.5500000000000003
decision_type=2 2 2 2 2 2 2 2 2 2 2 2 2 2
left_child=-1 -2 8 4 5 6 12 -6 9 -3 -11 -8 -4 -7
right_child=1 2 3 -5 7 13 11 -9 -10 10 -12 -13 -14 -15
leaf_value=-0.0063104800879955295 0.0030108802873445185 -0.0012866913051088797 0.0019271698553862298 -0.0061083113503600682 0.001431319263065234 0.0002309898823197629 0.00018909193600553115 0.010355661641806365 7.811231000709294e-05 0.01271390097456113 0.0024055454041808848 0.0063015356045216329 -0.0012228591795336856 -0.0028425164798213474
leaf_weight=23 95 51 174 67 56 185 74 30 6707 31 65 75 535 472
leaf_count=23 95 51 174 67 56 185 74 30 6707 31 65 75 535 472
internal_value=6.721e-12 1.68436e-05 -1.65328e-05 -0.000689246 -0.000462464 -0.000746686 0.000195461 0.00454446 0.00014718 0.00329844 0.00573429 0.00326583 -0.000449791 -0.00197707
internal_weight=8640 8617 8522 1668 1601 1515 858 86 6854 147 96 149 709 657
internal_count=8640 8617 8522 1668 1601 1515 858 86 6854 147 96 149 709 657
is_linear=0
shrinkage=0.05


Tree=65
num_leaves=15
num_cat=0
split_feature=4 5 3 1 3 8 3 5 4 4 3 3 4 0
split_gain=0.340952 1.18999 1.08586 1.4492 1.57003 0.776979 0.766109 1.66432 0.636271 0.566473 0.863805 0.720741 0.608287 0.514824
threshold=17.850000000000005 7.1500000000000012 10.65 31.383250000000004 8.4500000000000011 14.516666666666667 17.350000000000005 12.65 16.650000000000002 25.350000000000005 15.450000000000001 9.6500000000000004 20.250000000000004 36.000000000000007
decision_type=2 2 2 2 2 2 2 2 2 2 2 2 2 2
left_child=6 9 3 4 -3 -6 -1 8 -8 10 11 12 -2 -13
right_child=1 2 -4 -5 5 -7 7 -9 -10 -11 -12 13 -14 -15
leaf_value=-0.0001291431826551377 0.0024145306112041002 -0.011618502990564057 0.00034212158417529698 0.0042203620944340926 -0.00051500445882662795 -0.0090927414031642863 -0.0047682807995320375 0.0074506624458500967 -0.014443985223104911 0.0071288333162023076 -0.0031288418095967137 0.0068843916881914172 -0.0039208414670476909 0.0026064404158088837
leaf_weight=5702 100 61 1923 56 132 33 89 26 21 58 73 110 61 195
leaf_count=5702 100 61 1923 56 132 33 89 26 21 58 73 110 61 195
internal_value=4.6604e-12 0.000453375 -8.27799e-05 -0.00298025 -0.00476447 -0.00223055 -0.000217602 -0.00392635 -0.00661546 0.00243365 0.00192841 0.00272065 1.41722e-05 0.00414931
internal_weight=8640 2802 2205 282 226 165 5838 136 110 597 539 466 161 305
internal_count=8640 2802 2205 282 226 165 5838 136 110 597 539 466 161 305
is_linear=0
shrinkage=0.05


Tree=66
num_leaves=15
num_cat=0
split_feature=3 7 6 4 3 5 0 7 7 8 4 4 8 3
split_gain=0.330812 0.319965 0.376706 0.369123 0.513069 0.372125 0.352837 0.676144 0.748657 0.706461 0.667362 0.665558 0.577939 0.507578
threshold=0.60000000000000009 1.4712049055310803 3.8000000000000003 2.1500000000000008 3.8500000000000001 2.5500000000000003 36.000000000000007 2.1581875583210586 2.2968572984416684 8.8833333333333346 8.3500000000000032 4.6500000000000012 11.71666666666667 7.2500000000000009
decision_type=2 2 2 2 2 2 2 2 2 2 2 2 2 2
left_child=-1 3 -3 4 5 -2 -4 11 9 10 -9 -8 -11 -13
right_child=1 2 6 -5 -6 -7 7 8 -10 12 -12 13 -14 -15
leaf_value=-0.0059884989715140802 0.0037549380909275409 0.0021020266238062943 0.00058141194787060069 -0.00089720998408272877 0.0089568712303171993 -0.0053168276342330503 -0.0060730225709266965 0.0033871332430006826 -7.5192310317773425e-05 -0.0071630547621420451 0.013108581273506085 0.00070474798779768591 0.004433371312916279 -0.0027247657500183023
leaf_weight=23 26 238 2341 1250 23 20 80 51 4085 21 27 204 22 229
leaf_count=23 26 238 2341 1250 23 20 80 51 4085 21 27 204 22 229
internal_value=-3.0034e-12 1.59842e-05 0.000145512 -0.000700692 0.00285942 -0.000189308 7.95561e-05 -0.000169404 3.9616e-05 0.00391558 0.00675225 -0.00188313 -0.00123 -0.00110901
internal_weight=8640 8617 7298 1319 69 46 7060 4719 4206 121 78 513 43 433
internal_count=8640 8617 7298 1319 69 46 7060 4719 4206 121 78 513 43 433
is_linear=0
shrinkage=0.05


Tree=67
num_leaves=15
num_cat=0
split_feature=3 5 4 6 3 7 6 6 7 5 3 5 4 3
split_gain=0.316958 1.01538 0.469176 0.491599 0.373028 0.79575 0.568662 0.486676 0.8494 0.495891 0.560811 0.548484 0.829549 1.03399
threshold=23.750000000000004 12.65 23.050000000000004 15.750000000000002 21.650000000000002 3.6926352027640648 13.250000000000002 10.650000000000004 4.5483812936032093 15.850000000000003 19.450000000000003 11.65 19.650000000000002 17.350000000000005
decision_type=2 2 2 2 2 2 2 2 2 2 2 2 2 2
left_child=4 -2 -3 -4 7 -6 -7 8 9 11 -11 12 13 -1
right_child=1 2 3 -5 5 6 -8 -9 -10 10 -12 -13 -14 -15
leaf_value=-0.00024622538057108353 -0.0074834027141332631 0.0077573603061451158 0.0005381594403859293 0.0090370160713791857 0.0042343918100232261 -0.006537694330853854 -0.00078620694578355403 0.00059094187805630669 -0.0051211606060281743 -0.00516429595178464 0.0039004799865541007 0.0015074438016150506 0.0057400546183711612 -0.0067960280337233531
leaf_weight=4940 25 44 114 20 40 84 88 2485 88 91 21 482 57 61
leaf_count=4940 25 44 114 20 40 84 88 2485 88 91 21 482 57 61
internal_value=-7.18508e-12 0.00195236 0.00327761 0.00180665 -4.69752e-05 -0.00211782 -0.00359507 6.40091e-06 -0.000246663 -0.000170768 -0.00346465 -0.000104177 -0.000257756 -0.000326117
internal_weight=8640 203 178 134 8437 212 172 8225 5740 5652 112 5540 5058 5001
internal_count=8640 203 178 134 8437 212 172 8225 5740 5652 112 5540 5058 5001
is_linear=0
shrinkage=0.05


Tree=68
num_leaves=15
num_cat=0
split_feature=5 3 1 4 7 6 4 6 7 3 8 5 6 7
split_gain=0.31393 0.469299 0.349798 0.478193 0.729126 0.425415 0.546461 0.460428 0.367807 0.311547 0.291431 0.415704 0.318039 0.391228
threshold=0.90000000000000013 2.2500000000000004 31.383250000000004 7.5500000000000007 3.2951137970012865 12.250000000000004 10.950000000000001 8.4500000000000046 4.8765880271609836 4.1500000000000012 2.5500000000000007 1.5500000000000003 2.6000000000000014 1.1537362788843575
decision_type=2 2 2 2 2 2 2 2 2 2 2 2 2 2
left_child=9 2 8 -4 -5 6 7 -6 -2 -1 11 -3 -12 -14
right_child=1 10 3 4 5 -7 -8 -9 -10 -11 12 -13 13 -15
leaf_value=0.0054621753748506311 -0.0022737758559669601 0.0094405505619943146 -0.0055568223993759606 0.0070382933986062809 -0.0045977030667321136 0.0053973013801234112 -0.0078322998999107284 0.0047646320521317689 -0.0085954586043953899 -0.00029034067031949066 -0.00094423332824683016 7.041053252358889e-05 0.0049402462673329177 0.00010066521494318153
leaf_weight=52 200 20 32 39 24 21 31 29 26 43 763 29 42 7289
leaf_count=52 200 20 32 39 24 21 31 29 26 43 763 29 42 7289
internal_value=-3.27528e-12 -3.17786e-05 -0.00169948 -2.81442e-05 0.00120045 -0.000967891 -0.00255919 0.000525084 -0.00300105 0.0028584 5.05516e-05 0.00389496 2.72781e-05 0.000128392
internal_weight=8640 8545 402 176 144 105 84 53 226 95 8143 49 8094 7331
internal_count=8640 8545 402 176 144 105 84 53 226 95 8143 49 8094 7331
is_linear=0
shrinkage=0.05


Tree=69
num_leaves=15
num_cat=0
split_feature=3 5 2 3 8 3 6 4 5 8 5 3 7 0
split_gain=0.2871 0.280231 0.295725 0.753368 0.696363 0.580485 0.642537 0.558595 0.60291 0.765952 0.522787 0.509352 0.447809 1.35616
threshold=0.60000000000000009 0.90000000000000013 86.003450000000015 6.8500000000000005 6.3500000000000005 3.5500000000000003 2.5000000000000018 4.2500000000000009 4.9500000000000011 3.9500000000000006 10.350000000000003 12.050000000000002 2.4280765135299096 36.000000000000007
decision_type=2 2 2 2 2 2 2 2 2 2 2 2 2 2
left_child=-1 -2 7 4 -4 -6 -7 8 9 -3 11 12 -5 -14
right_child=1 2 3 10 5 6 -8 -9 -10 -11 -12 -13 13 -15
leaf_value=-0.0055788379486488258 0.0027154847131551883 -8.5411164697936993e-06 -0.00033464208782348092 -0.0030917260101392184 -0.0042265758140101325 -0.0021585464808874981 0.006732734386128203 6.3261485719051219e-05 0.00066709834225168758 0.011964761142564171 0.0035504271300803671 -0.0073225016519427302 -0.0084552709864718582 0.0027411356853994252
leaf_weight=23 95 22 970 316 21 26 93 6707 91 34 38 50 35 119
leaf_count=23 95 22 970 316 21 26 93 6707 91 34 38 50 35 119
internal_value=5.36806e-12 1.48907e-05 -1.52145e-05 -0.000612274 0.000141136 0.0034376 0.0047901 0.000130087 0.00317905 0.00726096 -0.00211099 -0.00252471 -0.00201431 0.000196498
internal_weight=8640 8617 8522 1668 1110 140 119 6854 147 56 558 520 470 154
internal_count=8640 8617 8522 1668 1110 140 119 6854 147 56 558 520 470 154
is_linear=0
shrinkage=0.05


Tree=70
num_leaves=15
num_cat=0
split_feature=3 5 4 6 3 8 8 6 7 5 4 3 5 3
split_gain=0.283361 0.917195 0.423431 0.462782 0.339849 0.724611 0.979126 0.432083 0.662686 0.460635 0.533295 0.48159 0.401955 0.806677
threshold=23.750000000000004 12.65 23.050000000000004 10.150000000000004 21.650000000000002 17.916666666666671 21.283333333333335 10.450000000000005 4.5483812936032093 15.850000000000003 23.750000000000004 19.450000000000003 7.5500000000000007 19.350000000000005
decision_type=2 2 2 2 2 2 2 2 2 2 2 2 2 2
left_child=4 -2 -3 -4 7 -6 -7 8 9 10 -1 -11 -9 -14
right_child=1 2 3 -5 5 6 -8 12 -10 11 -12 -13 13 -15
leaf_value=-0.00014923557270958554 -0.0071219514161348354 0.0073612959780306984 -0.004141345199335505 0.0031841493794851211 -0.010202421220795562 0.0019958251739028909 -0.0053569695615136121 0.0012390649588147401 -0.0054216865036010621 -0.0049146223089217653 0.0074804100491430454 0.003654463244602084 -0.00048957148684789181 0.0029632827345081676
leaf_weight=5450 25 44 27 107 24 112 76 1149 61 91 23 20 1235 196
leaf_count=5450 25 44 27 107 24 112 76 1149 61 91 23 20 1235 196
internal_value=1.26926e-11 0.00184599 0.00310553 0.00170812 -4.44158e-05 -0.00202102 -0.000976581 6.53126e-06 -0.000238467 -0.000181846 -0.000117172 -0.00337064 0.000542585 -1.66439e-05
internal_weight=8640 203 178 134 8437 212 188 8225 5645 5584 5473 111 2580 1431
internal_count=8640 203 178 134 8437 212 188 8225 5645 5584 5473 111 2580 1431
is_linear=0
shrinkage=0.05


Tree=71
num_leaves=15
num_cat=0
split_feature=3 4 2 5 3 5 4 6 3 7 6 7 4 4
split_gain=0.263872 0.263393 0.460305 0.320157 0.242768 0.837303 0.382512 0.447823 0.322004 0.69084 0.528196 0.410669 0.388985 0.960192
threshold=1.7000000000000004 7.0500000000000007 77.393050000000017 4.2500000000000009 23.750000000000004 13.15 23.250000000000004 10.150000000000004 21.650000000000002 3.6926352027640648 13.250000000000002 4.5972213433062903 28.550000000000004 25.350000000000005
decision_type=2 2 2 2 2 2 2 2 2 2 2 2 2 2
left_child=1 -1 -3 -4 8 -6 -7 -8 -2 -10 11 -11 13 -12
right_child=4 2 3 -5 5 6 7 -9 9 10 12 -13 -14 -15
leaf_value=-0.0034077754464046199 5.4342308675390447e-05 -0.0058827713669206095 -0.0010848987771540273 0.0048641742395591882 -0.0054055524041520106 0.0071427077018759322 -0.0039342778700369374 0.0033463047092454029 0.0039987170684617013 -0.002095516292481787 -0.0046367511234205704 -0.0091600547310008561 -0.0040682792519440968 0.0098109963228521155
leaf_weight=112 7996 26 49 42 34 45 27 97 40 36 23 48 42 23
leaf_count=112 7996 26 49 42 34 45 27 97 40 36 23 48 42 23
internal_value=-3.25376e-12 -0.00167462 -1.5528e-05 0.00166083 4.55936e-05 0.00175369 0.00319401 0.00176102 3.34899e-06 -0.00191997 -0.0032964 -0.0061324 -0.000589319 0.00258712
internal_weight=8640 229 117 91 8411 203 169 124 8208 212 172 84 88 46
internal_count=8640 229 117 91 8411 203 169 124 8208 212 172 84 88 46
is_linear=0
shrinkage=0.05


Tree=72
num_leaves=15
num_cat=0
split_feature=5 3 0 4 4 3 8 8 5 7 3 8 4 7
split_gain=0.257238 0.387564 0.326366 0.34557 0.302477 0.283273 0.277674 0.266357 0.375104 0.281191 1.07941 1.60484 1.2274 0.93806
threshold=0.90000000000000013 2.2500000000000004 60.000000000000007 7.5500000000000007 9.3500000000000032 4.1500000000000012 4.7500000000000009 2.5500000000000007 1.5500000000000003 3.3950945004029962 3.6500000000000008 5.6500000000000012 8.9500000000000011 3.2116107635207718
decision_type=2 2 2 2 2 2 2 2 2 2 2 2 2 2
left_child=5 2 -2 -4 -5 -1 -7 8 -3 10 11 -9 -13 -12
right_child=1 7 3 4 -6 6 -8 9 -10 -11 13 12 -14 -15
leaf_value=0.0050702772228620376 -0.0025068845722262928 0.0089891845552483567 -0.0025088672508608622 0.0078600038641265454 0.00075005290631312304 -0.0041617452936327974 0.0038937642332166436 0.00037516280549925433 8.8366872735385751e-05 0.00030890635743621633 -0.00036081557704002536 0.015502242906950415 0.0038514485612947055 -0.0035475495996993471
leaf_weight=52 276 20 53 21 52 23 20 373 29 4181 3182 32 77 249
leaf_count=52 276 20 53 21 52 23 20 373 29 4181 3182 32 77 249
internal_value=1.36142e-11 -2.87665e-05 -0.0015443 0.000564229 0.00279538 0.00258747 -0.000414997 4.60516e-05 0.00372135 2.38018e-05 -0.00028083 0.00193479 0.00727187 -0.000592088
internal_weight=8640 8545 402 126 73 95 43 8143 49 8094 3913 482 109 3431
internal_count=8640 8545 402 126 73 95 43 8143 49 8094 3913 482 109 3431
is_linear=0
shrinkage=0.05


Tree=73
num_leaves=15
num_cat=0
split_feature=3 5 3 5 1 8 3 8 7 6 5 8 7 3
split_gain=0.238365 0.237999 0.59464 1.10457 1.13969 0.845337 0.86547 1.02566 0.931376 0.783753 0.618402 1.1076 0.984448 0.634947
threshold=0.60000000000000009 11.65 14.250000000000002 4.3500000000000005 16.079350000000005 13.083333333333337 11.050000000000002 16.516666666666669 3.0007406264683962 18.550000000000004 7.2500000000000009 11.583333333333337 4.8765880271609836 9.2500000000000018
decision_type=2 2 2 2 2 2 2 2 2 2 2 2 2 2
left_child=-1 2 5 -4 -5 10 -7 8 -8 -6 11 -2 -12 -13
right_child=1 -3 3 4 9 6 7 -9 -10 -11 12 13 -14 -15
leaf_value=-0.0050833277890215758 -1.7887726506958281e-05 0.00056941565032411399 -0.0096101016504690061 0.0011778028359246977 -0.0027791625285153304 -0.0014072089176437247 -0.0058873319663107397 -0.0067386569533622459 0.0040519426332836696 0.0059531196330984441 -0.0006891235466776163 -0.0034918844648119483 -0.0059518395932779342 0.004710554849558117
leaf_weight=23 3938 1574 38 385 532 155 25 26 412 27 1195 27 96 187
leaf_count=23 3938 1574 38 385 532 155 25 26 412 27 1195 27 96 187
internal_value=7.09848e-12 1.35681e-05 -0.000110655 -0.00125205 -0.0009156 7.42726e-05 0.00182669 0.00290931 0.00348333 -0.00235739 -0.000124697 0.000172483 -0.00108046 0.00367567
internal_weight=8640 8617 7043 982 944 6061 618 463 437 559 5443 4152 1291 214
internal_count=8640 8617 7043 982 944 6061 618 463 437 559 5443 4152 1291 214
is_linear=0
shrinkage=0.05


Tree=74
num_leaves=15
num_cat=0
split_feature=5 3 2 4 7 0 3 5 3 8 0 4 2 3
split_gain=0.234238 0.339 0.300682 0.435262 0.711767 0.331928 0.378738 0.437113 0.25347 0.253752 0.241315 0.770919 0.78053 0.971441
threshold=0.90000000000000013 2.2500000000000004 77.393050000000017 7.8500000000000005 3.2293790252754313 60.000000000000007 1.5500000000000003 3.3500000000000001 4.1500000000000012 4.7500000000000009 36.000000000000007 2.1500000000000008 86.003450000000015 9.7500000000000018
decision_type=2 2 2 2 2 2 2 2 2 2 2 2 2 2
left_child=8 2 -2 -4 -5 6 -6 -8 -1 -10 11 -3 -13 -14
right_child=1 10 3 4 5 -7 7 -9 9 -11 -12 12 13 -15
leaf_value=0.0048176578098299127 -0.0055585762392729521 0.0066425315774407013 -0.0025506895917178554 0.0073666423298966366 0.001596531563748916 0.0024081624191021546 -0.0003779341806710529 -0.0099540514907298181 -0.0039527638329435949 0.0037479312857612969 -0.00014971271724837615 0.00070496255325937316 -0.00066125692605953617 -0.0074362009946928658
leaf_weight=52 40 49 200 34 30 50 22 26 23 20 5433 2201 399 61
leaf_count=52 40 49 200 34 30 50 22 26 23 20 5433 2201 399 61
internal_value=-3.22471e-12 -2.74504e-05 -0.00144485 -0.000990298 0.000936111 -0.000771999 -0.00281056 -0.005565 0.00246909 -0.000371045 4.25234e-05 0.000427918 0.000313481 -0.00155967
internal_weight=8640 8545 402 362 162 128 78 48 95 43 8143 2710 2661 460
internal_count=8640 8545 402 362 162 128 78 48 95 43 8143 2710 2661 460
is_linear=0
shrinkage=0.05


Tree=75
num_leaves=15
num_cat=0
split_feature=7 6 3 6 0 7 7 8 4 4 8 5 5 3
split_gain=0.225668 0.368492 0.338459 0.316276 0.289974 0.567903 0.704093 0.636482 0.580264 0.579414 0.521626 0.44435 0.463196 0.42112
threshold=1.4712049055310803 3.8000000000000003 6.6500000000000012 3.7000000000000011 36.000000000000007 2.1581875583210586 2.2968572984416684 8.8833333333333346 4.6500000000000012 8.3500000000000032 11.71666666666667 2.8500000000000001 8.9500000000000011 1.3500000000000003
decision_type=2 2 2 2 2 2 2 2 2 2 2 2 2 2
left_child=-1 2 3 -2 13 8 7 9 -6 -7 -9 -10 -13 -3
right_child=1 4 -4 -5 5 6 -8 10 11 -11 -12 12 -14 -15
leaf_value=-0.00060094509054267836 0.0025933885250595356 -0.0046546485131749747 -7.429952469415143e-06 0.008955443588395914 -0.0056629107386106624 0.0033255029424075406 -0.00010150951900079591 -0.0067521410329001294 0.0027831534518358799 0.012383766367134674 0.0042648448735814201 -0.0027907407318707557 0.0011682629612657955 0.00058468602657433025
leaf_weight=1323 105 39 109 24 80 51 4094 21 65 27 22 268 102 2310
leaf_count=1323 105 39 109 24 80 51 4094 21 65 27 22 268 102 2310
internal_value=7.97694e-12 0.000108658 0.00204381 0.00377703 4.35971e-05 -0.000181917 9.58814e-06 0.00376855 -0.00174929 0.00646106 -0.00111554 -0.00102954 -0.00169934 0.000497698
internal_weight=8640 7317 238 129 7079 4730 4215 121 515 78 43 435 370 2349
internal_count=8640 7317 238 129 7079 4730 4215 121 515 78 43 435 370 2349
is_linear=0
shrinkage=0.05


Tree=76
num_leaves=15
num_cat=0
split_feature=3 5 8 6 6 7 6 3 7 6 7 8 6 3
split_gain=0.216932 0.74831 0.351026 0.354837 0.288282 0.528765 0.344454 0.285004 0.622267 0.477901 0.367961 0.36717 0.363683 0.376992
threshold=23.750000000000004 12.65 20.216666666666672 15.750000000000002 12.650000000000004 6.0820316898015152 10.150000000000004 21.650000000000002 3.6926352027640648 13.250000000000002 4.5972213433062903 20.450000000000006 14.250000000000002 22.350000000000005
decision_type=2 2 2 2 2 2 2 2 2 2 2 2 2 2
left_child=7 -2 -3 4 6 -6 -4 -1 11 10 -10 -9 -11 -14
right_child=1 2 3 -5 5 -7 -8 8 9 12 -12 -13 13 -15
leaf_value=7.7930059435285162e-06 -0.0064851518608629701 0.0089937096275389192 -0.00064334166294429448 0.0081870404351502661 -0.0080132803569237399 0.0024045647443111601 0.0056390728374632699 0.0085587234795093531 -0.002031684058925344 0.0049870578000660651 -0.008718794468829099 -0.0010221163602545857 -0.0065756806094820312 0.0010135196045868925
leaf_weight=8225 25 20 40 20 21 29 48 20 36 22 48 20 30 36
leaf_count=8225 25 20 40 20 21 29 48 20 36 22 48 20 30 36
internal_value=-7.03357e-12 0.00161518 0.00275287 0.00196289 0.00106084 -0.00197093 0.00278343 -3.88623e-05 -0.00184896 -0.0031553 -0.00585289 0.0037683 -0.000580323 -0.00243612
internal_weight=8640 203 178 158 138 50 88 8437 212 172 84 40 88 66
internal_count=8640 203 178 158 138 50 88 8437 212 172 84 40 88 66
is_linear=0
shrinkage=0.05


Tree=77
num_leaves=15
num_cat=0
split_feature=4 7 6 4 7 0 4 8 2 3 4 3 5 4
split_gain=0.220326 0.338228 0.284121 0.610036 0.606852 0.650185 1.12625 0.643803 1.25018 1.98709 0.744447 1.35052 0.734841 0.687249
threshold=32.45000000000001 7.0195741421458093 13.750000000000002 27.050000000000004 6.0417988428312297 60.000000000000007 21.350000000000005 19.616666666666671 75.043350000000018 17.250000000000004 21.650000000000002 18.050000000000004 7.9500000000000011 26.650000000000002
decision_type=2 2 2 2 2 2 2 2 2 2 2 2 2 2
left_child=2 -2 3 -1 5 -4 -7 8 9 -6 11 -10 -12 -9
right_child=1 -3 4 -5 7 6 -8 13 10 -11 12 -13 -14 -15
leaf_value=-5.2155332547036306e-05 -0.0082999864569865169 0.00089550226926803599 0.0054266969177387357 -0.0039277661718355797 -0.007135643772511505 0.0055285171489231292 -0.0086893363811004053 -0.0055367212183773523 -2.1490647488815794e-05 0.0083487069308757784 0.0032928017488845769 -0.0090721798545502618 -0.00074271664181671873 0.0043463008604267585
leaf_weight=7138 20 20 123 103 121 30 26 20 335 25 308 47 178 146
leaf_count=7138 20 20 123 103 121 30 26 20 335 25 308 47 178 146
internal_value=-4.55324e-12 -0.00370224 1.72197e-05 -0.000107284 0.000680599 0.00339339 -0.00107263 0.000269083 -0.000203459 -0.00448421 0.000516576 -0.00113506 0.00181477 0.00315558
internal_weight=8640 40 8600 7241 1359 179 56 1180 1014 146 868 382 486 166
internal_count=8640 40 8600 7241 1359 179 56 1180 1014 146 868 382 486 166
is_linear=0
shrinkage=0.05


Tree=78
num_leaves=15
num_cat=0
split_feature=5 3 0 4 3 5 4 3 2 5 5 2 3 8
split_gain=0.212579 0.312079 0.275052 0.275768 0.302654 0.227774 0.599355 1.30946 0.982862 0.876303 0.740481 0.606437 0.809682 0.628187
threshold=1.0500000000000003 2.2500000000000004 60.000000000000007 5.3500000000000005 1.7000000000000004 11.65 20.450000000000003 16.750000000000004 77.393050000000017 13.15 15.750000000000002 75.043350000000018 21.550000000000004 22.416666666666675
decision_type=2 2 2 2 2 2 2 2 2 2 2 2 2 2
left_child=-1 2 -2 -4 -5 -3 -7 8 9 -8 11 12 -9 -14
right_child=1 5 3 4 -6 6 7 10 -10 -11 -12 -13 13 -15
leaf_value=0.0021641522362577754 -0.0022894515957673054 -9.0734619485371382e-05 -0.0031484769527903864 -0.00059664607563588237 0.0052648693171795458 0.0017474875749075667 -0.0010609533477691003 0.0044552617427210802 0.0037893223802951217 -0.0079652462928573153 -0.0015649294926142789 -0.0012625216484593695 -0.0037220982189120895 0.0043477875958686995
leaf_weight=112 272 6567 36 49 40 646 80 257 38 108 219 112 66 38
leaf_count=112 272 6567 36 49 40 646 80 257 38 108 219 112 66 38
internal_value=2.185e-13 -2.84223e-05 -0.00139727 0.000544112 0.00203774 3.84125e-05 0.000580682 -0.000240404 -0.00354482 -0.00502725 0.000838783 0.00195171 0.00294892 -0.000773486
internal_weight=8640 8528 397 125 89 8131 1564 918 226 188 692 473 361 104
internal_count=8640 8528 397 125 89 8131 1564 918 226 188 692 473 361 104
is_linear=0
shrinkage=0.05


Tree=79
num_leaves=15
num_cat=0
split_feature=3 5 4 6 1 7 8 6 4 8 6 4 6 8
split_gain=0.203714 0.658519 0.327271 0.369267 0.254966 0.490076 0.235541 1.11327 0.601413 0.561292 0.537693 0.705823 0.414174 0.495676
threshold=23.750000000000004 13.15 23.250000000000004 10.150000000000004 27.379200000000004 6.1678373478109405 21.416666666666675 15.250000000000002 30.150000000000002 20.950000000000006 14.550000000000002 28.150000000000002 19.050000000000004 18.150000000000006
decision_type=2 2 2 2 2 2 2 2 2 2 2 2 2 2
left_child=6 -2 -3 -4 5 -5 8 10 9 12 11 -8 -1 -14
right_child=1 2 3 4 -6 -7 7 -9 -10 -11 -12 -13 13 -15
leaf_value=-6.1783604176668969e-05 -0.0047838716801968132 0.006494980119233433 -0.0036546617056484581 -0.0034808987937867647 0.0069807046591969478 0.0050193843503411007 -0.0099247182791049673 0.0041925604901431749 -0.0075952778928554988 0.0062508330835650376 -0.012421734263189137 0.00019786497578024866 0.0014144619605114836 0.0097163437306880956
leaf_weight=8032 34 45 27 30 28 39 26 48 26 36 20 51 178 20
leaf_count=8032 34 45 27 30 28 39 26 48 26 36 20 51 178 20
internal_value=-2.78975e-12 0.0015652 0.00284253 0.00151704 0.00295659 0.00132361 -3.76598e-05 -0.00203547 -2.72456e-06 2.11572e-05 -0.00511738 -0.00322015 -6.09293e-06 0.00225304
internal_weight=8640 203 169 124 97 69 8437 145 8292 8266 97 77 8230 198
internal_count=8640 203 169 124 97 69 8437 145 8292 8266 97 77 8230 198
is_linear=0
shrinkage=0.05


Tree=80
num_leaves=15
num_cat=0
split_feature=6 4 5 3 6 3 4 4 3 4 0 7 7 3
split_gain=0.19442 0.391395 0.572862 0.424102 0.347161 0.374489 0.35509 0.511073 0.504196 0.289864 0.264954 0.506671 0.638356 0.589352
threshold=3.4000000000000017 2.3500000000000001 1.5500000000000003 3.8500000000000001 3.8000000000000003 3.7500000000000004 8.4500000000000011 4.7500000000000009 6.0500000000000007 10.050000000000002 36.000000000000007 2.1581875583210586 2.2968572984416684 6.8500000000000005
decision_type=2 2 2 2 2 2 2 2 2 2 2 2 2 2
left_child=1 2 -1 -4 5 -2 7 8 -7 -8 -6 -12 13 -13
right_child=4 -3 3 -5 10 6 9 -9 -10 -11 11 12 -14 -15
leaf_value=0.0093701858721349559 0.0062158970433005764 -0.0008023809080029634 -0.0023681563148275019 0.0053176333296245763 0.00047281954447068558 -0.00083898869156837476 0.00864776340768794 -0.0026949292859610391 0.009812023714184763 0.0014619206712167298 -0.0016572784978186586 0.0078865948573366047 -0.0001017130060000118 0.00075366208489269833
leaf_weight=23 43 1228 50 28 2349 25 23 85 20 36 515 48 4094 73
leaf_count=23 43 1228 50 28 2349 25 23 85 20 36 515 48 4094 73
internal_value=3.44934e-13 -0.000556301 0.00243565 0.000390845 0.000101125 0.00200435 0.00104616 -0.000413871 0.00389479 0.00426318 3.87506e-05 -0.000176816 4.07137e-06 0.00358326
internal_weight=8640 1329 101 78 7311 232 189 130 45 59 7079 4730 4215 121
internal_count=8640 1329 101 78 7311 232 189 130 45 59 7079 4730 4215 121
is_linear=0
shrinkage=0.05


Tree=81
num_leaves=15
num_cat=0
split_feature=1 3 5 3 8 5 4 6 7 4 7 3 5 8
split_gain=0.192556 1.13715 1.05944 0.590786 0.682843 0.583715 0.547297 0.754008 0.91676 0.520504 0.624617 0.66302 0.810494 0.625936
threshold=31.383250000000004 10.050000000000002 5.8500000000000005 5.8500000000000005 7.5166666666666675 5.9500000000000011 6.5500000000000007 5.0499999999999998 3.137585746881967 12.250000000000002 3.1610472505604283 3.6500000000000008 6.6500000000000012 10.083333333333337
decision_type=2 2 2 2 2 2 2 2 2 2 2 2 2 2
left_child=-1 2 3 4 -2 -4 -5 -8 -9 10 11 12 -7 -13
right_child=1 -3 5 6 -6 9 7 8 -10 -11 -12 13 -14 -15
leaf_value=-0.00011802150680624291 0.00041282017547717087 -0.0091776242060586811 0.010095284608277409 0.0028131801691470728 -0.0081534840108361106 -0.00013376999690773944 -0.0078841285433972601 0.0039985060345294867 -0.0071783403524023019 0.0033096140554036385 -0.0021231915108794962 -0.00010648170318149154 0.012860570209366935 0.0092097994312644021
leaf_weight=6912 758 30 22 33 24 21 74 43 32 323 137 183 28 20
leaf_count=6912 758 30 22 33 24 21 74 43 32 323 137 183 28 20
internal_value=-6.64266e-13 0.000472086 0.000642576 -0.000447228 0.000149916 0.00207387 -0.00301298 -0.00430333 -0.000770282 0.00182602 0.000594137 0.00207142 0.00729157 0.000811379
internal_weight=8640 1728 1698 964 782 734 182 149 75 712 389 252 49 203
internal_count=8640 1728 1698 964 782 734 182 149 75 712 389 252 49 203
is_linear=0
shrinkage=0.05


Tree=82
num_leaves=15
num_cat=0
split_feature=3 4 7 6 0 5 7 4 3 5 7 7 2 3
split_gain=0.191569 0.189218 0.269066 0.238792 0.554119 1.23017 1.05707 0.714493 0.702549 0.875072 0.683153 0.621273 0.753762 0.667887
threshold=0.60000000000000009 32.45000000000001 7.0195741421458093 13.750000000000002 60.000000000000007 8.4500000000000011 5.9990735909048478 21.650000000000002 8.0500000000000025 4.6500000000000012 6.5328230739042175 6.7568892000434468 77.393050000000017 17.050000000000004
decision_type=2 2 2 2 2 2 2 2 2 2 2 2 2 2
left_child=-1 3 -3 -2 6 -6 -5 8 -8 -10 -7 -12 13 -13
right_child=1 2 -4 4 5 10 7 -9 9 -11 11 12 -14 -15
leaf_value=-0.0045571182894965879 -8.6211392776893683e-05 -0.0075195744913071393 0.00068204864859580997 0.0059777770592417158 0.0020560325895571832 -0.0067706592392906637 0.00055436614127007912 0.001752700956230011 -0.011243680434520632 -0.0013441777933174029 0.0043046526711948809 -0.014461312017270498 0.00063766989396147743 -0.0026654153995748081
leaf_weight=23 7220 20 20 108 199 88 170 546 34 65 38 21 60 28
leaf_count=23 7220 20 20 108 199 88 170 546 34 65 38 21 60 28
internal_value=-1.42696e-12 1.21636e-05 -0.00341876 2.81642e-05 0.000636706 -0.00083675 0.00132953 0.000713571 -0.00139559 -0.00474401 -0.00328638 -0.00120056 -0.00311981 -0.0077208
internal_weight=8640 8617 40 8577 1357 434 923 815 269 99 235 147 109 49
internal_count=8640 8617 40 8577 1357 434 923 815 269 99 235 147 109 49
is_linear=0
shrinkage=0.05


Tree=83
num_leaves=15
num_cat=0
split_feature=5 3 2 4 7 0 3 5 8 5 3 8 5 7
split_gain=0.188246 0.268879 0.269384 0.360355 0.645646 0.270162 0.351974 0.395168 0.230356 0.317666 0.216737 0.229309 0.210016 0.776831
threshold=0.90000000000000013 2.2500000000000004 77.393050000000017 7.8500000000000005 3.2293790252754313 60.000000000000007 1.5500000000000003 3.3500000000000001 2.5500000000000007 1.5500000000000003 4.1500000000000012 4.7500000000000009 1.3500000000000003 4.1090685260737407
decision_type=2 2 2 2 2 2 2 2 2 2 2 2 2 2
left_child=10 2 -2 -4 -5 6 -6 -8 9 -3 -1 -12 13 -10
right_child=1 8 3 4 5 -7 7 -9 12 -11 11 -13 -14 -15
leaf_value=0.004385186564356376 -0.0051806741580367093 0.0083033808437176053 -0.0022764746191678569 0.007020700676366687 0.0016786840868492922 0.0021383555203210564 -0.00029324998520843858 -0.0093983294299015627 -0.005752152777966802 0.00011233711005027954 -0.0038176763195382512 0.0035027345968410375 4.1482967780440842e-05 0.005783368535339832
leaf_weight=52 40 20 200 34 30 50 22 26 54 29 23 20 8020 20
leaf_count=52 40 20 200 34 30 50 22 26 54 29 23 20 8020 20
internal_value=-9.27009e-12 -2.46083e-05 -0.00128693 -0.000856687 0.000896136 -0.000730701 -0.00256984 -0.00522517 3.77097e-05 0.00345562 0.00221345 -0.000412834 1.70181e-05 -0.00263444
internal_weight=8640 8545 402 362 162 128 78 48 8143 49 95 43 8094 74
internal_count=8640 8545 402 362 162 128 78 48 8143 49 95 43 8094 74
is_linear=0
shrinkage=0.05


Tree=84
num_leaves=15
num_cat=0
split_feature=3 5 4 5 3 3 8 8 4 4 4 5 3 2
split_gain=0.180243 0.5977 0.298707 0.342873 0.412621 0.226691 0.588619 0.793834 0.329856 0.627529 0.308659 0.708375 1.01241 1.1819
threshold=23.750000000000004 13.15 23.250000000000004 17.150000000000002 25.450000000000003 21.650000000000002 17.916666666666671 21.283333333333335 24.950000000000003 21.950000000000003 23.050000000000004 15.450000000000001 17.450000000000003 75.043350000000018
decision_type=2 2 2 2 2 2 2 2 2 2 2 2 2 2
left_child=5 -2 -3 4 -4 10 -7 8 9 -8 -1 12 13 -12
right_child=1 2 3 -5 -6 6 7 -9 -10 -11 11 -13 -14 -15
leaf_value=-0.00010718193550032176 -0.0045765052980962489 0.0061786122893358374 -0.00042676799930632117 -0.0026088015402893766 0.0064641070617492205 -0.0090235744059706732 0.0059103981708176438 -0.0046526115350915415 0.0066678451374173166 -0.0029887809843505519 -0.0023171195383259115 -0.0031345169940539225 0.0038259897729470624 0.0020912947085680676
leaf_weight=7234 34 45 42 37 45 24 32 76 28 52 270 101 272 348
leaf_count=7234 34 45 42 37 45 24 32 76 28 52 270 101 272 348
internal_value=-3.11506e-12 0.00147227 0.00268919 0.00142286 0.00313748 -3.54239e-05 -0.00164976 -0.000708419 0.001968 0.000401383 6.18567e-06 0.000833735 0.00128406 0.000165288
internal_weight=8640 203 169 124 87 8437 212 188 112 84 8225 991 890 618
internal_count=8640 203 169 124 87 8437 212 188 112 84 8225 991 890 618
is_linear=0
shrinkage=0.05


Tree=85
num_leaves=15
num_cat=0
split_feature=1 3 5 5 3 8 4 6 7 4 5 3 5 3
split_gain=0.177365 1.02308 0.962532 0.531805 0.526896 0.612046 0.49256 0.684267 0.820553 0.467834 0.597931 0.436277 0.513245 1.01762
threshold=31.383250000000004 10.050000000000002 5.8500000000000005 5.9500000000000011 5.8500000000000005 7.5166666666666675 6.5500000000000007 5.0499999999999998 3.137585746881967 12.15 23.050000000000004 2.8500000000000001 5.4500000000000011 9.5500000000000025
decision_type=2 2 2 2 2 2 2 2 2 2 2 2 2 2
left_child=11 2 4 -4 5 -2 -6 -8 -9 10 -5 -1 -13 -14
right_child=1 -3 3 9 6 -7 7 8 -10 -11 -12 12 13 -15
leaf_value=-0.0018104271800289695 0.00038886151196205337 -0.0086998697898040215 0.0096355016597292637 0.001040257676007362 0.0026801165983532417 -0.0077212170707449948 -0.0074823265641768832 0.0038061761492213541 -0.0067679567431696347 0.0031214434201176505 -0.0074508561922067952 0.00067372140628492081 -0.0016533216329826129 0.00010178568262487929
leaf_weight=359 758 30 22 360 33 24 74 43 32 330 22 1894 1073 3586
leaf_count=359 758 30 22 360 33 24 74 43 32 330 22 1894 1073 3586
internal_value=-1.485e-12 0.000453082 0.000614795 0.00197906 -0.000423973 0.000139959 -0.00284702 -0.00407115 -0.000705454 0.00174249 0.000551241 -0.00011327 -2.02933e-05 -0.000302428
internal_weight=8640 1728 1698 734 964 782 182 149 75 712 382 6912 6553 4659
internal_count=8640 1728 1698 734 964 782 182 149 75 712 382 6912 6553 4659
is_linear=0
shrinkage=0.05


Tree=86
num_leaves=15
num_cat=0
split_feature=5 3 0 3 5 5 8 8 5 4 3 3 4 8
split_gain=0.172308 0.242307 0.232295 0.220782 0.342796 0.273201 0.434246 0.369468 0.230422 0.21778 0.251946 0.195036 0.207128 0.381703
threshold=1.0500000000000003 2.2500000000000004 60.000000000000007 1.9500000000000002 5.0500000000000007 5.3500000000000005 4.6833333333333345 4.0500000000000016 6.2500000000000009 5.3500000000000005 1.7000000000000004 2.3500000000000001 11.450000000000001 3.6500000000000004
decision_type=2 2 2 2 2 2 2 2 2 2 2 2 2 2
left_child=11 2 3 5 -5 6 7 -2 -7 -4 -11 -1 13 -13
right_child=1 -3 9 4 -6 8 -8 -9 -10 10 -12 12 -14 -15
leaf_value=0.0064234545361250648 -0.0022357835860234714 3.3302578640790218e-05 -0.0027290909977940223 -0.0018972809039821317 -0.010103065352886915 0.0054905769577168907 -0.0072359334538406178 0.0050470686295912386 -0.00095182204885142199 -0.00052388840953686408 0.0048241018434055155 0.0039119454468750673 0.0054769629891961817 -0.0034404016190730941
leaf_weight=20 102 8131 36 35 20 23 36 21 35 49 40 31 20 41
leaf_count=20 102 8131 36 35 20 23 36 21 35 49 40 31 20 41
internal_value=-4.18578e-13 -2.55889e-05 -0.00123175 -0.00205166 -0.0048812 -0.0013345 -0.00240601 -0.00099237 0.00160292 0.00055237 0.0018797 0.00194841 0.000975577 -0.000274808
internal_weight=8640 8528 397 272 55 217 159 123 58 125 89 112 92 72
internal_count=8640 8528 397 272 55 217 159 123 58 125 89 112 92 72
is_linear=0
shrinkage=0.05


Tree=87
num_leaves=15
num_cat=0
split_feature=4 4 7 5 6 4 4 4 1 4 0 2 4 7
split_gain=0.163227 0.234508 0.229716 0.208963 0.174251 0.440096 0.386257 0.311925 0.229834 0.212333 0.794931 0.951455 0.841418 0.550048
threshold=32.45000000000001 31.150000000000002 7.0195741421458093 16.450000000000003 18.950000000000006 12.350000000000003 29.150000000000002 25.450000000000003 31.383250000000004 25.750000000000004 60.000000000000007 75.043350000000018 26.350000000000005 6.4193284516597133
decision_type=2 2 2 2 2 2 2 2 2 2 2 2 2 2
left_child=1 4 -2 -3 9 -6 7 8 -7 -1 12 -12 13 -11
right_child=2 3 -4 -5 5 6 -8 -9 -10 10 11 -13 -14 -15
leaf_value=2.0695240627674603e-05 -0.0069757032673805957 0.0066644869260489951 0.00060248963534832007 -1.6980379057878798e-05 -0.0056970360549166805 -0.0015378788192855551 -0.0045171017153188588 0.0053039363550802547 0.0031144997366459766 -0.00048437914688532292 -0.0066738404196942051 0.0021562691090281968 0.00163183390935892 -0.0093815626838477332
leaf_weight=7856 20 25 20 22 20 47 20 74 61 38 105 43 257 32
leaf_count=7856 20 25 20 22 20 47 20 74 61 38 105 43 257 32
internal_value=9.91937e-12 1.48214e-05 -0.00318661 0.00353699 -4.53341e-06 0.00137799 0.00207848 0.00280327 0.00108985 -4.1374e-05 -0.00106793 -0.00410834 0.00030815 -0.00455166
internal_weight=8640 8600 40 47 8553 222 202 182 108 8331 475 148 327 70
internal_count=8640 8600 40 47 8553 222 202 182 108 8331 475 148 327 70
is_linear=0
shrinkage=0.05


Tree=88
num_leaves=15
num_cat=0
split_feature=3 5 8 6 6 7 6 5 4 8 4 1 8 1
split_gain=0.162194 0.523207 0.273834 0.262461 0.274232 0.429262 0.289194 0.204946 0.8613 0.93412 0.624308 0.611016 0.861675 0.610977
threshold=23.750000000000004 12.65 20.216666666666672 15.750000000000002 12.650000000000004 6.0820316898015152 10.150000000000004 7.2500000000000009 15.250000000000002 9.9500000000000028 13.250000000000002 31.383250000000004 9.4500000000000028 31.383250000000004
decision_type=2 2 2 2 2 2 2 2 2 2 2 2 2 2
left_child=7 -2 -3 4 6 -6 -4 8 9 -1 -11 -10 -13 -9
right_child=1 2 3 -5 5 -7 -8 13 11 10 -12 12 -14 -15
leaf_value=1.6371487051914905e-05 -0.0053766638254746793 0.0078600190021097666 -0.00058540904428809886 0.007003197828307748 -0.0075267972868113299 0.001859786480279832 0.005171045526609911 -0.00056231697870328171 0.0017853075313505502 -0.00056645309977969272 -0.0066013609340598621 0.002142702137465828 -0.011909602375817487 0.0012242165284442308
leaf_weight=3441 25 20 40 20 21 29 48 3291 929 81 91 24 20 560
leaf_count=3441 25 20 40 20 21 29 48 3291 929 81 91 24 20 560
internal_value=-5.82522e-12 0.00139661 0.00234792 0.00165018 0.000874383 -0.00208258 0.00255448 -3.36035e-05 0.000192218 -0.000163375 -0.00375934 0.00151262 -0.00424471 -0.000302525
internal_weight=8640 203 178 158 138 50 88 8437 4586 3613 172 973 44 3851
internal_count=8640 203 178 158 138 50 88 8437 4586 3613 172 973 44 3851
is_linear=0
shrinkage=0.05


Tree=89
num_leaves=15
num_cat=0
split_feature=3 4 0 5 7 7 5 2 3 4 3 8 5 4
split_gain=0.15889 0.177642 0.575317 0.832782 0.259425 0.324427 0.259745 0.660103 0.861823 0.784583 0.945995 0.728784 0.65434 0.720681
threshold=0.60000000000000009 2.1500000000000008 36.000000000000007 4.1500000000000012 1.3984097660274213 1.3727504468431067 7.2500000000000009 75.043350000000018 12.050000000000002 24.150000000000002 20.750000000000004 10.650000000000002 8.8500000000000032 20.750000000000004
decision_type=2 2 2 2 2 2 2 2 2 2 2 2 2 2
left_child=-1 2 -2 -4 5 -3 7 8 11 10 -9 -6 13 -8
right_child=1 4 3 -5 6 -7 12 9 -10 -11 -12 -13 -14 -15
leaf_value=-0.0041502683868874677 0.005764853421871002 -0.00057081507454723244 0.0028179067256231165 -0.0059314982602805943 0.0034503585187944975 -0.0054597222259534263 -0.0021003253627469459 0.00018756280347443743 -0.0042303260129231681 0.0043034972515105718 -0.010458150851939407 0.013013474013725365 0.00018068893338071216 0.0012148783807170507
leaf_weight=23 56 1114 74 43 76 35 723 3318 26 116 21 27 2776 212
leaf_count=23 56 1114 74 43 76 35 723 3318 26 116 21 27 2776 212
internal_value=-6.54365e-12 1.10777e-05 0.00159712 -0.000397687 -2.14171e-05 -0.000719737 8.85719e-05 0.000392165 0.0039039 0.000261047 0.000120609 0.00595719 -0.000204632 -0.00134864
internal_weight=8640 8617 173 117 8444 1149 7295 3584 129 3455 3339 103 3711 935
internal_count=8640 8617 173 117 8444 1149 7295 3584 129 3455 3339 103 3711 935
is_linear=0
shrinkage=0.05


Tree=90
num_leaves=15
num_cat=0
split_feature=4 4 7 5 1 3 5 8 4 5 8 7 4 8
split_gain=0.151112 0.210886 0.200276 0.181266 0.152254 0.915072 0.843949 0.527374 0.837664 0.684915 1.08528 0.98601 0.588842 0.54991
threshold=32.45000000000001 31.150000000000002 7.0195741421458093 16.450000000000003 31.383250000000004 10.050000000000002 5.8500000000000005 7.0833333333333339 10.15 8.6500000000000004 9.3500000000000032 2.92669698316366 12.15 11.71666666666667
decision_type=2 2 2 2 2 2 2 2 2 2 2 2 2 2
left_child=1 4 -2 -3 -1 6 -6 -8 13 10 12 -11 -10 -9
right_child=2 3 -4 -5 5 -7 7 8 9 11 -12 -13 -14 -15
leaf_value=-0.00011024213993390225 -0.0066040387656539678 0.0062671907171607021 0.00047190882265567784 4.4244381768459624e-05 -0.00040458103219454526 -0.0082411772618070245 0.0048181558048517835 -0.00050446086947525306 -0.0026331664506523385 0.010322397101022628 -0.008921978811192657 0.0024255719781584801 0.0052291262130761016 -0.0081410130469835012
leaf_weight=6825 20 25 20 22 964 30 124 126 42 46 31 281 55 29
leaf_count=6825 20 25 20 22 964 30 124 126 42 46 31 281 55 29
internal_value=-2.36471e-12 1.42608e-05 -0.00306606 0.00335432 -4.09337e-06 0.000415157 0.000568096 0.00184556 0.0012413 0.00232273 -0.000777909 0.00353644 0.00182483 -0.00193324
internal_weight=8640 8600 40 47 8553 1728 1698 734 610 455 128 327 97 155
internal_count=8640 8600 40 47 8553 1728 1698 734 610 455 128 327 97 155
is_linear=0
shrinkage=0.05


Tree=91
num_leaves=15
num_cat=0
split_feature=5 3 0 3 5 5 8 8 5 4 3 3 3 4
split_gain=0.151916 0.220781 0.210043 0.204694 0.317292 0.243863 0.394428 0.333669 0.203335 0.190778 0.223868 0.190681 0.176273 0.184959
threshold=1.0500000000000003 2.2500000000000004 60.000000000000007 1.9500000000000002 5.0500000000000007 5.3500000000000005 4.6833333333333345 4.0500000000000016 6.2500000000000009 5.3500000000000005 1.7000000000000004 1.3500000000000003 2.3500000000000001 11.450000000000001
decision_type=2 2 2 2 2 2 2 2 2 2 2 2 2 2
left_child=12 2 3 5 -5 6 7 11 -7 -4 -11 -2 -1 -14
right_child=1 -3 9 4 -6 8 -8 -9 -10 10 -12 -13 13 -15
leaf_value=0.0060838261572644121 -0.0045442682313215407 3.2187833935569677e-05 -0.0025501565774902705 -0.0018087406649387309 -0.0097033724701032047 0.0051627547551027463 -0.0068799876226370953 0.0048098361030930563 -0.00088915478970323289 -0.00050222858149862417 0.0045389649504795669 -0.00019034710549340961 -0.00027695172789713574 0.005158315510489047
leaf_weight=20 45 8131 36 35 20 23 36 21 35 49 40 57 72 20
leaf_count=20 45 8131 36 35 20 23 36 21 35 49 40 57 72 20
internal_value=7.49918e-12 -2.4027e-05 -0.00117537 -0.00195502 -0.00467952 -0.00126448 -0.00227682 -0.000929555 0.00151074 0.00052115 0.00176348 -0.00211119 0.00182948 0.000904628
internal_weight=8640 8528 397 272 55 217 159 123 58 125 89 102 112 92
internal_count=8640 8528 397 272 55 217 159 123 58 125 89 102 112 92
is_linear=0
shrinkage=0.05


Tree=92
num_leaves=15
num_cat=0
split_feature=0 4 2 3 4 3 1 3 5 5 4 3 6 3
split_gain=0.151148 0.560744 0.634446 0.890574 0.962042 0.411502 1.60109 0.830149 0.728629 0.675078 0.69359 0.615853 0.604373 0.540835
threshold=36.000000000000007 2.5500000000000003 86.003450000000015 9.3500000000000032 8.7500000000000018 10.750000000000002 16.079350000000005 10.050000000000002 7.9500000000000011 9.0500000000000025 19.450000000000003 9.4500000000000011 12.650000000000004 14.350000000000003
decision_type=2 2 2 2 2 2 2 2 2 2 2 2 2 2
left_child=1 -1 5 4 -4 6 11 -8 -7 10 13 -3 -13 -10
right_child=-2 2 3 -5 -6 8 7 -9 9 -11 -12 12 -14 -15
leaf_value=0.0042255721793150189 -0.00014787668418825384 -0.0073089152070072785 -0.0012762512119370512 -0.0066674432983355866 0.0074845211662571218 0.0030795358774345699 0.00098392229951006814 -0.0049912695243443939 -0.0028595467700205488 0.00099304822818368989 0.0023370666633837109 -0.0050702019349524851 0.004713553490539737 -0.011426293257985283
leaf_weight=88 5760 96 400 70 34 355 931 62 58 653 41 38 27 27
leaf_count=88 5760 96 400 70 34 355 931 62 58 653 41 38 27 27
internal_value=5.56634e-12 0.000295753 0.000171891 -0.00143402 -0.000589923 0.000525641 -0.000139068 0.000610849 0.00120207 0.000346491 -0.00300432 -0.00476433 -0.00100618 -0.00558075
internal_weight=8640 2880 2792 504 434 2288 1154 993 1134 779 126 161 65 85
internal_count=8640 2880 2792 504 434 2288 1154 993 1134 779 126 161 65 85
is_linear=0
shrinkage=0.05


Tree=93
num_leaves=15
num_cat=0
split_feature=6 6 7 6 5 5 7 5 4 5 4 5 6 6
split_gain=0.144293 0.391117 0.202939 0.281289 0.287589 0.313597 0.207539 0.456634 0.641285 0.201702 0.188646 0.944594 0.380617 0.37255
threshold=25.150000000000002 22.550000000000004 8.7467451753360859 19.050000000000004 5.9500000000000011 9.8500000000000032 7.7195993642551519 8.6500000000000004 24.650000000000002 8.1500000000000004 29.950000000000003 16.750000000000004 16.850000000000005 15.750000000000002
decision_type=2 2 2 2 2 2 2 2 2 2 2 2 2 2
left_child=1 2 3 6 -5 -6 10 8 -8 -4 -1 12 13 -12
right_child=-2 -3 9 4 5 -7 7 -9 -10 -11 11 -13 -14 -15
leaf_value=-2.5209886364504846e-05 -0.0032999307453406585 0.0056187307755012185 -0.00011227719188699949 -0.0011723107996989381 0.0073405554052442317 0.00036656138383679921 -0.0048367057807142079 -0.0078476920654928246 0.006006213745102287 -0.006117623251069476 0.0081648664337328879 -0.0027000700303864097 0.011006285307382275 -0.0004636713785344157
leaf_weight=8202 33 31 29 33 40 27 30 27 25 27 22 62 23 29
leaf_count=8202 33 31 29 33 40 27 30 27 25 27 22 62 23 29
internal_value=-1.72383e-13 1.26522e-05 -7.61228e-06 1.21067e-05 0.00264833 0.00453014 -1.92024e-05 -0.00252236 9.1894e-05 -0.00300771 5.41489e-06 0.00185236 0.00566656 0.00325844
internal_weight=8640 8607 8576 8520 100 67 8420 82 55 56 8338 136 74 51
internal_count=8640 8607 8576 8520 100 67 8420 82 55 56 8338 136 74 51
is_linear=0
shrinkage=0.05


Tree=94
num_leaves=15
num_cat=0
split_feature=3 4 0 5 0 7 7 5 4 8 4 2 1 3
split_gain=0.140247 0.149268 0.479657 0.752748 0.249218 0.223426 0.294594 0.238025 0.59757 1.16961 0.921724 0.663671 0.596538 1.17568
threshold=0.60000000000000009 2.1500000000000008 36.000000000000007 4.1500000000000012 60.000000000000007 1.3984097660274213 1.3727504468431067 7.2500000000000009 18.050000000000004 12.433333333333335 18.250000000000004 75.043350000000018 31.383250000000004 10.850000000000003
decision_type=2 2 2 2 2 2 2 2 2 2 2 2 2 2
left_child=-1 2 -2 4 -4 6 -3 8 9 11 -10 -7 13 -9
right_child=1 5 3 -5 -6 7 -8 12 10 -11 -12 -13 -14 -15
leaf_value=-0.0038991838450665064 0.0052697771590568925 -0.00052552993139563483 -0.0004472455091993599 -0.0056183368806878844 0.0053752041328698399 0.0039585098560915837 -0.0051842389601681922 -0.0022156810709070621 0.012104469564344203 -0.007207599318913978 0.0014407108397897581 6.7086260884541185e-05 0.0014029620877915169 6.9600186805238932e-05
leaf_weight=23 56 1114 34 43 40 114 35 728 21 54 578 2817 503 2480
leaf_count=23 56 1114 34 43 40 114 35 728 21 54 578 2817 503 2480
internal_value=-2.91981e-12 1.04075e-05 0.00146428 -0.000357151 0.00270002 -1.93794e-05 -0.00066744 8.26935e-05 0.000373317 8.41011e-05 0.00181457 0.000218442 -0.000197984 -0.000449005
internal_weight=8640 8617 173 117 74 8444 1149 7295 3584 2985 599 2931 3711 3208
internal_count=8640 8617 173 117 74 8444 1149 7295 3584 2985 599 2931 3711 3208
is_linear=0
shrinkage=0.05


Tree=95
num_leaves=15
num_cat=0
split_feature=3 5 4 6 7 7 5 4 4 8 4 5 7 4
split_gain=0.139248 0.4692 0.259466 0.294523 0.235962 0.387119 0.222425 0.575173 0.539194 0.45456 0.493719 0.562094 0.485879 0.651348
threshold=23.750000000000004 13.15 23.250000000000004 10.150000000000004 5.240546572374809 6.1678373478109405 15.750000000000002 22.650000000000002 10.950000000000001 19.616666666666671 27.950000000000003 8.1500000000000004 6.3267507892588037 27.050000000000004
decision_type=2 2 2 2 2 2 2 2 2 2 2 2 2 2
left_child=6 -2 -3 -4 -5 -6 9 8 -8 10 -1 -12 13 -11
right_child=1 2 3 4 5 -7 7 -9 -10 12 11 -13 -14 -15
leaf_value=5.2272662448583932e-06 -0.0040652018653311054 0.0056244052698214853 -0.0034266999543265059 0.0066627194080501806 -0.0031918391945862006 0.0042124862339711043 -0.0041393214103872663 -0.0038574688411109263 0.0011121285084670039 0.0034396941468618075 0.0028244654204519024 -0.0068414424682246913 0.0050703071958416116 -0.0038088587876832624
leaf_weight=7705 34 45 27 25 31 41 61 134 246 71 21 53 91 55
leaf_count=7705 34 45 27 25 31 41 61 134 246 71 21 53 91 55
internal_value=-2.49854e-12 0.00129406 0.00237225 0.00119203 0.00247766 0.00102451 -3.11359e-05 -0.0011243 6.86808e-05 2.91549e-05 -3.38098e-05 -0.00409841 0.00228631 0.000275643
internal_weight=8640 203 169 124 97 72 8437 441 307 7996 7779 74 217 126
internal_count=8640 203 169 124 97 72 8437 441 307 7996 7779 74 217 126
is_linear=0
shrinkage=0.05


Tree=96
num_leaves=15
num_cat=0
split_feature=4 4 7 3 3 8 8 5 7 6 4 6 4 4
split_gain=0.135789 0.177464 0.154575 0.144759 0.230282 0.205654 0.297246 0.272964 0.702262 0.336437 0.240307 0.26987 0.400327 0.315232
threshold=32.45000000000001 31.150000000000002 7.0195741421458093 27.750000000000004 25.750000000000004 21.416666666666675 20.950000000000006 14.750000000000002 5.4841184511383085 11.850000000000003 29.550000000000004 18.950000000000006 25.450000000000003 25.750000000000004
decision_type=2 2 2 2 2 2 2 2 2 2 2 2 2 2
left_child=1 3 -2 4 5 6 10 -7 9 -9 11 13 -13 -1
right_child=2 -3 -4 -5 -6 7 -8 8 -10 -11 -12 12 -14 -15
leaf_value=2.5170738531642493e-05 -0.0060146681312471632 0.0030774972857312956 0.00020173585042357448 -0.003964670941881512 0.003497571608873996 -0.0055873783154262082 0.0038258688766326684 -0.00089795665135459298 0.0071358189088008978 -0.0082056750853856403 -0.0046272668721420432 7.7385990695643528e-05 0.004653480054217984 -0.0017220489932564245
leaf_weight=7790 20 47 20 23 47 37 51 63 23 21 28 126 77 267
leaf_count=7790 20 47 20 23 47 37 51 63 23 21 28 126 77 267
internal_value=-4.23349e-12 1.35184e-05 -0.00290647 -3.31857e-06 7.36268e-06 -1.19748e-05 2.03762e-05 -0.00188541 -0.000605295 -0.00272489 -3.04077e-06 1.26346e-05 0.00181315 -3.27302e-05
internal_weight=8640 8600 40 8553 8530 8483 8339 144 107 84 8288 8260 203 8057
internal_count=8640 8600 40 8553 8530 8483 8339 144 107 84 8288 8260 203 8057
is_linear=0
shrinkage=0.05


Tree=97
num_leaves=15
num_cat=0
split_feature=3 8 1 8 7 8 6 4 6 7 8 3 3 2
split_gain=0.134236 0.422514 0.272235 0.466058 0.506731 0.651684 0.479348 0.690513 0.473201 0.35453 0.306257 0.350021 0.229843 0.611271
threshold=2.8500000000000001 2.5500000000000007 31.383250000000004 3.6500000000000004 3.3109246778237389 4.3166666666666673 12.250000000000004 12.550000000000002 5.950000000000002 4.8765880271609836 5.3500000000000005 2.1500000000000008 4.1500000000000012 77.393050000000017
decision_type=2 2 2 2 2 2 2 2 2 2 2 2 2 2
left_child=2 -2 9 -4 5 -5 7 10 -7 -1 -6 -12 13 -3
right_child=1 12 3 4 6 8 -8 -9 -10 -11 11 -13 -14 -15
leaf_value=-0.0010577417457250751 0.0051837726042140283 -0.0029279403003616908 -0.0070255398377776146 -0.0011628575693896932 -0.0026935948641039435 0.00098277546092867866 0.0042229606949079502 -0.0095872599165886651 0.0095623499574139723 -0.005997872996291646 -0.0023670415180580069 0.0055687840280094839 -6.3246136905071546e-05 0.0012613735373572252
leaf_weight=318 40 98 20 46 71 25 39 25 45 41 24 33 7034 781
leaf_count=318 40 98 20 46 71 25 39 25 45 41 24 33 7034 781
internal_value=-8.77789e-13 5.79243e-05 -0.000670556 0.000370739 0.000851017 0.0034602 -0.000725367 -0.0019867 0.00649822 -0.00162194 -0.000502222 0.00222738 3.20133e-05 0.000794306
internal_weight=8640 7953 687 328 308 116 192 153 70 359 128 57 7913 879
internal_count=8640 7953 687 328 308 116 192 153 70 359 128 57 7913 879
is_linear=0
shrinkage=0.05


Tree=98
num_leaves=15
num_cat=0
split_feature=6 6 7 6 5 5 7 6 7 6 2 4 8 5
split_gain=0.141367 0.332993 0.19262 0.231382 0.25521 0.261959 0.183301 0.409564 0.266071 0.171673 0.598811 0.67894 0.445002 0.281393
threshold=25.150000000000002 22.550000000000004 8.7467451753360859 19.050000000000004 5.9500000000000011 9.8500000000000032 7.7195993642551519 18.150000000000006 7.9677818846305497 17.150000000000006 77.393050000000017 29.350000000000005 16.716666666666672 5.8500000000000005
decision_type=2 2 2 2 2 2 2 2 2 2 2 2 2 2
left_child=1 2 3 6 -5 -6 9 -8 -9 -1 11 12 -11 -12
right_child=-2 -3 -4 4 5 -7 7 8 -10 10 13 -13 -14 -15
leaf_value=-2.4857126645632047e-05 -0.0032662990996896318 0.0051852901720614627 -0.0029290108116843579 -0.0011951593689225389 0.0067453297344036408 0.0003713281169809677 -0.0071448930025357626 0.0033480109631394347 -0.003799948288107534 -0.0011775110348513941 0.0086253786802054887 0.0060856539756059648 -0.010274741500616073 0.0025218235136106101
leaf_weight=8169 33 31 56 33 40 27 29 30 23 41 28 22 20 58
leaf_count=8169 33 31 56 33 40 27 29 30 23 41 28 22 20 58
internal_value=3.98533e-12 1.25233e-05 -6.17492e-06 1.30362e-05 0.00240399 0.0041767 -1.53599e-05 -0.00236781 0.000246066 7.77526e-06 0.00158514 -0.00144444 -0.00416021 0.00450903
internal_weight=8640 8607 8576 8520 100 67 8420 82 53 8338 169 83 61 86
internal_count=8640 8607 8576 8520 100 67 8420 82 53 8338 169 83 61 86
is_linear=0
shrinkage=0.05


Tree=99
num_leaves=15
num_cat=0
split_feature=0 4 4 5 3 3 1 5 8 3 5 3 4 5
split_gain=0.133799 0.463282 0.578609 0.753637 0.56347 0.460062 1.26146 0.683886 1.34005 0.641862 0.565907 0.545654 0.472653 0.705059
threshold=36.000000000000007 2.5500000000000003 10.850000000000003 3.3500000000000001 3.8500000000000001 10.750000000000002 16.079350000000005 9.1500000000000004 9.7500000000000018 8.9500000000000011 7.9500000000000011 9.7500000000000018 16.550000000000004 11.250000000000002
decision_type=2 2 2 2 2 2 2 2 2 2 2 2 2 2
left_child=1 -1 -3 4 -4 6 11 8 9 -8 -7 -5 13 -12
right_child=-2 2 3 5 -6 10 7 -9 -10 -11 12 -13 -14 -15
leaf_value=0.0038502753891986106 -0.00013913098159087491 -0.00070337547637349491 0.00068567281271866029 -0.0067531629565637562 0.0079702357126048718 0.0029418394237488384 0.00070900161806869031 0.0038318013220334486 -0.0059516871425751945 0.010248512439429761 -0.0047439754483125669 -7.1512481240047651e-05 0.00086730360845622089 0.0056900717283133416
leaf_weight=88 5760 1136 47 100 61 295 149 124 82 20 85 44 629 20
leaf_count=88 5760 1136 47 100 61 295 149 124 82 20 85 44 629 20
internal_value=2.80878e-12 0.000278262 0.000165677 0.000761839 0.0048001 0.000480099 -0.000733615 0.000793911 -0.00070688 0.00183794 0.00109226 -0.00471155 0.000348907 -0.00275654
internal_weight=8640 2880 2792 1656 108 1548 519 375 251 169 1029 144 734 105
internal_count=8640 2880 2792 1656 108 1548 519 375 251 169 1029 144 734 105
is_linear=0
shrinkage=0.05


end of trees

feature_importances:
Column_3=350
Column_5=262
Column_4=230
Column_6=141
Column_8=103
Column_7=102
Column_2=83
Column_1=81
Column_0=48

parameters:
[boosting: gbdt]
[objective: regression]
[metric: l2]
[tree_learner: serial]
[device_type: cpu]
[data_sample_strategy: bagging]
[data: ]
[valid: ]
[num_iterations: 100]
[learning_rate: 0.05]
[num_leaves: 15]
[num_threads: 0]
[seed: 42]
[deterministic: 0]
[force_col_wise: 0]
[force_row_wise: 0]
[histogram_pool_size: -1]
[max_depth: -1]
[min_data_in_leaf: 20]
[min_sum_hessian_in_leaf: 0.001]
[bagging_fraction: 1]
[pos_bagging_fraction: 1]
[neg_bagging_fraction: 1]
[bagging_freq: 0]
[bagging_seed: 400]
[bagging_by_query: 0]
[feature_fraction: 1]
[feature_fraction_bynode: 1]
[feature_fraction_seed: 30056]
[extra_trees: 0]
[extra_seed: 12879]
[early_stopping_round: 0]
[early_stopping_min_delta: 0]
[first_metric_only: 0]
[max_delta_step: 0]
[lambda_l1: 0]
[lambda_l2: 0]
[linear_lambda: 0]
[min_gain_to_split: 0]
[drop_rate: 0.1]
[max_drop: 50]
[skip_drop: 0.5]
[xgboost_dart_mode: 0]
[uniform_drop: 0]
[drop_seed: 17869]
[top_rate: 0.2]
[other_rate: 0.1]
[min_data_per_group: 100]
[max_cat_threshold: 32]
[cat_l2: 10]
[cat_smooth: 10]
[max_cat_to_onehot: 4]
[top_k: 20]
[monotone_constraints: ]
[monotone_constraints_method: basic]
[monotone_penalty: 0]
[feature_contri: ]
[forcedsplits_filename: ]
[refit_decay_rate: 0.9]
[cegb_tradeoff: 1]
[cegb_penalty_split: 0]
[cegb_penalty_feature_lazy: ]
[cegb_penalty_feature_coupled: ]
[path_smooth: 0]
[interaction_constraints: ]
[verbosity: -1]
[saved_feature_importance_type: 0]
[use_quantized_grad: 0]
[num_grad_quant_bins: 4]
[quant_train_renew_leaf: 0]
[stochastic_rounding: 1]
[linear_tree: 0]
[max_bin: 255]
[max_bin_by_feature: ]
[min_data_in_bin: 3]
[bin_construct_sample_cnt: 200000]
[data_random_seed: 175]
[is_enable_sparse: 1]
[enable_bundle: 1]
[use_missing: 1]
[zero_as_missing: 0]
[feature_pre_filter: 1]
[pre_partition: 0]
[two_round: 0]
[header: 0]
[label_column: ]
[weight_column: ]
[group_column: ]
[ignore_column: ]
[categorical_feature: ]
[forcedbins_filename: ]
[precise_float_parser: 0]
[parser_config_file: ]
[objective_seed: 16083]
[num_class: 1]
[is_unbalance: 0]
[scale_pos_weight: 1]
[sigmoid: 1]
[boost_from_average: 1]
[reg_sqrt: 0]
[alpha: 0.9]
[fair_c: 1]
[poisson_max_delta_step: 0.7]
[tweedie_variance_power: 1.5]
[lambdarank_truncation_level: 30]
[lambdarank_norm: 1]
[label_gain: ]
[lambdarank_position_bias_regularization: 0]
[eval_at: ]
[multi_error_top_k: 1]
[auc_mu_weights: ]
[num_machines: 1]
[local_listen_port: 12400]
[time_out: 120]
[machine_list_filename: ]
[machines: ]
[gpu_platform_id: -1]
[gpu_device_id: -1]
[gpu_device_id_list: ]
[gpu_use_dp: 0]
[num_gpu: 1]

end of parameters

pandas_categorical:null
