tree
version=v4
num_class=1
num_tree_per_iteration=1
label_index=0
max_feature_idx=8
objective=regression
feature_names=Column_0 Column_1 Column_2 Column_3 Column_4 Column_5 Column_6 Column_7 Column_8
feature_infos=[24:72] [13.082700000000001:34.1526] [72.877700000000004:91.736199999999997] [5:45.200000000000003] [11.300000000000001:48] [6:46.5] [0:18.099999999999998] [0:7.4127517757502766] [8.2999999999999989:46.199999999999996]
tree_sizes=1392 1458 1454 1470 1473 1473 1472 1458 1465 1467 1470 1465 1463 1466 1467 1471 1464 1470 1482 1472 1465 1477 1474 1476 1476 1479 1481 1480 1472 1470 1478 1477 1473 1473 1488 1473 1478 1472 1482 1483 1485 1481 1484 1462 1473 1470 1485 1470 1487 1473 1482 1475 1483 1481 1486 1490 1451 1481 1481 1476 1473 1482 1466 1495 1492 1473 1490 1473 1477 1477 1478 1472 1463 1479 1471 1459 1476 1485 1484 1482 1487 1470 1457 1459 1458 1486 1442 1469 1455 1469 1472 1449 1474 1457 1490 1467 1441 1474

Tree=0
num_leaves=15
num_cat=0
split_feature=2 6 7 1 4 5 6 3 4 7 4 2 5 4
split_gain=73.35 20.5728 12.3015 6.1685 4.55481 3.18394 3.13353 2.59249 2.45534 2.44674 2.11438 1.95147 1.90799 1.81672
threshold=86.003450000000015 2.0000000000000022 1.1035292311440708 16.079350000000005 26.050000000000004 32.350000000000001 4.7500000000000009 26.150000000000002 29.050000000000004 0.89566858950296113 27.150000000000002 75.043350000000018 27.650000000000002 28.450000000000003
decision_type=2 2 2 2 2 2 2 2 2 2 2 2 2 2
left_child=1 11 4 5 9 8 13 -6 -3 -2 -9 -1 -11 -5
right_child=2 3 -4 6 7 -7 -8 10 -10 12 -12 -13 -14 -15
leaf_value=0.17161449531920572 0.18724251867476319 0.17709183577725096 0.17272473028015736 0.16940957761824471 0.17183096428527886 0.17364907555929318 0.16484127488304648 0.18477587421793798 0.16750949959903913 0.17541668702826355 0.17863634426624178 0.175728369051522 0.18908063488149007 0.16660432277278844
leaf_weight=437 492 74 423 873 90 474 1812 224 692 88 375 847 36 1703
leaf_count=437 492 74 423 873 90 474 1812 224 692 88 375 847 36 1703
internal_value=0.170921 0.168617 0.180135 0.167314 0.182536 0.170428 0.166434 0.179743 0.168435 0.185661 0.180932 0.174328 0.179384 0.167555
internal_weight=8640 6912 1728 5628 1305 1240 4388 689 766 616 599 1284 124 2576
internal_count=8640 6912 1728 5628 1305 1240 4388 689 766 616 599 1284 124 2576
is_linear=0
shrinkage=1


Tree=1
num_leaves=15
num_cat=0
split_feature=2 6 7 1 4 5 6 3 7 4 4 4 7 2
split_gain=66.1984 18.567 11.1021 5.56707 4.11072 2.87351 2.82801 2.33972 2.21753 2.21595 1.93894 1.92787 1.80768 1.7612
threshold=86.003450000000015 2.0000000000000022 1.1035292311440708 16.079350000000005 26.050000000000004 32.350000000000001 4.7500000000000009 26.150000000000002 0.87305339024725248 29.050000000000004 25.250000000000004 26.850000000000005 1.4613540144521984 75.043350000000018
decision_type=2 2 2 2 2 2 2 2 2 2 2 2 2 2
left_child=1 13 4 5 8 9 -5 -6 -2 -3 -10 -9 -4 -1
right_child=2 3 12 6 7 -7 -8 11 10 -11 -12 -13 -14 -15
leaf_value=0.00065905911991070618 0.015584568078272215 0.0058625324522270953 0.004868445752537278 -0.003197445618650434 0.00086470463157941897 0.0025919103383293912 -0.0057755002839916473 0.014311824121227069 0.0037466008139445499 -0.0032406867597005841 0.016234711561903207 0.0078349518209133839 -0.0016728415760963783 0.0045672390665223647
leaf_weight=437 482 74 219 2576 90 474 1812 155 85 692 49 444 204 847
leaf_count=437 482 74 219 2576 90 474 1812 155 85 692 49 444 204 847
internal_value=1.44384e-12 -0.0021883 0.0087532 -0.00342608 0.0110349 -0.000467873 -0.00426204 0.00838153 0.0140028 -0.00236126 0.00831315 0.00951094 0.00171378 0.00323712
internal_weight=8640 6912 1728 5628 1305 1240 4388 689 616 766 134 599 423 1284
internal_count=8640 6912 1728 5628 1305 1240 4388 689 616 766 134 599 423 1284
is_linear=0
shrinkage=0.05


Tree=2
num_leaves=15
num_cat=0
split_feature=2 6 6 1 4 5 7 6 3 2 4 4 7 5
split_gain=59.744 16.7721 10.0201 4.97297 3.42039 2.79881 2.40707 2.328 2.13966 1.9378 1.79663 1.63184 1.53168 1.50074
threshold=86.003450000000015 2.149999999999999 2.649999999999999 16.079350000000005 26.050000000000004 32.350000000000001 0.89566858950296113 4.7500000000000009 26.150000000000002 75.043350000000018 29.050000000000004 27.150000000000002 1.4613540144521984 27.350000000000005
decision_type=2 2 2 2 2 2 2 2 2 2 2 2 2 2
left_child=1 9 4 5 6 10 -2 -5 -6 -1 -3 -10 -4 -8
right_child=2 3 12 7 8 -7 13 -9 11 -11 -12 -13 -14 -15
leaf_value=0.00027115752220738444 0.014733406485748578 0.0052242339814880072 0.0045304002571374003 -0.0031300398732540934 0.00082146939506249825 0.0025694245320101758 0.0025515133980661634 -0.0054867252879863757 0.012456792693016016 0.004138770728922595 -0.0031965331349034366 0.007076011609226782 -0.0015891994865538152 0.013179638271488376
leaf_weight=501 492 70 205 2485 90 462 76 1812 225 916 666 377 204 59
leaf_count=501 492 70 205 2485 90 462 76 1812 225 916 666 377 204 59
internal_value=5.43709e-12 -0.00207888 0.00831554 -0.00332961 0.0104357 -0.000480902 0.0131106 -0.00412383 0.00801209 0.00277132 -0.00239564 0.0090871 0.00147808 0.0071964
internal_weight=8640 6912 1728 5495 1319 1198 627 4297 692 1417 736 602 409 135
internal_count=8640 6912 1728 5495 1319 1198 627 4297 692 1417 736 602 409 135
is_linear=0
shrinkage=0.05


Tree=3
num_leaves=15
num_cat=0
split_feature=2 6 7 1 4 5 6 3 4 5 4 4 6 7
split_gain=53.919 15.2011 9.06715 4.52383 3.375 2.33822 2.31361 2.01092 1.99271 2.38976 1.81726 1.75132 1.51598 1.46413
threshold=86.003450000000015 2.0000000000000022 1.1035292311440708 16.079350000000005 26.250000000000004 32.350000000000001 4.3000000000000034 26.850000000000005 28.450000000000003 27.250000000000004 29.050000000000004 24.350000000000005 0.90000000000000402 1.4613540144521984
decision_type=2 2 2 2 2 2 2 2 2 2 2 2 2 2
left_child=1 12 4 5 11 10 8 -6 9 -5 -3 -2 -1 -4
right_child=2 3 13 6 7 -7 -8 -9 -10 -11 -12 -13 -14 -15
leaf_value=0.006526606948741822 -0.00055141678079962731 0.0053111279539833148 0.004377241174001502 -0.0015571281543400673 0.0026369870181037198 0.0023318569061448525 -0.0050289749125090703 0.0090298506427043748 -0.0037044023803375621 0.0075970470324664575 -0.00293260597426803 0.012935957887704448 0.0021125135099923052 -0.0015097395439321796
leaf_weight=239 25 74 219 595 167 474 2133 467 1579 81 692 646 1045 204
leaf_count=239 25 74 219 595 167 474 2133 467 1579 81 692 646 1045 204
internal_value=1.22356e-11 -0.00197494 0.00789976 -0.00309492 0.00996181 -0.000428258 -0.00384849 0.00734593 -0.00273188 -0.000460252 -0.00213621 0.0124334 0.00293414 0.00153813
internal_weight=8640 6912 1728 5628 1305 1240 4388 634 2255 676 766 671 1284 423
internal_count=8640 6912 1728 5628 1305 1240 4388 634 2255 676 766 671 1284 423
is_linear=0
shrinkage=0.05


Tree=4
num_leaves=15
num_cat=0
split_feature=2 6 7 1 4 5 6 3 7 4 4 2 5 4
split_gain=48.6619 13.719 8.29501 4.08275 3.58471 2.11024 2.1022 1.91462 1.88489 1.64008 1.52881 1.41004 1.39992 1.36202
threshold=86.003450000000015 2.0000000000000022 0.98432153734889327 16.079350000000005 26.050000000000004 32.350000000000001 4.7500000000000009 26.150000000000002 1.4613540144521984 29.050000000000004 29.150000000000002 75.043350000000018 28.150000000000002 26.850000000000005
decision_type=2 2 2 2 2 2 2 2 2 2 2 2 2 2
left_child=1 11 4 5 -2 9 10 -6 -4 -3 12 -1 -5 -9
right_child=2 3 8 6 7 -7 -8 13 -10 -11 -12 -13 -14 -15
leaf_value=0.00048066028089446892 0.012784355276971179 0.005045571440446971 0.0046655566729003088 -0.0018018562515555324 0.00052267029761828281 0.0022152640882836271 -0.0049609402435737667 0.012606418169838127 -0.0014342526368815089 -0.0027859756978083337 -0.0037972695650144795 0.0039775858485678042 0.0054551965924320928 0.0069173049553311224
leaf_weight=437 552 74 334 1038 90 474 1812 142 204 692 1467 847 71 406
leaf_count=437 552 74 334 1038 90 474 1812 142 204 692 1467 847 71 406
internal_value=6.50928e-12 -0.00187619 0.00750477 -0.00294018 0.00983407 -0.000406845 -0.00365607 0.00728147 0.00235262 -0.0020294 -0.0027382 0.00278743 -0.00133725 0.00839149
internal_weight=8640 6912 1728 5628 1190 1240 4388 638 538 766 2576 1284 1109 548
internal_count=8640 6912 1728 5628 1190 1240 4388 638 538 766 2576 1284 1109 548
is_linear=0
shrinkage=0.05


Tree=5
num_leaves=15
num_cat=0
split_feature=2 6 7 1 4 5 6 3 1 4 7 6 4 4
split_gain=43.9174 12.3914 7.48625 3.65315 3.2352 2.07972 1.72981 1.72794 1.70939 1.78632 1.70112 1.6415 1.51814 1.3406
threshold=86.003450000000015 2.149999999999999 0.98432153734889327 16.079350000000005 26.050000000000004 32.350000000000001 4.3000000000000034 26.150000000000002 27.379200000000004 28.450000000000003 1.4613540144521984 1.5999999999999999 27.250000000000004 37.150000000000013
decision_type=2 2 2 2 2 2 2 2 2 2 2 2 2 2
left_child=1 11 4 5 -2 -3 8 -6 9 -5 -4 -1 -13 -7
right_child=2 3 10 6 7 13 -8 -9 -10 -11 -12 12 -14 -15
leaf_value=0.0040421442581351427 0.012145137331659183 -0.0020663785745059812 0.0044322786243453987 0.0042992401860713486 0.00049653674602824244 0.0038269844458473559 -0.0045486109437704991 0.0079719165491320895 -0.0010690121209440307 -0.0043644362290253293 -0.0013625399189015083 0.012991680609411561 0.00019140929923763963 -0.0022827281578459212
leaf_weight=728 552 736 334 63 90 340 2133 548 1031 1070 204 24 665 122
leaf_count=728 552 736 334 63 90 340 2133 548 1031 1070 204 24 665 122
internal_value=-2.18561e-11 -0.00178238 0.00712954 -0.00285744 0.00934237 -0.000415837 -0.00353815 0.0069174 -0.00254217 -0.0038827 0.00223499 0.00238657 0.000637282 0.0022136
internal_weight=8640 6912 1728 5495 1190 1198 4297 638 2164 1133 538 1417 689 462
internal_count=8640 6912 1728 5495 1190 1198 4297 638 2164 1133 538 1417 689 462
is_linear=0
shrinkage=0.05


Tree=6
num_leaves=15
num_cat=0
split_feature=2 6 7 1 4 6 5 3 7 4 4 1 4 6
split_gain=39.6354 11.2018 6.75634 3.33015 2.91977 1.73142 1.71397 1.55947 1.54738 1.47943 1.33249 1.33002 1.8562 1.292
threshold=86.003450000000015 2.0000000000000022 0.98432153734889327 16.079350000000005 26.050000000000004 4.7500000000000009 32.350000000000001 26.150000000000002 1.414213562373096 29.050000000000004 24.450000000000003 27.379200000000004 28.450000000000003 0.90000000000000402
decision_type=2 2 2 2 2 2 2 2 2 2 2 2 2 2
left_child=1 13 4 6 10 11 9 -6 -4 -3 -2 12 -5 -1
right_child=2 3 8 5 7 -7 -8 -9 -10 -11 -12 -13 -14 -15
leaf_value=0.0058373319804639204 0.001795648729470982 0.0048905096197543307 0.0044669557091956301 0.0038291611625120426 0.00047170991339953619 -0.0044854627317228819 0.0019963809111222374 0.0075733208306289672 -0.00094471988767833167 -0.002547599490031444 0.012157329199982018 -0.0013660162639709088 -0.0041367862209853463 0.0017623471700106898
leaf_weight=239 33 74 305 78 90 1812 474 548 233 692 519 1327 1171 1045
leaf_count=239 33 74 305 78 90 1812 474 548 233 692 519 1327 1171 1045
internal_value=1.5519e-11 -0.00169326 0.00677306 -0.00265469 0.00887525 -0.00330125 -0.000366739 0.00657153 0.00212324 -0.00182904 0.0115379 -0.00246825 -0.00363931 0.00252085
internal_weight=8640 6912 1728 5628 1190 4388 1240 638 538 766 552 2576 1249 1284
internal_count=8640 6912 1728 5628 1190 4388 1240 638 538 766 552 2576 1249 1284
is_linear=0
shrinkage=0.05


Tree=7
num_leaves=15
num_cat=0
split_feature=2 6 6 2 4 1 3 4 4 5 6 3 3 4
split_gain=35.771 10.1871 6.09824 3.35508 2.28682 1.9187 1.73982 1.5964 1.5346 1.45046 1.32579 1.20164 1.04035 1.03673
threshold=86.003450000000015 2.8999999999999999 2.649999999999999 75.043350000000018 26.850000000000005 16.079350000000005 27.050000000000004 28.750000000000004 24.450000000000003 32.650000000000013 1.6499999999999988 26.850000000000005 25.050000000000004 36.850000000000001
decision_type=2 2 2 2 2 2 2 2 2 2 2 2 2 2
left_child=1 3 4 7 8 9 -6 11 -2 -3 -5 -1 -10 -11
right_child=2 5 -4 10 6 -7 -8 -9 12 13 -12 -13 -14 -15
leaf_value=-0.00032625042474234203 0.00085341477905340668 -0.0027072926709473498 0.0011003081166199101 0.00426471054785679 -0.00063962567257884971 -0.0035854047700225665 0.0068508266319766784 -0.002793099879154643 0.0014554436756015728 0.0035713553552308847 0.0012404363397843111 0.0066412790605681954 0.010521446447577569 -0.0021992025564291648
leaf_weight=235 47 465 409 563 98 3538 371 666 33 225 1017 84 770 119
leaf_count=235 47 465 409 563 98 3538 371 666 33 225 1017 84 770 119
internal_value=-1.91047e-11 -0.0016086 0.00643441 0.000890273 0.00808842 -0.00308309 0.00528566 -0.00140001 0.00963489 -0.00088633 0.00231807 0.00150846 0.0101489 0.00157514
internal_weight=8640 6912 1728 2565 1319 4347 469 985 850 809 1580 319 803 344
internal_count=8640 6912 1728 2565 1319 4347 469 985 850 809 1580 319 803 344
is_linear=0
shrinkage=0.05


Tree=8
num_leaves=15
num_cat=0
split_feature=6 4 2 6 2 8 4 3 6 5 4 5 4 3
split_gain=32.3173 11.0224 6.59734 2.06474 1.9899 1.9185 1.50807 2.09104 1.3742 1.36932 1.26534 1.11774 2.31543 1.14587
threshold=2.149999999999999 27.150000000000002 78.923900000000017 3.2500000000000004 75.043350000000018 27.133333333333336 29.450000000000003 31.050000000000004 5.0499999999999998 26.450000000000003 43.750000000000007 27.650000000000002 26.050000000000004 26.150000000000002
decision_type=2 2 2 2 2 2 2 2 2 2 2 2 2 2
left_child=1 11 8 6 -3 -6 9 -8 -2 -4 -7 12 -1 -14
right_child=2 4 3 -5 5 10 7 -9 -10 -11 -12 -13 13 -15
leaf_value=0.01045954223753295 -0.0023595970320216732 -0.00028023409766200395 -0.0048249115496063113 -0.0011317061894533863 -0.0042986354381601153 0.0044007467465350791 -0.0016388922930415982 0.0052697358140132477 -0.0042157307642263948 0.00554362707624605 -0.0031194452764624261 0.014034211215670262 -0.00015535740850522751 0.0073811923799803475
leaf_weight=524 2724 488 35 898 74 1077 357 158 1573 353 59 113 87 120
leaf_count=524 2724 488 35 898 74 1077 357 158 1573 353 59 113 87 120
internal_value=-1.13759e-11 0.00473627 -0.00197435 0.000565958 0.00241502 0.00350203 0.00225422 0.000480648 -0.00303907 0.00460832 0.00401017 0.00940627 0.00869087 0.00421366
internal_weight=8640 2542 6098 1801 1698 1210 903 515 4297 388 1136 844 731 207
internal_count=8640 2542 6098 1801 1698 1210 903 515 4297 388 1136 844 731 207
is_linear=0
shrinkage=0.05


Tree=9
num_leaves=15
num_cat=0
split_feature=2 6 7 6 2 4 4 5 7 4 3 5 4 5
split_gain=29.408 8.4005 5.08063 2.68512 2.32001 2.23982 1.35244 1.31744 1.22339 1.05016 1.11757 1.01547 1.77645 1.30476
threshold=86.003450000000015 1.9999999999999984 0.98432153734889327 3.2500000000000004 75.043350000000018 26.050000000000004 28.450000000000003 27.050000000000004 1.4613540144521984 24.450000000000003 24.950000000000003 32.650000000000013 36.850000000000001 36.750000000000007
decision_type=2 2 2 2 2 2 2 2 2 2 2 2 2 2
left_child=1 -1 5 4 6 9 -3 -7 -4 -2 -11 -5 13 -13
right_child=2 3 8 11 -6 7 -8 -9 -10 10 -12 12 -14 -15
leaf_value=0.0024371140145146228 0.0013403812035297355 0.0029624190564537722 0.0036653404919033969 -0.0033511048190675409 0.00079177455792294414 0.0011479198408219067 -0.0034387529047138934 0.0067887299677621069 -0.0012488793187395797 -0.00075962937525695285 0.011015536149083726 0.00076848939021021637 -0.0031318681489134591 0.01110803165246506
leaf_weight=1153 33 93 334 3242 1098 130 732 508 204 21 498 174 383 37
leaf_count=1153 33 93 334 3242 1098 130 732 508 204 21 498 174 383 37
internal_value=-1.37495e-11 -0.00145853 0.00583413 -0.00223847 -0.000713621 0.00765708 -0.00271717 0.00563935 0.00180196 0.00998916 0.0105391 -0.00300289 -0.00110234 0.00258158
internal_weight=8640 6912 1728 5759 1923 1190 825 638 538 552 519 3836 594 211
internal_count=8640 6912 1728 5759 1923 1190 825 638 538 552 519 3836 594 211
is_linear=0
shrinkage=0.05


Tree=10
num_leaves=15
num_cat=0
split_feature=2 6 6 6 2 4 4 3 7 3 4 5 5 5
split_gain=26.5407 7.58145 4.60083 2.44683 2.39793 2.02517 1.70908 1.31098 1.20387 1.12973 2.65217 1.2387 1.0458 0.930118
threshold=86.003450000000015 1.9999999999999984 2.2000000000000015 4.2999999999999989 75.043350000000018 26.950000000000003 28.450000000000003 27.650000000000002 1.4613540144521984 26.050000000000004 25.550000000000004 26.550000000000004 26.450000000000003 31.150000000000002
decision_type=2 2 2 2 2 2 2 2 2 2 2 2 2 2
left_child=1 -1 5 4 6 9 -3 -7 12 10 -2 -11 -4 -9
right_child=2 3 8 -5 -6 7 -8 13 -10 11 -12 -13 -14 -15
leaf_value=0.0023152583166187531 0.0099398305869004208 0.0034454399366950386 -0.0050550807525723941 -0.0033078482247989927 -0.00017053988709864545 0.00099520137689978572 -0.0035006911227341551 0.0080705378578456409 -0.0011864353424992742 0.0062141967330408259 0.001061227503117744 0.012668951727495241 0.0043973124889678692 -0.00096510043208995321
leaf_weight=1153 253 96 32 2489 2032 160 1142 208 204 103 126 267 342 33
leaf_count=1153 253 96 32 2489 2032 160 1142 208 204 103 126 267 342 33
internal_value=-4.04081e-12 -0.00138561 0.00554242 -0.00212655 -0.00122739 0.0073715 -0.00296206 0.00450388 0.00190326 0.00890676 0.00698811 0.0108721 0.00358855 0.00683329
internal_weight=8640 6912 1728 5759 3270 1150 1238 401 578 749 379 370 374 241
internal_count=8640 6912 1728 5759 3270 1150 1238 401 578 749 379 370 374 241
is_linear=0
shrinkage=0.05


Tree=11
num_leaves=15
num_cat=0
split_feature=2 6 7 2 4 3 1 7 4 5 5 4 3 4
split_gain=23.953 6.9374 4.17403 2.44902 1.63721 1.47797 1.35294 1.34639 1.22802 1.22625 1.14664 1.25898 1.16389 1.08937
threshold=86.003450000000015 2.8999999999999999 1.3140268896284688 75.043350000000018 26.850000000000005 27.050000000000004 16.079350000000005 0.92736184954957135 28.750000000000004 32.650000000000013 26.650000000000002 25.650000000000002 26.050000000000004 44.550000000000004
decision_type=2 2 2 2 2 2 2 2 2 2 2 2 2 2
left_child=1 3 4 8 7 -6 9 10 -1 -3 11 -2 -12 -5
right_child=2 6 -4 13 5 -7 -8 -9 -10 -11 12 -13 -14 -15
leaf_value=0.0013399886412051184 0.0085357851956467164 -0.0023627590232682717 -0.00039556329011114955 0.0022102741870033246 -0.001304366352269426 0.0054023807421273709 -0.0029549184586214069 0.0041737882246855986 -0.002432763340409299 0.0015748104091048742 0.0057258139707510756 0.0021422518201362237 0.012817642258388724 -0.0050814185528752377
leaf_weight=319 305 465 274 1527 102 422 3538 220 666 344 78 103 224 53
leaf_count=319 305 465 274 1527 102 422 3538 220 666 344 78 103 224 53
internal_value=-3.31899e-12 -0.00131633 0.0052653 0.000745813 0.00633207 0.00409687 -0.00253311 0.00759147 -0.00121093 -0.00068844 0.00865047 0.00692173 0.010986 0.00196568
internal_weight=8640 6912 1728 2565 1454 524 4347 930 985 809 710 408 302 1580
internal_count=8640 6912 1728 2565 1454 524 4347 930 985 809 710 408 302 1580
is_linear=0
shrinkage=0.05


Tree=12
num_leaves=15
num_cat=0
split_feature=6 4 2 2 8 6 4 3 5 4 5 6 8 4
split_gain=21.7822 7.59102 4.42594 1.4782 1.63928 1.3796 1.12948 1.89043 1.1642 1.06729 1.77519 1.05998 1.04402 1.16523
threshold=2.149999999999999 27.150000000000002 78.923900000000017 75.043350000000018 27.133333333333336 3.2500000000000004 29.450000000000003 31.050000000000004 26.450000000000003 29.150000000000002 29.250000000000004 5.0499999999999998 27.550000000000004 26.050000000000004
decision_type=2 2 2 2 2 2 2 2 2 2 2 2 2 2
left_child=1 12 11 -3 -5 6 8 -8 -4 10 -6 -2 13 -1
right_child=2 3 5 4 9 -7 7 -9 -10 -11 -12 -13 -14 -15
leaf_value=0.0087282391559445754 -0.0018962247749983289 -0.00036096729907244407 -0.004820944699126163 -0.0043117620964924731 0.0039883680279658986 -0.00092792910388110833 -0.0017104101926636577 0.0048584760789305587 0.0047394849150707479 0.0023733141782733783 0.013296493848726627 -0.0035263949045098819 0.01575340364032831 0.0046990727294555492
leaf_weight=535 2724 488 35 74 274 898 357 158 353 799 63 1573 39 270
leaf_count=535 2724 488 35 74 274 898 357 158 353 799 63 1573 39 270
internal_value=-5.10334e-12 0.00388839 -0.00162091 0.00196204 0.00289893 0.000459771 0.00183979 0.000304899 0.00387708 0.00336864 0.00572846 -0.00249298 0.00776391 0.00737684
internal_weight=8640 2542 6098 1698 1210 1801 903 515 388 1136 337 4297 844 805
internal_count=8640 2542 6098 1698 1210 1801 903 515 388 1136 337 4297 844 805
is_linear=0
shrinkage=0.05


Tree=13
num_leaves=15
num_cat=0
split_feature=6 4 2 8 4 6 2 5 4 4 3 5 6 4
split_gain=19.6584 6.86488 3.99441 1.42653 1.81743 1.24509 1.18993 1.0617 1.85052 1.01935 1.70612 1.05069 0.956629 0.937407
threshold=2.149999999999999 27.250000000000004 78.923900000000017 27.450000000000006 27.750000000000004 3.2500000000000004 75.043350000000018 27.650000000000002 26.050000000000004 29.450000000000003 31.050000000000004 26.450000000000003 5.0499999999999998 44.250000000000007
decision_type=2 2 2 2 2 2 2 2 2 2 2 2 2 2
left_child=1 7 12 -3 -5 9 -6 8 -1 11 -11 -4 -2 -8
right_child=2 3 5 4 6 -7 13 -9 -10 10 -12 -13 -14 -15
leaf_value=0.0081818983224560497 -0.0018014135127127696 -0.0026119744711095559 -0.0045798974564032896 0.010977372279840298 -0.00025804628183064433 -0.00088153266385005129 0.0032069760096893845 0.01149604774427644 0.0027177032791818917 -0.001624889637481197 0.0046155521142166823 0.0045025106327750532 -0.0033500751595995485 -0.00417437002580199
leaf_weight=524 2724 164 35 58 429 898 974 128 220 357 158 353 1573 45
leaf_count=524 2724 164 35 58 429 898 974 128 220 357 158 353 1573 45
internal_value=-3.58356e-12 0.00369397 -0.00153986 0.00181639 0.00229863 0.000436782 0.001951 0.0072898 0.00656614 0.0017478 0.000289654 0.00368322 -0.00236833 0.00288101
internal_weight=8640 2542 6098 1670 1506 1801 1448 872 744 903 515 388 4297 1019
internal_count=8640 2542 6098 1670 1506 1801 1448 872 744 903 515 388 4297 1019
is_linear=0
shrinkage=0.05


Tree=14
num_leaves=15
num_cat=0
split_feature=2 6 7 6 2 4 3 8 4 7 0 4 5 4
split_gain=17.7996 5.48207 3.0921 2.13425 1.94254 1.46408 1.04463 0.976048 0.906494 0.871187 1.93449 0.863631 0.814208 0.805772
threshold=86.003450000000015 1.6499999999999988 0.98432153734889327 3.2500000000000004 75.043350000000018 26.050000000000004 26.150000000000002 25.900000000000002 25.450000000000003 0.54365021434333716 36.000000000000007 28.750000000000004 28.050000000000004 25.050000000000004
decision_type=2 2 2 2 2 2 2 2 2 2 2 2 2 2
left_child=1 -1 5 4 11 7 -7 8 9 -2 -11 12 -3 -9
right_child=2 3 -4 -5 -6 6 -8 13 -10 10 -12 -13 -14 -15
leaf_value=0.0027574092838149227 0.0099799550643450974 -0.00089386910940447706 0.0013932500147902525 -0.0023638546317290912 0.00082882820177132555 -0.00066270588250416857 0.0051496246972057812 0.0024624988244011485 -0.00015218907792586834 0.013545653467568067 0.00021368761533974775 -0.0029506303121813373 0.0066774193877460102 0.011359006471516645
leaf_weight=800 136 184 538 3836 1305 90 548 29 50 39 90 743 44 208
leaf_count=800 136 184 538 3836 1305 90 548 29 50 39 90 743 44 208
internal_value=9.35695e-13 -0.00113472 0.00453888 -0.00164416 -0.000431179 0.00596102 0.0043297 0.00784649 0.00602278 0.00718787 0.00424428 -0.0021246 0.000567257 0.0102704
internal_weight=8640 6912 1728 6112 2276 1190 638 552 315 265 129 971 228 237
internal_count=8640 6912 1728 6112 2276 1190 638 552 315 265 129 971 228 237
is_linear=0
shrinkage=0.05


Tree=15
num_leaves=15
num_cat=0
split_feature=6 4 2 3 4 4 5 7 6 5 8 8 5 6
split_gain=16.0836 5.10221 3.59254 1.36152 1.64919 1.12734 2.03341 1.088 1.03021 0.991901 0.982446 0.972838 0.938018 0.923922
threshold=2.0000000000000022 27.150000000000002 78.923900000000017 26.850000000000005 28.850000000000005 29.850000000000005 31.750000000000004 1.4613540144521984 1.1999999999999977 26.450000000000003 27.550000000000004 31.183333333333337 28.650000000000002 4.3000000000000034
decision_type=2 2 2 2 2 2 2 2 2 2 2 2 2 2
left_child=1 10 13 -3 12 7 -7 9 -6 -4 -1 -8 -5 -2
right_child=2 3 5 4 8 6 11 -9 -10 -11 -12 -13 -14 -15
leaf_value=0.0064075641356485498 -0.0014008895794068183 -0.0018749282290382197 -0.0041871664796157611 0.0035689342705976044 0.0038462761511571797 -0.0024505416052819345 0.012337207559141375 -0.00097789106656405661 0.00038776010486354278 0.003813530298961604 0.01509420239530942 0.001352285966602435 0.0091544818663564717 -0.0028525071631710576
leaf_weight=763 2255 211 42 217 310 614 21 220 705 499 34 501 115 2133
leaf_count=763 2255 211 42 217 310 614 21 220 705 499 34 501 115 2133
internal_value=-1.51553e-12 0.00352421 -0.00132053 0.00185965 0.00244465 0.000497574 -0.000500049 0.0019868 0.00144406 0.0031924 0.00677814 0.00179421 0.00550369 -0.00210652
internal_weight=8640 2355 6285 1558 1347 1897 1136 761 1015 541 797 522 332 4388
internal_count=8640 2355 6285 1558 1347 1897 1136 761 1015 541 797 522 332 4388
is_linear=0
shrinkage=0.05


Tree=16
num_leaves=15
num_cat=0
split_feature=2 6 7 6 2 4 3 4 3 3 7 4 3 5
split_gain=14.601 4.48554 2.64406 1.78475 1.69705 1.10873 1.16823 1.15199 1.20212 0.927193 0.832517 0.996586 1.94161 0.829075
threshold=86.003450000000015 1.6499999999999988 1.3140268896284688 3.2500000000000004 75.043350000000018 26.850000000000005 27.050000000000004 24.750000000000004 25.250000000000004 25.550000000000004 0.92736184954957135 25.650000000000002 26.050000000000004 26.950000000000003
decision_type=2 2 2 2 2 2 2 2 2 2 2 2 2 2
left_child=1 -1 5 4 -3 7 -7 9 -9 -2 11 -10 -13 -14
right_child=2 3 -4 -5 -6 6 -8 8 10 -11 -12 12 13 -15
leaf_value=0.0024929240408073385 0.0099918770007789148 -0.0019621114138194651 -0.00039459380221784282 -0.002146671638191064 0.00079839091517844773 -0.001681518155679691 0.0042811960770066616 0.00077285076796005563 0.010473904614936504 -0.00083027882011313186 0.0042827877395347448 0.00012421437034693857 0.0041166383577811144 0.011046777539689776
leaf_weight=800 25 971 274 3836 1305 102 422 78 264 95 174 90 62 142
leaf_count=800 25 971 274 3836 1305 102 422 78 264 95 174 90 62 142
internal_value=-6.3628e-12 -0.00102772 0.00411088 -0.00148854 -0.00037931 0.00495992 0.00312052 0.00599631 0.00667364 0.00142434 0.00730242 0.00824402 0.00624168 0.00894056
internal_weight=8640 6912 1728 6112 2276 1454 524 930 810 120 732 558 294 204
internal_count=8640 6912 1728 6112 2276 1454 524 930 810 120 732 558 294 204
is_linear=0
shrinkage=0.05


Tree=17
num_leaves=15
num_cat=0
split_feature=7 4 2 3 4 5 4 2 4 3 1 5 3 4
split_gain=13.1863 5.0877 2.56268 1.34645 1.67949 0.965586 1.68145 0.935 0.79824 0.834401 1.5275 1.10051 0.79155 0.786208
threshold=0.92736184954957135 27.250000000000004 78.923900000000017 27.250000000000004 28.950000000000003 26.950000000000003 25.850000000000005 75.043350000000018 44.250000000000007 30.050000000000004 27.379200000000004 32.350000000000001 26.050000000000004 29.450000000000003
decision_type=2 2 2 2 2 2 2 2 2 2 2 2 2 2
left_child=1 5 13 -3 -5 6 -1 -6 9 10 -9 -11 -7 -2
right_child=2 3 -4 4 7 12 -8 8 -10 11 -12 -13 -14 -15
leaf_value=0.0063386175837076026 -0.0012707129545569554 -0.0013056940006046919 0.00031368905517516915 0.0056790485922688077 -0.0014519423173505784 0.0027959628612734379 -0.00028383246855810283 -0.00099619909167467146 -0.0042718318746762076 0.0065345773337467106 0.011121342087100292 0.0017558282293477665 0.0093117386229979483 -0.0026274786579644073
leaf_weight=411 2169 360 1793 268 246 56 125 252 47 200 29 303 278 2103
leaf_count=411 2169 360 1793 268 246 56 125 252 47 200 29 303 278 2103
internal_value=-8.15363e-12 0.00299779 -0.00127276 0.0014102 0.00213713 0.00610911 0.0047942 0.00125576 0.00205732 0.00243675 0.000254366 0.00365593 0.00821927 -0.00193862
internal_weight=8640 2575 6065 1705 1345 870 536 1077 831 784 281 503 334 4272
internal_count=8640 2575 6065 1705 1345 870 536 1077 831 784 281 503 334 4272
is_linear=0
shrinkage=0.05


Tree=18
num_leaves=15
num_cat=0
split_feature=2 6 7 6 2 4 4 4 3 3 3 0 4 3
split_gain=12.018 3.70024 2.21111 1.54053 1.72388 1.09404 0.9558 1.02689 1.09627 1.02204 0.818108 0.774299 0.742803 1.80779
threshold=86.003450000000015 1.6499999999999988 1.3140268896284688 4.2999999999999989 75.043350000000018 28.450000000000003 26.850000000000005 24.750000000000004 25.250000000000004 27.050000000000004 25.550000000000004 36.000000000000007 37.250000000000007 30.750000000000004
decision_type=2 2 2 2 2 2 2 2 2 2 2 2 2 2
left_child=1 11 6 4 5 -3 7 10 -9 -8 -2 -1 13 -6
right_child=2 3 -4 -5 12 -7 9 8 -10 -11 -12 -13 -14 -15
leaf_value=1.0649074868898291e-05 0.0091994522698223592 0.0022492357309657207 -0.00039054850475602599 -0.0023086457597950409 -0.00028173788698793086 -0.0025366747281521549 -0.001693379248129478 0.00047276113928558354 0.0067082085987267368 0.0038837883285630865 -0.00096617115759535836 0.0033384688259311284 -0.0023535313047864208 0.0034367539293863347
leaf_weight=258 25 132 274 2489 1567 1252 102 78 732 422 95 542 259 413
leaf_count=258 25 132 274 2489 1567 1252 102 78 732 422 95 542 259 413
internal_value=-7.79904e-12 -0.000932394 0.00372958 -0.00135093 -0.000692985 -0.00208022 0.004506 0.00546826 0.00610776 0.00279816 0.00115167 0.00226525 0.000164507 0.000493887
internal_weight=8640 6912 1728 6112 3623 1384 1454 930 810 524 120 800 2239 1980
internal_count=8640 6912 1728 6112 3623 1384 1454 930 810 524 120 800 2239 1980
is_linear=0
shrinkage=0.05


Tree=19
num_leaves=15
num_cat=0
split_feature=2 6 7 2 4 4 3 5 4 1 5 4 3 4
split_gain=10.8463 3.36394 2.00772 1.78097 1.16526 0.873411 1.17752 1.9561 1.2909 2.39966 1.93413 0.827996 0.989526 0.957767
threshold=86.003450000000015 3.2500000000000004 1.3900434470236294 75.043350000000018 28.750000000000004 44.550000000000004 30.450000000000003 32.150000000000013 30.650000000000002 27.379200000000004 28.750000000000004 26.850000000000005 27.050000000000004 24.750000000000004
decision_type=2 2 2 2 2 2 2 2 2 2 2 2 2 2
left_child=1 3 11 4 -1 6 8 -8 10 -10 -5 13 -13 -2
right_child=2 -3 -4 5 -6 -7 7 -9 9 -11 -12 12 -14 -15
leaf_value=0.0013567991566682694 0.0009825988294801019 -0.0018735223383721578 -0.00067007773010387887 7.4603500480897953e-05 -0.0021120526781682387 -0.0047806234311377795 0.0078956616812431053 0.001645619894900766 -0.003905092385961212 0.011506213832347255 0.005581567819869189 -0.0017182784457243265 0.0037155401951095984 0.005727931657146774
leaf_weight=335 122 3836 243 617 873 57 164 529 258 28 215 104 431 828
leaf_count=335 122 3836 243 617 873 57 164 529 258 28 215 104 431 828
internal_value=-1.91771e-12 -0.000885774 0.0035431 0.000346021 -0.00115008 0.00131352 0.00150533 0.00312471 0.000501545 -0.00239629 0.00149768 0.00423253 0.00265925 0.00511853
internal_weight=8640 6912 1728 3076 1208 1868 1811 693 1118 286 832 1485 535 950
internal_count=8640 6912 1728 3076 1208 1868 1811 693 1118 286 832 1485 535 950
is_linear=0
shrinkage=0.05


Tree=20
num_leaves=15
num_cat=0
split_feature=6 4 2 8 4 3 5 3 4 4 6 4 5 4
split_gain=9.95575 3.27636 2.16264 1.42734 1.49013 1.14646 0.873793 0.770006 0.956871 0.800761 0.725185 0.721985 1.8664 0.830067
threshold=2.0000000000000022 27.750000000000004 78.923900000000017 27.550000000000004 26.250000000000004 26.250000000000004 28.050000000000004 25.250000000000004 25.050000000000004 24.750000000000004 5.0499999999999998 29.850000000000005 30.050000000000004 30.650000000000002
decision_type=2 2 2 2 2 2 2 2 2 2 2 2 2 2
left_child=1 3 10 4 7 -6 -3 8 -1 -9 -2 -4 -13 -14
right_child=2 6 11 -5 5 -7 -8 9 -10 -11 -12 12 13 -15
leaf_value=0.0074288586522777414 -0.0011682860384483078 -0.0014784370939300746 0.0015634557529877011 0.01107216107834319 -0.0026475450934986904 0.0037875436866541185 0.0018126283634065329 0.0014871044852770865 -0.002652581524811327 0.0076917891835387893 -0.0025086543620144882 -0.0031390706490249318 0.0089617783676658302 0.00072610871260572361
leaf_weight=43 2815 244 761 89 103 211 1163 60 52 390 1573 407 32 697
leaf_count=43 2815 244 761 89 103 211 1163 60 52 390 1573 407 32 697
internal_value=2.66722e-12 0.00277273 -0.00103895 0.00504475 0.00442026 0.00167667 0.0012419 0.00600097 0.0019106 0.0068645 -0.00164878 0.000371673 -0.000426696 0.00108762
internal_weight=8640 2355 6285 948 859 314 1407 545 95 450 4388 1897 1136 729
internal_count=8640 2355 6285 948 859 314 1407 545 95 450 4388 1897 1136 729
is_linear=0
shrinkage=0.05


Tree=21
num_leaves=15
num_cat=0
split_feature=7 4 2 8 4 5 4 8 4 5 4 4 5 2
split_gain=9.02038 3.6187 1.67236 1.06299 1.20157 0.879122 1.16951 0.786662 0.834312 0.784047 1.55195 0.993188 0.879185 0.761041
threshold=0.92736184954957135 27.250000000000004 78.923900000000017 27.450000000000006 27.750000000000004 27.650000000000002 26.050000000000004 25.900000000000002 25.450000000000003 32.350000000000001 30.450000000000003 36.750000000000007 36.750000000000007 75.043350000000018
decision_type=2 2 2 2 2 2 2 2 2 2 2 2 2 2
left_child=1 5 -2 -3 -5 6 7 8 -1 10 -4 12 -11 -6
right_child=2 3 9 4 13 -7 -8 -9 -10 11 -12 -13 -14 -15
leaf_value=0.0053171859771563587 -0.0015905771864356537 -0.0026482031794967591 0.00093871970677490918 0.0086756051812124889 -0.00044062985138091797 0.0088955054523047212 0.0014009287107205842 0.0082670013754450062 -0.0017042260924354194 0.0025978758466298794 -0.0026008042725824414 -0.0014154176634030055 0.010880847445999584 0.0020253439024614183
leaf_weight=275 4272 167 819 57 449 130 222 193 50 291 498 149 36 1032
leaf_count=275 4272 167 819 57 449 130 222 193 50 291 498 149 36 1032
internal_value=-2.91809e-12 0.00247943 -0.00105269 0.00114051 0.0015519 0.00510341 0.00443723 0.00573851 0.00423697 0.000228894 -0.000399688 0.00196806 0.00350976 0.00127773
internal_weight=8640 2575 6065 1705 1538 870 740 518 325 1793 1317 476 327 1481
internal_count=8640 2575 6065 1705 1538 870 740 518 325 1793 1317 476 327 1481
is_linear=0
shrinkage=0.05


Tree=22
num_leaves=15
num_cat=0
split_feature=7 4 6 4 5 3 4 3 4 1 8 3 8 5
split_gain=8.15328 2.76727 1.94816 1.55404 1.62628 1.22745 1.24264 1.21758 1.25331 1.11444 1.54982 1.07442 0.907084 0.806731
threshold=0.85504640609376792 27.050000000000004 3.2500000000000004 28.450000000000003 27.350000000000005 30.850000000000005 36.650000000000013 26.850000000000005 28.850000000000005 22.610250000000004 27.866666666666671 27.750000000000004 27.550000000000004 28.650000000000002
decision_type=2 2 2 2 2 2 2 2 2 2 2 2 2 2
left_child=1 12 3 4 -2 9 -7 -3 13 -5 -11 -6 -1 -9
right_child=2 7 -4 5 11 6 -8 8 -10 10 -12 -13 -14 -15
leaf_value=0.0047688619120559786 1.6992046208175062e-05 -0.0022447414361807866 -0.0015723957071455835 -0.0018958594220970426 0.0072028593058721772 0.0044819654944149084 -0.001714731456542557 0.0027477816369481413 0.00098037771430567445 -0.005893553935245357 0.0048552669987663739 0.0010046872233442211 0.015309721621729078 0.0078152262586161127
leaf_weight=726 361 204 4079 1099 195 209 132 231 970 44 141 109 21 119
leaf_count=726 361 204 4079 1099 195 209 132 231 970 44 141 109 21 119
internal_value=3.59937e-12 0.00257221 -0.000917175 0.000249919 0.00228602 -0.000583315 0.00208324 0.00135025 0.00190585 -0.00129149 0.00229879 0.00498049 0.00506519 0.00447071
internal_weight=8640 2271 6369 2290 665 1625 341 1524 1320 1284 185 304 747 350
internal_count=8640 2271 6369 2290 665 1625 341 1524 1320 1284 185 304 747 350
is_linear=0
shrinkage=0.05


Tree=23
num_leaves=15
num_cat=0
split_feature=7 4 6 4 5 3 4 3 4 1 8 3 5 8
split_gain=7.35833 2.49746 1.75822 1.40252 1.46772 1.10778 1.12149 1.09887 1.13649 1.00578 1.39871 0.969666 0.931709 0.818643
threshold=0.85504640609376792 27.050000000000004 3.2500000000000004 28.450000000000003 27.350000000000005 30.850000000000005 36.650000000000013 26.850000000000005 28.750000000000004 22.610250000000004 27.866666666666671 27.750000000000004 28.750000000000004 27.550000000000004
decision_type=2 2 2 2 2 2 2 2 2 2 2 2 2 2
left_child=1 13 3 4 -2 9 -7 -3 -9 -5 -11 -6 -10 -1
right_child=2 7 -4 5 11 6 -8 8 12 10 -12 -13 -14 -15
leaf_value=0.0045304188553361574 1.61424477699463e-05 -0.0021325043767836749 -0.0014937759297758129 -0.0018010664444688042 0.0068427163603094719 0.0042578671804883268 -0.0016289949304226674 0.0044202352784374257 -0.0022508899478822599 -0.005598876223137433 0.0046125036528902067 0.00095445279783885418 0.001703261201227102 0.014544235773029782
leaf_weight=726 361 204 4079 1099 195 209 132 317 182 44 141 109 821 21
leaf_count=726 361 204 4079 1099 195 209 132 317 182 44 141 109 821 21
internal_value=7.28017e-13 0.0024436 -0.000871316 0.000237424 0.00217172 -0.000554149 0.00197908 0.00128274 0.00181055 -0.00122692 0.00218385 0.00473146 0.000985758 0.00481193
internal_weight=8640 2271 6369 2290 665 1625 341 1524 1320 1284 185 304 1003 747
internal_count=8640 2271 6369 2290 665 1625 341 1524 1320 1284 185 304 1003 747
is_linear=0
shrinkage=0.05


Tree=24
num_leaves=15
num_cat=0
split_feature=7 4 6 4 5 8 4 3 4 3 1 8 3 5
split_gain=6.64089 2.2624 1.58679 1.26577 1.32461 1.16328 1.24173 0.999769 1.01214 0.970191 0.907717 1.26234 0.878071 0.85801
threshold=0.85504640609376792 27.750000000000004 3.2500000000000004 28.450000000000003 27.350000000000005 27.550000000000004 26.250000000000004 30.850000000000005 36.650000000000013 26.250000000000004 22.610250000000004 27.866666666666671 27.950000000000003 28.750000000000004
decision_type=2 2 2 2 2 2 2 2 2 2 2 2 2 2
left_child=1 5 3 4 -2 6 -1 10 -9 -8 -5 -12 -6 -3
right_child=2 13 -4 7 12 -7 9 8 -10 -11 11 -13 -14 -15
leaf_value=0.0051303336055764917 1.5335313078026365e-05 -0.00076309101414878081 -0.0014190871369185796 -0.0017110131316379702 0.0063622962150768174 0.0097619502985211055 -0.0028484053014407812 0.0040449738905221477 -0.0015475451819260012 0.0031000703087513243 -0.0053189324299720208 0.0043818784616755464 0.00062804124365099757 0.0019104223617919921
leaf_weight=529 361 452 4079 1099 205 86 102 209 132 209 44 141 99 893
leaf_count=529 361 452 4079 1099 205 86 102 209 132 209 44 141 99 893
internal_value=-5.96693e-13 0.00232142 -0.00082775 0.000225552 0.00206313 0.00422338 0.00365634 -0.000526442 0.00188013 0.00114912 -0.00116557 0.00207466 0.00449489 0.00101196
internal_weight=8640 2271 6369 2290 665 926 840 1625 341 311 1284 185 304 1345
internal_count=8640 2271 6369 2290 665 926 840 1625 341 311 1284 185 304 1345
is_linear=0
shrinkage=0.05


Tree=25
num_leaves=15
num_cat=0
split_feature=2 6 7 6 2 3 5 4 0 1 5 5 4 4
split_gain=6.00464 2.03067 1.12818 0.948663 1.14047 1.23633 0.788367 0.698712 0.663021 0.659288 0.606224 0.584828 1.38148 0.545107
threshold=86.003450000000015 1.6499999999999988 1.414213562373096 4.4000000000000004 75.043350000000018 25.550000000000004 27.250000000000004 32.550000000000004 36.000000000000007 16.079350000000005 31.950000000000003 36.750000000000007 39.150000000000013 24.350000000000005
decision_type=2 2 2 2 2 2 2 2 2 2 2 2 2 2
left_child=1 8 7 4 5 6 -3 13 9 -1 -4 -5 -13 -2
right_child=2 3 10 11 -6 -7 -8 -9 -10 -11 -12 12 -14 -15
leaf_value=0.0025321373897436838 -0.0031881716204225086 -0.0028456271936496101 -0.0013814124239850769 -0.0019304765442663169 0.00018611732099341053 -0.0019357323409134764 0.0089292069008065893 -0.0061421951488591737 0.0027028852625419178 -0.0025728810882690006 0.0077231655608920842 0.0096385410779180961 -0.0026073212498707362 0.003409621548814678
leaf_weight=111 32 21 213 2227 2380 1342 44 20 542 147 20 37 61 1443
leaf_count=111 32 21 213 2227 2380 1342 44 20 542 147 20 37 61 1443
internal_value=2.56813e-12 -0.000659063 0.00263625 -0.00096912 -0.000481032 -0.00160954 0.00512503 0.00314061 0.00170977 -0.000376536 -0.000599904 -0.00176413 0.00201612 0.00326648
internal_weight=8640 6912 1728 6112 3787 1407 65 1495 800 258 233 2325 98 1475
internal_count=8640 6912 1728 6112 3787 1407 65 1495 800 258 233 2325 98 1475
is_linear=0
shrinkage=0.05


Tree=26
num_leaves=15
num_cat=0
split_feature=7 4 6 4 5 5 3 5 4 4 8 3 3 8
split_gain=5.47134 2.343 1.12464 1.00225 1.30635 0.920198 0.880203 0.8629 1.01466 0.840936 0.80395 0.784284 0.768454 0.761876
threshold=0.92736184954957135 26.850000000000005 3.5000000000000022 29.050000000000004 27.650000000000002 27.050000000000004 30.450000000000003 26.950000000000003 25.650000000000002 27.750000000000004 27.550000000000004 34.550000000000004 26.050000000000004 27.366666666666671
decision_type=2 2 2 2 2 2 2 2 2 2 2 2 2 2
left_child=1 7 3 4 -2 -3 -5 8 -1 10 -7 -8 -9 -6
right_child=2 5 -4 6 13 9 11 12 -10 -11 -12 -13 -14 -15
leaf_value=0.0045105807336662763 -0.00024324489791661616 -0.0036752846071238417 -0.0013921512912339123 -0.0014438753615448709 0.0069578790673030869 0.0014400939006832833 0.0029287381291548918 0.0014291930731605345 -0.00044315039138293378 0.0008439725543256222 0.0079463781090453271 -0.0015835910063346941 0.0083170745496337854 0.0020630249042838957
leaf_weight=373 538 101 3554 1197 117 106 257 52 143 1531 86 154 183 248
leaf_count=373 538 101 3554 1197 117 106 257 52 143 1531 86 154 183 248
internal_value=-5.12258e-12 0.00193102 -0.000819848 -9.82471e-06 0.00132319 0.000963244 -0.000758399 0.00428152 0.00313774 0.00123515 0.00435437 0.00123799 0.00679295 0.00363206
internal_weight=8640 2575 6065 2511 903 1824 1608 751 516 1723 192 411 235 365
internal_count=8640 2575 6065 2511 903 1824 1608 751 516 1723 192 411 235 365
is_linear=0
shrinkage=0.05


Tree=27
num_leaves=15
num_cat=0
split_feature=7 4 2 5 4 3 8 4 3 5 4 8 4 8
split_gain=4.97428 1.77446 1.20714 1.06432 1.54105 0.979822 0.784773 0.687278 1.01088 0.66965 1.34396 0.745874 0.679827 0.836354
threshold=0.85504640609376792 25.850000000000005 78.923900000000017 26.950000000000003 27.750000000000004 26.850000000000005 25.900000000000002 34.050000000000004 30.550000000000004 32.350000000000001 30.450000000000003 31.100000000000005 24.950000000000003 27.133333333333336
decision_type=2 2 2 2 2 2 2 2 2 2 2 2 2 2
left_child=1 6 7 -3 5 -5 -1 8 -2 10 12 -11 -4 -14
right_child=2 3 9 4 -6 -7 -8 -9 -10 11 -12 -13 13 -15
leaf_value=0.0034795162376656859 -0.00096516388407704541 -0.0023401214459860629 -0.0027275533971861808 0.0018649798837213896 0.0009537873686109523 0.0072286373347166802 0.008112977085560984 -0.002378432898903101 0.005476778744149112 0.011359402753878386 -0.0021926633715580175 0.0015045055892430052 0.0047353210213294207 0.00066099590820178477
leaf_weight=297 3428 178 110 160 1322 182 132 933 62 20 542 480 157 637
leaf_count=297 3428 178 110 160 1322 182 132 933 62 20 542 480 157 637
internal_value=7.13771e-12 0.00200912 -0.000716392 0.00133462 0.00172771 0.00471932 0.0049052 -0.00117298 -0.000850722 0.000321375 -0.000224035 0.0018987 0.000956271 0.00146662
internal_weight=8640 2271 6369 1842 1664 342 429 4423 3490 1946 1446 500 904 794
internal_count=8640 2271 6369 1842 1664 342 429 4423 3490 1946 1446 500 904 794
is_linear=0
shrinkage=0.05


Tree=28
num_leaves=15
num_cat=0
split_feature=6 4 2 8 4 5 4 7 4 4 3 1 5 8
split_gain=4.52953 2.45155 1.12837 0.985667 2.06642 0.881754 0.99882 1.02186 0.764684 0.739075 1.01575 1.88897 0.803465 0.75454
threshold=3.0000000000000022 27.750000000000004 75.043350000000018 28.150000000000006 29.050000000000004 27.650000000000002 26.550000000000004 0.94633797110522677 25.550000000000004 43.750000000000007 29.750000000000004 27.379200000000004 31.250000000000004 31.516666666666669
decision_type=2 2 2 2 2 2 2 2 2 2 2 2 2 2
left_child=1 5 -3 -4 -5 6 7 -1 -7 10 11 -6 13 -12
right_child=-2 2 3 4 9 8 -8 -9 -10 -11 12 -13 -14 -15
leaf_value=0.0038696832191239755 -0.0011157790313339299 -0.00097455450931029834 -0.0018791575926738594 0.0070945168397309709 -0.0016650856558414707 0.013755247830219256 -0.0011947607101238749 -0.00012190077258361821 0.00448580720316863 -0.0036500906972101003 0.0040225444686257106 0.0076543654578046932 0.0014012815264927148 0.014227557163685562
leaf_weight=658 4431 1043 241 152 442 24 180 212 305 82 192 62 596 20
leaf_count=658 4431 1043 241 152 442 24 180 212 305 82 192 62 596 20
internal_value=-2.01517e-12 0.00117463 0.000332286 0.00109504 0.00155867 0.0029033 0.00219557 0.00289702 0.005162 0.000955049 0.00124287 -0.000518645 0.00234164 0.00498528
internal_weight=8640 4209 2830 1787 1546 1379 1050 870 329 1394 1312 504 808 212
internal_count=8640 4209 2830 1787 1546 1379 1050 870 329 1394 1312 504 808 212
is_linear=0
shrinkage=0.05


Tree=29
num_leaves=15
num_cat=0
split_feature=6 2 4 4 5 4 3 3 5 3 5 4 5 6
split_gain=4.10846 1.70723 0.726791 0.726239 1.33231 1.12654 0.909791 0.81421 0.700157 0.734964 0.686952 0.844528 0.98942 0.716445
threshold=1.5999999999999999 78.923900000000017 34.050000000000004 29.150000000000002 30.050000000000004 30.650000000000002 29.750000000000004 32.850000000000001 35.350000000000001 33.150000000000013 36.45000000000001 34.250000000000007 32.650000000000013 4.7500000000000009
decision_type=2 2 2 2 2 2 2 2 2 2 2 2 2 2
left_child=-1 2 -2 -3 6 -6 -5 10 9 -9 11 12 -7 -14
right_child=1 3 -4 4 5 7 -8 8 -10 -11 -12 -13 13 -15
leaf_value=0.0023420342720950919 -0.00074289031444770275 0.0017049539473874675 -0.0022799682835249534 -0.0025549156127778836 0.0077652844284117842 -0.0013068003010184592 0.0038383514860705023 0.013641428111904217 0.00020038088762455369 0.0037368195449253398 0.006999576483564131 -0.0041973535419385618 0.0023885314735317873 0.012713927394222647
leaf_weight=1539 3757 900 967 543 60 257 62 22 132 126 29 141 84 21
leaf_count=1539 3757 900 967 543 60 257 62 22 132 126 29 141 84 21
internal_value=5.26581e-13 -0.000507589 -0.00105753 0.00058535 -9.68727e-05 0.00115397 -0.00189974 0.000665447 0.00284786 0.00520913 -0.000483191 -0.000914603 0.000364037 0.00445361
internal_weight=8640 7101 4724 2377 1477 872 605 812 280 148 532 503 362 105
internal_count=8640 7101 4724 2377 1477 872 605 812 280 148 532 503 362 105
is_linear=0
shrinkage=0.05


Tree=30
num_leaves=15
num_cat=0
split_feature=6 4 2 8 4 5 4 7 4 4 3 1 5 1
split_gain=3.78487 2.08991 0.971318 0.891621 1.8217 0.791576 0.907747 0.883956 0.691606 0.656843 0.841966 1.69561 0.718345 0.716823
threshold=3.0000000000000022 27.750000000000004 75.043350000000018 28.150000000000006 29.050000000000004 27.650000000000002 26.550000000000004 0.94633797110522677 25.550000000000004 43.750000000000007 29.750000000000004 27.379200000000004 31.250000000000004 27.379200000000004
decision_type=2 2 2 2 2 2 2 2 2 2 2 2 2 2
left_child=1 5 -3 -4 -5 6 7 -1 -7 10 11 -6 13 -12
right_child=-2 2 3 4 9 8 -8 -9 -10 -11 12 -13 -14 -15
leaf_value=0.0035726218808241083 -0.0010199459906803906 -0.00091648503475218006 -0.0018250632406061678 0.0066423666737759242 -0.001540715758472708 0.012982237808561573 -0.0012328065038956185 -0.00013985735296166308 0.0041668422652034421 -0.0034635012259525131 0.0032256437603749161 0.0072888889942635529 0.0012604484868907033 0.010586932392949921
leaf_weight=658 4431 1043 241 152 442 24 180 212 305 82 171 62 596 41
leaf_count=658 4431 1043 241 152 442 24 180 212 305 82 171 62 596 41
internal_value=5.21012e-12 0.00107374 0.000296003 0.00100368 0.00144465 0.00266983 0.00199927 0.00266797 0.00480991 0.000877894 0.00114923 -0.000454534 0.0021496 0.00464929
internal_weight=8640 4209 2830 1787 1546 1379 1050 870 329 1394 1312 504 808 212
internal_count=8640 4209 2830 1787 1546 1379 1050 870 329 1394 1312 504 808 212
is_linear=0
shrinkage=0.05


Tree=31
num_leaves=15
num_cat=0
split_feature=6 4 5 2 5 4 7 0 4 1 5 4 3 4
split_gain=3.41584 1.88615 0.914211 0.850035 0.738729 1.05604 0.847451 0.79674 0.690414 0.74229 1.82764 1.31306 1.25093 1.07573
threshold=3.0000000000000022 27.750000000000004 27.150000000000002 75.043350000000018 26.650000000000002 25.650000000000002 0.54365021434333716 36.000000000000007 43.750000000000007 27.379200000000004 31.550000000000004 30.350000000000005 30.450000000000003 31.050000000000004
decision_type=2 2 2 2 2 2 2 2 2 2 2 2 2 2
left_child=1 4 -3 -4 5 6 -1 -8 9 12 11 -11 13 -5
right_child=-2 2 3 8 -6 -7 7 -9 -10 10 -12 -13 -14 -15
leaf_value=0.005147992994494012 -0.00096894869327278669 -0.0033304547061297029 -0.00066799650143978219 0.00062171677085835232 0.0035945901179754072 -0.002295666344360096 0.0049306347055910497 -0.00085975273392755326 -0.0032903261933470056 0.0039232593372267172 0.00029925364428656201 0.013211693079210819 0.0029456445694836784 -0.0037977671471105244
leaf_weight=180 4431 165 978 608 751 156 83 209 82 104 213 60 442 178
leaf_count=180 4431 165 978 608 751 156 83 209 82 104 213 60 442 178
internal_value=4.70614e-12 0.00102006 0.000281203 0.000504814 0.00253634 0.00127081 0.00244956 0.000786145 0.00118472 0.00141336 0.00335401 0.00732147 0.00081757 -0.000379133
internal_weight=8640 4209 2830 2665 1379 628 472 292 1687 1605 377 164 1228 786
internal_count=8640 4209 2830 2665 1379 628 472 292 1687 1605 377 164 1228 786
is_linear=0
shrinkage=0.05


Tree=32
num_leaves=15
num_cat=0
split_feature=6 2 4 3 4 4 5 4 3 3 4 5 7 5
split_gain=3.16265 1.33939 0.631043 0.560795 0.735625 0.523616 1.30366 1.25715 0.956074 0.688532 0.652818 0.637193 0.671115 0.945988
threshold=1.5999999999999999 78.923900000000017 34.050000000000004 31.150000000000002 30.450000000000003 29.450000000000003 30.050000000000004 30.650000000000002 29.750000000000004 32.850000000000001 31.950000000000003 26.050000000000004 1.4613540144521984 29.050000000000004
decision_type=2 2 2 2 2 2 2 2 2 2 2 2 2 2
left_child=-1 2 3 -2 -5 11 8 -8 -7 -9 -10 -3 13 -13
right_child=1 5 -4 4 -6 6 7 9 10 -11 -12 12 -14 -15
leaf_value=0.0020548441872222417 -0.00071021668272974042 -0.0071841020225768999 -0.0020715271355493973 -0.0019503646246764974 0.010218147643738323 -0.0026834142612722806 0.0086691447774893075 -0.00040652408363924301 0.007823964977974239 0.0026566750328389128 -0.0031105528718658858 0.0015355388400343879 -0.00095250372969119543 0.0064223950351657488
leaf_weight=1539 3707 21 967 23 27 499 52 532 39 280 21 616 199 118
leaf_count=1539 3707 21 967 23 27 499 52 532 39 280 21 616 199 118
internal_value=1.00767e-12 -0.000445346 -0.000932453 -0.000639271 0.00462063 0.000522719 -8.4903e-05 0.0011324 -0.00196639 0.000649751 0.00399688 0.00142906 0.00162292 0.00232116
internal_weight=8640 7101 4724 3757 50 2377 1423 864 559 812 60 954 933 734
internal_count=8640 7101 4724 3757 50 2377 1423 864 559 812 60 954 933 734
is_linear=0
shrinkage=0.05


Tree=33
num_leaves=15
num_cat=0
split_feature=6 2 4 5 3 8 4 3 4 4 8 3 4 5
split_gain=2.85429 1.2088 0.583632 0.583555 0.525244 0.523403 0.508135 1.03489 0.902089 0.883206 0.893447 0.804682 0.515237 0.585979
threshold=1.5999999999999999 78.923900000000017 30.950000000000003 29.350000000000005 27.750000000000004 29.183333333333341 25.650000000000002 26.050000000000004 24.750000000000004 27.350000000000005 27.550000000000004 25.250000000000004 26.850000000000005 26.750000000000004
decision_type=2 2 2 2 2 2 2 2 2 2 2 2 2 2
left_child=6 2 3 5 -5 -2 8 -8 -1 10 12 -10 13 -9
right_child=1 -3 -4 4 -6 -7 7 9 11 -11 -12 -13 -14 -15
leaf_value=-0.0037243395550724343 -0.00069003409940039488 0.00049658311998984303 -0.0016540339382471001 0.0083837049745136144 0.00081407175930993012 0.0051404405695696679 -0.003105617576617409 0.0004838363366077977 -0.00040093981143501066 0.001198191689847425 0.012911836882787093 0.0065281010587403378 0.0001895042142859893 0.0069967336280064452
leaf_weight=34 2954 2377 1623 33 75 39 110 49 54 880 28 187 80 117
leaf_count=34 2954 2377 1623 33 75 39 110 49 54 880 28 187 80 117
internal_value=4.03891e-12 -0.000423079 -0.00088583 -0.000483768 0.00312702 -0.000614061 0.0019521 0.00152833 0.00389991 0.00197004 0.00444897 0.00497554 0.00348572 0.00507425
internal_weight=8640 7101 4724 3101 108 2993 1539 1264 275 1154 274 241 246 166
internal_count=8640 7101 4724 3101 108 2993 1539 1264 275 1154 274 241 246 166
is_linear=0
shrinkage=0.05


Tree=34
num_leaves=15
num_cat=0
split_feature=6 4 5 4 5 2 3 5 4 7 0 4 5 4
split_gain=2.60791 1.54669 1.10451 0.777502 0.83478 0.779223 0.612999 0.572842 0.643714 0.763902 0.753846 0.587719 0.569341 1.13643
threshold=3.0000000000000022 27.050000000000004 27.150000000000002 28.850000000000005 28.050000000000004 75.043350000000018 27.150000000000002 26.650000000000002 25.550000000000004 0.54365021434333716 36.000000000000007 25.050000000000004 32.650000000000013 36.750000000000007
decision_type=2 2 2 2 2 2 2 2 2 2 2 2 2 2
left_child=1 7 -3 4 6 -5 -4 8 9 -1 -11 -9 -2 -14
right_child=12 2 3 5 -6 -7 -8 11 -10 10 -12 -13 13 -15
leaf_value=0.0050260660685700629 -0.0010803603539677707 -0.0030848769924181597 -0.00078351557968358567 -0.0013097890693148928 0.0037471708767653116 0.00074499254279707843 0.0043101930369933454 -0.00094503277713166821 -0.0015917358019734301 0.0048081258180545554 -0.00085259425149370848 0.0041823894196222865 0.0033173462750725928 -0.0010536955488951074
leaf_weight=163 3787 223 278 675 349 1458 75 63 140 82 208 495 233 411
leaf_count=163 3787 223 278 675 349 1458 75 63 140 82 208 495 233 411
internal_value=4.32397e-12 0.000891293 0.000303262 0.000569771 0.00201312 9.47452e-05 0.000298717 0.00245359 0.00137156 0.00228736 0.000748023 0.00360349 -0.000846638 0.000527753
internal_weight=8640 4209 3058 2835 702 2133 353 1151 593 453 290 558 4431 644
internal_count=8640 4209 3058 2835 702 2133 353 1151 593 453 290 558 4431 644
is_linear=0
shrinkage=0.05


Tree=35
num_leaves=15
num_cat=0
split_feature=6 4 5 4 3 2 5 7 5 8 3 0 4 3
split_gain=2.35363 1.40441 1.17167 1.00945 0.868958 0.703249 0.658969 0.593708 0.635533 0.706913 0.599334 0.75371 0.524474 0.579271
threshold=3.0000000000000022 26.250000000000004 27.150000000000002 28.850000000000005 26.850000000000005 75.043350000000018 26.450000000000003 0.87305339024725248 27.750000000000004 27.133333333333336 26.050000000000004 36.000000000000007 44.550000000000004 30.450000000000003
decision_type=2 2 2 2 2 2 2 2 2 2 2 2 2 2
left_child=1 6 -3 4 -4 -5 -1 10 -9 -10 11 -8 13 -7
right_child=-2 2 3 5 -6 12 7 8 9 -11 -12 -13 -14 -15
leaf_value=0.0013431073681900631 -0.0008043058441148034 -0.002540070939709821 0.00040399512678537239 -0.0012442996349634121 0.0035506502361905795 -0.00012700747704767079 0.0073222591951932941 -0.00019897501328725275 0.0099790438282780537 -0.00056025857965533545 0.007841818580293371 -0.0020419374013065615 -0.0040818714676424863 0.0019049806193017487
leaf_weight=470 4431 312 407 675 476 697 42 119 41 26 139 44 55 706
leaf_count=470 4431 312 407 675 476 697 42 119 41 26 139 44 55 706
internal_value=6.42689e-12 0.000846728 0.000376809 0.000678555 0.00210027 9.00079e-05 0.00262186 0.00408418 0.00199406 0.00588917 0.00581201 0.00253127 0.000707743 0.000895504
internal_weight=8640 4209 3328 3016 883 2133 881 411 186 67 225 86 1458 1403
internal_count=8640 4209 3328 3016 883 2133 881 411 186 67 225 86 1458 1403
is_linear=0
shrinkage=0.05


Tree=36
num_leaves=15
num_cat=0
split_feature=6 2 4 3 5 4 3 4 4 3 4 8 5 8
split_gain=2.16814 0.871047 0.536389 0.477268 0.848002 0.69331 0.474102 0.677033 0.820572 0.685344 0.647649 0.779931 0.446334 0.542913
threshold=1.5999999999999999 78.923900000000017 34.050000000000004 30.850000000000005 31.450000000000003 30.950000000000003 25.050000000000004 25.950000000000003 24.750000000000004 26.250000000000004 27.350000000000005 27.600000000000005 26.050000000000004 27.133333333333336
decision_type=2 2 2 2 2 2 2 2 2 2 2 2 2 2
left_child=6 2 3 -2 5 -5 -1 8 -8 -9 11 -11 -3 -14
right_child=1 12 -4 4 -6 -7 7 9 -10 10 -12 -13 13 -15
leaf_value=-0.0043210195282881612 -0.0005648487387694207 -0.0068451658645201294 -0.0018117301153913433 0.00097177841467782861 -0.0046818190813064575 0.013700629329389853 -0.0046011499487436736 -0.0025110449141923005 0.0046764541546190554 0.0030610723308277655 0.0010644147785347222 0.012632606714032591 0.0022128861850847013 0.00014482335099153299
leaf_weight=32 3694 21 967 20 20 23 26 108 286 188 875 24 378 1978
leaf_count=32 3694 21 967 20 20 23 26 108 286 188 875 24 378 1978
internal_value=9.97455e-12 -0.000368736 -0.000761554 -0.000491253 0.00382403 0.00778023 0.00170136 0.00182924 0.00390332 0.00128773 0.00166516 0.00414464 0.000411941 0.000476626
internal_weight=8640 7101 4724 3757 63 43 1539 1507 312 1195 1087 212 2377 2356
internal_count=8640 7101 4724 3757 63 43 1539 1507 312 1195 1087 212 2377 2356
is_linear=0
shrinkage=0.05


Tree=37
num_leaves=15
num_cat=0
split_feature=6 4 5 4 0 8 3 1 5 4 4 3 1 5
split_gain=1.96397 1.19317 1.00852 0.695559 1.05232 1.0711 0.6133 1.75324 1.13606 0.910874 0.723657 0.973333 0.55198 0.521035
threshold=3.0000000000000022 26.850000000000005 27.150000000000002 29.150000000000002 36.000000000000007 29.283333333333339 30.650000000000002 27.379200000000004 31.850000000000005 30.350000000000005 31.050000000000004 29.950000000000003 27.379200000000004 32.650000000000013
decision_type=2 2 2 2 2 2 2 2 2 2 2 2 2 2
left_child=1 -1 -3 4 -4 12 7 10 -8 -9 11 -5 -6 -2
right_child=13 2 3 6 5 -7 8 9 -10 -11 -12 -13 -14 -15
leaf_value=0.0022037169245042658 -0.00095830290547601444 -0.0028648042747498317 -0.0007871327493128113 -0.00078574418328896745 0.0018947370957976492 0.011886694035943479 0.005008136397782738 0.0011424682833280208 0.00014697772876481275 0.011319005832360006 -0.0031336049781261256 0.0072177736536832536 0.0073830674942582846 0.00058007739503381298
leaf_weight=1083 3787 236 297 755 547 31 151 45 589 43 342 40 50 644
leaf_count=1083 3787 236 297 755 547 31 151 45 589 43 342 40 50 644
internal_value=1.77983e-13 0.000773467 0.000277958 0.000534599 0.00166517 0.00282494 2.39592e-06 -0.000684156 0.00113892 0.00611509 -0.00121039 -0.000383051 0.0023544 -0.000734715
internal_weight=8640 4209 3126 2890 925 628 1965 1225 740 88 1137 795 597 4431
internal_count=8640 4209 3126 2890 925 628 1965 1225 740 88 1137 795 597 4431
is_linear=0
shrinkage=0.05


Tree=38
num_leaves=15
num_cat=0
split_feature=6 6 4 8 3 5 1 1 3 8 3 3 3 4
split_gain=1.80517 0.761608 1.09828 1.46603 0.645274 1.04212 0.972354 0.884394 0.658964 0.59923 0.591673 0.58466 0.434834 0.59583
threshold=1.5999999999999999 4.5000000000000027 29.150000000000002 28.483333333333338 30.850000000000005 31.850000000000005 16.079350000000005 22.610250000000004 25.450000000000003 27.916666666666675 40.95000000000001 30.050000000000004 25.050000000000004 25.650000000000002
decision_type=2 2 2 2 2 2 2 2 2 2 2 2 2 2
left_child=12 2 3 -2 7 -6 -7 8 -4 -9 -3 -5 -1 -14
right_child=1 10 4 11 5 6 -8 9 -10 -11 -12 -13 13 -15
leaf_value=-0.0042151544479565933 0.00051465333123000068 -0.0011746602586627391 0.0067142786496939763 0.0086812024041520146 0.0053957047862932088 0.0016188885742566259 -0.002298697892410119 -0.0046788212516017868 -0.0016280137486682879 0.0020766579747760884 0.0068858478947178186 0.0026286983147396576 0.003914971145845372 0.0012336491997442223
leaf_weight=32 1848 2243 24 76 100 363 281 37 1731 291 23 84 248 1259
leaf_count=32 1848 2243 24 76 100 363 281 37 1731 291 23 84 248 1259
internal_value=9.17748e-12 -0.000336459 1.80344e-05 0.000912182 -0.000617073 0.000646899 -9.04931e-05 -0.00106853 -0.00151393 0.00131461 -0.00109285 0.00550364 0.00155243 0.0016749
internal_weight=8640 7101 4835 2008 2827 744 644 2083 1755 328 2266 160 1539 1507
internal_count=8640 7101 4835 2008 2827 744 644 2083 1755 328 2266 160 1539 1507
is_linear=0
shrinkage=0.05


Tree=39
num_leaves=15
num_cat=0
split_feature=6 4 5 5 3 8 4 7 2 4 1 5 3 5
split_gain=1.63338 1.11559 0.612172 0.525711 0.708009 0.904681 0.615519 0.532718 0.507233 0.516208 0.559092 1.332 0.954784 0.839821
threshold=3.2500000000000004 27.750000000000004 27.150000000000002 27.650000000000002 28.550000000000004 28.483333333333338 26.550000000000004 0.94633797110522677 75.043350000000018 43.750000000000007 27.379200000000004 31.550000000000004 30.450000000000003 28.050000000000004
decision_type=2 2 2 2 2 2 2 2 2 2 2 2 2 2
left_child=1 3 -3 6 -5 -6 7 -1 -4 10 12 13 -10 -12
right_child=-2 2 8 4 5 -7 -8 -9 9 -11 11 -13 -14 -15
leaf_value=0.002536898299155552 -0.0007269594980128212 -0.0027585313698010785 -0.00055885676823731593 0.0045513683407260586 -0.005802959464944718 0.0059839103715839219 -0.0014135185437783786 -0.00012180218841835581 -0.00052351069715992054 -0.0030296489500047062 0.0015896966205521798 5.737806331797393e-05 0.002268984128232187 0.0085357216202696286
leaf_weight=658 4079 175 1106 287 41 27 181 264 848 84 72 229 479 110
leaf_count=658 4079 175 1106 287 41 27 181 264 848 84 72 229 479 110
internal_value=-4.57212e-12 0.000650135 0.000114117 0.00179092 0.00346447 -0.00112288 0.00125229 0.00177562 0.000285809 0.000798542 0.000983564 0.00259496 0.000484481 0.00578784
internal_weight=8640 4561 3103 1458 355 68 1103 922 2928 1822 1738 411 1327 182
internal_count=8640 4561 3103 1458 355 68 1103 922 2928 1822 1738 411 1327 182
is_linear=0
shrinkage=0.05


Tree=40
num_leaves=15
num_cat=0
split_feature=6 6 4 8 3 5 1 1 3 3 8 3 3 4
split_gain=1.50465 0.642406 0.972154 1.29067 0.545416 0.895583 0.949967 0.760452 0.595525 0.533985 0.52287 0.521425 0.411507 0.610486
threshold=1.5999999999999999 4.5000000000000027 29.150000000000002 28.483333333333338 30.850000000000005 31.650000000000002 16.079350000000005 22.610250000000004 25.450000000000003 40.95000000000001 27.916666666666675 30.050000000000004 25.250000000000004 26.050000000000004
decision_type=2 2 2 2 2 2 2 2 2 2 2 2 2 2
left_child=12 2 3 -2 7 -6 -7 8 -4 -3 -9 -5 -1 -14
right_child=1 9 4 11 5 6 -8 10 -10 -11 -12 -13 13 -15
leaf_value=-0.0021211520644824188 0.00048663891940645663 -0.0010795792830968509 0.0064149128273129465 0.0081685503581722611 0.005172639637584648 0.0016127033294219099 -0.0022372168862146505 -0.0043828944449086455 -0.0015156573348598854 0.0065779034898656875 0.0019274970416149246 0.0024527169403708764 0.0036382295573781386 0.0010921460111093537
leaf_weight=78 1848 2243 24 76 93 366 285 37 1731 23 291 84 295 1166
leaf_count=78 1848 2243 24 76 93 366 285 37 1731 23 291 84 295 1166
internal_value=3.132e-12 -0.000307178 1.83939e-05 0.000859635 -0.000579134 0.000582928 -7.27456e-05 -0.000994196 -0.00140721 -0.00100186 0.00121565 0.00516774 0.00141733 0.00160624
internal_weight=8640 7101 4835 2008 2827 744 651 2083 1755 2266 328 160 1539 1461
internal_count=8640 7101 4835 2008 2827 744 651 2083 1755 2266 328 160 1539 1461
is_linear=0
shrinkage=0.05


Tree=41
num_leaves=15
num_cat=0
split_feature=6 4 5 7 5 4 5 8 4 4 5 8 0 3
split_gain=1.35794 0.609891 1.97312 1.06092 0.767525 1.07702 1.2124 0.638754 0.597935 0.496624 0.632649 0.741657 0.600415 0.49268
threshold=1.5999999999999999 30.650000000000002 29.050000000000004 2.1221057269858652 32.650000000000013 36.750000000000007 37.250000000000007 29.250000000000004 32.350000000000001 28.750000000000004 27.650000000000002 27.350000000000001 36.000000000000007 29.650000000000002
decision_type=2 2 2 2 2 2 2 2 2 2 2 2 2 2
left_child=-1 2 7 -4 -3 6 8 9 -6 10 12 -12 -2 -10
right_child=1 4 3 -5 5 -7 -8 -9 13 -11 11 -13 -14 -15
leaf_value=0.0013464630035229946 0.00086529614708939816 -0.0014453938031296395 0.0040372620875095714 -0.0046040284733932747 0.0063050412444462037 -0.001078374568713941 0.013538202829658987 0.0062598389359442771 0.0081038890827801972 -0.001217770791968502 0.0045216793999310204 0.00022291246034308759 -0.00087340873199597674 0.000145520360037302
leaf_weight=1539 736 1879 398 39 58 549 23 37 21 1137 157 278 1526 263
leaf_count=1539 736 1879 398 39 58 549 23 37 21 1137 157 278 1526 263
internal_value=-3.434e-12 -0.000291819 8.12886e-05 0.00326607 -0.00086731 0.000321113 0.00242609 -0.000278244 0.00167879 -0.00034134 2.81459e-05 0.00177442 -0.000307676 0.000733991
internal_weight=8640 7101 4308 437 2793 914 365 3871 342 3834 2697 435 2262 284
internal_count=8640 7101 4308 437 2793 914 365 3871 342 3834 2697 435 2262 284
is_linear=0
shrinkage=0.05


Tree=42
num_leaves=15
num_cat=0
split_feature=6 4 5 4 5 3 2 7 5 4 8 4 5 5
split_gain=1.25635 0.888411 0.629295 0.715806 0.678494 0.717538 0.606882 0.547084 0.549478 0.521365 0.51601 0.542985 0.803178 0.45525
threshold=3.2500000000000004 28.750000000000004 27.950000000000003 26.550000000000004 27.050000000000004 27.050000000000004 75.043350000000018 0.97979589711327153 26.650000000000002 25.450000000000003 27.866666666666671 29.050000000000004 28.650000000000002 27.350000000000005
decision_type=2 2 2 2 2 2 2 2 2 2 2 2 2 2
left_child=1 2 3 7 -5 -6 -3 8 9 -1 -8 12 -12 -13
right_child=-2 6 -4 4 5 -7 10 -9 -10 -11 11 13 -14 -15
leaf_value=0.0024315087139732787 -0.00063756141920753981 -0.001122927355276467 0.0028499435023197316 -0.0033452983121300892 -0.00071570988403351233 0.0043175577186048029 -0.0046568423479874718 -0.00029682419882243817 0.004151991224039058 -0.0012797540449707287 -0.0030698071047663691 0.0071646353397518403 0.0090584130145099726 0.00036201108101632942
leaf_weight=306 4079 873 519 161 287 94 47 265 268 137 20 25 43 1516
leaf_count=306 4079 873 519 161 287 94 47 265 268 137 20 25 43 1516
internal_value=4.08975e-12 0.000570185 0.00134696 0.000833096 -0.000623895 0.000526094 -5.67143e-05 0.0016422 0.00236491 0.00128378 0.000507068 0.000658379 0.00520818 0.000472372
internal_weight=8640 4561 2037 1518 542 381 2524 976 711 443 1651 1604 63 1541
internal_count=8640 4561 2037 1518 542 381 2524 976 711 443 1651 1604 63 1541
is_linear=0
shrinkage=0.05


Tree=43
num_leaves=15
num_cat=0
split_feature=6 2 5 4 5 4 4 3 5 7 8 4 3 4
split_gain=1.14583 0.745496 0.754292 0.584989 0.973292 1.00437 0.541708 0.680663 0.516654 0.473387 0.585406 0.539088 0.491459 0.657297
threshold=1.1999999999999977 78.923900000000017 26.150000000000002 29.050000000000004 30.150000000000002 31.050000000000004 25.150000000000002 25.550000000000004 25.750000000000004 1.4613540144521984 28.183333333333341 28.650000000000002 28.950000000000003 28.550000000000004
decision_type=2 2 2 2 2 2 2 2 2 2 2 2 2 2
left_child=6 -2 -3 9 -5 -6 8 -8 -1 10 11 -4 -12 -14
right_child=1 2 3 4 5 -7 7 -9 -10 -11 12 -13 13 -15
leaf_value=0.0025834799011203429 -0.00056116029848744353 -0.0042728638378676121 0.001642034610820627 -0.0014337172978678425 0.0054779175812395163 0.00043440941590670965 -0.0041369955402465082 0.0017387044071183898 0.010681923564463375 -0.0008515794971655753 0.008465911358137403 -0.0053001793551033941 -0.00045369543229876943 0.0090884850432093323
leaf_weight=54 4939 82 783 694 112 832 53 704 31 185 57 29 59 26
leaf_count=54 4939 82 783 694 112 832 53 704 31 185 57 29 59 26
internal_value=-5.36505e-12 -0.000189207 0.000453353 0.00059291 -1.22371e-05 0.00103279 0.0017523 0.00132733 0.00553703 0.00146317 0.00191205 0.0013941 0.00487387 0.00246509
internal_weight=8640 7798 2859 2777 1638 944 842 757 85 1139 954 812 142 85
internal_count=8640 7798 2859 2777 1638 944 842 757 85 1139 954 812 142 85
is_linear=0
shrinkage=0.05


Tree=44
num_leaves=15
num_cat=0
split_feature=6 4 5 4 0 7 8 6 5 3 8 4 7 2
split_gain=1.04674 0.75543 0.490295 0.416306 0.935302 0.83727 0.538221 0.456724 0.390131 0.595983 0.843358 0.427417 0.419219 0.38456
threshold=3.2500000000000004 27.750000000000004 27.250000000000004 29.150000000000002 36.000000000000007 1.2036980056845181 28.250000000000004 0.90000000000000402 27.750000000000004 28.650000000000002 28.483333333333338 26.550000000000004 0.94633797110522677 78.923900000000017
decision_type=2 2 2 2 2 2 2 2 2 2 2 2 2 2
left_child=1 8 -3 4 -4 6 13 -5 11 -10 -11 12 -1 -6
right_child=-2 2 3 7 5 -7 -8 -9 9 10 -12 -13 -14 -15
leaf_value=0.002140045570931328 -0.00058194942294888361 -0.0022357234127924476 -0.001448418867731332 0.0022658876251141998 0.0015941839248434812 0.0091781090292538149 0.0045805539925081228 -0.00031183387399141252 0.0040476536177470558 -0.00701374342024792 0.004985259721676509 -0.0010968203535802396 -0.00018344342366590988 -0.0028819511184307069
leaf_weight=672 4079 213 214 188 257 43 130 1999 258 32 27 196 273 59
leaf_count=672 4079 213 214 188 257 43 130 1999 258 32 27 196 273 59
internal_value=4.01453e-12 0.00052045 7.93623e-05 0.00024999 0.00130845 0.00251493 0.00187252 -9.02465e-05 0.0014592 0.0030109 -0.00152267 0.00102809 0.00146882 0.00075845
internal_weight=8640 4561 3103 2890 703 489 446 2187 1458 317 59 1141 945 316
internal_count=8640 4561 3103 2890 703 489 446 2187 1458 317 59 1141 945 316
is_linear=0
shrinkage=0.05


Tree=45
num_leaves=15
num_cat=0
split_feature=6 2 5 4 3 4 5 4 5 7 3 8 0 5
split_gain=0.951332 0.629986 0.698822 0.478346 0.624604 0.475059 0.947845 0.707399 0.578464 0.783013 0.57727 0.522694 0.468755 0.46628
threshold=1.1999999999999977 78.923900000000017 26.150000000000002 25.150000000000002 25.550000000000004 29.950000000000003 30.150000000000002 31.050000000000004 29.050000000000004 1.8803073034893949 29.750000000000004 27.250000000000004 36.000000000000007 25.750000000000004
decision_type=2 2 2 2 2 2 2 2 2 2 2 2 2 2
left_child=3 -2 -3 13 -5 8 10 -8 11 12 -7 -4 -10 -1
right_child=1 2 5 4 -6 6 7 -9 9 -11 -12 -13 -14 -15
leaf_value=0.0023473036417271942 -0.00051432812072656697 -0.0041308349952465153 0.0017542183762334551 -0.0040371480920650769 0.0015913978032932102 -0.0025520539858164357 0.005444075069331652 0.00043477381686023782 0.0012220617163645692 -0.0024597237570857518 0.0024431117705730619 -0.00042284070667291881 0.006096796223228969 0.01004082556708806
leaf_weight=54 4939 82 570 53 704 423 77 832 73 49 67 534 152 31
leaf_count=54 4939 82 570 53 704 423 77 832 73 49 67 534 152 31
internal_value=-1.29566e-12 -0.000172403 0.000418283 0.00159667 0.00119733 0.000552611 -9.64294e-05 0.000859104 0.00121154 0.00326787 -0.00186904 0.000701184 0.00451522 0.00515318
internal_weight=8640 7798 2859 842 757 2777 1399 909 1378 274 490 1104 225 85
internal_count=8640 7798 2859 842 757 2777 1399 909 1378 274 490 1104 225 85
is_linear=0
shrinkage=0.05


Tree=46
num_leaves=15
num_cat=0
split_feature=6 4 5 4 0 2 4 7 6 3 0 4 8 0
split_gain=0.874382 0.664847 0.794349 0.711402 0.585888 0.472864 0.400404 0.390665 0.390582 0.443505 0.443389 0.386177 0.409614 0.381941
threshold=3.2500000000000004 25.650000000000002 26.950000000000003 28.750000000000004 36.000000000000007 75.043350000000018 45.050000000000004 1.2613848393670766 2.199999999999998 26.150000000000002 60.000000000000007 26.950000000000003 27.450000000000006 36.000000000000007
decision_type=2 2 2 2 2 2 2 2 2 2 2 2 2 2
left_child=1 13 -3 4 -4 -5 -7 8 9 -6 -10 -11 -13 -1
right_child=-2 2 3 5 7 6 -8 -9 10 11 -12 12 -14 -15
leaf_value=0.0035869742158697116 -0.00053188411466829541 -0.0022080533165978688 -0.00019309323895386007 -0.00098732793494085854 -0.0025733626748357594 0.00060100043394340169 -0.0040819527046319021 0.0076708981005305602 -0.002525867796229089 0.0056730846146571361 0.0028269934254816515 -0.00078744662845565473 0.0032860239946253221 0.0011063839271490332
leaf_weight=221 4079 312 332 852 36 1584 47 33 85 117 71 80 270 521
leaf_count=221 4079 312 332 852 36 1584 47 33 85 117 71 80 270 521
internal_value=-6.55925e-12 0.000475675 0.000209586 0.000424671 0.00153359 -3.26502e-05 0.000466053 0.00236199 0.00209614 0.00277404 -8.96297e-05 0.00318626 0.00235494 0.00184521
internal_weight=8640 4561 3819 3507 1024 2483 1631 692 659 503 156 467 350 742
internal_count=8640 4561 3819 3507 1024 2483 1631 692 659 503 156 467 350 742
is_linear=0
shrinkage=0.05


Tree=47
num_leaves=15
num_cat=0
split_feature=6 4 5 2 3 6 5 0 5 4 3 5 3 5
split_gain=0.824218 0.568428 1.60127 0.497027 0.963696 0.706944 0.560656 0.762937 0.435058 0.41916 0.561684 0.422415 0.31279 0.714889
threshold=1.1999999999999977 36.750000000000007 36.750000000000007 75.043350000000018 25.550000000000004 4.2999999999999989 27.250000000000004 36.000000000000007 11.850000000000003 25.150000000000002 25.550000000000004 25.750000000000004 30.750000000000004 31.250000000000004
decision_type=2 2 2 2 2 2 2 2 2 2 2 2 2 2
left_child=9 2 3 4 6 8 -2 -8 -5 11 -11 -1 -10 -14
right_child=1 -3 -4 5 -6 -7 7 -9 12 10 -12 -13 13 -15
leaf_value=0.002144760288367117 -0.0019878018573349851 -0.0012890903754060809 0.0098524700282368732 0.007326136374225219 -0.0010794616065260207 -0.0006074458259703111 0.0020499316574042214 0.014101610829432808 0.00036430832111564518 -0.0038514750939354584 0.0014860495167939999 0.0094674610735608206 0.0052826900445771489 0.00071349028822751195
leaf_weight=54 22 976 41 24 1570 1822 29 24 2794 53 704 31 110 386
leaf_count=54 22 976 41 24 1570 1822 29 24 2794 53 704 31 110 386
internal_value=-9.55812e-13 -0.000160472 9.95774e-07 -5.85693e-05 -0.000814954 0.000183692 0.00472207 0.0075073 0.000618651 0.00148617 0.00111235 0.00481539 0.000569721 0.00172682
internal_weight=8640 7798 6822 6781 1645 5136 75 53 3314 842 757 85 3290 496
internal_count=8640 7798 6822 6781 1645 5136 75 53 3314 842 757 85 3290 496
is_linear=0
shrinkage=0.05


Tree=48
num_leaves=15
num_cat=0
split_feature=6 4 5 7 3 5 8 8 4 5 3 0 3 8
split_gain=0.743857 0.52901 1.44026 0.77653 0.471518 0.707952 0.414551 0.411965 0.483601 0.649552 0.633434 0.50828 0.479446 0.462102
threshold=1.1999999999999977 30.650000000000002 29.050000000000004 2.1221057269858652 31.550000000000004 30.350000000000005 29.016666666666669 29.366666666666671 28.750000000000004 27.650000000000002 28.550000000000004 36.000000000000007 29.150000000000002 26.650000000000006
decision_type=2 2 2 2 2 2 2 2 2 2 2 2 2 2
left_child=-1 2 7 4 5 6 -4 8 9 11 -11 13 -12 -2
right_child=1 -3 3 -5 -6 -7 -8 -9 -10 10 12 -13 -14 -15
leaf_value=0.0014118658758763771 0.0013054979804000642 -0.00068081538865318167 0.0037984683126331114 -0.0041497486249472094 -0.0025880288445588318 0.0067530828850067342 0.00014731379974364245 0.0054332769729874353 -0.0010227261890390494 0.0025114483173436404 -0.0067646345284381173 -0.00068480603675216255 0.0004529082646752757 -0.0020599177465265412
leaf_weight=842 714 2947 198 39 33 128 128 33 1208 455 33 1687 76 119
leaf_count=842 714 2947 198 39 33 128 128 33 1208 455 33 1687 76 119
internal_value=1.09013e-12 -0.000152448 0.000168537 0.00263898 0.00318263 0.00360209 0.00236489 -0.000131915 -0.000174704 0.000157466 0.00169131 -0.000185822 -0.00173222 0.000824724
internal_weight=8640 7798 4851 526 487 454 326 4325 4292 3084 564 2520 109 833
internal_count=8640 7798 4851 526 487 454 326 4325 4292 3084 564 2520 109 833
is_linear=0
shrinkage=0.05


Tree=49
num_leaves=15
num_cat=0
split_feature=6 4 5 4 3 3 5 4 7 3 5 7 7 5
split_gain=0.697498 0.61577 0.52553 0.8901 0.684228 0.455289 0.416006 0.509968 0.469909 0.542214 0.455941 0.422536 0.386503 0.515788
threshold=3.5000000000000022 28.750000000000004 28.750000000000004 29.550000000000004 27.450000000000003 29.450000000000003 27.650000000000002 26.550000000000004 1.2613848393670766 26.750000000000004 27.050000000000004 0.61644140029689776 0.90614662937099788 26.950000000000003
decision_type=2 2 2 2 2 2 2 2 2 2 2 2 2 2
left_child=1 6 5 4 -4 -3 7 12 9 -9 -11 -12 13 -1
right_child=-2 2 3 -5 -6 -7 -8 8 -10 10 11 -13 -14 -15
leaf_value=0.0011457680514399681 -0.00053742031901926764 -0.0012773322230267743 0.0098576146213767632 7.9273874566113416e-05 0.0020384538438961361 0.0038710659980360006 0.0019533338698391549 -0.0027316289649672227 0.006485138558782637 -0.0024631367441123493 0.001348564053963249 0.0094492530534890581 -0.0001084664260037824 0.0046970285144367196
leaf_weight=493 3554 939 39 1773 99 45 760 254 20 52 60 22 401 129
leaf_count=493 3554 939 39 1773 99 45 760 254 20 52 60 22 401 129
internal_value=2.87585e-12 0.000375539 -0.000103078 0.000380328 0.00424822 -0.00104189 0.00100794 0.000505848 -0.000988766 -0.00137402 0.00119936 0.00352192 0.00110194 0.00188228
internal_weight=8640 5086 2895 1911 138 984 2191 1431 408 388 134 82 1023 622
internal_count=8640 5086 2895 1911 138 984 2191 1431 408 388 134 82 1023 622
is_linear=0
shrinkage=0.05


Tree=50
num_leaves=15
num_cat=0
split_feature=6 4 5 2 3 5 6 5 4 3 5 0 4 5
split_gain=0.633636 0.474103 1.45987 0.415718 0.862519 0.593871 0.569856 0.395655 0.373739 0.511495 0.381229 0.296565 0.301567 0.306591
threshold=1.1999999999999977 36.750000000000007 36.750000000000007 75.043350000000018 25.450000000000003 27.550000000000004 4.2999999999999989 11.850000000000003 25.150000000000002 25.550000000000004 25.750000000000004 36.000000000000007 29.550000000000004 28.050000000000004
decision_type=2 2 2 2 2 2 2 2 2 2 2 2 2 2
left_child=8 2 3 4 5 -2 7 -5 10 -10 -1 -6 13 -13
right_child=1 -3 -4 6 11 -7 -8 -9 9 -11 -12 12 -14 -15
leaf_value=0.0019096406256452342 0.0010208649151782329 -0.0011714327506435111 0.0094132376403161661 0.006958490130879607 -0.0019625553824037245 0.010996510318364017 -0.00053885177459040204 0.00051530217732487563 -0.0037867830337007659 0.0013066957101872587 0.0088662062651447722 -0.00047836079214572569 -0.0011832646409109015 0.0022966198576166511
leaf_weight=54 37 976 41 24 509 25 1822 3290 53 704 31 275 643 156
leaf_count=54 37 976 41 24 509 25 1822 3290 53 704 31 275 643 156
internal_value=2.90171e-12 -0.000140701 6.76211e-06 -5.01123e-05 -0.000741867 0.0050433 0.000171449 0.000561964 0.00130307 0.000950085 0.00444674 -0.00096845 -0.000497314 0.000526041
internal_weight=8640 7798 6822 6781 1645 62 5136 3314 842 757 85 1583 1074 431
internal_count=8640 7798 6822 6781 1645 62 5136 3314 842 757 85 1583 1074 431
is_linear=0
shrinkage=0.05


Tree=51
num_leaves=15
num_cat=0
split_feature=6 4 5 4 3 1 5 4 1 5 4 4 3 3
split_gain=0.585706 0.518125 0.460933 0.808659 0.647772 1.3909 0.983154 0.467689 0.421065 0.414288 0.65552 0.404602 0.403657 0.387382
threshold=3.5000000000000022 28.750000000000004 28.750000000000004 30.650000000000002 30.750000000000004 27.379200000000004 31.550000000000004 31.550000000000004 16.079350000000005 36.95000000000001 39.250000000000007 29.050000000000004 29.450000000000003 40.95000000000001
decision_type=2 2 2 2 2 2 2 2 2 2 2 2 2 2
left_child=1 -1 12 11 5 -5 7 -6 -8 -10 -11 -4 -3 -2
right_child=13 2 3 4 6 -7 8 -9 9 10 -12 -13 -14 -15
leaf_value=0.00092423009385675956 -0.00054453325562092486 -0.0011958140814874007 0.0064710221632279233 -0.0020055813435205512 -0.0003990576802752912 0.0088633411774231546 0.0012616510058786005 0.007567881289869547 -0.0030846165915509351 0.0069036701635923244 -0.00085948681045910187 0.0016668237689097063 0.0036518761942473548 0.0047418049569906938
leaf_weight=2191 3519 939 49 583 25 31 369 70 156 32 181 415 45 35
leaf_count=2191 3519 939 49 583 25 31 369 70 156 32 181 415 45 35
internal_value=6.789e-13 0.000344131 -9.49011e-05 0.000357821 -0.000224613 -0.00145682 0.000683643 0.00547132 6.73433e-05 -0.00112696 0.000306809 0.00217416 -0.000974121 -0.000492473
internal_weight=8640 5086 2895 1911 1447 614 833 95 738 369 213 464 984 3554
internal_count=8640 5086 2895 1911 1447 614 833 95 738 369 213 464 984 3554
is_linear=0
shrinkage=0.05


Tree=52
num_leaves=15
num_cat=0
split_feature=6 4 5 3 4 2 3 5 0 5 3 0 4 5
split_gain=0.529124 0.41463 1.3177 0.404394 0.481985 0.367665 0.771156 0.475018 0.654164 0.471617 0.653357 0.356269 0.364104 0.314612
threshold=1.1999999999999977 36.750000000000007 37.250000000000007 10.250000000000002 16.250000000000004 75.043350000000018 25.550000000000004 27.250000000000004 36.000000000000007 19.350000000000005 17.650000000000002 36.000000000000007 25.150000000000002 30.150000000000002
decision_type=2 2 2 2 2 2 2 2 2 2 2 2 2 2
left_child=11 2 3 -2 -5 6 7 -6 -9 -7 -11 -1 -13 -12
right_child=1 -3 -4 4 5 9 -8 8 -10 10 13 12 -14 -15
leaf_value=-0.00036531157525132585 -0.0021059327866032817 -0.0010924923870169231 0.011956918263888878 0.0024827950256306451 -0.0019014811100946231 -0.0008712493109133227 -0.00091500480191698342 0.0017850335639227053 0.012944585882360117 0.0056457438223780198 7.3243772885560202e-05 0.0053104464827543676 0.0014189901459990167 0.0011064003839888238
leaf_weight=256 227 976 23 196 22 858 1570 29 24 59 2816 68 518 998
leaf_count=256 227 976 23 196 22 858 1570 29 24 59 2816 68 518 998
internal_value=7.12013e-12 -0.000128575 9.3294e-06 -3.10875e-05 4.05786e-05 -3.44958e-05 -0.000678392 0.00427471 0.00683842 0.000189391 0.000424359 0.00119077 0.00187056 0.000343587
internal_weight=8640 7798 6822 6799 6572 6376 1645 75 53 4731 3873 842 586 3814
internal_count=8640 7798 6822 6799 6572 6376 1645 75 53 4731 3873 842 586 3814
is_linear=0
shrinkage=0.05


Tree=53
num_leaves=15
num_cat=0
split_feature=6 4 5 4 8 5 3 0 0 1 3 7 3 4
split_gain=0.507137 0.44968 0.69529 0.424825 0.549923 0.454649 0.610513 0.814563 0.415563 0.377504 0.353333 0.346714 0.609952 1.00162
threshold=3.5000000000000022 29.050000000000004 28.350000000000005 26.850000000000005 28.350000000000001 27.250000000000004 25.850000000000005 60.000000000000007 36.000000000000007 27.379200000000004 40.95000000000001 0.98994949366116691 26.050000000000004 25.550000000000004
decision_type=2 2 2 2 2 2 2 2 2 2 2 2 2 2
left_child=1 2 3 11 5 -5 7 -7 -8 -4 -2 12 13 -1
right_child=10 -3 9 4 -6 6 8 -9 -10 -11 -12 -13 -14 -15
leaf_value=0.0019252339862800062 -0.00050797251354384079 -0.00012419427392672258 0.0022862052516830337 -0.0025794528905145357 0.0074932025257675424 0.00064508659629702425 -0.0027588828882938753 0.011888290392622973 0.0004735142213489135 0.0084021994188703871 0.0045406973004407649 -0.00017777771468538019 0.0030593245384788236 -0.0033286361491222309
leaf_weight=295 3519 2686 385 227 21 49 148 24 303 27 35 407 383 131
leaf_count=295 3519 2686 385 227 21 49 148 24 303 27 35 407 383 131
internal_value=-2.6956e-12 0.000320218 0.00081759 0.000430165 -0.000487163 -0.000710316 9.94053e-05 0.00434148 -0.000587228 0.00268701 -0.000458253 0.00101255 0.00161139 0.000309607
internal_weight=8640 5086 2400 1988 772 751 524 73 451 412 3554 1216 809 426
internal_count=8640 5086 2400 1988 772 751 524 73 451 412 3554 1216 809 426
is_linear=0
shrinkage=0.05


Tree=54
num_leaves=15
num_cat=0
split_feature=4 5 7 3 4 7 3 5 7 7 3 4 3 0
split_gain=0.459548 1.11264 0.641927 0.491695 1.03607 0.52285 0.399118 0.648036 0.451549 0.495624 0.381954 0.445848 0.438514 0.397216
threshold=30.650000000000002 29.050000000000004 2.1221057269858652 30.650000000000002 32.850000000000001 1.3900434470236294 31.550000000000004 30.350000000000005 1.1827454938333657 1.8070845870976455 10.250000000000002 28.550000000000004 28.850000000000005 60.000000000000007
decision_type=2 2 2 2 2 2 2 2 2 2 2 2 2 2
left_child=1 10 6 -2 5 -5 7 -3 -9 -10 -1 13 -13 -12
right_child=3 2 -4 4 -6 -7 -8 8 9 -11 11 12 -14 -15
leaf_value=-0.0019753102571108596 -0.0011416791135003064 0.0020222123213475139 -0.0038916242011906342 0.0023824198613329982 -0.00035285183945959792 0.0094399923729079401 -0.0025915152816609905 0.0034602222377613473 0.012376288575597289 0.0029304506745012034 0.00084167960172338251 -0.00086286874312343186 0.0024802769971670989 -0.00033435734789533707
leaf_weight=227 1487 387 39 171 1474 31 33 78 41 21 2154 1314 106 1077
leaf_count=227 1487 387 39 171 1474 31 33 78 41 21 2154 1314 106 1077
internal_value=-4.56718e-12 0.000277113 0.0023108 -0.000479844 0.000107357 0.00346551 0.00274275 0.00307678 0.00599189 0.00917689 2.73841e-05 0.000125129 -0.00061331 0.000449667
internal_weight=8640 5477 599 3163 1676 202 560 527 140 62 4878 4651 1420 3231
internal_count=8640 5477 599 3163 1676 202 560 527 140 62 4878 4651 1420 3231
is_linear=0
shrinkage=0.05


Tree=55
num_leaves=15
num_cat=0
split_feature=6 4 5 3 5 0 4 6 1 8 5 1 3 8
split_gain=0.435058 0.352941 1.19567 0.321302 0.353847 0.315893 0.318281 0.283862 0.41723 0.668405 1.13205 0.677204 0.613225 0.768954
threshold=1.1999999999999977 36.750000000000007 36.750000000000007 9.1500000000000004 12.350000000000003 36.000000000000007 25.150000000000002 3.7500000000000004 22.610250000000004 28.483333333333338 31.150000000000002 27.379200000000004 31.050000000000004 32.716666666666676
decision_type=2 2 2 2 2 2 2 2 2 2 2 2 2 2
left_child=5 2 3 -2 -5 -1 -7 8 12 -10 11 -11 -6 -14
right_child=1 -3 -4 4 7 6 -8 -9 9 10 -12 -13 13 -15
leaf_value=-0.00038550578999547725 -0.002240806496716507 -0.0010059120711182496 0.0085234968082570448 0.001885651513251932 -0.00052743935504006602 0.0049360102953334506 0.00129765989402719 -0.00052871843483338844 0.00023655703771296793 0.0019521093121015424 -0.0023181186067750274 0.0066595704950116298 0.0066167785035474089 0.0005083539593137901
leaf_weight=256 162 976 41 243 2185 68 518 2134 1364 176 92 135 67 223
leaf_count=256 162 976 41 243 2185 68 518 2134 1364 176 92 135 67 223
internal_value=1.47046e-13 -0.000116587 1.06454e-05 -4.08259e-05 1.30186e-05 0.00107975 0.00171986 -5.83505e-05 0.000178275 0.000765144 0.00255421 0.00399554 -0.000240714 0.00191961
internal_weight=8640 7798 6822 6781 6619 842 586 6376 4242 1767 403 311 2475 290
internal_count=8640 7798 6822 6781 6619 842 586 6376 4242 1767 403 311 2475 290
is_linear=0
shrinkage=0.05


Tree=56
num_leaves=15
num_cat=0
split_feature=4 5 7 5 3 5 7 7 3 0 1 7 4 3
split_gain=0.405046 0.990309 0.570934 0.440411 0.369367 0.5905 0.414232 0.446738 0.354477 0.32849 0.328204 1.81189 0.402655 0.320428
threshold=30.650000000000002 29.050000000000004 2.1221057269858652 30.950000000000003 31.550000000000004 30.350000000000005 1.1827454938333657 1.8070845870976455 27.050000000000004 60.000000000000007 27.379200000000004 1.596524001977073 31.150000000000002 10.250000000000002
decision_type=2 2 2 2 2 2 2 2 2 2 2 2 2 2
left_child=1 13 4 10 5 8 -7 -8 9 -3 -2 12 -12 -1
right_child=3 2 -4 -5 -6 6 7 -9 -10 -11 11 -13 -14 -15
leaf_value=-0.0018097568749519896 -0.0016634677067915488 0.0022187595954164864 -0.0036706070899246977 0.00013597102260287791 -0.002545442454742663 0.0032653921549447261 0.011778264569981796 0.0028103641278686979 0.0012849198128365006 0.010010347507462332 0.0021506703944633838 -0.0010808348317064476 0.01028311105651988 0.0001140880186219122
leaf_weight=227 906 31 39 1591 33 78 41 21 332 24 23 598 45 4651
leaf_count=227 906 31 39 1591 33 78 41 21 332 24 23 598 45 4651
internal_value=-2.77947e-12 0.000260162 0.00217879 -0.000450492 0.00258616 0.0029075 0.00569019 0.00874075 0.00190084 0.00561873 -0.00104404 -0.000201402 0.00753243 2.4561e-05
internal_weight=8640 5477 599 3163 560 527 140 62 387 55 1572 666 68 4878
internal_count=8640 5477 599 3163 560 527 140 62 387 55 1572 666 68 4878
is_linear=0
shrinkage=0.05


Tree=57
num_leaves=15
num_cat=0
split_feature=6 4 5 8 3 7 5 8 4 4 5 3 0 3
split_gain=0.383965 0.314395 0.799394 0.649794 0.509591 0.41176 0.73546 0.525277 0.409491 0.366859 0.4447 0.555392 0.445394 0.445244
threshold=1.1999999999999977 30.950000000000003 29.050000000000004 29.366666666666671 32.050000000000004 2.1221057269858652 30.350000000000005 29.050000000000004 30.450000000000003 28.750000000000004 27.650000000000002 28.550000000000004 36.000000000000007 29.150000000000002
decision_type=2 2 2 2 2 2 2 2 2 2 2 2 2 2
left_child=-1 2 3 9 5 6 7 -4 -5 10 12 -12 -2 -13
right_child=1 -3 4 8 -6 -7 -8 -9 -10 -11 11 13 -14 -15
leaf_value=0.0010143653194601438 0.0007846098776949635 -0.00053918420858409819 0.0029868900250947378 0.0014041520810375611 -0.0051973071806132795 -0.0031747246480413847 0.0052722843089112034 -0.00061932162158579265 0.010964714309998923 -0.00088175910405263464 0.0021597760273361129 -0.006663476764647798 -0.00062845651766356512 0.00029186555705229311
leaf_weight=842 833 2754 213 24 25 35 161 192 21 1289 455 33 1687 76
leaf_count=842 833 2754 213 24 25 35 161 192 21 1289 455 33 1687 76
internal_value=3.90932e-12 -0.000109528 0.000125063 -0.000111876 0.00179726 0.00208822 0.00241367 0.00127728 0.00586575 -0.000173389 0.000122685 0.00139182 -0.00016136 -0.00181388
internal_weight=8640 7798 5044 4418 626 601 566 405 45 4373 3084 564 2520 109
internal_count=8640 7798 5044 4418 626 601 566 405 45 4373 3084 564 2520 109
is_linear=0
shrinkage=0.05


Tree=58
num_leaves=15
num_cat=0
split_feature=6 4 5 0 4 3 8 7 2 3 5 5 3 3
split_gain=0.346528 0.296103 1.08929 0.285731 0.288191 0.268107 0.422515 0.553784 0.264073 0.689091 0.494187 0.325688 0.45316 0.302888
threshold=1.1999999999999977 36.750000000000007 37.250000000000007 36.000000000000007 25.150000000000002 10.250000000000002 12.783333333333333 2.0154955277107978 75.043350000000018 25.450000000000003 27.550000000000004 30.150000000000002 27.850000000000005 29.750000000000004
decision_type=2 2 2 2 2 2 2 2 2 2 2 2 2 2
left_child=3 2 5 -1 -5 -2 7 -7 9 10 -8 13 -13 -10
right_child=1 -3 -4 4 -6 6 8 -9 11 -11 -12 12 -14 -15
leaf_value=-0.00042989877756554056 -0.0017136798087962124 -0.00091862498801614876 0.010875342862741293 0.0046327872092232986 0.0011706860547567967 0.0086869205195398546 0.00093899512525043782 0.00069142514735515885 -0.00016212882012381173 -0.00076512941632107313 0.01003897713776678 0.005715344642703713 0.0007359277589804199 0.0015631293731377914
leaf_weight=256 227 976 23 68 518 32 37 67 3556 1583 25 48 950 274
leaf_count=256 227 976 23 68 518 32 37 67 3556 1583 25 48 950 274
internal_value=2.05773e-13 -0.000104051 1.24871e-05 0.000963647 0.00157243 -2.42603e-05 3.40931e-05 0.00327583 -1.5487e-05 -0.000562603 0.00460834 0.000170927 0.000975419 -3.8703e-05
internal_weight=8640 7798 6822 842 586 6799 6572 99 6473 1645 62 4828 998 3830
internal_count=8640 7798 6822 842 586 6799 6572 99 6473 1645 62 4828 998 3830
is_linear=0
shrinkage=0.05


Tree=59
num_leaves=15
num_cat=0
split_feature=4 5 7 3 4 7 3 4 0 7 5 4 5 3
split_gain=0.334365 0.793429 0.473649 0.395318 0.829207 0.461504 0.362145 0.546207 0.726091 0.49949 0.481173 0.406867 0.357175 0.424774
threshold=30.650000000000002 29.050000000000004 2.1221057269858652 30.650000000000002 32.850000000000001 1.3900434470236294 32.95000000000001 37.250000000000007 36.000000000000007 1.0198039027185566 36.050000000000004 36.350000000000001 31.750000000000004 29.650000000000002
decision_type=2 2 2 2 2 2 2 2 2 2 2 2 2 2
left_child=1 -1 -3 12 5 -5 10 8 -8 -10 -6 -11 -2 -14
right_child=3 2 -4 4 6 -7 7 -9 9 11 -12 -13 13 -15
leaf_value=2.549041213955156e-05 -0.0012446058128525055 0.0023247724567564939 -0.0033740548106531302 0.0021039012525596915 -0.0019926224997779585 0.0087345305004066995 0.0056375588806986347 -0.00046988480413862082 -0.0020635570754472276 0.0069567529043476836 0.0040405998743760089 -0.00040928620996104705 0.0049981135270522475 -0.00080671624207752759
leaf_weight=4878 1355 560 39 171 403 31 96 763 101 38 36 37 52 80
leaf_count=4878 1355 560 39 171 403 31 96 763 101 38 36 37 52 80
internal_value=-1.51118e-12 0.000236375 0.00195373 -0.000409303 0.000117213 0.00312147 -0.000294497 0.00021592 0.0021397 0.000231783 -0.00149787 0.00332284 -0.00100274 0.00148003
internal_weight=8640 5477 599 3163 1676 202 1474 1035 272 176 439 75 1487 132
internal_count=8640 5477 599 3163 1676 202 1474 1035 272 176 439 75 1487 132
is_linear=0
shrinkage=0.05


Tree=60
num_leaves=15
num_cat=0
split_feature=6 4 5 3 0 5 7 3 5 3 4 0 5 6
split_gain=0.312114 0.33444 0.602837 0.489231 0.476954 0.599587 0.41352 0.410357 0.635624 0.32414 0.317596 0.790044 0.622319 0.306901
threshold=3.5000000000000022 25.750000000000004 26.950000000000003 25.450000000000003 36.000000000000007 25.950000000000003 0.54365021434333716 27.250000000000004 27.450000000000003 40.95000000000001 29.050000000000004 36.000000000000007 29.650000000000002 1.7999999999999992
decision_type=2 2 2 2 2 2 2 2 2 2 2 2 2 2
left_child=1 4 -3 -4 5 13 -6 8 -7 -2 11 -5 -13 -1
right_child=9 2 3 10 6 7 -8 -9 -10 -11 -12 12 -14 -15
leaf_value=-0.004509458896979966 -0.00040712181897506429 -0.0020773905463665572 0.0070669009090544507 -0.0010005072993511386 0.002602420663430654 0.0045683740513314582 -0.00039346419181624762 -0.00042834845837205651 0.014258523304015398 0.0044284898175828858 -0.00012128975996228209 0.001337232292818027 0.0064726703669293791 0.0015245231268181669
leaf_weight=27 3519 305 26 388 153 110 466 30 20 35 2647 754 64 96
leaf_count=27 3519 305 26 388 153 110 466 30 20 35 2647 754 64 96
internal_value=3.60947e-12 0.000251212 6.29562e-05 0.000231248 0.00112445 0.00282488 0.000347037 0.00484276 0.00605917 -0.0003595 0.000185122 0.000857651 0.00173903 0.00019999
internal_weight=8640 5086 4184 3879 902 283 619 160 130 3554 3853 1206 818 123
internal_count=8640 5086 4184 3879 902 283 619 160 130 3554 3853 1206 818 123
is_linear=0
shrinkage=0.05


Tree=61
num_leaves=15
num_cat=0
split_feature=6 4 5 3 7 5 3 7 3 3 3 8 1 6
split_gain=0.294529 0.246965 0.660881 0.674879 0.413993 0.352616 0.38895 0.415992 0.346171 0.425546 0.319111 1.10419 0.463903 0.428267
threshold=1.1999999999999977 31.050000000000004 29.750000000000004 27.750000000000004 1.8070845870976455 30.350000000000005 31.650000000000002 1.1827454938333657 29.750000000000004 30.150000000000002 30.450000000000003 31.366666666666671 16.079350000000005 2.0999999999999992
decision_type=2 2 2 2 2 2 2 2 2 2 2 2 2 2
left_child=-1 2 8 -4 5 -5 7 -7 -2 -10 13 -12 -13 -3
right_child=1 10 3 4 -6 6 -8 -9 9 -11 11 12 -14 -15
leaf_value=0.00088840931792029528 -0.00012418083081321246 -0.004307073789823335 0.0074897055285891483 -7.8764146426692609e-05 -0.0022310612822007952 0.0031864401853332921 -0.0016799912813843952 0.0097492074862009642 0.0060994855291210117 0.00033486574349317995 0.0073751605733544849 0.00089354436740592439 -0.00093482198250345204 -0.00082022654930604614
leaf_weight=842 4598 96 51 100 66 90 27 33 50 89 49 553 931 1065
leaf_count=842 4598 96 51 100 66 90 27 33 50 89 49 553 931 1065
internal_value=1.59482e-12 -9.59272e-05 0.0001085 0.00215257 0.00129119 0.00222107 0.00375429 0.00494718 -4.98641e-05 0.00240847 -0.000483232 -9.65842e-06 -0.000253497 -0.00110854
internal_weight=8640 7798 5104 367 316 250 150 123 4737 139 2694 1533 1484 1161
internal_count=8640 7798 5104 367 316 250 150 123 4737 139 2694 1533 1484 1161
is_linear=0
shrinkage=0.05


Tree=62
num_leaves=15
num_cat=0
split_feature=6 0 4 3 5 4 5 3 3 1 3 4 4 8
split_gain=0.265813 0.245044 0.244278 0.258528 0.239467 0.228162 0.564692 0.86091 0.422641 0.518009 0.489221 0.393762 0.590561 0.459311
threshold=1.1999999999999977 36.000000000000007 25.150000000000002 25.550000000000004 25.550000000000004 29.450000000000003 27.650000000000002 25.450000000000003 31.550000000000004 27.379200000000004 27.450000000000003 24.950000000000003 25.550000000000004 27.250000000000004
decision_type=2 2 2 2 2 2 2 2 2 2 2 2 2 2
left_child=1 -1 4 -4 -3 6 -2 -8 9 11 -11 -9 13 -13
right_child=5 2 3 -5 -6 -7 7 8 -10 10 -12 12 -14 -15
leaf_value=-0.00044653169712205454 -0.00021277479793725034 0.00045416153824100132 -0.0037255168663924212 0.001299831180801509 0.0065598657782954574 -0.00035780024806512348 0.010687018922813561 -0.0056290254629541032 -0.0044150645573002604 0.011381952895823381 0.0018217965785879643 0.010475126849321116 0.00068409459187693418 0.0017062264698324725
leaf_weight=256 2694 26 27 491 42 3954 23 23 36 23 32 28 953 32
leaf_count=256 2694 26 27 491 42 3954 23 23 36 23 32 28 953 32
internal_value=-7.39007e-13 0.000843989 0.00140777 0.00103789 0.00422533 -9.11309e-05 0.00018317 0.00111071 0.000915277 0.00109116 0.00581968 0.000840133 0.000987014 0.00579838
internal_weight=8640 842 586 518 68 7798 3844 1150 1127 1091 55 1036 1013 60
internal_count=8640 842 586 518 68 7798 3844 1150 1127 1091 55 1036 1013 60
is_linear=0
shrinkage=0.05


Tree=63
num_leaves=15
num_cat=0
split_feature=6 3 4 5 1 8 4 5 3 0 0 7 4 5
split_gain=0.245535 0.433216 0.356887 0.375981 0.384632 0.288711 0.341189 0.391707 0.469508 0.49032 0.312019 0.650914 0.534763 0.807046
threshold=4.7999999999999989 40.95000000000001 29.150000000000002 28.350000000000005 27.379200000000004 28.450000000000006 26.850000000000005 27.050000000000004 25.550000000000004 36.000000000000007 36.000000000000007 0.54365021434333716 25.750000000000004 21.250000000000004
decision_type=2 2 2 2 2 2 2 2 2 2 2 2 2 2
left_child=2 -2 3 5 -5 6 10 -8 -9 -10 12 -12 13 -1
right_child=1 -3 -4 4 -6 -7 7 8 9 -11 11 -13 -14 -15
leaf_value=0.00025652656135502483 -0.00056347261533385904 0.0064918048256500209 -0.00020172823776085655 0.0013334608761186246 0.0062096528842547826 0.0061215181945867489 -0.0026118682189421221 0.0045904186756838584 -0.0024500447226130421 0.00059613088224091319 0.0023094592307245842 -0.00049255603530042058 -0.0011856260434810625 0.0044917994665108077
leaf_weight=222 1977 22 3493 500 44 21 187 51 197 401 270 892 135 228
leaf_count=222 1977 22 3493 500 44 21 187 51 197 401 270 892 135 228
internal_value=-5.70837e-13 -0.000485826 0.000146238 0.000532339 0.00172786 0.000282583 0.000235112 -0.000595596 -1.46363e-05 -0.000407375 0.000632635 0.000158515 0.00157439 0.0024024
internal_weight=8640 1999 6641 3148 544 2604 2583 836 649 598 1747 1162 585 450
internal_count=8640 1999 6641 3148 544 2604 2583 836 649 598 1747 1162 585 450
is_linear=0
shrinkage=0.05


Tree=64
num_leaves=15
num_cat=0
split_feature=3 5 6 5 3 0 4 4 5 0 5 1 5 5
split_gain=0.235176 0.318574 0.284558 0.30825 0.658375 0.273991 0.27345 0.245398 0.541148 0.409724 0.474568 0.396892 0.743621 0.974058
threshold=9.1500000000000004 12.350000000000003 3.5000000000000022 32.050000000000004 29.550000000000004 60.000000000000007 45.050000000000004 25.750000000000004 26.950000000000003 36.000000000000007 25.950000000000003 27.379200000000004 31.550000000000004 27.650000000000002
decision_type=2 2 2 2 2 2 2 2 2 2 2 2 2 2
left_child=-1 5 6 -4 -5 -2 7 9 -9 10 -3 -10 13 -13
right_child=1 2 3 4 -6 -7 -8 8 11 -11 -12 12 -14 -15
leaf_value=-0.0018871159013217017 0.003029560617387688 0.00016943646339219915 -0.00062727038618940714 0.0061879575960528191 0.00013774309351498938 -0.00051075704087200297 -0.0035018909076342782 -0.0019378228271742671 4.1878959484582146e-05 0.00028678716964403384 0.0043697815941413868 -0.00060739241920972379 -0.00021269912727262097 0.0058125855323548116
leaf_weight=162 160 116 2563 49 546 83 49 305 3279 617 160 93 296 162
leaf_count=162 160 116 2563 49 546 83 49 305 3279 617 160 93 296 162
internal_value=2.23314e-12 3.60595e-05 -1.65907e-05 -0.000389258 0.000635996 0.00182032 0.000215216 0.000251441 8.91119e-05 0.0010031 0.00260442 0.000250526 0.00149218 0.00347118
internal_weight=8640 8478 8235 3158 595 243 5077 5028 4135 893 276 3830 551 255
internal_count=8640 8478 8235 3158 595 243 5077 5028 4135 893 276 3830 551 255
is_linear=0
shrinkage=0.05


Tree=65
num_leaves=15
num_cat=0
split_feature=4 5 3 4 5 8 3 4 5 5 3 5 3 3
split_gain=0.221878 0.632938 0.493611 0.482075 0.507889 0.385056 0.364496 0.722975 0.476255 0.42144 0.544678 0.324635 0.437983 0.322014
threshold=30.950000000000003 29.750000000000004 32.050000000000004 28.550000000000004 31.550000000000004 29.100000000000005 30.650000000000002 32.850000000000001 30.250000000000004 34.650000000000013 32.750000000000007 32.650000000000013 29.650000000000002 32.95000000000001
decision_type=2 2 2 2 2 2 2 2 2 2 2 2 2 2
left_child=1 -1 3 -3 5 -5 11 8 -8 10 -10 -2 -13 -9
right_child=6 2 -4 4 -6 -7 7 13 9 -11 -12 12 -14 -15
leaf_value=4.054735621200327e-05 -0.0011762435425922513 0.00010949626223983493 -0.0049624420844180429 0.0092223764241983492 0.0088446175430489851 0.0020481538620153827 0.0098256749748859718 -0.0013633370546386461 0.0025870009034950391 0.0078329423942637665 -0.0053602814079365801 0.0067645328635755446 -0.00092472309530105287 0.00025270930229572003
leaf_weight=5297 1223 127 23 21 43 171 23 439 107 27 27 31 46 1035
leaf_count=5297 1223 127 23 21 43 171 23 439 107 27 27 31 46 1035
internal_value=6.1288e-13 0.000182818 0.00214024 0.00259152 0.00393286 0.00283283 -0.000351174 0.000140296 0.00309544 0.00213398 0.000985683 -0.000977987 0.00217095 -0.000228596
internal_weight=8640 5682 385 362 235 192 2958 1658 184 161 134 1300 77 1474
internal_count=8640 5682 385 362 235 192 2958 1658 184 161 134 1300 77 1474
is_linear=0
shrinkage=0.05


Tree=66
num_leaves=15
num_cat=0
split_feature=3 4 0 6 3 4 7 6 5 8 4 4 7 4
split_gain=0.213741 0.387509 0.225181 0.214968 0.273041 0.246685 0.211807 0.221104 0.219706 0.620157 0.355488 0.688715 0.682765 0.209625
threshold=10.250000000000002 16.250000000000004 60.000000000000007 3.5000000000000022 40.95000000000001 45.050000000000004 1.5282524515130211 3.7000000000000006 32.050000000000004 31.183333333333337 31.650000000000002 33.95000000000001 2.0154955277107978 27.050000000000004
decision_type=2 2 2 2 2 2 2 2 2 2 2 2 2 2
left_child=-1 2 -2 5 6 13 -5 -8 -9 -10 -11 12 -12 -3
right_child=1 3 -4 4 -6 -7 7 8 9 10 11 -13 -14 -15
leaf_value=-0.0015139775067664755 0.0033517739965825133 0.00076661808465324204 -0.00030032740257008645 -0.0022702639396171231 0.0040573564780476907 -0.0033394318397099877 0.0017475806557991373 -0.00059161060603156327 0.0070705324457615952 -0.0064409731514751909 0.0005204461243314048 -0.00029379127564012667 0.012243610433221835 3.1672844170699629e-05
leaf_weight=227 137 1318 61 142 35 49 127 2342 34 20 27 421 23 3677
leaf_count=227 137 1318 61 142 35 49 127 2342 34 20 27 421 23 3677
internal_value=-5.7275e-13 4.08502e-05 0.00222663 -1.1832e-05 -0.000334416 0.000190966 -0.000383431 -0.000293942 -0.000384375 0.000540091 8.78808e-05 0.000365115 0.0059131 0.000225598
internal_weight=8640 8413 198 8215 3171 5044 3136 2994 2867 525 491 471 50 4995
internal_count=8640 8413 198 8215 3171 5044 3136 2994 2867 525 491 471 50 4995
is_linear=0
shrinkage=0.05


Tree=67
num_leaves=15
num_cat=0
split_feature=6 0 4 3 5 4 8 5 4 4 5 3 5 0
split_gain=0.201682 0.209799 0.205947 0.242591 0.216119 0.198906 0.188778 0.320088 1.27714 0.266676 0.864075 0.191045 0.280424 0.231778
threshold=1.1999999999999977 36.000000000000007 25.150000000000002 25.550000000000004 25.550000000000004 25.550000000000004 43.716666666666669 40.350000000000001 42.45000000000001 37.150000000000013 37.250000000000007 9.1500000000000004 12.350000000000003 60.000000000000007
decision_type=2 2 2 2 2 2 2 2 2 2 2 2 2 2
left_child=1 -1 4 -4 -3 -5 7 9 -9 10 11 -2 13 -13
right_child=6 2 3 5 -6 -7 -8 8 -10 -11 -12 12 -14 -15
leaf_value=-0.00045894911918367145 -0.0017190885929143586 0.00026128280800409044 -0.0036970526777656272 0.005817465075630357 0.006061701900658331 0.00095297887914879602 -0.0028273784454100797 0.014008630109019577 -0.00078221943651981391 -0.00096829937191937317 0.009685084690420849 0.0027982371432881338 -4.4152342610159427e-05 -0.00045795876151287409
leaf_weight=256 162 26 27 22 42 469 62 20 54 775 23 160 6459 83
leaf_count=256 162 26 27 22 42 469 62 20 54 775 23 160 6459 83
internal_value=2.12895e-12 0.00073516 0.00125682 0.000917203 0.00384389 0.00117094 -7.93799e-05 -5.73562e-05 0.00321531 -8.89637e-05 9.98867e-06 -2.24308e-05 1.85806e-05 0.00168604
internal_weight=8640 842 586 518 68 491 7798 7736 74 7662 6887 6864 6702 243
internal_count=8640 842 586 518 68 491 7798 7736 74 7662 6887 6864 6702 243
is_linear=0
shrinkage=0.05


Tree=68
num_leaves=15
num_cat=0
split_feature=4 5 4 4 0 0 3 1 8 3 1 4 5 3
split_gain=0.19182 0.43845 0.387275 0.445243 0.420918 0.418201 0.378105 0.364291 0.415721 0.312753 0.298942 0.296497 0.378071 0.532079
threshold=29.150000000000002 27.650000000000002 24.950000000000003 25.550000000000004 36.000000000000007 60.000000000000007 31.550000000000004 27.379200000000004 30.016666666666669 29.550000000000004 16.079350000000005 26.550000000000004 19.350000000000005 17.650000000000002
decision_type=2 2 2 2 2 2 2 2 2 2 2 2 2 2
left_child=1 11 -3 5 9 -4 7 8 10 -5 -6 12 -1 -14
right_child=-2 2 3 4 6 -7 -8 -9 -10 -11 -12 -13 13 -15
leaf_value=-0.00041403553906112434 -0.00022639108948077936 -0.0053375781749111966 0.0089344273906733322 8.6140111304556675e-05 0.0038612256028218981 0.00046733464114367962 -0.0043765410566702486 0.0060381034878557744 0.0080209577727752435 -0.0045753783682679263 0.0008372097427278007 -0.0010739816011579877 0.0054606520175631452 0.00058479694067527406
leaf_weight=1283 4492 23 35 294 97 25 25 49 24 41 519 591 59 1083
leaf_count=1283 4492 23 35 294 97 25 25 49 24 41 519 591 59 1083
internal_value=4.19307e-12 0.000245166 0.00108425 0.00121743 0.000977828 0.00540647 0.00166388 0.00188305 0.00156493 -0.000484374 0.00131339 -6.9767e-05 0.000174972 0.000836702
internal_weight=8640 4148 1132 1109 1049 60 714 689 640 335 616 3016 2425 1142
internal_count=8640 4148 1132 1109 1049 60 714 689 640 335 616 3016 2425 1142
is_linear=0
shrinkage=0.05


Tree=69
num_leaves=15
num_cat=0
split_feature=6 0 4 3 5 6 7 8 5 4 4 5 2 3
split_gain=0.177431 0.185237 0.183608 0.225938 0.196178 0.182477 0.188112 0.169022 0.290824 1.15262 0.2349 0.892289 0.174032 0.554702
threshold=1.1999999999999977 36.000000000000007 25.150000000000002 25.750000000000004 25.750000000000004 1.0999999999999999 0.2943920288775953 43.716666666666669 40.350000000000001 42.45000000000001 36.750000000000007 36.750000000000007 75.043350000000018 25.050000000000004
decision_type=2 2 2 2 2 2 2 2 2 2 2 2 2 2
left_child=1 5 4 -4 -3 6 -1 8 10 -10 11 12 13 -2
right_child=7 2 3 -5 -6 -7 -8 -9 9 -11 -12 -13 -14 -15
leaf_value=0.00077093500839245897 0.0072323979575942407 0.0014430913935052005 -0.0025683292283660689 0.0011772039572719116 0.0069318716172818793 0.0030376755717125806 -0.0021742840500799223 -0.0026746899779555543 0.013319517937488853 -0.00073178895248996996 -0.00087217993924900046 0.0074593410125817182 0.00011289912977519771 -0.00058736570399661086
leaf_weight=93 23 41 44 474 27 33 130 62 20 54 841 40 5136 1622
leaf_count=93 23 41 44 474 27 33 130 62 20 54 841 40 5136 1622
internal_value=-7.43028e-13 0.000689547 0.00117972 0.000859051 0.00362246 -0.000432487 -0.000946009 -7.44548e-05 -5.36153e-05 0.00306586 -8.37434e-05 1.34675e-05 -3.04545e-05 -0.000478032
internal_weight=8640 842 586 518 68 256 223 7798 7736 74 7662 6821 6781 1645
internal_count=8640 842 586 518 68 256 223 7798 7736 74 7662 6821 6781 1645
is_linear=0
shrinkage=0.05


Tree=70
num_leaves=15
num_cat=0
split_feature=3 4 0 5 4 5 3 4 5 4 8 0 6 3
split_gain=0.176461 0.3356 0.190409 0.187048 0.696078 0.40326 0.204851 0.202016 0.371235 0.349335 0.402159 0.367701 0.366387 0.337679
threshold=10.250000000000002 16.250000000000004 60.000000000000007 19.350000000000005 23.250000000000004 21.950000000000003 17.650000000000002 29.150000000000002 27.650000000000002 24.950000000000003 27.050000000000004 36.000000000000007 4.0999999999999996 31.550000000000004
decision_type=2 2 2 2 2 2 2 2 2 2 2 2 2 2
left_child=-1 2 -2 -3 5 6 -5 8 -6 -10 -11 12 -12 -13
right_child=1 3 -4 4 7 -7 -8 -9 9 10 11 13 -14 -15
leaf_value=-0.0013756236105558304 0.0031058717247125877 -0.00071054431980560996 -0.00025244405317563018 0.004760343364693902 -0.00015848011303942763 0.009972698963247241 0.00084416822266682775 -0.00020851429802251338 -0.00507025500131852 0.0047959912043641995 -0.00091971938574501747 0.0017525914358908483 0.0059074956169795426 -0.004163358963560313
leaf_weight=227 137 858 61 55 1573 20 85 4492 23 71 306 686 21 25
leaf_count=227 137 858 61 55 1573 20 85 4492 23 71 306 686 21 25
internal_value=1.05375e-12 3.71171e-05 0.00207124 -1.19098e-05 6.95675e-05 0.00333142 0.00238267 -2.9483e-06 0.00033842 0.0010289 0.00115539 0.000906375 -0.000481274 0.00154458
internal_weight=8640 8413 198 8215 7357 160 140 7197 2705 1132 1109 1038 327 711
internal_count=8640 8413 198 8215 7357 160 140 7197 2705 1132 1109 1038 327 711
is_linear=0
shrinkage=0.05


Tree=71
num_leaves=15
num_cat=0
split_feature=8 5 4 4 5 3 3 4 5 3 8 5 5 4
split_gain=0.160359 0.305664 1.06291 0.258547 0.81543 0.224991 0.187731 0.429536 0.695047 0.467307 0.440422 0.580241 0.340296 0.406152
threshold=44.033333333333339 40.750000000000007 41.050000000000004 37.150000000000013 37.250000000000007 40.45000000000001 30.750000000000004 30.950000000000003 29.650000000000002 27.750000000000004 29.483333333333338 29.150000000000002 32.650000000000013 34.250000000000007
decision_type=2 2 2 2 2 2 2 2 2 2 2 2 2 2
left_child=1 3 -3 4 6 -5 7 8 10 -10 -1 -12 -9 -14
right_child=-2 2 -4 5 -6 -7 -8 12 9 -11 11 -13 13 -15
leaf_value=-3.4074698897039505e-05 -0.0024551557084178614 0.012738765217363834 0.00037567487924756245 -0.0010112384169852684 0.0090884589520283041 0.0039031563569248344 0.00076112901596069298 -0.0010820947555742388 0.0066589001371440571 0.001555087171928554 0.010516531230962795 0.00029325265237795453 0.0048292946894125978 -0.00270494370272866
leaf_weight=5173 66 21 101 787 25 24 814 1193 55 243 23 35 53 27
leaf_count=5173 66 21 101 787 25 24 814 1193 55 243 23 35 53 27
internal_value=-4.58074e-13 1.8899e-05 0.00250375 -1.69684e-05 7.31255e-05 -0.000865806 4.35321e-05 -4.23432e-05 0.000148309 0.00249707 1.4505e-05 0.00434731 -0.000870401 0.00228649
internal_weight=8640 8574 122 8452 7641 811 7616 6802 5529 298 5231 58 1273 80
internal_count=8640 8574 122 8452 7641 811 7616 6802 5529 298 5231 58 1273 80
is_linear=0
shrinkage=0.05


Tree=72
num_leaves=15
num_cat=0
split_feature=3 8 7 6 3 4 5 3 4 5 4 8 5 4
split_gain=0.158841 0.312051 0.48304 0.154854 0.162959 0.298129 0.296729 0.20156 0.499072 0.357007 0.180969 0.144295 0.990621 0.167381
threshold=10.250000000000002 12.783333333333333 2.0154955277107978 1.1999999999999977 25.250000000000004 25.350000000000005 25.750000000000004 26.450000000000003 26.750000000000004 26.750000000000004 25.050000000000004 42.283333333333339 41.650000000000013 36.750000000000007
decision_type=2 2 2 2 2 2 2 2 2 2 2 2 2 2
left_child=-1 2 -2 4 10 6 -6 -7 9 -9 -3 12 13 -5
right_child=1 3 -4 11 5 7 -8 8 -10 -11 -12 -13 -14 -15
leaf_value=-0.001305138696407405 0.0078794578803353943 0.0011916615549758401 0.00041210610800033521 1.1488298348318872e-05 0.0004439697606192733 -0.0011005732861839965 0.0069248005502710224 0.00027689371878902115 0.00045921530978318973 0.0085231812391430139 -0.0047940266085788608 -0.0019666393659068175 0.011067692716605963 -0.00073156931031455178
leaf_weight=227 32 23 67 6495 33 152 38 21 512 35 28 99 20 858
leaf_count=227 32 23 67 6495 33 152 38 21 512 35 28 99 20 858
internal_value=-3.67354e-12 3.52153e-05 0.0028258 1.98613e-06 0.000644805 0.000821429 0.00391258 0.000516607 0.000949374 0.00543082 -0.0020946 -7.04515e-05 -4.49907e-05 -7.52169e-05
internal_weight=8640 8413 99 8314 842 791 71 720 568 56 51 7472 7373 7353
internal_count=8640 8413 99 8314 842 791 71 720 568 56 51 7472 7373 7353
is_linear=0
shrinkage=0.05


Tree=73
num_leaves=15
num_cat=0
split_feature=3 5 5 5 4 5 3 4 4 5 3 1 3 4
split_gain=0.145107 0.228036 0.218447 0.185548 0.628797 0.363942 0.187715 0.184762 0.167841 0.328067 0.316875 0.430935 0.421598 0.304836
threshold=9.1500000000000004 12.350000000000003 8.8500000000000032 19.350000000000005 23.250000000000004 21.950000000000003 18.650000000000002 14.450000000000001 29.150000000000002 27.650000000000002 31.550000000000004 27.379200000000004 27.450000000000003 24.950000000000003
decision_type=2 2 2 2 2 2 2 2 2 2 2 2 2 2
left_child=-1 2 -2 -3 5 6 -5 -4 9 -6 11 13 -13 -11
right_child=1 3 7 4 8 -7 -8 -9 -10 10 -12 12 -14 -15
leaf_value=-0.0014823354999132362 -0.001523494645779794 -0.0007032395945869394 0.0061127020908450643 0.0032004841790842114 -0.00015911265189752459 0.0094751934008672836 -0.0013172798525092418 0.0016584022595759304 -0.00019052464193812247 -0.0048363437734382309 -0.0040283421122078453 0.010706486861983484 0.0020891315874177964 0.00098468994658578303
leaf_weight=162 47 878 27 111 1573 20 29 169 4492 23 31 22 40 1016
leaf_count=162 47 878 27 111 1573 20 29 169 4492 23 31 22 40 1016
internal_value=3.01068e-12 2.83249e-05 0.0015379 -1.62198e-05 6.57706e-05 0.00316598 0.00226466 0.002272 -3.15165e-06 0.000308005 0.000957101 0.00109747 0.0051469 0.000855832
internal_weight=8640 8478 243 8235 7357 160 140 196 7197 2705 1132 1101 62 1039
internal_count=8640 8478 243 8235 7357 160 140 196 7197 2705 1132 1101 62 1039
is_linear=0
shrinkage=0.05


Tree=74
num_leaves=15
num_cat=0
split_feature=6 0 4 3 5 6 7 7 2 8 5 4 5 3
split_gain=0.138633 0.157854 0.159748 0.190485 0.172393 0.158135 0.171569 0.132311 0.131226 0.12894 0.895549 0.146224 0.752791 0.203263
threshold=1.1999999999999977 36.000000000000007 25.150000000000002 25.650000000000002 25.550000000000004 1.0999999999999999 0.2943920288775953 0.32998316455372306 77.393050000000017 42.283333333333339 41.650000000000013 36.750000000000007 37.250000000000007 40.250000000000007
decision_type=2 2 2 2 2 2 2 2 2 2 2 2 2 2
left_child=1 5 4 -4 -3 6 -1 -8 -9 10 11 12 -2 -13
right_child=9 2 3 -5 -6 -7 7 8 -10 -11 -12 13 -14 -15
leaf_value=0.00073539002232694177 -2.2774535466140797e-05 0.00014077924760595823 -0.0026941609021427261 0.0010288259875266331 0.0053212921789270789 0.002804149783244639 -0.0051218624779721727 -0.0041571252829661334 -0.00013842511044286594 -0.0018587811727716467 0.010523834424093367 -0.00083693945229150175 0.0092411995685490033 0.0032244793976133226
leaf_weight=93 6799 26 37 481 42 33 28 28 74 99 20 826 22 32
leaf_count=93 6799 26 37 481 42 33 28 28 74 99 20 826 22 32
internal_value=8.56512e-13 0.000609512 0.00106201 0.000762898 0.00334051 -0.000426277 -0.000904322 -0.00207735 -0.0012416 -6.58129e-05 -4.27575e-05 -7.02782e-05 7.10487e-06 -0.000685465
internal_weight=8640 842 586 518 68 256 223 130 102 7798 7699 7679 6821 858
internal_count=8640 842 586 518 68 256 223 130 102 7798 7699 7679 6821 858
is_linear=0
shrinkage=0.05


Tree=75
num_leaves=15
num_cat=0
split_feature=3 4 0 5 4 7 5 6 0 5 4 5 4 8
split_gain=0.132808 0.269296 0.169875 0.154313 0.570392 0.353198 0.34064 0.184707 0.23812 0.451047 0.157644 0.342184 0.406396 0.465168
threshold=10.250000000000002 16.250000000000004 60.000000000000007 19.350000000000005 22.750000000000004 2.0044394404674475 20.750000000000004 6.2500000000000009 60.000000000000007 13.65 27.050000000000004 26.450000000000003 24.950000000000003 25.900000000000002
decision_type=2 2 2 2 2 2 2 2 2 2 2 2 2 2
left_child=-1 2 -2 7 5 6 -5 -3 9 -9 11 -6 13 -13
right_child=1 3 -4 4 10 -7 -8 8 -10 -11 -12 12 -14 -15
leaf_value=-0.0011934040589849128 0.0028315868571121925 -0.00096883859706143292 -0.00034047766038995301 -0.00027045223340835598 -0.0004342987943175925 0.0086780472826212662 0.0055020777512677452 0.0085779461473145576 -0.0018272347445114673 0.00047797704974072985 -0.00011576623760248728 0.0027964055085451241 0.0015076055816768388 -0.0042148140997649505
leaf_weight=227 137 719 61 63 620 25 43 23 48 68 5741 36 760 69
leaf_count=227 137 719 61 63 620 25 43 23 48 68 5741 36 760 69
internal_value=2.44058e-13 3.22005e-05 0.00185433 -1.1717e-05 6.22878e-05 0.00333208 0.00207123 -0.000646279 0.00102222 0.00252522 3.00989e-06 0.000462198 0.00110477 -0.00181097
internal_weight=8640 8413 198 8215 7357 131 106 858 139 91 7226 1485 865 105
internal_count=8640 8413 198 8215 7357 131 106 858 139 91 7226 1485 865 105
is_linear=0
shrinkage=0.05


Tree=76
num_leaves=15
num_cat=0
split_feature=4 5 4 4 5 3 4 5 3 8 5 1 7 7
split_gain=0.129074 0.65929 0.539843 0.183543 0.694075 0.173799 0.395826 0.619201 0.408593 0.401206 0.525729 0.305321 0.594026 0.325415
threshold=43.750000000000007 40.750000000000007 41.050000000000004 37.150000000000013 36.750000000000007 30.750000000000004 30.950000000000003 29.650000000000002 27.750000000000004 29.483333333333338 29.150000000000002 27.379200000000004 1.596524001977073 0.88191620377048896
decision_type=2 2 2 2 2 2 2 2 2 2 2 2 2 2
left_child=1 3 -3 4 5 6 7 9 -9 -1 -11 13 -13 -8
right_child=-2 2 -4 -5 -6 -7 11 8 -10 10 -12 12 -14 -15
leaf_value=-4.7473137831735579e-05 -0.0011927984368606003 0.011528382113292105 0.0020299044719789753 -0.0007820040484104332 0.0061844163798646752 0.0007235872553611679 -0.0036792755627723796 0.006233699470758438 0.0014612731609566314 0.01000658352251934 0.0002753726562618145 0.0063312367928263398 -0.00031065934487634295 -0.00094824176198500954
leaf_weight=5173 221 21 52 705 46 795 126 55 243 23 35 38 295 812
leaf_count=5173 221 21 52 705 46 795 126 55 243 23 35 38 295 812
internal_value=5.41486e-14 3.13111e-05 0.00476234 -1.00698e-05 6.1153e-05 2.40668e-05 -5.77154e-05 0.000125186 0.00234209 -1.10669e-06 0.0041343 -0.000853358 0.000447275 -0.0013151
internal_weight=8640 8419 73 8346 7641 7595 6800 5529 298 5231 58 1271 333 938
internal_count=8640 8419 73 8346 7641 7595 6800 5529 298 5231 58 1271 333 938
is_linear=0
shrinkage=0.05


Tree=77
num_leaves=15
num_cat=0
split_feature=4 4 5 4 0 7 3 1 7 8 8 5 4 5
split_gain=0.126868 0.136016 0.263776 0.297217 0.297122 0.511351 0.288194 0.381729 0.390125 0.302718 0.358016 0.283416 0.470829 0.300991
threshold=13.550000000000002 29.150000000000002 27.650000000000002 26.550000000000004 36.000000000000007 0.54365021434333716 31.550000000000004 27.379200000000004 0.71336448530109042 30.016666666666669 29.516666666666669 19.550000000000004 24.650000000000002 21.250000000000004
decision_type=2 2 2 2 2 2 2 2 2 2 2 2 2 2
left_child=-1 2 3 4 11 -6 7 9 -9 10 -4 -2 13 -13
right_child=1 -3 6 -5 5 -7 -8 8 -10 -11 -12 12 -14 -15
leaf_value=-0.0018887833295428372 0.000127105976450063 -0.00017013659698245944 0.00080842526730765061 -0.0010231551079324947 0.0019897517029460426 -0.00053332326017629906 -0.0038771241095908468 0.00015541703077570464 0.0081930803911139573 0.0061109906743065674 -0.0048283363788806169 0.0016851134752505458 0.00095510989332979088 0.0073229968752551444
leaf_weight=88 396 4492 984 591 236 1347 31 26 36 26 29 40 260 58
leaf_count=88 396 4492 984 591 236 1347 31 26 36 26 29 40 260 58
internal_value=3.09926e-12 1.94356e-05 0.000229179 -2.14101e-05 0.000231919 -0.000157173 0.000877346 0.00101121 0.00482245 0.000783787 0.000647057 0.00104881 0.00206834 0.00502182
internal_weight=8640 8552 4060 2928 2337 1583 1132 1101 62 1039 1013 754 358 98
internal_count=8640 8552 4060 2928 2337 1583 1132 1101 62 1039 1013 754 358 98
is_linear=0
shrinkage=0.05


Tree=78
num_leaves=15
num_cat=0
split_feature=8 5 4 4 5 3 3 4 5 1 7 7 8 5
split_gain=0.120254 0.229823 0.783867 0.163835 0.628476 0.187305 0.16105 0.347181 0.552701 0.275552 0.536109 0.293687 0.27498 0.561673
threshold=44.033333333333339 40.750000000000007 41.050000000000004 37.150000000000013 36.750000000000007 40.45000000000001 30.750000000000004 30.950000000000003 29.750000000000004 27.379200000000004 1.596524001977073 0.88191620377048896 29.483333333333338 29.150000000000002
decision_type=2 2 2 2 2 2 2 2 2 2 2 2 2 2
left_child=1 3 -3 4 6 -5 7 8 12 11 -11 -9 -1 -14
right_child=-2 2 -4 5 -6 -7 -8 9 -10 10 -12 -13 13 -15
leaf_value=-4.0992386154554571e-05 -0.0021260965033434334 0.010960469718667723 0.00034349716091551589 -0.0008231370912638779 0.0058837024206498077 0.0036608235492773624 0.00069506947563246558 -0.0034868049632461318 0.0023035505591946091 0.0060231818915589862 -0.00028661956112847621 -0.00089232284899212061 0.009514760987266252 -0.00012705727236938071
leaf_weight=5188 66 21 101 787 46 24 795 126 274 38 295 812 23 44
leaf_count=5188 66 21 101 787 46 24 795 126 274 38 295 812 23 44
internal_value=3.02403e-12 1.6366e-05 0.00217101 -1.47351e-05 5.69832e-05 -0.000690443 2.1693e-05 -5.70327e-05 0.000114262 -0.000802184 0.000433418 -0.00124084 1.10463e-07 0.00318282
internal_weight=8640 8574 122 8452 7641 811 7595 6800 5529 1271 333 938 5255 67
internal_count=8640 8574 122 8452 7641 811 7595 6800 5529 1271 333 938 5255 67
is_linear=0
shrinkage=0.05


Tree=79
num_leaves=15
num_cat=0
split_feature=4 4 5 8 3 1 6 4 1 5 5 2 5 3
split_gain=0.114237 0.120118 0.244431 0.505596 0.245753 0.238266 0.343266 0.505249 0.407328 0.51337 0.248418 0.231843 0.231209 0.282502
threshold=13.550000000000002 29.150000000000002 30.150000000000002 30.250000000000004 25.450000000000003 22.610250000000004 3.9999999999999978 29.750000000000004 27.379200000000004 27.550000000000004 27.350000000000005 75.043350000000018 28.350000000000005 31.750000000000004
decision_type=2 2 2 2 2 2 2 2 2 2 2 2 2 2
left_child=-1 12 4 -4 -3 -6 7 10 -9 -10 -7 -5 -2 -14
right_child=1 2 3 11 5 6 -8 8 9 -11 -12 -13 13 -15
leaf_value=-0.001792294547141699 6.0115363469657939e-05 0.0036578263821346424 0.0035691978173552478 -0.0018616134524090241 -0.00091616502949380121 0.0015004807521643885 -0.00060162068238734713 6.55605850026828e-05 -0.0010797473801566022 0.0066827969628208313 -0.004135740779178298 0.00020918394099777275 0.0013522514633878789 -0.0043005825607511016
leaf_weight=88 3471 35 108 146 1588 34 524 73 28 89 46 1821 566 23
leaf_count=88 3471 35 108 146 1588 34 524 73 28 89 46 1821 566 23
internal_value=8.17756e-13 1.84427e-05 -0.000159706 0.000238362 -0.000501449 -0.000562563 0.000144641 0.00159294 0.00299643 0.00482509 -0.00174035 5.54796e-05 0.000215547 0.00113151
internal_weight=8640 8552 4492 2075 2417 2382 794 270 190 117 80 1967 4060 589
internal_count=8640 8552 4492 2075 2417 2382 794 270 190 117 80 1967 4060 589
is_linear=0
shrinkage=0.05


Tree=80
num_leaves=15
num_cat=0
split_feature=8 5 6 7 7 4 0 5 5 5 7 6 3 1
split_gain=0.110281 0.27903 0.114899 0.181577 0.173271 0.200028 0.390388 0.593635 0.388214 0.299021 0.56426 0.393622 0.276349 0.268173
threshold=43.716666666666669 43.550000000000004 3.5000000000000022 1.5282524515130211 1.4406769944101596 25.750000000000004 36.000000000000007 25.950000000000003 26.950000000000003 27.650000000000002 0.94633797110522677 1.7500000000000002 25.450000000000003 27.379200000000004
decision_type=2 2 2 2 2 2 2 2 2 2 2 2 2 2
left_child=1 2 4 -4 5 6 7 -1 -7 10 11 -9 -10 -14
right_child=-2 -3 3 -5 -6 8 -8 9 12 -11 -12 -13 13 -15
leaf_value=-0.00057078571632155218 -0.0018028447189689838 0.0055175007604386503 -0.0019477684888185871 -0.00014101879202200711 0.0014797652747262674 -0.0017964780975939856 8.380291989167635e-05 0.003043553350958187 0.0055472187677641279 0.0096348614796348247 -0.0033035124465823173 0.0096805541339563209 -0.00011768717239050594 0.0011680138136745859
leaf_weight=100 84 23 145 3395 236 297 589 74 23 23 25 32 3128 466
leaf_count=100 84 23 145 3395 236 297 589 74 23 23 25 32 3128 466
internal_value=-3.92879e-12 1.76997e-05 2.87547e-06 -0.000215024 0.000157365 9.17589e-05 0.000790387 0.00242888 -5.87121e-05 0.00437672 0.00345353 0.00504718 8.39798e-05 4.90175e-05
internal_weight=8640 8556 8533 3540 4993 4757 843 254 3914 154 131 106 3617 3594
internal_count=8640 8556 8533 3540 4993 4757 843 254 3914 154 131 106 3617 3594
is_linear=0
shrinkage=0.05


Tree=81
num_leaves=15
num_cat=0
split_feature=4 5 4 4 5 3 4 5 1 6 5 3 4 0
split_gain=0.104771 0.528454 0.43252 0.148117 0.57536 0.141155 0.268032 0.473502 0.337017 0.521513 0.35493 0.265657 0.331757 0.308065
threshold=43.750000000000007 40.750000000000007 41.050000000000004 37.150000000000013 37.250000000000007 30.750000000000004 30.650000000000002 29.150000000000002 22.610250000000004 2.4999999999999987 34.45000000000001 27.450000000000003 28.650000000000002 60.000000000000007
decision_type=2 2 2 2 2 2 2 2 2 2 2 2 2 2
left_child=1 3 -3 4 5 6 7 -1 10 -10 -8 12 -9 -14
right_child=-2 2 -4 -5 -6 -7 8 11 9 -11 -12 -13 13 -15
leaf_value=-2.234560575825424e-05 -0.0010746507563552403 0.010320120994445115 0.0018180755450605199 -0.00070228709647735812 0.0076279728412628174 0.0006525279995604191 -0.0012723655285608599 -0.0013502092869021 0.0065886101262135942 3.8510678224668032e-05 0.0046437436132691799 0.0010999234547289982 0.0025311712597143807 0.0095801406119379318
leaf_weight=4895 221 21 52 705 25 814 1017 20 33 384 26 365 31 31
leaf_count=4895 221 21 52 705 25 814 1017 20 33 384 26 365 31 31
internal_value=-1.06438e-12 2.82097e-05 0.00426387 -8.83833e-06 5.5143e-05 3.02847e-05 -4.41796e-05 0.000119906 -0.000644552 0.000556864 -0.00112489 0.00167767 0.00424935 0.00605566
internal_weight=8640 8419 73 8346 7641 7616 6802 5342 1460 417 1043 447 82 62
internal_count=8640 8419 73 8346 7641 7616 6802 5342 1460 417 1043 447 82 62
is_linear=0
shrinkage=0.05


Tree=82
num_leaves=15
num_cat=0
split_feature=3 5 6 0 7 3 7 5 4 5 3 7 5 6
split_gain=0.103109 0.203491 0.194596 0.213991 0.147719 0.21425 0.191217 0.139219 0.507877 0.313466 0.168302 0.154546 0.146431 0.206876
threshold=9.1500000000000004 12.350000000000003 4.0999999999999996 60.000000000000007 2.7028784903322469 12.350000000000003 2.0480334076496409 19.350000000000005 23.250000000000004 21.950000000000003 18.650000000000002 1.0873004286866721 20.750000000000004 4.9000000000000048
decision_type=2 2 2 2 2 2 2 2 2 2 2 2 2 2
left_child=-1 2 -2 4 5 6 -4 11 9 10 12 -3 13 -9
right_child=1 7 3 -5 -6 -7 -8 8 -10 -11 -12 -13 -14 -15
leaf_value=-0.0012495396459003749 0.0056281213872134694 0.0022747721004469151 0.0070011586749127927 -0.0011491029998045657 0.0053795425420893094 -0.0015079248799121986 0.0013156643760739827 0.00014381058036202663 -9.1238119024889591e-06 0.0086944026313722136 -0.0013891202433773415 -0.00076567104096201437 0.0058727149867142244 0.0056776230184671789
leaf_weight=162 25 44 21 77 28 42 50 57 7197 20 29 834 30 24
leaf_count=162 25 44 21 77 28 42 50 57 7197 20 29 834 30 24
internal_value=-1.21703e-13 2.38766e-05 0.00144989 0.000970738 0.00212838 0.00132279 0.00299729 -1.82026e-05 5.28179e-05 0.00283903 0.00200255 -0.000613303 0.00288866 0.00178346
internal_weight=8640 8478 243 218 141 113 71 8235 7357 160 140 878 111 81
internal_count=8640 8478 243 218 141 113 71 8235 7357 160 140 878 111 81
is_linear=0
shrinkage=0.05


Tree=83
num_leaves=15
num_cat=0
split_feature=4 4 6 3 5 5 4 7 5 5 3 4 0 4
split_gain=0.0993687 0.116169 0.238317 0.141422 0.251612 0.10364 0.465616 0.303774 0.27605 0.123877 0.346124 0.13847 0.471018 0.513455
threshold=13.550000000000002 15.65 5.6999999999999993 12.550000000000002 12.350000000000003 19.350000000000005 22.750000000000004 2.0154955277107978 20.750000000000004 22.250000000000004 20.150000000000002 25.650000000000002 36.000000000000007 24.750000000000004
decision_type=2 2 2 2 2 2 2 2 2 2 2 2 2 2
left_child=-1 2 3 4 -2 -3 7 8 -7 -8 -11 12 -12 -14
right_child=1 5 -4 -5 -6 6 9 -9 -10 10 11 -13 13 -15
leaf_value=-0.0016715928401522849 0.0029596290578364206 -0.00050168723685293235 -0.00086130543375316927 0.0051657505822367972 -0.0025657494897521767 -0.00025828968149624646 -0.0016608388105662738 0.008088314203390231 0.0049030086560047821 0.0062843145739117819 0.0027010580782292257 -7.102767016527322e-05 -0.0027520437887701057 0.0008138569248098684
leaf_weight=88 78 962 92 35 28 63 111 24 44 22 203 6376 138 376
leaf_count=88 78 962 92 35 28 63 111 24 44 22 203 6376 138 376
internal_value=-3.50292e-12 1.72007e-05 0.00111833 0.00241001 0.0015001 -1.364e-05 5.0177e-05 0.00300442 0.00186411 -3.38052e-06 2.24772e-05 3.0552e-06 0.000661845 -0.000143525
internal_weight=8640 8552 233 141 106 8319 7357 131 107 7226 7115 7093 717 514
internal_count=8640 8552 233 141 106 8319 7357 131 107 7226 7115 7093 717 514
is_linear=0
shrinkage=0.05


Tree=84
num_leaves=15
num_cat=0
split_feature=6 3 4 3 4 7 3 5 3 3 3 7 4 6
split_gain=0.0966562 0.153352 0.209237 0.203648 0.281928 0.290077 0.201224 0.182343 0.163261 0.115675 0.113648 0.113318 0.192163 0.133859
threshold=1.1999999999999977 25.150000000000002 25.350000000000005 26.050000000000004 26.750000000000004 0.32998316455372306 27.150000000000002 25.750000000000004 26.750000000000004 27.350000000000005 25.550000000000004 0.53124591501697405 26.050000000000004 1.3000000000000027
decision_type=2 2 2 2 2 2 2 2 2 2 2 2 2 2
left_child=1 -1 7 -4 5 -5 -6 -3 -7 -8 -9 12 -2 -13
right_child=11 2 3 4 6 8 9 10 -10 -11 -12 13 -14 -15
leaf_value=-0.0027311909268610182 0.0022028767288877413 0.00044839227140121355 -0.0018504326815147782 0.00013827536889213197 -0.0023616111380926506 0.0034249334785665664 0.0041280430836857047 0.0022951722063589844 0.0089446206532773527 0.0004129140979355064 0.0073085184916495717 0.0013519426890307145 -0.0026652865707823686 -6.2827962784082643e-05
leaf_weight=35 26 38 90 47 66 37 22 20 21 440 26 171 92 7509
leaf_count=35 26 38 90 47 66 37 22 20 21 440 26 171 92 7509
internal_value=-4.92264e-13 0.000508937 0.000649462 0.000375038 0.000691455 0.0030577 0.000220895 0.00301147 0.00542344 0.000589825 0.0051288 -5.49531e-05 -0.00159264 -3.13272e-05
internal_weight=8640 842 807 723 633 105 528 84 58 462 46 7798 118 7680
internal_count=8640 842 807 723 633 105 528 84 58 462 46 7798 118 7680
is_linear=0
shrinkage=0.05


Tree=85
num_leaves=15
num_cat=0
split_feature=8 3 4 3 4 5 3 4 5 8 3 1 7 7
split_gain=0.0947952 0.18039 0.539558 0.185343 0.135391 0.520143 0.128313 0.264273 0.442442 0.38079 0.333392 0.268678 0.524318 0.258947
threshold=44.033333333333339 40.250000000000007 41.550000000000004 42.650000000000013 37.150000000000013 36.750000000000007 30.750000000000004 31.050000000000004 29.750000000000004 29.81666666666667 27.450000000000003 27.379200000000004 1.596524001977073 0.89566858950296113
decision_type=2 2 2 2 2 2 2 2 2 2 2 2 2 2
left_child=1 4 -3 -4 5 6 7 8 9 -1 -10 13 -13 -9
right_child=-2 2 3 -5 -6 -7 -8 11 10 -11 -12 12 -14 -15
leaf_value=-3.8305351320606694e-05 -0.0018876697215477402 0.0092104524640100344 -0.001015113927768281 0.0035200043327429081 -0.00062886984211749368 0.0053525192237904541 0.00062066977802560533 -0.0033019935347355631 0.0064830017120887833 0.0065535238224335704 0.001350204416388339 0.0061955827598770465 -0.00019972586166273087 -0.00082937680344458077
leaf_weight=5269 66 21 71 33 808 46 795 123 36 22 261 36 292 761
leaf_count=5269 66 21 71 33 808 46 795 123 36 22 261 36 292 761
internal_value=-2.91796e-13 1.45307e-05 0.00190005 0.000423914 -1.33649e-05 5.17218e-05 1.96169e-05 -5.06532e-05 9.45129e-05 -1.08965e-05 0.00197236 -0.00071995 0.000502198 -0.00117342
internal_weight=8640 8574 125 104 8449 7641 7595 6800 5588 5291 297 1212 328 884
internal_count=8640 8574 125 104 8449 7641 7595 6800 5588 5291 297 1212 328 884
is_linear=0
shrinkage=0.05


Tree=86
num_leaves=15
num_cat=0
split_feature=4 4 6 3 5 7 5 4 7 5 6 0 6 4
split_gain=0.0891101 0.105984 0.215212 0.127913 0.231222 0.17529 0.0913668 0.42201 0.274156 0.249135 0.123721 0.197619 0.258762 0.506686
threshold=13.550000000000002 15.65 5.6999999999999993 12.550000000000002 11.550000000000002 2.0044394404674475 19.350000000000005 22.750000000000004 2.0154955277107978 20.750000000000004 6.2500000000000009 60.000000000000007 6.6000000000000005 19.450000000000003
decision_type=2 2 2 2 2 2 2 2 2 2 2 2 2 2
left_child=-1 2 3 4 5 -2 10 8 9 -8 -3 12 13 -12
right_child=1 6 -4 -5 -6 -7 7 -9 -10 -11 11 -13 -14 -15
leaf_value=-0.0015829565238990738 0.0063041122630238533 -0.00074252061789904724 -0.00081318350256997694 0.0049163317833361888 -0.001693733191093902 0.0011157661565670334 -0.00024031856289458655 -4.2379165104572043e-06 0.0076889549614861611 0.0046629149388701828 0.010815885406918824 -0.0016251531610032546 0.00010835106880404056 4.0198280476033692e-05
leaf_weight=88 27 783 92 35 38 41 63 7226 24 44 20 60 75 24
leaf_count=88 27 783 92 35 38 41 63 7226 24 44 20 60 75 24
internal_value=2.79057e-12 1.62886e-05 0.00106804 0.00229551 0.00143015 0.00317584 -1.31691e-05 4.675e-05 0.00285926 0.00177596 -0.000471408 0.000714523 0.00189419 0.00493824
internal_weight=8640 8552 233 141 106 68 8319 7357 131 107 962 179 119 44
internal_count=8640 8552 233 141 106 68 8319 7357 131 107 962 179 119 44
is_linear=0
shrinkage=0.05


Tree=87
num_leaves=15
num_cat=0
split_feature=8 5 6 4 5 7 3 0 8 5 3 5 0 3
split_gain=0.0875986 0.228728 0.0902979 0.198135 0.420354 0.422225 0.502968 0.4989 0.411162 0.366413 0.398527 0.389238 0.363336 0.360034
threshold=43.716666666666669 43.550000000000004 3.0999999999999965 26.250000000000004 26.450000000000003 0.87305339024725248 26.050000000000004 36.000000000000007 26.783333333333339 27.350000000000005 27.150000000000002 27.150000000000002 60.000000000000007 26.250000000000004
decision_type=2 2 2 2 2 2 2 2 2 2 2 2 2 2
left_child=1 2 3 4 13 6 7 -6 -5 11 -11 -7 -8 -1
right_child=-2 -3 -4 8 5 9 12 -9 -10 10 -12 -13 -14 -15
leaf_value=0.00034348090077401138 -0.0016067840840800535 0.0049952280586180488 -0.00015506430668386128 -0.0027114544150471272 0.0043528829512762884 0.00012695233991297965 0.0035511877980520406 -0.0032657149717455142 0.00010714996129268513 0.0052207726800708835 -0.00085485816361721267 -0.007365721345950778 0.0090145680727437144 -0.0038034128153230998
leaf_weight=410 84 23 4406 135 42 52 94 44 3111 53 55 26 45 60
leaf_count=410 84 23 4406 135 42 52 94 44 3111 53 55 26 45 60
internal_value=-9.03095e-13 1.57749e-05 2.35317e-06 0.000170413 0.000835409 0.00200334 0.00346043 0.000454996 -1.00748e-05 0.000240734 0.0021267 -0.00237061 0.00531991 -0.00018591
internal_weight=8640 8556 8533 4127 881 411 225 86 3246 186 108 78 139 470
internal_count=8640 8556 8533 4127 881 411 225 86 3246 186 108 78 139 470
is_linear=0
shrinkage=0.05


Tree=88
num_leaves=15
num_cat=0
split_feature=6 3 4 3 4 5 3 4 5 7 6 8 3 3
split_gain=0.0833649 0.141727 0.187632 0.230776 0.188699 0.142544 0.137631 0.372892 0.348351 0.119221 0.140094 0.131253 0.173471 0.12243
threshold=1.1999999999999977 25.050000000000004 25.150000000000002 25.550000000000004 25.550000000000004 25.550000000000004 26.450000000000003 26.750000000000004 26.750000000000004 0.48416064251843943 0.90000000000000402 29.950000000000006 27.750000000000004 27.150000000000002
decision_type=2 2 2 2 2 2 2 2 2 2 2 2 2 2
left_child=1 -1 5 -4 -5 -3 -6 8 -8 10 13 12 -12 -9
right_child=-2 2 3 4 6 -7 7 9 -10 -11 11 -13 -14 -15
leaf_value=-0.0035833905331812618 -5.1035123594436743e-05 5.5184546643151696e-05 -0.0031293548322800131 0.0047441298518186579 -0.0012064339570962796 0.0046869325917214153 -0.000632945247925818 -0.0023220180439943029 0.0076390557230583264 0.0035322835875882044 -0.0025594420980529064 -0.0029232462119844352 0.0020693507394753397 0.00097402239477580813
leaf_weight=21 7798 26 45 26 111 46 20 31 35 27 35 62 48 309
leaf_count=21 7798 26 45 26 111 46 20 31 35 27 35 62 48 309
internal_value=1.91889e-13 0.000472651 0.000576398 0.000342042 0.000563935 0.00301436 0.000403633 0.000718831 0.00463106 0.000298572 0.000118551 -0.00118271 0.00011745 0.000673501
internal_weight=8640 842 821 749 704 72 678 567 55 512 485 145 83 340
internal_count=8640 842 821 749 704 72 678 567 55 512 485 145 83 340
is_linear=0
shrinkage=0.05


Tree=89
num_leaves=15
num_cat=0
split_feature=4 5 4 4 5 5 8 7 7 7 0 7 4 2
split_gain=0.0821904 0.437595 0.373926 0.117027 0.483195 0.122118 0.33446 0.21957 0.221771 0.314573 0.217203 0.252104 0.41624 0.208161
threshold=43.750000000000007 40.750000000000007 41.050000000000004 37.150000000000013 37.250000000000007 30.150000000000002 30.250000000000004 2.0992061991778392 0.69761498454854554 0.8993825042154695 60.000000000000007 1.4817407180595259 30.150000000000002 75.043350000000018
decision_type=2 2 2 2 2 2 2 2 2 2 2 2 2 2
left_child=1 3 -3 4 5 -1 7 8 -7 -10 11 12 -11 -8
right_child=-2 2 -4 -5 -6 6 13 -9 9 10 -12 -13 -14 -15
leaf_value=-6.7611184738022352e-05 -0.0009518262995006643 0.0095104575805765174 0.0016052581132568707 -0.00062511545773020723 0.0069879887290298943 -0.0011467405820440035 -0.0016321693265998788 -0.0014946421886223461 0.0092262497313482603 -0.0064682653220370411 0.0061167046813560381 0.0045217692816448916 0.0032092375606298448 0.00038776954485692086
leaf_weight=6265 221 21 52 705 25 26 146 31 23 20 35 36 25 1009
leaf_count=6265 221 21 52 705 25 26 146 31 23 20 35 36 25 1009
internal_value=-1.44521e-12 2.49856e-05 0.00387936 -8.72747e-06 4.81438e-05 2.53633e-05 0.000456515 0.00236627 0.00309165 0.00388444 0.00282529 0.00140308 -0.00109187 0.000132435
internal_weight=8640 8419 73 8346 7641 7616 1351 196 165 139 116 81 45 1155
internal_count=8640 8419 73 8346 7641 7616 1351 196 165 139 116 81 45 1155
is_linear=0
shrinkage=0.05


Tree=90
num_leaves=15
num_cat=0
split_feature=3 8 7 5 5 5 4 5 4 3 5 3 1 5
split_gain=0.0798041 0.21652 0.364588 0.0975672 0.076355 0.0977596 0.533297 0.31353 0.116731 0.442407 0.722439 0.394193 0.561502 1.01831
threshold=10.250000000000002 12.783333333333333 2.0154955277107978 9.4500000000000011 44.95000000000001 37.550000000000004 39.250000000000007 38.650000000000013 33.95000000000001 33.850000000000001 33.45000000000001 32.95000000000001 27.379200000000004 34.550000000000004
decision_type=2 2 2 2 2 2 2 2 2 2 2 2 2 2
left_child=-1 2 -2 -4 5 8 7 -7 9 10 -3 -10 13 -13
right_child=1 4 3 -5 -6 6 -8 -9 11 -11 -12 12 -14 -15
leaf_value=-0.00092509896634999185 0.0067399920386378657 2.5542170875781458e-05 -0.001315100970095955 0.0025748804142629658 -0.0022388743280508175 0.0022568119859153577 -0.00015562649921483691 0.009962702271613208 -0.0014517573757408672 -0.0053943346040575095 0.0043944048573393958 0.0064135136624352759 -0.00071357167089967292 -0.00025133463781170767
leaf_weight=227 32 6605 40 27 38 33 224 22 562 37 96 92 453 152
leaf_count=227 32 6605 40 27 38 33 224 22 562 37 96 92 453 152
internal_value=2.29005e-13 2.49611e-05 0.00234947 0.000252503 -2.71831e-06 7.5492e-06 0.000927577 0.00533917 -2.45488e-05 5.80259e-05 8.81315e-05 -0.000466478 0.000327966 0.00226164
internal_weight=8640 8413 99 67 8314 8276 279 55 7997 6738 6701 1259 697 244
internal_count=8640 8413 99 67 8314 8276 279 55 7997 6738 6701 1259 697 244
is_linear=0
shrinkage=0.05


Tree=91
num_leaves=15
num_cat=0
split_feature=4 4 3 7 6 5 7 7 7 5 3 0 4 5
split_gain=0.0763057 0.0942455 0.184128 0.120451 0.17943 0.10167 0.270062 0.0877263 0.0858877 0.0778741 0.390401 0.188546 0.143409 0.135403
threshold=13.550000000000002 15.65 12.550000000000002 1.7307673314329566 5.7500000000000009 11.550000000000002 2.0044394404674475 1.6673332000533072 2.2228610052468483 19.350000000000005 17.650000000000002 36.000000000000007 21.850000000000005 21.650000000000002
decision_type=2 2 2 2 2 2 2 2 2 2 2 2 2 2
left_child=-1 2 3 -2 5 6 -5 -4 -8 -3 11 -11 -12 -14
right_child=1 9 7 4 -6 -7 8 -9 -10 10 12 -13 13 -15
leaf_value=-0.0014648193487532396 -0.0031154503918845548 -0.00043575767095282888 0.0064358880929648882 0.0079350506474094636 -0.00079518099759467119 -0.00048211646128699861 -0.0012769470596686006 0.0017527723079547289 0.0033013368585324363 0.0076297356023291218 0.0031148064688062047 0.0018342486226982956 -0.0017005232222235746 2.1553189139244501e-05
leaf_weight=88 22 962 20 22 86 22 20 20 21 23 37 36 116 7145
leaf_count=88 22 962 20 22 86 22 20 20 21 23 37 36 116 7145
internal_value=-1.43219e-12 1.5073e-05 0.00100687 0.000366986 0.000815018 0.00244416 0.00346604 0.00409433 0.00106803 -1.27055e-05 4.26127e-05 0.00409351 9.86362e-06 -5.95829e-06
internal_weight=8640 8552 233 193 171 85 63 40 41 8319 7357 59 7298 7261
internal_count=8640 8552 233 193 171 85 63 40 41 8319 7357 59 7298 7261
is_linear=0
shrinkage=0.05


Tree=92
num_leaves=15
num_cat=0
split_feature=4 5 4 8 6 0 7 7 1 4 8 7 5 5
split_gain=0.071182 0.21205 0.253739 0.365274 0.478342 0.356715 0.279248 0.272991 0.234978 0.21246 0.221792 0.217189 0.436889 0.339957
threshold=29.150000000000002 27.650000000000002 24.950000000000003 27.366666666666671 2.3500000000000019 36.000000000000007 1.1035292311440708 2.133332316079517 27.379200000000004 26.550000000000004 28.016666666666669 0.94633797110522677 27.150000000000002 26.450000000000003
decision_type=2 2 2 2 2 2 2 2 2 2 2 2 2 2
left_child=1 9 -3 4 -4 -5 -6 8 -7 11 -11 13 -13 -1
right_child=-2 2 3 5 6 7 -8 -9 -10 10 -12 12 -14 -15
leaf_value=-0.000127446103428735 -0.000137910634014101 -0.0044651950689275624 0.00043706491090623399 -0.0010977081427412047 0.0096312356767831037 0.0010152521753764218 0.0036334020101239208 -0.0035125501431344502 0.0047332259751704485 -0.0011357492339130154 0.0034236094997530542 2.39269458184352e-06 -0.0041743479296565056 0.0021544338051705078
leaf_weight=358 4492 23 105 273 27 558 69 31 46 563 28 1702 65 300
leaf_count=358 4492 23 105 273 27 558 69 31 46 563 28 1702 65 300
internal_value=3.34802e-12 0.000149348 0.000732876 0.000840681 0.00276935 0.00041374 0.00532029 0.00106354 0.00129841 -6.9669e-05 -0.000919739 0.000137503 -0.000151251 0.000912925
internal_weight=8640 4148 1132 1109 201 908 96 635 604 3016 591 2425 1767 658
internal_count=8640 4148 1132 1109 201 908 96 635 604 3016 591 2425 1767 658
is_linear=0
shrinkage=0.05


Tree=93
num_leaves=15
num_cat=0
split_feature=6 3 4 3 4 5 3 4 5 4 7 6 8 3
split_gain=0.069287 0.127157 0.173133 0.206627 0.171672 0.128646 0.12457 0.331296 0.313589 0.111198 0.106464 0.125679 0.120643 0.155428
threshold=1.1999999999999977 25.050000000000004 25.150000000000002 25.550000000000004 25.550000000000004 25.550000000000004 26.450000000000003 26.750000000000004 26.750000000000004 26.450000000000003 0.48416064251843943 0.90000000000000402 29.950000000000006 27.750000000000004
decision_type=2 2 2 2 2 2 2 2 2 2 2 2 2 2
left_child=1 -1 5 -4 -5 -3 9 8 -8 -6 11 -9 13 -13
right_child=-2 2 3 4 6 -7 7 10 -10 -11 -12 12 -14 -15
leaf_value=-0.0034110063587182333 -4.6526835860494468e-05 5.9823369240173349e-05 -0.0029807015676568782 0.0045011568259304535 -0.00011904641932788209 0.0044599839567166311 -0.00064590532798320061 0.00062036356924663255 0.0072025229183158707 -0.0035522215225843382 0.0033206582569551692 -0.0024251100427604149 -0.0028064711878429197 0.0019563498573181922
leaf_weight=21 7798 26 45 26 77 46 20 340 35 34 27 35 62 48
leaf_count=21 7798 26 45 26 77 46 20 340 35 34 27 35 62 48
internal_value=-2.20128e-12 0.000430898 0.000529169 0.000304049 0.000514012 0.00287104 0.000361112 0.000660981 0.00434855 -0.00117065 0.000264856 9.47388e-05 -0.00113776 0.000108746
internal_weight=8640 842 821 749 704 72 678 567 55 111 512 485 145 83
internal_count=8640 842 821 749 704 72 678 567 55 111 512 485 145 83
is_linear=0
shrinkage=0.05


Tree=94
num_leaves=15
num_cat=0
split_feature=5 8 4 1 6 4 3 0 5 3 6 3 5 5
split_gain=0.0705514 0.348017 0.216203 0.325132 0.676512 0.502359 0.229847 0.217863 0.342339 0.442196 0.533104 0.303862 0.280579 0.255451
threshold=30.150000000000002 30.250000000000004 29.450000000000003 27.379200000000004 3.0999999999999965 30.350000000000005 29.750000000000004 60.000000000000007 26.650000000000002 28.450000000000003 2.8000000000000003 27.050000000000004 29.450000000000003 28.450000000000003
decision_type=2 2 2 2 2 2 2 2 2 2 2 2 2 2
left_child=2 -2 7 6 5 -5 -4 13 11 12 -11 -9 -10 -1
right_child=1 -3 3 4 -6 -7 -8 8 9 10 -12 -13 -14 -15
leaf_value=0.00020835226197113917 0.0022553039559968561 4.7784191365101739e-05 -0.0010695937469563596 0.0011617652883398391 -0.00014573123334883631 0.0092725704663566191 0.0012017606295287332 -0.00087958833742142115 0.00075028563522535675 0.0010594008643076652 -0.0066369510897331778 -0.005713632287841071 0.0062761963092877225 0.0017181588208463547
leaf_weight=2533 196 2004 1401 42 568 35 121 741 536 45 45 34 24 315
leaf_count=2533 196 2004 1401 42 568 35 121 741 536 45 45 34 24 315
internal_value=-4.22084e-12 0.000244454 -8.35092e-05 -0.000490323 0.000450479 0.00484849 -0.00088902 0.000122801 -0.000381927 0.000464295 -0.00278878 -0.00109166 0.00098711 0.000375343
internal_weight=8640 2200 6440 2167 645 77 1522 4273 1425 650 90 775 560 2848
internal_count=8640 2200 6440 2167 645 77 1522 4273 1425 650 90 775 560 2848
is_linear=0
shrinkage=0.05


Tree=95
num_leaves=15
num_cat=0
split_feature=5 3 4 0 4 5 5 5 3 1 5 4 5 5
split_gain=0.0689722 0.0964093 0.482328 0.17524 0.097757 0.426239 0.107208 0.124192 0.103173 0.225354 0.458149 0.39303 0.465291 0.362161
threshold=44.95000000000001 40.250000000000007 41.550000000000004 60.000000000000007 37.150000000000013 36.750000000000007 41.250000000000007 36.250000000000007 30.750000000000004 16.079350000000005 31.850000000000005 36.050000000000004 34.550000000000004 31.150000000000002
decision_type=2 2 2 2 2 2 2 2 2 2 2 2 2 2
left_child=1 4 -3 -4 5 8 7 -6 -1 10 -10 -12 -13 -11
right_child=-2 2 3 -5 6 -7 -8 -9 9 13 11 12 -14 -15
leaf_value=-4.9903942234114584e-05 -0.0021254845444529662 0.0082916750057068257 -0.0017443165781969583 0.0019009538835448707 -0.00027163012308535796 0.0048406797068942667 0.0030789940536487849 -0.0017338279872092244 0.0046709949423754471 0.0012348122937596 -0.00016841265701287444 0.010003826665607366 0.0010637002477292404 -0.0021140836420605277
leaf_weight=6800 38 21 64 68 596 46 20 192 81 159 326 22 43 164
leaf_count=6800 38 21 64 68 596 46 20 192 81 159 326 22 43 164
internal_value=-2.5632e-12 9.38949e-06 0.00125329 0.00013355 -1.31359e-05 4.217e-05 -0.000536147 -0.000627902 1.31073e-05 0.000552071 0.00124846 0.000539439 0.00408959 -0.000465556
internal_weight=8640 8602 153 132 8449 7641 808 788 7595 795 472 391 65 323
internal_count=8640 8602 153 132 8449 7641 808 788 7595 795 472 391 65 323
is_linear=0
shrinkage=0.05


Tree=96
num_leaves=15
num_cat=0
split_feature=4 4 8 8 7 8 3 5 4 5 3 6 0 5
split_gain=0.0683923 0.0877025 0.223257 0.0938534 0.237154 0.0896919 0.135938 0.0851604 0.363111 0.275065 0.130378 0.121181 0.174851 0.203259
threshold=13.550000000000002 16.250000000000004 13.883333333333335 12.783333333333333 2.0044394404674475 11.783333333333335 11.15 19.350000000000005 23.250000000000004 21.950000000000003 18.650000000000002 6.2500000000000009 60.000000000000007 13.65
decision_type=2 2 2 2 2 2 2 2 2 2 2 2 2 2
left_child=-1 2 3 4 -2 -6 -7 11 9 10 -9 -3 13 -13
right_child=1 7 -4 -5 5 6 -8 8 -10 -11 -12 12 -14 -15
leaf_value=-0.0013867855666004208 0.0045437785318905586 -0.00075738164424491415 0.0049338658666238195 -0.0010051595163531601 -0.00070942233383594058 0.0037211889008592286 -0.0011061936970800162 0.0023905509702131355 -1.405365815013973e-05 0.0078792147152125843 -0.001374542614814408 0.0053021771302155692 -0.0014966167272491889 0.00049189261401936938
leaf_weight=88 38 720 30 84 106 35 25 111 7197 20 29 32 55 70
leaf_count=88 38 720 30 84 106 35 25 111 7197 20 29 32 55 70
internal_value=2.13512e-12 1.427e-05 0.000829038 0.000401452 0.000980645 0.000164988 0.00170978 -1.71966e-05 3.83213e-05 0.00239421 0.00161064 -0.000482927 0.000775721 0.002001
internal_weight=8640 8552 318 288 204 166 60 8234 7357 160 140 877 157 102
internal_count=8640 8552 318 288 204 166 60 8234 7357 160 140 877 157 102
is_linear=0
shrinkage=0.05


Tree=97
num_leaves=15
num_cat=0
split_feature=3 8 5 8 3 4 3 4 3 1 5 7 3 5
split_gain=0.0659665 0.206519 0.250566 0.06343 0.185998 0.353551 0.250609 0.0896402 0.396292 0.470385 0.870538 0.509617 0.338119 0.646188
threshold=10.550000000000002 12.783333333333333 9.4500000000000011 43.716666666666669 40.45000000000001 41.750000000000007 42.650000000000013 33.95000000000001 32.95000000000001 27.379200000000004 34.550000000000004 0.90614662937099788 34.050000000000004 33.45000000000001
decision_type=2 2 2 2 2 2 2 2 2 2 2 2 2 2
left_child=-1 2 -2 4 7 -6 -7 12 -9 10 11 -10 13 -3
right_child=1 3 -4 -5 5 6 -8 8 9 -11 -12 -13 -14 -15
leaf_value=-0.00080535082867316506 -0.00034294421231606976 2.2623564528128491e-05 0.0051550685346862957 -0.0013680961755328878 0.0081089539371896526 -0.0011753543122375214 0.0050400685437995453 -0.0013911374737386054 0.001017282870739247 -0.00049072739056488473 -6.3926301350047493e-05 0.0087762319088234755 -0.0053251972550462032 0.0039216849739508088
leaf_weight=247 40 6604 43 84 20 55 23 570 33 558 167 59 29 108
leaf_count=247 40 6604 43 84 20 55 23 570 33 558 167 59 29 108
internal_value=-3.33942e-12 2.37009e-05 0.00250542 -1.08647e-06 1.28728e-05 0.00217812 0.000657399 -1.32338e-05 -0.000379295 0.000326642 0.00208762 0.00599313 6.20853e-05 8.53617e-05
internal_weight=8640 8393 83 8310 8226 98 78 8128 1387 817 259 92 6741 6712
internal_count=8640 8393 83 8310 8226 98 78 8128 1387 817 259 92 6741 6712
is_linear=0
shrinkage=0.05


end of trees

feature_importances:
Column_4=347
Column_5=282
Column_3=232
Column_6=130
Column_7=114
Column_8=90
Column_2=65
Column_0=58
Column_1=54

parameters:
[boosting: gbdt]
[objective: regression]
[metric: l2]
[tree_learner: serial]
[device_type: cpu]
[data_sample_strategy: bagging]
[data: ]
[valid: ]
[num_iterations: 100]
[learning_rate: 0.05]
[num_leaves: 15]
[num_threads: 0]
[seed: 42]
[deterministic: 0]
[force_col_wise: 0]
[force_row_wise: 0]
[histogram_pool_size: -1]
[max_depth: -1]
[min_data_in_leaf: 20]
[min_sum_hessian_in_leaf: 0.001]
[bagging_fraction: 1]
[pos_bagging_fraction: 1]
[neg_bagging_fraction: 1]
[bagging_freq: 0]
[bagging_seed: 400]
[bagging_by_query: 0]
[feature_fraction: 1]
[feature_fraction_bynode: 1]
[feature_fraction_seed: 30056]
[extra_trees: 0]
[extra_seed: 12879]
[early_stopping_round: 0]
[early_stopping_min_delta: 0]
[first_metric_only: 0]
[max_delta_step: 0]
[lambda_l1: 0]
[lambda_l2: 0]
[linear_lambda: 0]
[min_gain_to_split: 0]
[drop_rate: 0.1]
[max_drop: 50]
[skip_drop: 0.5]
[xgboost_dart_mode: 0]
[uniform_drop: 0]
[drop_seed: 17869]
[top_rate: 0.2]
[other_rate: 0.1]
[min_data_per_group: 100]
[max_cat_threshold: 32]
[cat_l2: 10]
[cat_smooth: 10]
[max_cat_to_onehot: 4]
[top_k: 20]
[monotone_constraints: ]
[monotone_constraints_method: basic]
[monotone_penalty: 0]
[feature_contri: ]
[forcedsplits_filename: ]
[refit_decay_rate: 0.9]
[cegb_tradeoff: 1]
[cegb_penalty_split: 0]
[cegb_penalty_feature_lazy: ]
[cegb_penalty_feature_coupled: ]
[path_smooth: 0]
[interaction_constraints: ]
[verbosity: -1]
[saved_feature_importance_type: 0]
[use_quantized_grad: 0]
[num_grad_quant_bins: 4]
[quant_train_renew_leaf: 0]
[stochastic_rounding: 1]
[linear_tree: 0]
[max_bin: 255]
[max_bin_by_feature: ]
[min_data_in_bin: 3]
[bin_construct_sample_cnt: 200000]
[data_random_seed: 175]
[is_enable_sparse: 1]
[enable_bundle: 1]
[use_missing: 1]
[zero_as_missing: 0]
[feature_pre_filter: 1]
[pre_partition: 0]
[two_round: 0]
[header: 0]
[label_column: ]
[weight_column: ]
[group_column: ]
[ignore_column: ]
[categorical_feature: ]
[forcedbins_filename: ]
[precise_float_parser: 0]
[parser_config_file: ]
[objective_seed: 16083]
[num_class: 1]
[is_unbalance: 0]
[scale_pos_weight: 1]
[sigmoid: 1]
[boost_from_average: 1]
[reg_sqrt: 0]
[alpha: 0.9]
[fair_c: 1]
[poisson_max_delta_step: 0.7]
[tweedie_variance_power: 1.5]
[lambdarank_truncation_level: 30]
[lambdarank_norm: 1]
[label_gain: ]
[lambdarank_position_bias_regularization: 0]
[eval_at: ]
[multi_error_top_k: 1]
[auc_mu_weights: ]
[num_machines: 1]
[local_listen_port: 12400]
[time_out: 120]
[machine_list_filename: ]
[machines: ]
[gpu_platform_id: -1]
[gpu_device_id: -1]
[gpu_device_id_list: ]
[gpu_use_dp: 0]
[num_gpu: 1]

end of parameters

pandas_categorical:null
