tree
version=v4
num_class=1
num_tree_per_iteration=1
label_index=0
max_feature_idx=8
objective=regression
feature_names=Column_0 Column_1 Column_2 Column_3 Column_4 Column_5 Column_6 Column_7 Column_8
feature_infos=[24:72] [13.082700000000001:34.1526] [72.877700000000004:91.736199999999997] [5:45.200000000000003] [11.300000000000001:48] [6:46.5] [0:18.099999999999998] [0:7.4127517757502766] [8.2999999999999989:46.199999999999996]
tree_sizes=1400 1469 1472 1472 1475 1483 1476 1480 1468 1480 1487 1471 1465 1471 1489 1481 1473 1458 1472 1474 1486 1479 1465 1490 1473 1463 1488 1475 1464 1450 1473 1480 1480 1468 1444 1478 1478 1471 1471 1478 1471 1486 1458 1483 1481 1462 1485 1470 1468 1466 1468 1432 1458 1445 1456 1476 1482 1479 1481 1477 1457 1470 1471 1444 1477 1458 1476 1473 1459 1481 1493 1461 1498 1461 1464 1449 1460 1476 1452 1450 1447 1453 1487 1493 1451 1455 1450 1459 1437 1478 1455 1445 1468 1447 1453 1453 1424 1452 1475 1465

Tree=0
num_leaves=15
num_cat=0
split_feature=5 2 4 4 5 3 6 3 0 3 3 4 4 5
split_gain=30.7662 22.9152 15.5275 7.71675 5.48594 5.0812 4.49736 2.81539 2.63254 2.59994 2.70777 2.49416 3.38468 2.12306
threshold=15.750000000000002 75.043350000000018 30.650000000000002 43.650000000000013 30.050000000000004 30.650000000000002 4.4000000000000048 15.450000000000001 60.000000000000007 27.150000000000002 25.550000000000004 30.850000000000005 28.850000000000005 25.850000000000005
decision_type=2 2 2 2 2 2 2 2 2 2 2 2 2 2
left_child=6 4 7 5 9 -4 -1 -3 -5 10 -2 12 -12 -9
right_child=1 2 3 8 -6 -7 -8 13 -10 -11 11 -13 -14 -15
leaf_value=0.48321731205412566 0.47658848069922799 0.48286040567646915 0.48311224039061351 0.49465295674758697 0.49291743335808053 0.47846484229220237 0.49182133745183282 0.47358500900838912 0.48389248273249796 0.48152244785616843 0.48277632996385655 0.47284460323040817 0.48963439896576416 0.47654193179271981
leaf_weight=198 75 148 1002 130 189 1424 652 807 101 661 286 32 485 2450
leaf_count=198 75 148 1002 130 189 1424 652 807 101 661 286 32 485 2450
internal_value=0.480785 0.479799 0.478351 0.481216 0.484878 0.480384 0.489817 0.476116 0.489948 0.483891 0.485674 0.486523 0.48709 0.475809
internal_weight=8640 7790 6062 2657 1728 2426 850 3405 231 1539 878 803 771 3257
internal_count=8640 7790 6062 2657 1728 2426 850 3405 231 1539 878 803 771 3257
is_linear=0
shrinkage=1


Tree=1
num_leaves=15
num_cat=0
split_feature=5 2 4 4 5 3 6 3 3 4 0 7 4 5
split_gain=27.7665 20.681 14.0136 6.96437 4.95106 4.58579 4.05886 2.54089 2.39039 3.31187 2.37587 2.20184 2.0029 1.91606
threshold=15.750000000000002 75.043350000000018 30.650000000000002 43.650000000000013 30.050000000000004 30.650000000000002 4.4000000000000048 15.450000000000001 26.750000000000004 29.350000000000005 60.000000000000007 1.3274871834493249 28.750000000000004 25.850000000000005
decision_type=2 2 2 2 2 2 2 2 2 2 2 2 2 2
left_child=6 4 7 5 8 -4 -1 -3 9 11 -5 -2 -10 -9
right_child=1 2 3 10 -6 -7 -8 13 12 -11 -12 -13 -14 -15
leaf_value=0.0023110979010887221 0.0040169786115156533 0.0019720364031633616 0.0022112794268198737 0.013174960005741854 0.011526213215772437 -0.0022037485518763647 0.010484921428852526 -0.0068395900407770263 -0.005503150260037914 0.0097709698333259092 0.0029525100184364782 -0.0061303623737619514 0.002082821401205534 -0.0040305135396927804
leaf_weight=198 353 148 1002 130 189 1424 652 807 98 249 101 63 776 2450
leaf_count=198 353 148 1002 130 189 1424 652 807 98 249 101 63 776 2450
internal_value=-3.96527e-11 -0.000936299 -0.00231177 0.000409677 0.00388899 -0.000380229 0.0085809 -0.00443537 0.00295108 0.00521015 0.0087054 0.00248024 0.00123222 -0.00472653
internal_weight=8640 7790 6062 2657 1728 2426 850 3405 1539 665 231 416 874 3257
internal_count=8640 7790 6062 2657 1728 2426 850 3405 1539 665 231 416 874 3257
is_linear=0
shrinkage=0.05


Tree=2
num_leaves=15
num_cat=0
split_feature=5 2 4 4 3 5 6 3 3 3 4 4 1 3
split_gain=25.0593 18.6646 12.6473 6.41498 4.9507 4.46833 3.66312 2.29315 2.19037 2.29743 2.23674 2.90007 1.80124 6.76888
threshold=15.750000000000002 75.043350000000018 30.650000000000002 42.45000000000001 30.650000000000002 30.050000000000004 4.4000000000000048 15.450000000000001 27.150000000000002 25.550000000000004 30.850000000000005 28.850000000000005 22.610250000000004 27.950000000000003
decision_type=2 2 2 2 2 2 2 2 2 2 2 2 2 2
left_child=6 5 7 4 12 8 -1 -3 9 -2 11 -11 13 -4
right_child=1 2 3 -5 -6 -7 -8 -9 -10 10 -12 -13 -14 -15
leaf_value=0.0021955427778367368 -0.0039287526076659555 0.0018734349101479795 -0.0055930570555467385 0.0069019180516433814 -0.0025425649748863611 0.010949902130271156 0.0099606758698132444 -0.0044902032325485168 0.00062954379430564858 0.0017661457256107898 -0.0077312057066592395 0.0081143012329979239 -0.00019310023897433224 0.0072912694296241275
leaf_weight=198 75 148 136 331 1325 189 652 3257 661 286 32 485 458 407
leaf_count=198 75 148 136 331 1325 189 652 3257 661 286 32 485 458 407
internal_value=6.31529e-11 -0.000889484 -0.00219618 0.000389194 -0.000537596 0.00369454 0.00815186 -0.0042136 0.00280353 0.0044402 0.00522186 0.00575947 0.00211633 0.00406426
internal_weight=8640 7790 6062 2657 2326 1728 850 3405 1539 878 803 771 1001 543
internal_count=8640 7790 6062 2657 2326 1728 850 3405 1539 878 803 771 1001 543
is_linear=0
shrinkage=0.05


Tree=3
num_leaves=15
num_cat=0
split_feature=5 2 4 4 3 5 6 7 1 3 8 5 3 8
split_gain=22.616 16.8448 11.4142 5.78952 4.52014 4.03267 3.30597 2.50556 2.18154 5.26053 2.23331 2.13623 2.006 2.82298
threshold=15.750000000000002 75.043350000000018 30.650000000000002 42.45000000000001 32.750000000000007 30.050000000000004 4.4000000000000048 0.65404667744423206 22.610250000000004 27.950000000000003 29.100000000000005 16.650000000000002 26.750000000000004 27.866666666666671
decision_type=2 2 2 2 2 2 2 2 2 2 2 2 2 2
left_child=6 5 11 4 7 12 -1 -4 9 -9 -10 -3 13 -2
right_child=1 2 3 -5 -6 -7 -8 8 10 -11 -12 -13 -14 -15
leaf_value=0.0020857658300718123 0.002504227867249886 0.0026956806329848327 -0.005692450382653624 0.0065568221501989881 -0.0035462369343534752 0.010402406719833534 0.0094626418574308944 -0.0053134040900177379 0.0068843690007649996 0.0055761885737406385 -0.0015506749103773026 -0.0042370700817807088 0.0010887483683809291 0.0094948796353320486
leaf_weight=198 453 115 125 331 803 189 652 136 91 601 570 3290 874 212
leaf_count=198 453 115 125 331 803 189 652 136 91 601 570 3290 874 212
internal_value=3.61146e-11 -0.000845009 -0.00208637 0.000369734 -0.000510716 0.00350981 0.00774426 0.00108976 0.00169618 0.00356671 -0.000389421 -0.00400292 0.00266335 0.00473283
internal_weight=8640 7790 6062 2657 2326 1728 850 1523 1398 737 661 3405 1539 665
internal_count=8640 7790 6062 2657 2326 1728 850 1523 1398 737 661 3405 1539 665
is_linear=0
shrinkage=0.05


Tree=4
num_leaves=15
num_cat=0
split_feature=5 2 4 4 5 3 6 0 3 3 3 4 4 5
split_gain=20.4109 15.2024 10.3013 5.31329 3.63949 3.51988 2.98364 2.14422 1.97348 1.82897 2.04093 2.00167 2.50278 1.75831
threshold=15.750000000000002 75.043350000000018 30.650000000000002 43.650000000000013 30.050000000000004 30.650000000000002 4.4000000000000048 60.000000000000007 15.450000000000001 27.150000000000002 25.550000000000004 30.850000000000005 28.850000000000005 25.850000000000005
decision_type=2 2 2 2 2 2 2 2 2 2 2 2 2 2
left_child=6 4 8 5 9 -4 -1 -5 -3 10 -2 12 -12 -10
right_child=1 2 3 7 -6 -7 -8 -9 13 -11 11 -13 -14 -15
leaf_value=0.0019814773050555487 -0.0038621868961490691 0.001844061357032105 0.0019317354067761028 0.011843274753684034 0.0098822863978856104 -0.0019362976208481854 0.0089895094529171393 0.0021319472581369453 -0.0060835828801973418 0.00054362927619934942 0.0015613336152658828 -0.0074910250128596093 0.007458654420939995 -0.0033926242658516813
leaf_weight=198 75 148 1002 130 189 1424 652 101 807 661 286 32 485 2450
leaf_count=198 75 148 1002 130 189 1424 652 101 807 661 286 32 485 2450
internal_value=-6.45014e-11 -0.000802759 -0.00198205 0.000351247 0.00333432 -0.000338701 0.00735705 0.0075972 -0.00380278 0.00253018 0.00402575 0.00476249 0.00527106 -0.00405937
internal_weight=8640 7790 6062 2657 1728 2426 850 231 3405 1539 878 803 771 3257
internal_count=8640 7790 6062 2657 1728 2426 850 231 3405 1539 878 803 771 3257
is_linear=0
shrinkage=0.05


Tree=5
num_leaves=15
num_cat=0
split_feature=5 2 4 4 3 5 6 7 1 3 8 5 5 3
split_gain=18.4209 13.7202 9.2969 4.84315 3.84734 3.28464 2.69273 2.21357 1.964 4.81312 1.9792 1.90504 2.12395 3.10264
threshold=15.750000000000002 75.043350000000018 30.650000000000002 42.45000000000001 32.750000000000007 30.050000000000004 4.4000000000000048 0.65404667744423206 22.610250000000004 27.950000000000003 29.100000000000005 17.550000000000004 25.850000000000005 26.550000000000004
decision_type=2 2 2 2 2 2 2 2 2 2 2 2 2 2
left_child=6 5 11 4 7 -2 -1 -4 9 -9 -10 -3 -13 -14
right_child=1 2 3 -5 -6 -7 -8 8 10 -11 -12 12 13 -15
leaf_value=0.0018824037208105438 0.0024036733641983128 0.00082297843110343792 -0.0053698072408325977 0.0059925471622693099 -0.0032721103583943853 0.0093881724852108942 0.0085400347045459929 -0.0051443206136087506 0.0064435640096045261 0.0052719096234571904 -0.0014971175127082685 -0.0062972524779847487 -0.00075741165257403858 -0.0045070541186297873
leaf_weight=198 1539 226 125 331 803 189 652 136 91 601 570 729 839 1611
leaf_count=198 1539 226 125 331 803 189 652 136 91 601 570 729 839 1611
internal_value=-1.23374e-12 -0.000762621 -0.00188295 0.000333685 -0.000471596 0.0031676 0.0069892 0.00100497 0.00157496 0.00334978 -0.000403922 -0.00361264 -0.00392797 -0.00322299
internal_weight=8640 7790 6062 2657 2326 1728 850 1523 1398 737 661 3405 3179 2450
internal_count=8640 7790 6062 2657 2326 1728 850 1523 1398 737 661 3405 3179 2450
is_linear=0
shrinkage=0.05


Tree=6
num_leaves=15
num_cat=0
split_feature=5 2 4 4 3 5 6 0 5 1 0 3 4 5
split_gain=16.6248 12.3825 8.39045 4.40914 2.97928 2.96438 2.43019 1.93516 1.75725 2.58957 5.23159 2.19509 3.7982 6.67084
threshold=15.750000000000002 75.043350000000018 30.650000000000002 43.650000000000013 30.650000000000002 30.050000000000004 4.4000000000000048 60.000000000000007 18.150000000000002 31.383250000000004 60.000000000000007 26.550000000000004 25.950000000000003 27.650000000000002
decision_type=2 2 2 2 2 2 2 2 2 2 2 2 2 2
left_child=6 5 8 4 -4 -2 -1 -5 -3 11 -11 12 -10 -14
right_child=1 2 3 7 -6 -7 -8 -9 9 10 -12 -13 13 -15
leaf_value=0.0017882835171114881 0.002283489718886342 0.0001698282084657581 0.0017773128015914246 0.010951483560582766 -0.0017813120071878076 0.0089187636276677491 0.0081130329839473863 0.0017257228363443647 -0.004275021689708408 -0.010356241385251869 -0.00031913401276688092 -0.0042099941342028189 0.006879851786131006 -0.0058515239688367842
leaf_weight=198 1539 308 1002 130 1424 189 652 101 469 370 200 1616 279 163
leaf_count=198 1539 308 1002 130 1424 189 652 101 469 370 200 1616 279 163
internal_value=1.90276e-11 -0.00072449 -0.0017888 0.000317 -0.000311509 0.00300922 0.00663974 0.00691771 -0.00343201 -0.00379021 -0.00683445 -0.00310354 -0.00114084 0.0021848
internal_weight=8640 7790 6062 2657 2426 1728 850 231 3405 3097 570 2527 911 442
internal_count=8640 7790 6062 2657 2426 1728 850 231 3405 3097 570 2527 911 442
is_linear=0
shrinkage=0.05


Tree=7
num_leaves=15
num_cat=0
split_feature=5 2 4 4 3 5 6 6 7 3 1 3 8 8
split_gain=15.0039 11.1752 7.57238 4.05307 3.28381 2.69457 2.19325 1.97455 1.97024 1.73708 1.71137 4.33077 1.73724 1.66501
threshold=15.750000000000002 75.043350000000018 30.650000000000002 42.45000000000001 32.850000000000001 30.650000000000002 4.4000000000000048 2.0999999999999965 0.65404667744423206 25.350000000000005 22.610250000000004 27.950000000000003 29.100000000000005 16.150000000000002
decision_type=2 2 2 2 2 2 2 2 2 2 2 2 2 2
left_child=6 5 13 4 8 7 -1 -2 -4 -9 11 -10 -12 -3
right_child=1 2 3 -5 -6 -7 -8 9 10 -11 12 -13 -14 -15
leaf_value=0.0016988691774630837 -0.00070653419060905402 0.0082744404673576362 -0.005063133263285822 0.0054779021401068035 -0.0030728019795146812 0.01074196778137383 0.0077073807452278254 -0.0056815036556537397 -0.0049759702673969411 0.0037436840989851826 0.0060325200551772842 0.0048940394078511567 -0.0013972636243118463 -0.0033663879664741839
leaf_weight=198 396 31 127 331 783 102 652 51 136 1179 91 608 581 3374
leaf_count=198 396 31 127 331 783 102 652 51 136 1179 91 608 581 3374
internal_value=-7.40786e-12 -0.000688266 -0.00169936 0.000301151 -0.000435524 0.00285876 0.00630775 0.00236424 0.000902771 0.00335288 0.00143785 0.00308984 -0.000391147 -0.00326041
internal_weight=8640 7790 6062 2657 2326 1728 850 1626 1543 1230 1416 744 672 3405
internal_count=8640 7790 6062 2657 2326 1728 850 1626 1543 1230 1416 744 672 3405
is_linear=0
shrinkage=0.05


Tree=8
num_leaves=15
num_cat=0
split_feature=5 2 4 5 6 5 3 7 6 3 4 7 4 7
split_gain=13.5893 10.4273 7.55179 3.75059 2.57584 2.48802 2.20873 2.37068 1.831 1.68148 2.38532 1.75833 1.7041 1.54766
threshold=16.650000000000002 75.043350000000018 30.650000000000002 41.850000000000001 4.2500000000000009 30.050000000000004 30.650000000000002 1.7146428199482251 1.0499999999999974 26.750000000000004 29.350000000000005 1.3140268896284688 28.750000000000004 3.1146605458272898
decision_type=2 2 2 2 2 2 2 2 2 2 2 2 2 2
left_child=4 5 -3 6 -1 9 13 -8 -5 10 11 -2 -11 -4
right_child=1 2 3 8 -6 -7 7 -9 -10 12 -12 -13 -14 -15
leaf_value=0.00032318779840498271 0.0030277417894078694 -0.0032977592132803729 0.0024215080496678303 -0.0022289061872288584 0.0068587400581895906 0.008129763239427967 -0.0032851253677607228 0.00069547963999927942 0.010768454903833723 -0.0056033489541435734 0.0078162636793261565 -0.005925009872477789 0.0013939236012053709 -0.0032807213493852294
leaf_weight=187 351 3290 864 35 778 189 788 712 120 98 249 65 776 138
leaf_count=187 351 3290 864 35 778 189 788 712 120 98 249 65 776 138
internal_value=2.52516e-11 -0.000703132 -0.00169657 0.000286093 0.00559227 0.00271582 -0.000181476 -0.00139566 0.00783357 0.00205095 0.00394566 0.00162887 0.000609332 0.00163617
internal_weight=8640 7675 5947 2657 965 1728 2502 1500 155 1539 665 416 874 1002
internal_count=8640 7675 5947 2657 965 1728 2502 1500 155 1539 665 416 874 1002
is_linear=0
shrinkage=0.05


Tree=9
num_leaves=15
num_cat=0
split_feature=5 2 4 4 8 5 4 6 6 3 6 3 2 3
split_gain=12.2841 9.11139 6.18188 3.42305 2.84529 2.25922 2.09391 2.0808 1.74869 1.72388 1.65108 1.44175 1.53269 3.44614
threshold=15.750000000000002 75.043350000000018 30.650000000000002 42.45000000000001 34.716666666666676 30.650000000000002 13.850000000000003 1.3000000000000027 2.5999999999999965 25.550000000000004 4.4000000000000048 15.450000000000001 77.393050000000017 26.950000000000003
decision_type=2 2 2 2 2 2 2 2 2 2 2 2 2 2
left_child=6 5 11 4 7 8 -1 -4 -2 -10 -8 -3 13 -13
right_child=1 2 3 -5 -6 -7 10 -9 9 -11 -12 12 -14 -15
leaf_value=0.011919009363433968 0.00020296212603665355 0.0018803280186713547 -0.0054915773372757864 0.0050292087591350294 -0.0033947264384265822 0.0097983814985947871 0.00061698597824626786 0.0011090771003309464 -0.0039671998585797319 0.0041351392188341491 0.0060898111071306131 0.0053098495034443116 -0.0035327723112580744 -0.004840271048891444
leaf_weight=117 684 148 129 331 593 102 184 1604 71 871 549 161 2922 174
leaf_count=117 684 148 129 331 593 102 184 1604 71 871 549 161 2922 174
internal_value=-1.56749e-11 -0.000622767 -0.00153574 0.000271788 -0.000405213 0.00258003 0.00570748 0.000617742 0.00212722 0.00352445 0.00471601 -0.00294619 -0.00316551 3.78466e-05
internal_weight=8640 7790 6062 2657 2326 1728 850 1733 1626 942 733 3405 3257 335
internal_count=8640 7790 6062 2657 2326 1728 850 1733 1626 942 733 3405 3257 335
is_linear=0
shrinkage=0.05


Tree=10
num_leaves=15
num_cat=0
split_feature=5 4 2 4 3 6 5 7 6 8 5 4 3 7
split_gain=11.1461 8.57202 4.87484 3.99688 2.65368 2.14321 1.77799 1.8783 1.73872 2.13709 1.68568 1.56481 3.81678 5.8559
threshold=16.650000000000002 28.450000000000003 75.043350000000018 42.45000000000001 25.650000000000002 4.2500000000000009 30.650000000000002 0.59066817155564555 1.4999999999999984 34.716666666666676 35.350000000000001 26.050000000000004 26.850000000000005 1.0354803868458295
decision_type=2 2 2 2 2 2 2 2 2 2 2 2 2 2
left_child=5 11 6 4 -4 -1 7 -3 -6 10 -10 -2 13 -13
right_child=1 2 3 -5 8 -7 -8 -9 9 -11 -12 12 -14 -15
leaf_value=0.00025840430638135318 -0.0040232187779169646 -0.0044348782960973356 -0.01178235769870558 0.0047777482151585629 -0.0038946419802989331 0.0062198991363215418 0.0093084623423112817 0.0029527285822841367 5.5471422091182235e-05 -0.0032933422670432251 0.0077801697517502801 0.00434153622033374 -0.0045396367339700459 -0.0069138298203411611
leaf_weight=187 1488 92 56 331 397 778 102 1328 2170 505 73 423 551 159
leaf_count=187 1488 92 56 331 397 778 102 1328 2170 505 73 423 551 159
internal_value=-1.86367e-11 -0.000636795 0.000566544 -0.000452821 -0.000993689 0.00506467 0.00293211 0.00247409 -0.000801585 -0.000354735 0.000306877 -0.00295716 -0.00155708 0.00126662
internal_weight=8640 7675 5054 3532 3201 965 1522 1420 3145 2748 2243 2621 1133 582
internal_count=8640 7675 5054 3532 3201 965 1522 1420 3145 2748 2243 2621 1133 582
is_linear=0
shrinkage=0.05


Tree=11
num_leaves=15
num_cat=0
split_feature=5 4 2 5 3 4 3 6 6 6 5 3 3 5
split_gain=10.0594 7.73624 4.39955 3.68729 2.44488 2.06448 1.72669 1.87152 1.72111 1.65305 1.60464 1.77626 1.88233 1.47257
threshold=16.650000000000002 28.450000000000003 75.043350000000018 39.95000000000001 25.650000000000002 13.850000000000003 35.95000000000001 1.4999999999999984 4.2500000000000009 1.0999999999999999 30.650000000000002 26.750000000000004 25.550000000000004 27.650000000000002
decision_type=2 2 2 2 2 2 2 2 2 2 2 2 2 2
left_child=5 -2 10 4 -4 -1 7 -6 -7 -5 11 12 13 -3
right_child=1 2 3 9 6 8 -8 -9 -10 -11 -12 -13 -14 -15
leaf_value=0.011037541031001663 -0.0028093027519158131 0.0028001993337194581 -0.011193239662264076 -0.0016924134048167617 -0.0038845703531980823 -0.00043342036907403274 -0.0044484041665617214 0.00012871306202092244 0.0051093237231495062 0.0086015115192052544 0.0088430394000812065 0.0010123156402273923 0.0057390077977487715 -0.01368070738795011
leaf_weight=117 2621 33 56 52 326 177 275 2667 671 156 102 903 461 23
leaf_count=117 2621 33 56 52 326 177 275 2667 671 156 102 903 461 23
internal_value=9.24424e-12 -0.000604955 0.000538217 -0.00043018 -0.000834303 0.00481143 -0.000656794 -0.000308417 0.00395241 0.00602803 0.00278551 0.00235039 0.00468749 -0.00396874
internal_weight=8640 7675 5054 3532 3324 965 3268 2993 848 208 1522 1420 517 56
internal_count=8640 7675 5054 3532 3324 965 3268 2993 848 208 1522 1420 517 56
is_linear=0
shrinkage=0.05


Tree=12
num_leaves=15
num_cat=0
split_feature=5 2 4 8 5 4 3 4 3 4 4 7 5 7
split_gain=9.10509 6.71802 4.8199 2.84361 1.83249 1.68487 1.54431 1.78693 1.4284 1.79489 2.1175 1.65029 1.46916 1.40152
threshold=15.750000000000002 75.043350000000018 30.650000000000002 43.716666666666669 30.050000000000004 13.850000000000003 30.650000000000002 41.750000000000007 27.150000000000002 30.850000000000005 29.450000000000003 1.3140268896284688 27.650000000000002 3.1146605458272898
decision_type=2 2 2 2 2 2 2 2 2 2 2 2 2 2
left_child=5 4 -3 6 8 -1 13 -8 9 10 11 -2 -12 -4
right_child=1 2 3 -5 -6 -7 7 -9 -10 -11 12 -13 -14 -15
leaf_value=0.010485663461602396 0.0027112675230617556 -0.0025655342191383389 0.0022615331908043489 0.0093288701361632868 0.0068603049560493753 0.0040243919297446411 -0.001827271354445459 0.0024307351965427528 -0.0001121877451883784 -0.008474576429492146 -0.0004482289880148268 -0.0050560364880948326 0.0085528781492763949 -0.003164805801571819
leaf_weight=117 471 3405 864 84 189 733 1265 306 661 33 56 80 238 138
leaf_count=117 471 3405 864 84 189 733 1265 306 661 33 56 80 238 138
internal_value=-6.56798e-12 -0.000536162 -0.00132011 0.000275933 0.002214 0.00491377 -1.96159e-05 -0.000997895 0.0016434 0.00296509 0.00341184 0.00158353 0.00683838 0.00151419
internal_weight=8640 7790 6062 2657 1728 850 2573 1571 1539 878 845 551 294 1002
internal_count=8640 7790 6062 2657 1728 850 2573 1571 1539 878 845 551 294 1002
is_linear=0
shrinkage=0.05


Tree=13
num_leaves=15
num_cat=0
split_feature=5 4 2 4 0 6 4 5 6 3 8 3 7 0
split_gain=8.29724 6.66698 3.35894 3.26825 2.27778 3.58514 1.77315 1.91267 1.70617 1.4026 2.89493 2.88316 1.71139 1.88977
threshold=16.650000000000002 26.050000000000004 75.043350000000018 42.45000000000001 60.000000000000007 2.2999999999999985 28.750000000000004 28.050000000000004 4.2500000000000009 25.450000000000003 26.850000000000001 26.150000000000002 1.472714802291635 60.000000000000007
decision_type=2 2 2 2 2 2 2 2 2 2 2 2 2 2
left_child=8 4 6 9 -2 -6 7 -3 -1 12 11 -11 -4 -14
right_child=1 2 3 -5 5 -7 -8 -9 -10 10 -12 -13 13 -15
leaf_value=8.1420891151270456e-05 -0.0049945086814521047 0.0011366854048430533 0.0048841829381642806 0.0042304460662684409 -0.0063102260020968977 0.0022688050693823519 0.0028538005938296626 -0.0071930094430909357 0.005400478592600194 0.011046871984377503 -0.0010296048246639844 -0.0026766748663278358 -0.013219204782197872 -0.0005141708592418581
leaf_weight=187 965 251 31 331 193 330 1376 95 778 100 3818 62 75 48
leaf_count=187 965 251 31 331 193 330 1376 95 778 100 3818 62 75 48
internal_value=-1.38336e-11 -0.00054942 0.000173278 -0.00055022 -0.00355435 -0.000897071 0.00204925 -0.00115037 0.00436974 -0.000932997 -0.000751834 0.00579465 -0.00561501 -0.00826114
internal_weight=8640 7675 6187 4465 1488 523 1722 346 965 4134 3980 162 154 123
internal_count=8640 7675 6187 4465 1488 523 1722 346 965 4134 3980 162 154 123
is_linear=0
shrinkage=0.05


Tree=14
num_leaves=15
num_cat=0
split_feature=5 4 2 5 0 6 3 4 4 4 8 3 7 6
split_gain=7.48826 6.01695 3.03145 3.04955 2.05569 3.23559 1.69064 1.70568 1.64805 1.60027 1.78478 1.58629 6.67328 1.75484
threshold=16.650000000000002 26.050000000000004 75.043350000000018 39.45000000000001 60.000000000000007 2.2999999999999985 35.95000000000001 30.950000000000003 13.850000000000003 28.750000000000004 27.866666666666671 26.850000000000005 1.1556623882239812 3.699999999999998
decision_type=2 2 2 2 2 2 2 2 2 2 2 2 2 2
left_child=8 4 9 6 -2 -6 7 11 -1 10 -3 12 -4 -13
right_child=1 2 3 -5 5 -7 -8 -9 -10 -11 -12 13 -14 -15
leaf_value=0.0097140878019307195 -0.0047447831539051584 0.00050197318510497222 0.0050847063383782729 0.0051364866123726361 -0.0059947145959227278 0.0021553646187848327 -0.0047549251505492642 0.00044247384729796994 0.0033837380632524765 0.0027111105622214722 -0.0091788889219363533 -0.0033164245283638957 -0.0047091290249920773 0.0029053833993477008
leaf_weight=117 965 289 355 226 193 330 257 2033 848 1376 57 1127 341 126
leaf_count=117 965 289 355 226 193 330 257 2033 848 1376 57 1127 341 126
internal_value=-3.59481e-11 -0.000521949 0.000164614 -0.000522709 -0.00337663 -0.000852217 -0.000824426 -0.00057075 0.00415125 0.00194678 -0.00109285 -0.00162764 0.00028629 -0.00269077
internal_weight=8640 7675 6187 4465 1488 523 4239 3982 965 1722 346 1949 696 1253
internal_count=8640 7675 6187 4465 1488 523 4239 3982 965 1722 346 1949 696 1253
is_linear=0
shrinkage=0.05


Tree=15
num_leaves=15
num_cat=0
split_feature=5 4 2 4 3 0 2 8 5 7 7 6 8 5
split_gain=6.75815 5.52872 3.10174 2.63648 1.79959 1.62083 1.56429 2.50497 2.16288 1.55619 1.34962 1.28525 1.23765 1.53109
threshold=16.650000000000002 28.850000000000005 75.043350000000018 43.650000000000013 25.650000000000002 60.000000000000007 77.393050000000017 27.216666666666672 31.750000000000004 1.414213562373096 1.2832251036613451 1.3000000000000027 34.716666666666676 36.550000000000004
decision_type=2 2 2 2 2 2 2 2 2 2 2 2 2 2
left_child=9 6 -3 4 -4 -5 7 10 -8 -1 -2 -6 -13 -14
right_child=1 2 3 5 11 -7 8 -9 -10 -11 -12 12 13 -15
leaf_value=-0.0034071695420946646 0.0074948641843741032 0.0026050949258876318 -0.010657631949817932 0.0086085711729873976 -0.0035136971514286722 0.00016527651701961636 -0.0029241445761596795 -0.0018589878800626407 0.010586401128263485 0.0044921388895277142 -0.0064429853856563567 0.00040785224080268091 -0.0039290783032029141 0.0014932916392306822
leaf_weight=67 132 1335 44 130 313 101 2356 408 30 898 20 2213 400 193
leaf_count=67 132 1335 44 130 313 101 2356 408 30 898 20 2213 400 193
internal_value=-5.55384e-12 -0.000495852 0.00056334 -0.000239766 -0.000616368 0.00491691 -0.0021961 0.000182134 -0.00275427 0.00394369 0.00566094 -0.000474715 -0.000135727 -0.00216429
internal_weight=8640 7675 4729 3394 3163 231 2946 560 2386 965 152 3119 2806 593
internal_count=8640 7675 4729 3394 3163 231 2946 560 2386 965 152 3119 2806 593
is_linear=0
shrinkage=0.05


Tree=16
num_leaves=15
num_cat=0
split_feature=5 4 2 5 3 6 4 3 5 7 5 4 7 6
split_gain=6.13081 4.57753 2.79932 2.42864 1.64586 1.39349 1.3469 1.28019 3.23891 2.78095 2.46811 1.48074 2.50521 2.34271
threshold=15.750000000000002 28.850000000000005 75.043350000000018 41.850000000000001 25.650000000000002 1.0499999999999974 13.850000000000003 26.850000000000005 26.250000000000004 1.3097921802925672 18.650000000000002 26.250000000000004 1.1556623882239812 2.2500000000000004
decision_type=2 2 2 2 2 2 2 2 2 2 2 2 2 2
left_child=6 7 -3 4 -4 -5 -1 8 10 -9 -2 13 -13 -10
right_child=1 2 3 5 -6 -7 -8 9 11 -11 -12 12 -14 -15
leaf_value=0.0090139037400133858 0.0003732619964934315 0.0024748402092303239 -0.010124750219719401 -0.0028919783869891299 -0.00038809800457429745 0.0084467065635544705 0.0032369160703554912 -0.0050338642839895496 -0.003678323934118358 0.0009280452013029647 -0.0046834561189945754 0.0038186115690434785 -0.0051142400887955021 0.0062992841187814209
leaf_weight=117 354 1335 44 35 3195 120 733 724 287 268 758 503 93 74
leaf_count=117 354 1335 44 35 3195 120 733 724 287 268 758 503 93 74
internal_value=3.91716e-12 -0.00043996 0.000535173 -0.000227777 -0.000520365 0.00588636 0.0040321 -0.00194646 -0.00123843 -0.00342319 -0.00307367 0.000894049 0.00242473 -0.00163305
internal_weight=8640 7790 4729 3394 3239 155 850 3061 2069 992 1112 957 596 361
internal_count=8640 7790 4729 3394 3239 155 850 3061 2069 992 1112 957 596 361
is_linear=0
shrinkage=0.05


Tree=17
num_leaves=15
num_cat=0
split_feature=5 2 4 8 4 3 5 5 3 4 3 4 4 7
split_gain=5.53719 3.879 3.0375 1.67703 1.82954 2.09112 1.56383 1.55957 1.40924 1.77293 1.32644 1.67278 1.70238 1.50867
threshold=14.750000000000002 75.043350000000018 42.45000000000001 15.283333333333335 30.650000000000002 32.750000000000007 34.550000000000004 30.050000000000004 14.550000000000002 14.15 27.150000000000002 30.850000000000005 29.450000000000003 1.3140268896284688
decision_type=2 2 2 2 2 2 2 2 2 2 2 2 2 2
left_child=8 7 3 -3 -5 6 -6 10 9 -1 11 12 13 -2
right_child=1 2 -4 4 5 -7 -8 -9 -10 -11 -12 -13 -14 -15
leaf_value=0.0080449251570335941 0.0023307961182898176 0.01036969894438141 0.0036941814452819133 -0.0020121088441292278 0.00041236836590773335 -0.0022680732580143926 0.0063146008041183484 0.0059996942856482098 0.0088910530310636043 0.0016144740604118379 -0.00050483682319140072 -0.0085830898881381883 0.0059642206808967133 -0.0050957642321009192
leaf_weight=141 471 31 331 3505 1401 803 122 189 131 447 661 33 294 80
leaf_count=141 471 31 331 3505 1401 803 122 189 131 447 661 33 294 80
internal_value=-1.09214e-11 -0.000381357 -0.000965826 -0.00122896 -0.00129062 -0.000203419 0.000885167 0.00171333 0.0042013 0.00315647 0.00118693 0.00246057 0.00289186 0.00125253
internal_weight=8640 7921 6193 5862 5831 2326 1523 1728 719 588 1539 878 845 551
internal_count=8640 7921 6193 5862 5831 2326 1523 1728 719 588 1539 878 845 551
is_linear=0
shrinkage=0.05


Tree=18
num_leaves=15
num_cat=0
split_feature=5 4 2 5 0 6 3 5 6 6 6 6 3 8
split_gain=5.07233 4.25075 1.93926 2.24294 1.85455 2.83081 1.57883 1.38579 1.3747 1.36985 1.23671 1.11813 1.08206 2.20896
threshold=16.650000000000002 26.050000000000004 75.043350000000018 39.45000000000001 60.000000000000007 2.2999999999999985 35.95000000000001 30.650000000000002 4.2500000000000009 13.65 1.0999999999999999 2.5999999999999965 25.450000000000003 26.850000000000001
decision_type=2 2 2 2 2 2 2 2 2 2 2 2 2 2
left_child=8 4 7 6 -2 -6 9 11 -1 12 -5 -3 -4 -14
right_child=1 2 3 10 5 -7 -8 -9 -10 -11 -12 -13 13 -15
leaf_value=-0.00043268631122767292 -0.004128468484229317 -0.00031963513739616749 -0.0046222879681373378 -0.0018437609028328081 -0.0052413282334777996 0.0023819244732007838 -0.0044593137887339127 0.0072256449382870876 0.004341797800897741 0.0083575301115739759 0.0066243916855282378 0.0023399103749304627 0.005365543417150391 -0.00060217211940577389
leaf_weight=187 965 684 154 58 193 330 257 102 778 44 168 936 162 3622
leaf_count=187 965 684 154 58 193 330 257 102 778 44 168 936 162 3622
internal_value=8.26162e-12 -0.000429577 0.000147488 -0.000402247 -0.00282897 -0.000431245 -0.000661004 0.0015729 0.00341659 -0.000415859 0.00445115 0.00121699 -0.000513886 -0.000346683
internal_weight=8640 7675 6187 4465 1488 523 4239 1722 965 3982 226 1620 3938 3784
internal_count=8640 7675 6187 4465 1488 523 4239 1722 965 3982 226 1620 3938 3784
is_linear=0
shrinkage=0.05


Tree=19
num_leaves=15
num_cat=0
split_feature=5 4 2 8 3 7 6 2 8 5 0 7 0 2
split_gain=4.57778 3.888 2.10967 1.96633 1.45531 1.28326 1.22358 1.06719 2.21692 1.87808 1.24497 1.13402 1.00641 2.51514
threshold=16.650000000000002 28.850000000000005 75.043350000000018 43.716666666666669 25.650000000000002 1.414213562373096 1.3000000000000027 77.393050000000017 27.216666666666672 31.750000000000004 36.000000000000007 1.2832251036613451 60.000000000000007 86.003450000000015
decision_type=2 2 2 2 2 2 2 2 2 2 2 2 2 2
left_child=5 7 -3 4 -4 -1 -6 8 11 12 -10 -2 13 -9
right_child=1 2 3 -5 6 -7 -8 9 10 -11 -12 -13 -14 -15
leaf_value=-0.0034294414959514319 0.0069656756904089099 0.0021639990890424785 -0.0094065813665193607 0.0073724939209655754 -0.0032248397633027844 0.003743795891495148 6.2844018942475501e-05 -0.0057239675135827743 0.003122576780864323 0.01013641941982011 -0.0033426863632179914 -0.0058104670792818074 -0.00098149407269543286 -0.0016132279015586178
leaf_weight=67 132 1335 44 84 313 898 2953 601 98 30 310 20 778 977
leaf_count=67 132 1335 44 84 313 898 2953 601 98 30 310 20 778 977
internal_value=2.95026e-12 -0.000408099 0.000480132 -0.000182203 -0.000373923 0.00324576 -0.000252234 -0.00183391 0.000130428 -0.00229494 -0.00178976 0.0052846 -0.00245324 -0.00317885
internal_weight=8640 7675 4729 3394 3310 965 3266 2946 560 2386 408 152 2356 1578
internal_count=8640 7675 4729 3394 3310 965 3266 2946 560 2386 408 152 2356 1578
is_linear=0
shrinkage=0.05


Tree=20
num_leaves=15
num_cat=0
split_feature=8 4 2 5 3 7 3 4 3 5 7 5 7 4
split_gain=4.18067 3.39007 1.90398 1.83394 1.97307 1.46993 1.36774 1.29942 1.09975 2.90574 2.47967 1.67874 1.41704 1.11145
threshold=17.150000000000006 28.850000000000005 75.043350000000018 37.95000000000001 35.95000000000001 1.1145502331533661 25.650000000000002 41.550000000000004 26.850000000000005 26.250000000000004 1.3097921802925672 20.150000000000002 1.6986920241485881 26.250000000000004
decision_type=2 2 2 2 2 2 2 2 2 2 2 2 2 2
left_child=5 8 -3 4 6 -1 -4 -8 9 11 -10 12 -2 -11
right_child=1 2 3 -5 -6 -7 7 -9 10 13 -12 -13 -14 -15
leaf_value=-0.007324951858026907 -0.0048903280625549649 0.0020557991176131198 -0.008936252422228624 0.0036151375953261166 -0.0051855676423347525 0.0035844216795410167 -0.00025993293730517032 0.0054605310001719668 -0.0045756982087222951 -0.0012163363475423633 0.0010540126941041715 -0.0045472950813869204 0.0013171652446139106 0.0022992169577130289
leaf_weight=32 130 1335 44 292 212 880 2743 103 724 361 268 606 314 596
leaf_count=32 130 1335 44 292 212 880 2743 103 724 361 268 606 314 596
internal_value=2.456e-12 -0.000377833 0.000456125 -0.000173093 -0.000529689 0.00320164 -0.000188151 -5.29028e-05 -0.00169287 -0.00101972 -0.00305477 -0.00283601 -0.000500344 0.000973078
internal_weight=8640 7728 4729 3394 3102 912 2890 2846 2999 2007 992 1050 444 957
internal_count=8640 7728 4729 3394 3102 912 2890 2846 2999 2007 992 1050 444 957
is_linear=0
shrinkage=0.05


Tree=21
num_leaves=15
num_cat=0
split_feature=5 1 4 3 5 3 8 7 4 5 5 5 3 6
split_gain=3.7867 2.63501 2.67364 1.77628 2.18149 1.66003 4.36153 2.09231 1.65532 1.83456 1.5903 1.62305 1.76588 2.69894
threshold=14.750000000000002 22.610250000000004 42.45000000000001 25.650000000000002 27.650000000000002 26.750000000000004 26.416666666666675 1.3097921802925672 26.450000000000003 28.050000000000004 18.650000000000002 25.950000000000003 25.850000000000005 2.0999999999999992
decision_type=2 2 2 2 2 2 2 2 2 2 2 2 2 2
left_child=-1 3 5 4 -2 6 10 -7 -8 -10 -3 -12 -13 -14
right_child=1 2 -4 -5 -6 7 8 -9 9 -11 11 12 13 -15
leaf_value=0.0034743130828564154 0.0019222278605963363 0.00076665263553390029 0.0032062759421183024 0.00094619059991034597 -0.011012829861886401 -0.0039502713444435128 -0.0022519037264540696 -0.00085143919107586038 0.0069605455375937242 -0.0066542119736334795 -0.0043300703548970303 0.0027217924051951056 -0.0065419468411838516 0.0068841577900457199
leaf_weight=719 61 485 331 3325 70 1098 79 1081 296 27 624 226 170 48
leaf_count=719 61 485 331 3325 70 1098 79 1081 296 27 624 226 170 48
internal_value=-2.51711e-12 -0.000315368 -0.00111769 0.000721193 -0.00498964 -0.0014639 -0.000406111 -0.00241294 0.00423571 0.00582247 -0.00160766 -0.00268589 -0.000375149 -0.00358574
internal_weight=8640 7921 4465 3456 131 4134 1955 2179 402 323 1553 1068 444 218
internal_count=8640 7921 4465 3456 131 4134 1955 2179 402 323 1553 1068 444 218
is_linear=0
shrinkage=0.05


Tree=22
num_leaves=15
num_cat=0
split_feature=8 4 6 5 3 2 7 3 7 6 4 7 6 5
split_gain=3.42523 2.81567 1.86411 1.91515 2.21651 1.4879 1.31332 1.26727 1.08068 1.27896 1.47236 1.17339 1.23025 0.971771
threshold=17.150000000000006 28.850000000000005 1.3000000000000027 38.850000000000001 35.95000000000001 75.043350000000018 1.1145502331533661 25.650000000000002 2.5381533094401978 5.6999999999999993 13.550000000000002 2.3463919218695426 4.9000000000000048 30.050000000000004
decision_type=2 2 2 2 2 2 2 2 2 2 2 2 2 2
left_child=6 -2 -3 4 5 13 -1 -7 9 10 -8 12 -12 -4
right_child=1 2 3 -5 -6 7 8 -9 -10 -11 11 -13 -14 -15
leaf_value=-0.0070520362583920363 -0.0015404565022478604 -0.002834428791307715 0.0016564248961248446 0.0060376613864395199 -0.0044310645810815745 -0.0083025789406912572 0.010602454350075939 0.00025355426363255011 0.00041481449421733806 0.010929348254858544 0.0016064350391429038 -0.00555593756493181 0.0071149711258437541 0.0057696248218417172
leaf_weight=32 2999 403 1107 163 215 44 66 2632 242 66 317 40 149 165
leaf_count=32 2999 403 1107 163 215 44 66 2632 242 66 317 40 149 165
internal_value=-1.22867e-11 -0.000341997 0.000418033 0.000721024 0.000512854 0.00078209 0.00289797 0.00011287 0.00325979 0.00433892 0.00357849 0.00266232 0.00336775 0.00218998
internal_weight=8640 7728 4729 4326 4163 3948 912 2676 880 638 572 506 466 1272
internal_count=8640 7728 4729 4326 4163 3948 912 2676 880 638 572 506 466 1272
is_linear=0
shrinkage=0.05


Tree=23
num_leaves=15
num_cat=0
split_feature=5 4 0 6 3 1 3 6 5 1 3 3 6 5
split_gain=3.09473 2.75304 1.59069 2.44668 1.50089 4.39685 3.69297 2.30266 1.67198 2.37611 2.14714 3.05652 1.72818 1.43941
threshold=16.650000000000002 26.050000000000004 60.000000000000007 2.2999999999999985 26.750000000000004 16.079350000000005 25.350000000000005 1.6499999999999988 38.850000000000001 22.610250000000004 28.250000000000004 31.650000000000002 3.7999999999999985 29.250000000000004
decision_type=2 2 2 2 2 2 2 2 2 2 2 2 2 2
left_child=-1 2 -2 -4 5 -3 -7 -6 9 10 -9 12 13 -12
right_child=1 4 3 -5 7 6 -8 8 -10 -11 11 -13 -14 -15
leaf_value=0.0026687002147987027 -0.0034700227794786337 -0.0050707117047595774 -0.0045177275550773686 0.0025694512214580424 -0.0023618941536530788 -0.0037509449446775224 0.0039337875180545691 -0.00075376501065350389 0.0057725830581433395 -0.0014093131098200627 -0.001483712479450227 -0.0010147183874455515 0.0084803287745527332 0.0042960194480209943
leaf_weight=965 965 212 193 330 1050 185 1009 842 134 1530 138 407 189 491
leaf_count=965 965 212 193 330 1050 185 1009 842 134 1530 138 407 189 491
internal_value=1.99714e-11 -0.000335543 -0.00226652 -4.58939e-05 0.000128864 0.00156492 0.0027431 -0.000293453 0.00028866 8.43664e-05 0.00118999 0.00252603 0.00428774 0.00302797
internal_weight=8640 7675 1488 523 6187 1406 1194 4781 3731 3597 2067 1225 818 629
internal_count=8640 7675 1488 523 6187 1406 1194 4781 3731 3597 2067 1225 818 629
is_linear=0
shrinkage=0.05


Tree=24
num_leaves=15
num_cat=0
split_feature=5 2 4 3 4 7 4 3 0 5 3 1 1 4
split_gain=2.85252 1.90094 1.83003 1.38098 1.23694 1.23158 1.70299 2.77969 2.85887 1.57416 1.39953 1.82374 1.63214 2.48268
threshold=13.950000000000001 75.043350000000018 42.45000000000001 14.550000000000002 14.15 1.6986920241485881 21.850000000000005 25.650000000000002 60.000000000000007 24.350000000000005 25.950000000000003 22.610250000000004 22.610250000000004 25.250000000000004
decision_type=2 2 2 2 2 2 2 2 2 2 2 2 2 2
left_child=3 -2 5 4 -1 9 -7 8 -8 -3 12 -12 -11 -14
right_child=1 2 -4 -5 -6 6 7 -9 -10 10 11 -13 13 -15
leaf_value=0.006427459252632356 0.0012199725350439151 -0.0046944902952691901 0.0029670724091317023 0.0095663230104202582 0.00094492029022955287 0.0029972786488200202 -0.0074117662228499765 0.00056081081236776271 0.0018369704834069129 -0.0093905715388245894 -2.8140925627491604e-05 -0.0024623879445632452 -0.0018959683834495495 0.0057425915415006794
leaf_weight=140 1728 326 331 77 388 417 252 1233 125 32 1324 1837 193 237
leaf_count=140 1728 326 331 77 388 417 252 1233 125 32 1324 1837 193 237
internal_value=-1.96331e-11 -0.000249294 -0.000651846 0.00331088 0.00239862 -0.000852291 0.000149581 -0.00058799 -0.00434521 -0.00136655 -0.0010671 -0.00144279 0.00150341 0.00231412
internal_weight=8640 8035 6307 605 528 5976 2027 1610 377 3949 3623 3161 462 430
internal_count=8640 8035 6307 605 528 5976 2027 1610 377 3949 3623 3161 462 430
is_linear=0
shrinkage=0.05


Tree=25
num_leaves=15
num_cat=0
split_feature=5 6 5 2 0 3 5 4 6 3 0 8 6 4
split_gain=2.5744 1.73325 1.96334 1.777 1.54352 1.24634 1.21864 1.11979 1.02005 1.02889 0.906774 0.860723 0.838129 0.787478
threshold=13.950000000000001 1.1499999999999988 41.850000000000001 75.043350000000018 36.000000000000007 14.550000000000002 30.050000000000004 13.850000000000003 13.65 11.850000000000003 60.000000000000007 10.950000000000001 3.4999999999999996 30.650000000000002
decision_type=2 2 2 2 2 2 2 2 2 2 2 2 2 2
left_child=5 4 3 6 -2 7 -3 -1 9 -5 11 -9 -8 -11
right_child=1 2 -4 8 -6 -7 12 10 -10 13 -12 -13 -14 -15
leaf_value=0.0066182016590479679 0.00084883076588299652 0.00087451620424242819 0.0065513525868892732 0.0075964570927776797 -0.0038287539625230433 0.0090880064584024558 0.003438080632093902 -0.0094817962348461154 0.0056994825361583101 -0.0011842557210950985 0.0042914006773802178 0.00025756880178292072 0.011732683989864129 4.2879452103254899e-05
leaf_weight=116 254 1467 113 38 577 77 139 25 65 3061 142 245 39 2282
leaf_count=116 254 1467 113 38 577 77 139 25 65 3061 142 245 39 2282
internal_value=1.08646e-11 -0.00023683 1.25849e-05 -9.16149e-05 -0.00239902 0.00314533 0.00134856 0.00227869 -0.000526629 -0.000601838 0.00105689 -0.000644224 0.00525544 -0.000660145
internal_weight=8640 8035 7204 7091 831 605 1645 528 5446 5381 412 270 178 5343
internal_count=8640 8035 7204 7091 831 605 1645 528 5446 5381 412 270 178 5343
is_linear=0
shrinkage=0.05


Tree=26
num_leaves=15
num_cat=0
split_feature=8 4 5 3 1 3 6 0 5 1 3 3 6 5
split_gain=2.35517 2.00459 1.41688 1.36366 3.22914 3.3428 1.85762 1.79554 1.74701 1.95308 1.93184 2.53134 1.96025 1.58032
threshold=17.150000000000006 26.050000000000004 29.450000000000003 26.650000000000002 16.079350000000005 25.350000000000005 1.3000000000000027 36.000000000000007 38.850000000000001 22.610250000000004 28.350000000000005 31.650000000000002 3.9000000000000017 29.250000000000004
decision_type=2 2 2 2 2 2 2 2 2 2 2 2 2 2
left_child=-1 2 -2 4 -3 -6 -5 -7 9 10 -8 12 13 -12
right_child=1 3 -4 6 5 7 8 -9 -10 -11 11 -13 -14 -15
leaf_value=0.0024030342710794753 -0.0020710108417254422 -0.0043791484542265438 0.011324460953474044 -0.0026350789490246283 -0.0035062431320044643 0.0069187051448291945 -0.00076184257390483434 0.0022488735491989135 0.0052119412959376185 -0.0013725502263878732 -0.0019281027766860901 -0.00095733213947125939 0.0085711128859383093 0.0037777464975118102
leaf_weight=912 1521 194 20 706 185 315 1031 594 163 1676 155 443 166 559
leaf_count=912 1521 194 20 706 185 315 1031 594 163 1676 155 443 166 559
internal_value=-4.11878e-13 -0.000283588 -0.00189716 0.000118305 0.001566 0.00262026 -0.000262311 0.00386713 0.000137206 -6.80503e-05 0.000860727 0.00212518 0.00367694 0.00253908
internal_weight=8640 7728 1541 6187 1288 1094 4899 909 4193 4030 2354 1323 880 714
internal_count=8640 7728 1541 6187 1288 1094 4899 909 4193 4030 2354 1323 880 714
is_linear=0
shrinkage=0.05


Tree=27
num_leaves=15
num_cat=0
split_feature=5 4 0 6 3 5 3 6 7 5 3 4 0 3
split_gain=2.1412 1.95643 1.38859 2.14201 1.24092 3.55765 3.14559 1.75064 1.35409 1.25351 1.75782 1.15249 1.10568 1.22194
threshold=16.650000000000002 26.050000000000004 60.000000000000007 2.2999999999999985 26.750000000000004 28.650000000000002 25.450000000000003 1.6499999999999988 1.2832251036613451 37.95000000000001 35.95000000000001 27.350000000000005 60.000000000000007 24.550000000000004
decision_type=2 2 2 2 2 2 2 2 2 2 2 2 2 2
left_child=-1 2 -2 -4 5 6 8 11 -3 10 -9 -6 -10 -14
right_child=1 4 3 -5 7 -7 -8 9 12 -11 -12 -13 13 -15
leaf_value=0.0022198182588365955 -0.0030313636595926158 0.0065479237027466306 -0.0040163060208092509 0.002614954742567727 -0.0062811331297535165 -0.0062365574014447908 0.0033625782239775589 0.00029963438825404817 -0.0078314457924511197 0.0044175988428120381 -0.0046311404451201263 -0.0014227466680169949 0.0049098020760963363 -0.0096968530754869189
leaf_weight=965 965 30 193 330 141 137 1056 3369 117 171 191 909 45 21
leaf_count=965 965 30 193 330 141 137 1056 3369 117 171 191 909 45 21
internal_value=3.05186e-13 -0.000279104 -0.00190691 0.000167855 0.000112389 0.00141816 0.00224456 -0.000271614 -0.00329828 0.00023595 3.509e-05 -0.00207516 -0.00491242 0.00026223
internal_weight=8640 7675 1488 523 6187 1406 1269 4781 213 3731 3560 1050 183 66
internal_count=8640 7675 1488 523 6187 1406 1269 4781 213 3731 3560 1050 183 66
is_linear=0
shrinkage=0.05


Tree=28
num_leaves=15
num_cat=0
split_feature=5 4 6 5 2 3 4 3 7 5 5 7 0 5
split_gain=1.97838 1.38668 1.20402 1.3151 1.24893 1.12583 1.02962 1.02669 2.00327 1.20673 2.07332 2.01881 1.25513 1.04341
threshold=13.950000000000001 28.850000000000005 1.3000000000000027 42.250000000000007 75.043350000000018 14.550000000000002 14.15 26.850000000000005 1.596524001977073 26.250000000000004 20.150000000000002 1.6986920241485881 36.000000000000007 26.450000000000003
decision_type=2 2 2 2 2 2 2 2 2 2 2 2 2 2
left_child=5 7 -3 4 -4 6 -1 9 13 10 11 -2 -13 -9
right_child=1 2 3 -5 -6 -7 -8 8 -10 -11 -12 12 -14 -15
leaf_value=0.0056093387668910769 -0.0037667343543452917 -0.0022723312474378192 0.0017662396094809928 0.0064666122178076426 -0.00010703197886902501 0.0084053687811768679 0.00060732335076648172 0.0038964092969260319 0.0027097075456389932 0.0009433616498982011 -0.0035508475253778135 -0.0013939601110644351 0.0037125597789644943 -0.0037743546987246373
leaf_weight=140 211 403 1272 93 2961 77 388 47 164 957 606 181 359 781
leaf_count=140 211 403 1272 93 2961 77 388 47 164 957 606 181 359 781
internal_value=-2.24457e-11 -0.000207612 0.00034159 0.000585097 0.000455879 0.00275729 0.00193362 -0.000993207 -0.00233896 -0.00041629 -0.00137516 0.000380454 0.00200093 -0.00333894
internal_weight=8640 8035 4729 4326 4233 605 528 3306 992 2314 1357 751 540 828
internal_count=8640 8035 4729 4326 4233 605 528 3306 992 2314 1357 751 540 828
is_linear=0
shrinkage=0.05


Tree=29
num_leaves=15
num_cat=0
split_feature=5 4 5 6 3 4 3 5 3 5 3 5 3 4
split_gain=1.78549 1.26008 1.04643 1.08884 1.01606 0.947637 1.29245 1.13145 1.93064 1.38951 1.01587 1.22547 0.93956 0.92923
threshold=13.950000000000001 29.150000000000002 44.350000000000001 1.3000000000000027 14.550000000000002 35.350000000000001 34.350000000000001 29.850000000000005 30.350000000000005 37.350000000000001 25.550000000000004 27.850000000000005 11.850000000000003 14.15
decision_type=2 2 2 2 2 2 2 2 2 2 2 2 2 2
left_child=4 12 3 -3 13 6 10 8 -7 -9 11 -5 -2 -1
right_child=1 2 -4 5 -6 7 -8 9 -10 -11 -12 -13 -14 -15
leaf_value=0.005328871848094943 0.006917591196926017 -0.0023873700459456342 0.0065142926370540151 0.0022326771569039141 0.0079851006593119802 -0.0039150466270840324 0.011473897218318849 -0.002474885099341313 0.0058170425977247461 0.0024724912948758259 0.00098315828706297 -0.014306466816924513 -0.00098704618368071636 0.00057695737128390825
leaf_weight=140 38 356 68 21 77 78 29 733 147 176 2860 24 3505 388
leaf_count=140 38 356 68 21 77 78 29 733 147 176 2860 24 3505 388
internal_value=8.82614e-12 -0.000197231 0.000358854 0.000264241 0.00261943 0.00049629 0.000970725 -0.000731218 0.00244325 -0.00151698 0.000865874 -0.0065882 -0.000902266 0.00183693
internal_weight=8640 8035 4492 4424 605 4068 2934 1134 225 909 2905 45 3543 528
internal_count=8640 8035 4492 4424 605 4068 2934 1134 225 909 2905 45 3543 528
is_linear=0
shrinkage=0.05


Tree=30
num_leaves=15
num_cat=0
split_feature=8 4 0 6 3 1 3 0 4 7 0 4 5 3
split_gain=1.62683 1.47224 1.2418 1.86235 1.11118 2.73849 2.60892 1.62004 1.33144 1.19631 1.12033 1.09616 2.05639 1.06061
threshold=17.150000000000006 26.050000000000004 60.000000000000007 2.2999999999999985 26.650000000000002 16.079350000000005 25.350000000000005 36.000000000000007 30.650000000000002 1.2832251036613451 60.000000000000007 29.350000000000005 28.050000000000004 32.250000000000007
decision_type=2 2 2 2 2 2 2 2 2 2 2 2 2 2
left_child=-1 2 -2 -4 5 -3 9 -8 13 -7 -11 12 -9 -6
right_child=1 4 3 -5 8 6 7 11 -10 10 -12 -13 -14 -15
leaf_value=0.0019971915084808422 -0.0026818985668955308 -0.0040593380149281056 -0.0036887890126054306 0.0023956881842365227 -0.0014161063834274928 0.0079183492047542881 0.0063865494205790118 0.0017936325409629705 0.00040833620953222645 -0.0077508667336389572 0.00078761719858213772 0.0049429361902103564 -0.0090623148949816826 0.010160691477940418
leaf_weight=912 987 194 193 361 1834 22 315 342 3045 101 62 202 50 20
leaf_count=912 987 194 193 361 1834 22 315 342 3045 101 62 202 50 20
internal_value=1.91183e-13 -0.000235693 -0.00161851 0.000276006 0.000108726 0.00141555 0.00238642 0.00348795 -0.000234852 -0.00302595 -0.0045031 0.00195081 0.000408945 -0.00129122
internal_weight=8640 7728 1541 554 6187 1288 1094 909 4899 185 163 594 392 1854
internal_count=8640 7728 1541 554 6187 1288 1094 909 4899 185 163 594 392 1854
is_linear=0
shrinkage=0.05


Tree=31
num_leaves=15
num_cat=0
split_feature=5 1 4 3 4 7 3 5 3 5 0 5 3 5
split_gain=1.48463 1.14093 1.41955 1.65955 2.06673 1.4402 1.41868 1.59071 1.19107 1.7253 1.17025 1.29876 1.03506 1.7075
threshold=13.950000000000001 22.610250000000004 42.45000000000001 27.550000000000004 27.150000000000002 1.3097921802925672 25.350000000000005 28.650000000000002 25.650000000000002 27.650000000000002 60.000000000000007 29.750000000000004 26.350000000000005 26.350000000000005
decision_type=2 2 2 2 2 2 2 2 2 2 2 2 2 2
left_child=-1 8 3 4 12 -5 -6 -8 9 -2 -4 -12 13 -3
right_child=1 2 10 5 6 -7 7 -9 -10 -11 11 -13 -14 -15
leaf_value=0.0023885646342657785 0.0019763836255449743 -0.0010719813968854866 0.004908323135382974 -0.0036825134686499349 -0.0041230177506804471 -0.00083455282044656237 0.0046452432929648844 -0.0069356936699477957 0.00069020645240887367 -0.0095269568898116372 0.010603814125061036 -0.0032101785374004724 -0.0033572754471000131 0.0031532842994225849
leaf_weight=605 61 1320 197 797 65 1002 404 32 3325 70 20 114 336 292
leaf_count=605 61 1320 197 797 65 1002 404 32 3325 70 20 114 336 292
internal_value=-1.57858e-11 -0.000179848 -0.000697465 -0.000943208 -9.61866e-05 -0.00209627 0.00276794 0.00379527 0.000505963 -0.00417044 0.00245636 -0.00114839 -0.000832803 -0.000306611
internal_weight=8640 8035 4579 4248 2449 1799 501 436 3456 131 331 134 1948 1612
internal_count=8640 8035 4579 4248 2449 1799 501 436 3456 131 331 134 1948 1612
is_linear=0
shrinkage=0.05


Tree=32
num_leaves=15
num_cat=0
split_feature=5 3 0 6 0 8 4 3 1 1 3 6 3 6
split_gain=1.40969 2.13608 1.81092 1.24926 1.31939 1.21287 1.19125 0.948176 2.38249 1.5349 1.517 2.21589 1.8496 1.83485
threshold=18.150000000000002 22.450000000000003 36.000000000000007 1.1499999999999988 36.000000000000007 43.716666666666669 20.750000000000004 26.650000000000002 16.079350000000005 22.610250000000004 27.950000000000003 4.4000000000000004 31.650000000000002 3.7999999999999985
decision_type=2 2 2 2 2 2 2 2 2 2 2 2 2 2
left_child=-1 2 6 4 -3 7 -2 8 -5 10 11 -9 13 -12
right_child=1 3 -4 5 -6 -7 -8 9 -10 -11 12 -13 -14 -15
leaf_value=0.0016234172319347766 0.0012239207956759681 0.001166844785419613 -0.0012848755927166501 -0.0038369497527760755 -0.0031637469028695771 0.0070702050501495256 -0.0096299752654222248 -0.00029262872896790689 0.0020813695048767645 -0.0011646125325776612 0.0016518694316592975 -0.0098188688509363801 -0.0010803738382677206 0.0066605173980655227
leaf_weight=1158 31 253 341 197 577 64 137 813 1243 2176 892 66 462 230
leaf_count=1158 31 253 341 197 577 64 137 813 1243 2176 892 66 462 230
internal_value=5.1633e-12 -0.000251259 -0.00337821 -2.30044e-05 -0.0018437 0.000222995 -0.00762717 0.000150908 0.00127171 -0.000197003 0.000657857 -0.00100791 0.00158223 0.0026786
internal_weight=8640 7482 509 6973 830 6143 168 6079 1440 4639 2463 879 1584 1122
internal_count=8640 7482 509 6973 830 6143 168 6079 1440 4639 2463 879 1584 1122
is_linear=0
shrinkage=0.05


Tree=33
num_leaves=15
num_cat=0
split_feature=4 7 5 3 6 2 5 3 0 4 8 6 5 3
split_gain=1.3348 1.09345 1.27905 1.02496 1.39177 0.816059 0.979743 1.53403 1.63435 1.08506 0.998757 1.07567 0.955048 0.859868
threshold=14.15 0.35590260840104415 40.350000000000001 39.750000000000007 13.65 75.043350000000018 18.150000000000002 22.450000000000003 36.000000000000007 21.150000000000002 10.950000000000001 4.4999999999999991 30.050000000000004 26.550000000000004
decision_type=2 2 2 2 2 2 2 2 2 2 2 2 2 2
left_child=-1 -2 3 4 5 12 10 8 9 -8 -7 -12 -3 -9
right_child=1 2 -4 -5 -6 6 7 13 -10 -11 11 -13 -14 -15
leaf_value=0.0048076812515562423 -0.0025340739686839963 0.00049930650782773736 0.0044487203262605487 -0.0078294531683370996 0.0078565532611849318 -0.0080494318318007334 -5.765346752014012e-05 0.0010478904725010542 -0.0012206318847632961 -0.0094921146657341651 -0.0010737010159139191 0.0024833794053352558 0.0042884556011341633 -0.00065932481279355921
leaf_weight=142 431 1502 162 42 56 29 40 923 341 128 310 676 187 3671
leaf_count=142 431 1502 162 42 56 29 40 923 341 128 310 676 187 3671
internal_value=-6.77277e-12 -8.03355e-05 5.07618e-05 -3.93672e-05 2.24335e-06 -5.4096e-05 -0.000322692 -0.000604882 -0.0032093 -0.00724581 0.00109604 0.00136503 0.000918827 -0.000316321
internal_weight=8640 8498 8067 7905 7863 7807 6118 5103 509 168 1015 986 1689 4594
internal_count=8640 8498 8067 7905 7863 7807 6118 5103 509 168 1015 986 1689 4594
is_linear=0
shrinkage=0.05


Tree=34
num_leaves=15
num_cat=0
split_feature=4 6 0 5 3 6 5 8 5 3 3 5 6 0
split_gain=1.20466 0.987977 1.15543 1.05768 0.996288 1.23088 0.929348 1.17331 1.25754 1.19262 0.929005 0.916163 1.15798 1.7943
threshold=14.15 1.1499999999999988 36.000000000000007 41.850000000000001 39.750000000000007 13.65 39.250000000000007 34.716666666666676 35.350000000000001 34.550000000000004 32.95000000000001 36.45000000000001 6.6000000000000005 36.000000000000007
decision_type=2 2 2 2 2 2 2 2 2 2 2 2 2 2
left_child=-1 2 -2 4 5 6 7 8 9 -3 -9 12 -12 -14
right_child=1 3 -4 -5 -6 -7 -8 10 -10 -11 11 -13 13 -15
leaf_value=0.0045672971736410188 0.0010900468177700818 6.3444392483808716e-05 -0.0029514756484064712 0.0049028633168560617 -0.0066754736345980992 0.0074637257202994078 0.0091151079379155169 0.0041748499175390374 0.0066973292205023439 0.01229124490171671 -0.0060348036580299049 0.00059897244795628472 0.0079568616479677567 -0.0047305944089250842
leaf_weight=142 255 6753 577 113 55 56 28 52 73 20 255 141 44 76
leaf_count=142 255 6753 577 113 55 56 28 52 73 20 255 141 44 76
internal_value=-1.33518e-11 -7.63187e-05 -0.00171279 0.000101289 2.94531e-05 7.86357e-05 2.3064e-05 -1.12734e-05 0.000169905 9.95519e-05 -0.00219498 -0.00283691 -0.0041288 -7.85272e-05
internal_weight=8640 8498 832 7666 7553 7498 7442 7414 6846 6773 568 516 375 120
internal_count=8640 8498 832 7666 7553 7498 7442 7414 6846 6773 568 516 375 120
is_linear=0
shrinkage=0.05


Tree=35
num_leaves=15
num_cat=0
split_feature=5 3 0 3 6 4 3 4 3 5 3 5 3 5
split_gain=1.09988 1.74972 1.50924 1.32663 0.993068 1.85597 1.78008 1.53431 3.52012 1.07704 0.957786 1.83793 1.22662 2.66308
threshold=18.150000000000002 22.450000000000003 60.000000000000007 16.850000000000005 2.2000000000000015 24.850000000000005 25.050000000000004 25.950000000000003 26.050000000000004 27.050000000000004 25.650000000000002 27.650000000000002 26.650000000000002 28.650000000000002
decision_type=2 2 2 2 2 2 2 2 2 2 2 2 2 2
left_child=-1 2 3 -2 6 9 -3 -8 -9 -6 11 -7 13 -12
right_child=1 4 -4 -5 5 10 7 8 -10 -11 12 -13 -14 -15
leaf_value=0.0014339688105176693 0.0025606333878822624 0.01041675298341683 0.00082692930300254375 -0.0062557598029077694 0.0023954130676336204 0.00043204650146900304 -0.0035129376982587345 0.0079570074679213582 -0.00086029281579660271 0.014303953834884876 0.0037173770904925345 -0.0093904668986733546 8.8274217645668363e-05 -0.0049668980245209798
leaf_weight=1158 50 35 168 291 39 137 472 120 1996 37 584 73 3376 104
leaf_count=1158 50 35 168 291 39 137 472 120 1996 37 584 73 3376 104
internal_value=4.92936e-12 -0.000221937 -0.003052 -0.00496303 -1.53543e-05 0.00044799 -0.000783768 -0.000935243 -0.000360257 0.00819299 0.000310269 -0.00298245 0.000480415 0.00240464
internal_weight=8640 7482 509 341 6973 4350 2623 2588 2116 76 4274 210 4064 688
internal_count=8640 7482 509 341 6973 4350 2623 2588 2116 76 4274 210 4064 688
is_linear=0
shrinkage=0.05


Tree=36
num_leaves=15
num_cat=0
split_feature=4 7 8 8 3 1 3 7 4 3 5 0 5 3
split_gain=1.05157 0.888467 1.11115 0.692533 0.70732 0.641414 1.38469 1.58001 1.33605 1.61802 1.56083 1.28176 1.19853 1.08353
threshold=14.15 0.35590260840104415 43.716666666666669 10.950000000000001 8.8500000000000032 22.610250000000004 27.550000000000004 1.3097921802925672 26.450000000000003 25.150000000000002 28.650000000000002 60.000000000000007 18.650000000000002 26.050000000000004
decision_type=2 2 2 2 2 2 2 2 2 2 2 2 2 2
left_child=-1 -2 3 -3 -5 13 8 -8 12 11 -11 -10 -7 -6
right_child=1 2 -4 4 5 6 7 -9 9 10 -12 -13 -14 -15
leaf_value=0.0042672338557731308 -0.0022831246964638871 -0.0077218309173296244 0.0061876050911027283 0.0078133494432630207 -0.0024274718198437615 0.00097240141047636494 -0.0032803832801810207 -0.00031627245444459191 -0.0087467666258508308 0.0043317071437721753 -0.0060776817349669264 0.0028713906855257448 -0.0014461107739155541 0.00079039167614914317
leaf_weight=142 431 29 73 29 286 1003 714 1214 53 470 39 43 1047 3067
leaf_count=142 431 29 73 29 286 1003 714 1214 53 470 39 43 1047 3067
internal_value=1.77558e-11 -7.13047e-05 4.68674e-05 -9.20884e-06 1.88723e-05 -9.61057e-06 -0.000394096 -0.00141398 0.000346518 0.00241118 0.00353413 -0.0035428 -0.000262809 0.000515918
internal_weight=8640 8498 8067 7994 7965 7936 4583 1928 2655 605 509 96 2050 3353
internal_count=8640 8498 8067 7994 7965 7936 4583 1928 2655 605 509 96 2050 3353
is_linear=0
shrinkage=0.05


Tree=37
num_leaves=15
num_cat=0
split_feature=4 7 5 3 4 3 8 5 3 5 3 8 3 2
split_gain=0.949042 0.801842 1.04578 1.27033 0.806112 0.750894 0.739236 1.05506 1.00195 0.890242 0.689202 0.626517 0.636835 0.61461
threshold=14.15 0.35590260840104415 37.95000000000001 35.95000000000001 41.550000000000004 32.850000000000001 34.716666666666676 35.350000000000001 34.550000000000004 36.550000000000004 32.95000000000001 10.950000000000001 8.8500000000000032 75.043350000000018
decision_type=2 2 2 2 2 2 2 2 2 2 2 2 2 2
left_child=-1 -2 3 4 6 -6 7 8 11 10 -8 -3 -13 -14
right_child=1 2 -4 -5 5 -7 9 -9 -10 -11 -12 12 13 -15
leaf_value=0.0040538721416198036 -0.0021689684647772886 -0.0073357392873229649 0.0032477628319950297 -0.0040105552630701263 -0.0020667825374872453 0.0072406707680986284 0.0041151164744335873 0.0061560007284434748 0.010936065557013666 0.0030916738018515657 -0.0044604007977469655 0.0074226816024245889 0.00082966394417397036 -0.00026423027928543837
leaf_weight=142 431 29 247 198 31 72 26 71 21 61 237 29 1689 5356
leaf_count=142 431 29 247 198 31 72 26 71 21 61 237 29 1689 5356
internal_value=-1.47638e-11 -6.77395e-05 4.4524e-05 -5.66524e-05 4.60598e-05 0.0044394 -1.41229e-05 9.10827e-05 3.06378e-05 -0.0023504 -0.00361263 -1.60406e-06 2.84624e-05 -1.97516e-06
internal_weight=8640 8498 8067 7820 7622 103 7519 7195 7124 324 263 7103 7074 7045
internal_count=8640 8498 8067 7820 7622 103 7519 7195 7124 324 263 7103 7074 7045
is_linear=0
shrinkage=0.05


Tree=38
num_leaves=15
num_cat=0
split_feature=5 3 4 3 8 6 8 5 8 5 5 3 5 0
split_gain=0.883668 0.967159 0.768499 0.731285 0.66159 0.654216 0.648982 0.773426 0.647564 1.26419 1.43751 0.857264 0.80739 1.12212
threshold=13.950000000000001 14.550000000000002 29.150000000000002 11.850000000000003 44.483333333333341 1.3000000000000027 14.183333333333334 13.250000000000002 34.616666666666674 30.550000000000004 36.550000000000004 34.350000000000001 32.150000000000013 36.000000000000007
decision_type=2 2 2 2 2 2 2 2 2 2 2 2 2 2
left_child=1 6 3 -2 5 -4 7 -1 11 -10 12 -7 13 -11
right_child=2 -3 4 -5 -6 8 -8 -9 9 10 -12 -13 -14 -15
leaf_value=0.0012724875678535674 0.0062095522488418379 0.0070777304769892779 -0.0017962102027132922 -0.00076414437127397925 0.0060736153236761389 0.0006436080535000316 -0.0032287739664316178 0.0099990224534714667 0.0063705764827318495 0.0098008129236943752 0.0015394419747955404 0.0089977913446003394 -0.0040076231094681881 -0.0027223869648603898
leaf_weight=426 38 77 365 3505 49 3256 75 27 56 27 263 31 392 53
leaf_count=426 38 77 365 3505 49 3256 75 27 56 27 263 31 392 53
internal_value=-4.90982e-12 0.00184278 -0.000138753 -0.000689349 0.000295521 0.000231797 0.00107935 0.00179261 0.000413313 -0.000871084 -0.00142283 0.000722397 -0.00307342 0.00150419
internal_weight=8640 605 8035 3543 4492 4443 528 453 4078 791 735 3287 472 80
internal_count=8640 605 8035 3543 4492 4443 528 453 4078 791 735 3287 472 80
is_linear=0
shrinkage=0.05


Tree=39
num_leaves=15
num_cat=0
split_feature=4 7 5 3 6 1 3 0 1 8 3 4 7 7
split_gain=0.836718 0.690857 0.893177 0.797839 1.04005 0.591997 1.67325 1.24724 1.71818 3.24946 1.3845 2.19755 1.22467 1.74727
threshold=13.850000000000003 0.35590260840104415 40.350000000000001 39.750000000000007 13.65 22.610250000000004 27.550000000000004 60.000000000000007 31.383250000000004 20.950000000000006 25.950000000000003 26.450000000000003 1.6986920241485881 2.5776819545164824
decision_type=2 2 2 2 2 2 2 2 2 2 2 2 2 2
left_child=-1 -2 3 4 5 -3 7 8 10 12 -7 -12 -10 -14
right_child=1 2 -4 -5 -6 6 -8 -9 9 -11 11 -13 13 -15
leaf_value=0.0041995816302891724 -0.002008199945546383 0.00046162805214117078 0.0037215171376441571 -0.0069018944942702849 0.0067975477806092909 0.0046616002941691206 -0.0016288362317860576 0.001833217222612051 -0.0037850322810877943 -0.0075204478434229994 -0.0035874027418001664 0.0029829428113168359 0.0022251935944148957 -0.0035613925334107774
leaf_weight=117 431 3353 162 42 56 229 1741 937 203 196 234 279 481 179
leaf_count=117 431 3353 162 42 56 229 1741 937 203 196 234 279 481 179
internal_value=8.0493e-12 -5.765e-05 4.62411e-05 -2.88402e-05 7.7557e-06 -4.07924e-05 -0.000416907 0.000353718 -0.000416016 -0.00170873 0.00142897 -1.40569e-05 -0.000388798 0.000655801
internal_weight=8640 8523 8092 7930 7888 7832 4479 2738 1801 1059 742 513 863 660
internal_count=8640 8523 8092 7930 7888 7832 4479 2738 1801 1059 742 513 863 660
is_linear=0
shrinkage=0.05


Tree=40
num_leaves=15
num_cat=0
split_feature=6 3 4 4 7 3 4 0 0 6 4 4 5 5
split_gain=0.799976 1.27497 3.07047 2.13318 0.952007 0.944536 1.5176 1.27894 0.884386 0.79937 1.01972 0.686948 0.584716 0.563955
threshold=2.2500000000000004 25.950000000000003 25.250000000000004 26.250000000000004 0.2943920288775953 27.350000000000005 27.750000000000004 36.000000000000007 60.000000000000007 1.6999999999999977 28.850000000000005 13.850000000000003 9.4500000000000011 37.95000000000001
decision_type=2 2 2 2 2 2 2 2 2 2 2 2 2 2
left_child=1 2 -1 -3 -4 7 -7 -5 9 -9 -11 12 -2 -13
right_child=11 3 4 5 -6 6 -8 8 -10 10 -12 13 -14 -15
leaf_value=-0.0025083149213142777 0.0014088597378298028 -0.0052332914100842714 -0.001332304222673616 0.0046909151022687598 0.0078559968273762167 -0.0061477322611710305 -0.0007260248089255326 6.2881579029966481e-05 0.0021763102883231842 -0.009788365846860313 0.0021736589223146441 0.00016748633731099622 0.0087586662017328804 0.0032634521154563455
leaf_weight=198 73 283 34 176 165 143 1325 110 167 62 25 5685 43 151
leaf_count=198 73 283 34 176 165 143 1325 110 167 62 25 5685 43 151
internal_value=-1.513e-11 -0.000715927 0.00189999 -0.00116923 0.00628614 -0.000596456 -0.00125416 0.00119153 -0.000500485 -0.00276965 -0.006351 0.000323322 0.00413336 0.000247591
internal_weight=8640 2688 397 2291 199 2008 1468 540 364 197 87 5952 116 5836
internal_count=8640 2688 397 2291 199 2008 1468 540 364 197 87 5952 116 5836
is_linear=0
shrinkage=0.05


Tree=41
num_leaves=15
num_cat=0
split_feature=5 3 0 4 7 4 6 3 4 3 4 5 4 3
split_gain=0.736547 1.35435 1.3263 0.900626 0.764361 0.731128 0.71086 1.55432 1.38565 2.91028 1.15609 1.58139 0.82011 0.798918
threshold=18.150000000000002 22.450000000000003 36.000000000000007 20.750000000000004 1.4055445761538674 24.250000000000004 2.2000000000000015 25.050000000000004 25.850000000000005 26.050000000000004 24.850000000000005 27.050000000000004 26.850000000000005 27.350000000000005
decision_type=2 2 2 2 2 2 2 2 2 2 2 2 2 2
left_child=4 2 3 -2 -1 -3 7 -7 -9 -10 11 -8 -11 -14
right_child=1 5 -4 -5 -6 6 10 8 9 12 -12 -13 13 -15
leaf_value=-0.0030750528174769329 0.0013882765501377083 0.0082120095353780519 -0.0008800237477179485 -0.0080491976478956236 0.0015618717018558762 0.0097823184196438109 -0.0028003291852655822 -0.0034020018782147453 0.0070068289548999019 -0.0039221143453035826 0.00026322190771333311 0.013679333081519283 0.0014447478449655367 -0.001023902356337268
leaf_weight=97 31 27 341 137 1061 35 24 434 128 187 4274 37 428 1399
leaf_count=97 31 27 341 137 1061 35 24 434 128 187 4274 37 428 1399
internal_value=-1.60467e-13 -0.000181618 -0.0026715 -0.00630776 0.00117346 1.32776e-07 -3.17879e-05 -0.000683545 -0.000825744 -0.000303758 0.00036077 0.00719553 -0.000768383 -0.000445587
internal_weight=8640 7482 509 168 1158 6973 6946 2611 2576 2142 4335 61 2014 1827
internal_count=8640 7482 509 168 1158 6973 6946 2611 2576 2142 4335 61 2014 1827
is_linear=0
shrinkage=0.05


Tree=42
num_leaves=15
num_cat=0
split_feature=4 7 5 6 0 3 4 3 3 6 4 6 8 5
split_gain=0.677328 0.879497 0.643772 0.643346 1.57095 0.826918 0.764821 0.857717 0.51312 0.484466 0.726892 0.467592 0.525369 1.12624
threshold=13.550000000000002 2.4257873432439401 44.45000000000001 1.4000000000000006 36.000000000000007 25.250000000000004 25.950000000000003 26.650000000000002 34.250000000000007 14.850000000000001 45.95000000000001 13.65 34.616666666666674 30.850000000000005
decision_type=2 2 2 2 2 2 2 2 2 2 2 2 2 2
left_child=1 -1 3 4 5 -2 -7 -8 -9 10 11 12 13 -5
right_child=2 -3 -4 9 -6 6 7 8 -10 -11 -12 -13 -14 -15
leaf_value=0.0070750593659741918 0.0086828752938244071 -0.0048527040472254165 0.0050315428716731407 -2.4856717270431408e-05 -0.0023730967118493797 -0.0049370553659494314 0.0066297091213260405 -0.00056148332660086451 0.0067571244909669509 0.006437605631848177 -0.0086166236284043411 0.0072172522909291414 -0.0012246970384668593 0.0020109363236517712
leaf_weight=68 36 20 62 5716 832 51 68 212 27 30 24 23 700 771
leaf_count=68 36 20 62 5716 832 51 68 212 27 30 24 23 700 771
internal_value=-6.92547e-12 0.0043642 -4.49076e-05 -8.19795e-05 -0.00114143 0.00145945 0.000733068 0.00167501 0.000265305 9.68322e-05 7.05365e-05 9.94535e-05 7.6675e-05 0.000217104
internal_weight=8640 88 8552 8490 1226 394 358 307 239 7264 7234 7210 7187 6487
internal_count=8640 88 8552 8490 1226 394 358 307 239 7264 7234 7210 7187 6487
is_linear=0
shrinkage=0.05


Tree=43
num_leaves=15
num_cat=0
split_feature=5 3 0 3 3 7 7 4 4 7 6 3 4 3
split_gain=0.645571 1.22361 1.19699 0.829648 0.741806 0.708795 0.985276 1.80831 0.659614 0.633128 0.610811 1.32672 1.19781 2.78453
threshold=18.150000000000002 22.450000000000003 36.000000000000007 16.850000000000005 18.250000000000004 2.7028784903322469 2.0480334076496409 23.750000000000004 24.250000000000004 1.4055445761538674 2.2000000000000015 25.050000000000004 25.750000000000004 26.050000000000004
decision_type=2 2 2 2 2 2 2 2 2 2 2 2 2 2
left_child=4 2 3 -2 9 6 -4 -8 -3 -1 11 -10 -13 -14
right_child=1 8 5 -5 -6 -7 7 -9 10 -11 -12 12 13 -15
leaf_value=-0.0029326941378741075 0.0026155948638916016 0.007802651757029472 -0.0021550042536411505 -0.0074255819917097045 0.010644504316151143 -0.0095151287291876298 0.012102255558129401 -0.0014910534602619473 0.0090375469199248729 0.0012908360077506361 0.00033628966463637093 -0.0032557562474708197 0.0065234882717153863 -0.00076712435030830298
leaf_weight=97 24 27 216 144 20 22 40 63 35 1041 4335 406 140 2030
leaf_count=97 24 27 216 144 20 22 40 63 35 1041 4335 406 140 2030
internal_value=-7.09237e-12 -0.000170032 -0.00253668 -0.00599113 0.0010986 -0.00083478 -0.000236135 0.0037879 2.72341e-06 0.000930834 -2.75959e-05 -0.000631749 -0.000763125 -0.000296762
internal_weight=8640 7482 509 168 1158 341 319 103 6973 1138 6946 2611 2576 2170
internal_count=8640 7482 509 168 1158 341 319 103 6973 1138 6946 2611 2576 2170
is_linear=0
shrinkage=0.05


Tree=44
num_leaves=15
num_cat=0
split_feature=4 7 5 3 6 3 4 3 4 5 4 8 5 3
split_gain=0.593101 0.794181 0.589601 1.01099 0.649329 1.2585 0.754275 1.71581 0.681256 0.626325 0.573112 0.703754 0.925105 1.47455
threshold=13.550000000000002 2.4257873432439401 37.95000000000001 35.95000000000001 1.4000000000000006 25.250000000000004 25.950000000000003 26.850000000000005 26.450000000000003 27.550000000000004 41.550000000000004 34.716666666666676 30.850000000000005 28.450000000000003
decision_type=2 2 2 2 2 2 2 2 2 2 2 2 2 2
left_child=1 -1 3 4 5 -2 -7 8 -8 -9 11 12 -6 -14
right_child=2 -3 -4 -5 10 6 7 9 -10 -11 -12 -13 13 -15
leaf_value=0.0066598699839018729 0.0053012257674708964 -0.0046746105770580472 0.002166051498900506 -0.0035283179854302018 -1.6126608028933115e-05 -0.0041082511150426874 -0.0005916208220160988 -0.0059018511237809435 0.0055150017367492695 -0.0014782758653186089 0.0038528396595705716 -0.0022285024831734056 -0.0064189581474398865 0.0023698472557495405
leaf_weight=68 71 20 292 212 5712 230 73 94 122 538 103 311 51 743
leaf_count=68 71 20 292 212 5712 230 73 94 122 538 103 311 51 743
internal_value=-1.27639e-12 0.00408385 -4.20228e-05 -0.000120081 -3.0301e-05 -0.00114269 -0.00157554 -0.000871154 0.00322893 -0.00213621 0.000151025 9.50932e-05 0.000206166 0.00180533
internal_weight=8640 88 8552 8260 8048 1128 1057 827 195 632 6920 6817 6506 794
internal_count=8640 88 8552 8260 8048 1128 1057 827 195 632 6920 6817 6506 794
is_linear=0
shrinkage=0.05


Tree=45
num_leaves=15
num_cat=0
split_feature=8 7 7 6 7 6 7 6 5 6 4 3 5 3
split_gain=0.570352 0.810796 0.854065 0.956379 0.964345 0.952596 1.25792 0.816195 0.814359 0.783763 0.696516 0.625665 0.933924 0.789702
threshold=17.150000000000006 1.1145502331533661 2.5381533094401978 6.5000000000000018 2.6704139039883401 5.6999999999999993 2.3463919218695426 7.7999999999999989 16.350000000000005 4.4000000000000048 29.150000000000002 25.550000000000004 27.850000000000005 26.650000000000002
decision_type=2 2 2 2 2 2 2 2 2 2 2 2 2 2
left_child=1 -1 5 4 -4 6 8 -5 9 -3 -2 12 -12 -13
right_child=10 2 3 7 -6 -7 -8 -9 -10 -11 11 13 -14 -15
leaf_value=-0.0066354323735140497 -0.00069882092581924219 -0.00056942682797281243 -0.00060402277138149531 0.0042380965618710768 -0.010588876122520083 0.0081139263386527712 -0.0065594661903257178 -0.0037612140799562137 0.0098006622248794899 0.0035060721929332061 0.0020976887550204991 0.0022655113495221664 -0.012340638421786329 9.4184567796317265e-05
leaf_weight=32 3236 194 57 95 42 66 42 48 35 301 21 468 24 3979
leaf_count=32 3236 194 57 95 42 66 42 48 35 301 21 468 24 3979
internal_value=-4.5409e-12 0.00118255 0.00146684 -0.00106232 -0.00484002 0.00242618 0.0017699 0.00155301 0.00242997 0.00190881 -0.000139556 0.000263334 -0.00560275 0.000322694
internal_weight=8640 912 880 242 99 638 572 143 530 495 7728 4492 45 4447
internal_count=8640 912 880 242 99 638 572 143 530 495 7728 4492 45 4447
is_linear=0
shrinkage=0.05


Tree=46
num_leaves=15
num_cat=0
split_feature=8 5 3 0 4 3 7 7 4 3 5 5 4 8
split_gain=0.55327 0.556677 1.04394 1.08089 0.770776 0.682823 0.639688 0.890719 1.39246 0.609943 1.74976 1.18599 1.40454 1.17676
threshold=44.483333333333341 18.150000000000002 22.450000000000003 36.000000000000007 21.150000000000002 18.250000000000004 2.7028784903322469 2.0270394394014364 23.750000000000004 26.650000000000002 28.650000000000002 27.850000000000005 25.050000000000004 27.866666666666671
decision_type=2 2 2 2 2 2 2 2 2 2 2 2 2 2
left_child=1 5 3 4 -3 -1 7 -5 -9 10 13 -11 -13 -4
right_child=-2 2 9 6 -6 -7 -8 8 -10 11 -12 12 -14 -15
leaf_value=0.00082853660171330619 0.0052979190728142484 0.00040114724775776274 0.00059566859898266874 -0.0020656013610895795 -0.0075504400431441361 0.010148026403039695 -0.0090036249253898862 0.010626167857775554 -0.0010545977256977213 -0.0020351468586398188 -0.0051799174834488209 0.012352487072348595 -3.6140803989014507e-05 0.0041834517043422568
leaf_weight=1138 49 40 1353 212 128 20 22 42 65 828 115 23 4330 275
leaf_count=1138 49 40 1353 212 128 20 22 42 65 828 115 23 4330 275
internal_value=-1.65835e-12 -3.02174e-05 -0.00018908 -0.00237455 -0.0056572 0.000989495 -0.000757293 -0.000188581 0.00353038 -2.84208e-05 0.000780665 -0.000300615 2.93171e-05 0.00120171
internal_weight=8640 8591 7433 509 168 1158 341 319 107 6924 1743 5181 4353 1628
internal_count=8640 8591 7433 509 168 1158 341 319 107 6924 1743 5181 4353 1628
is_linear=0
shrinkage=0.05


Tree=47
num_leaves=15
num_cat=0
split_feature=5 6 3 4 4 3 0 0 6 4 7 4 4 4
split_gain=0.504507 0.543299 1.07176 2.39917 1.5574 0.838173 1.05378 0.93992 0.842349 0.985258 0.770198 0.686107 0.542184 0.770819
threshold=44.45000000000001 2.2500000000000004 25.950000000000003 25.250000000000004 26.850000000000005 27.350000000000005 36.000000000000007 60.000000000000007 1.6999999999999977 28.850000000000005 0.2943920288775953 27.750000000000004 28.250000000000004 28.750000000000004
decision_type=2 2 2 2 2 2 2 2 2 2 2 2 2 2
left_child=1 2 3 -1 -4 6 -6 8 -8 -10 -5 -7 -9 -14
right_child=-2 -3 4 10 5 11 7 12 9 -11 -12 -13 13 -15
leaf_value=-0.0021306334019020067 0.0044941133560402495 0.00023306027699668231 -0.0038135832602095507 -0.0012092434075277518 0.0049984449860998072 -0.0049373715892075919 0.0010205194922164082 0.0060157317654299207 -0.0097243087280852111 0.0020900142192840578 0.00705525231059944 -0.00071445689560732716 -0.0033680741374458503 0.0077350427269596948
leaf_weight=198 62 5935 416 34 143 104 75 67 60 25 165 1280 54 22
leaf_count=198 62 5935 416 34 143 104 75 67 60 25 165 1280 54 22
internal_value=-2.84217e-13 -3.24825e-05 -0.000628773 0.00176609 -0.00105209 -0.000424336 0.00146067 -0.000208978 -0.00284168 -0.00624951 0.00564323 -0.00103179 0.00273671 -0.000154014
internal_weight=8640 8578 2643 397 2246 1830 446 303 160 85 199 1384 143 76
internal_count=8640 8578 2643 397 2246 1830 446 303 160 85 199 1384 143 76
is_linear=0
shrinkage=0.05


Tree=48
num_leaves=15
num_cat=0
split_feature=4 7 5 3 4 3 0 3 5 5 7 6 3 0
split_gain=0.484196 0.704833 0.486985 0.919519 0.561785 0.667019 0.557713 0.780376 0.519566 0.482706 0.759041 0.480175 1.08375 0.684551
threshold=13.550000000000002 2.4257873432439401 37.95000000000001 35.95000000000001 41.550000000000004 32.850000000000001 60.000000000000007 38.050000000000004 32.150000000000013 33.250000000000007 2.5952948879762316 1.4000000000000006 25.250000000000004 36.000000000000007
decision_type=2 2 2 2 2 2 2 2 2 2 2 2 2 2
left_child=1 -1 3 4 11 -6 -4 -8 -5 -10 -11 12 -2 -14
right_child=2 -3 6 8 5 -7 7 -9 9 10 -12 -13 13 -15
leaf_value=0.0061167066930519313 0.0049534037027140739 -0.0045611730171367529 0.00378109536300591 0.0024055963329208847 -0.0024864090366228937 0.0062858312824068388 0.008342532285023482 -0.0024858303308120059 -0.010208630906417967 -0.0056419364636700643 0.0020830605744065352 8.7265217768160261e-05 0.00043584525254394591 -0.0022967357513731818
leaf_weight=68 71 20 173 33 31 72 20 99 30 103 46 6817 336 721
leaf_count=68 71 20 173 33 31 72 20 99 30 103 46 6817 336 721
internal_value=-3.38838e-12 0.00368992 -3.79692e-05 -0.00010891 -2.32881e-05 0.00364564 0.00196878 -0.000665937 -0.00335931 -0.00442211 -0.00325704 -7.08526e-05 -0.00102643 -0.0014281
internal_weight=8640 88 8552 8260 8048 103 292 119 212 179 149 7945 1128 1057
internal_count=8640 88 8552 8260 8048 103 292 119 212 179 149 7945 1128 1057
is_linear=0
shrinkage=0.05


Tree=49
num_leaves=15
num_cat=0
split_feature=8 7 7 6 7 0 5 5 5 6 1 3 5 3
split_gain=0.449817 0.720031 0.749625 0.953559 1.14523 0.84698 1.44842 0.856364 0.742741 0.690561 0.606252 0.97517 1.85569 0.814672
threshold=17.150000000000006 1.1145502331533661 2.5121918679151691 5.6999999999999993 2.3463919218695426 60.000000000000007 9.2500000000000018 9.2500000000000018 16.350000000000005 4.4000000000000048 22.610250000000004 26.050000000000004 27.850000000000005 31.650000000000002
decision_type=2 2 2 2 2 2 2 2 2 2 2 2 2 2
left_child=1 -1 3 4 8 7 -7 -4 9 -3 11 12 -2 -13
right_child=10 2 5 -5 -6 6 -8 -9 -10 -11 -12 13 -14 -15
leaf_value=-0.0063172182562993839 0.0009965633746259004 -0.0006092765082883621 0.0045633182461772654 0.0081763855517521262 -0.00655909662367776 -0.0093429726292379202 0.0057592954607559492 -0.0051179250552048604 0.0092537965359432359 0.0032162359667596212 -0.00052225711833875474 0.00097045515984315342 -0.0071647787020386504 -0.0012163062775347412
leaf_weight=32 166 194 28 61 40 20 77 124 35 301 4272 2663 120 507
leaf_count=32 166 194 28 61 40 20 77 124 35 301 4272 2663 120 507
internal_value=-1.06544e-11 0.00105019 0.00131809 0.00223481 0.00159896 -0.00100499 0.00264543 -0.00333454 0.00221466 0.00171694 -0.000123935 0.000368435 -0.00242778 0.000620711
internal_weight=8640 912 880 631 570 249 97 152 530 495 7728 3456 286 3170
internal_count=8640 912 880 631 570 249 97 152 530 495 7728 3456 286 3170
is_linear=0
shrinkage=0.05


Tree=50
num_leaves=15
num_cat=0
split_feature=5 6 7 8 3 3 4 0 1 5 5 6 5 8
split_gain=0.448799 0.458183 1.18681 0.706475 0.677231 0.613837 1.21691 1.3823 1.28901 1.20972 0.998642 1.56506 0.961966 1.42086
threshold=44.95000000000001 3.5999999999999992 1.5456030825826186 29.483333333333338 25.650000000000002 26.650000000000002 25.750000000000004 36.000000000000007 16.079350000000005 27.550000000000004 26.450000000000003 2.0999999999999992 27.250000000000004 27.683333333333341
decision_type=2 2 2 2 2 2 2 2 2 2 2 2 2 2
left_child=1 5 3 4 -3 6 -1 8 -8 10 11 -7 -9 -14
right_child=-2 2 -4 -5 -6 9 7 12 -10 -11 -12 -13 13 -15
leaf_value=-0.0010734278913821624 0.0054218434374840732 0.0007515251636505127 0.00022354765041400246 -0.00024259758647531273 0.0098195006690499648 -0.0056873032064349571 -0.0037954216344091535 0.0029813925061902393 0.0053726136935609179 -0.00034456243293381247 -0.004040516694516284 0.010905890353024007 -0.0038304155870185542 0.0024028279576692492
leaf_weight=718 38 29 3359 47 71 27 44 201 298 3010 389 30 225 154
leaf_count=718 38 29 3359 47 71 27 44 201 298 3010 389 30 225 154
internal_value=-1.14966e-11 -2.39514e-05 0.000415994 0.00481345 0.00718979 -0.000326629 0.000469982 0.0016719 0.0041931 -0.000704651 -0.00313485 0.00304596 0.000185262 -0.00129765
internal_weight=8640 8602 3506 147 100 5096 1640 922 342 3456 446 57 580 379
internal_count=8640 8602 3506 147 100 5096 1640 922 342 3456 446 57 580 379
is_linear=0
shrinkage=0.05


Tree=51
num_leaves=15
num_cat=0
split_feature=7 5 3 5 6 8 5 4 4 3 5 3 0 4
split_gain=0.423148 0.599261 0.724242 0.792158 0.774543 0.733572 0.614322 0.641944 0.582046 0.483443 0.504806 0.422563 0.420198 0.389447
threshold=0.35590260840104415 42.050000000000004 39.750000000000007 39.250000000000007 13.65 36.383333333333347 36.45000000000001 40.750000000000007 43.750000000000007 37.750000000000007 38.150000000000013 34.550000000000004 36.000000000000007 13.15
decision_type=2 2 2 2 2 2 2 2 2 2 2 2 2 2
left_child=-1 2 3 4 5 13 7 -7 -9 12 -11 -6 -8 -2
right_child=1 -3 -4 -5 11 6 9 8 -10 10 -12 -13 -14 -15
leaf_value=-0.0015270934907409953 0.0039088627972611876 0.0035018141735770137 -0.0052709614274135674 0.0080463883406933275 0.0019973921920022658 -0.008337787971557941 -0.0023792676106095317 0.0014640880591468887 -0.0080086164511158128 -0.0086619491204619412 0.0018535945697554521 0.01073431906104088 0.0057724104544451078 5.1439348363396954e-05
leaf_weight=431 66 126 64 31 31 68 25 50 24 25 21 25 43 7610
leaf_count=431 66 126 64 31 31 68 25 50 24 25 21 25 43 7610
internal_value=7.1765e-12 8.01775e-05 2.68401e-05 6.91221e-05 3.81638e-05 -3.20535e-06 -0.00263618 -0.00483079 -0.00160814 9.74449e-05 -0.00386137 0.00589781 0.00277547 8.46064e-05
internal_weight=8640 8209 8083 8019 7988 7932 256 142 74 114 46 56 68 7676
internal_count=8640 8209 8083 8019 7988 7932 256 142 74 114 46 56 68 7676
is_linear=0
shrinkage=0.05


Tree=52
num_leaves=15
num_cat=0
split_feature=5 3 6 1 0 8 7 4 7 4 0 5 4 4
split_gain=0.401554 0.793772 0.783954 0.629898 1.79893 0.802254 0.760311 1.36792 0.751752 0.796701 0.779277 0.751848 0.613513 0.569335
threshold=16.650000000000002 15.850000000000003 4.9000000000000048 31.383250000000004 36.000000000000007 21.783333333333335 1.8006171781426021 20.550000000000004 2.8268546564676953 23.750000000000004 60.000000000000007 18.450000000000003 24.250000000000004 19.450000000000003
decision_type=2 2 2 2 2 2 2 2 2 2 2 2 2 2
left_child=1 13 -3 12 5 -5 -6 -8 9 11 -11 -9 -2 -1
right_child=3 2 -4 4 6 -7 7 8 -10 10 -12 -13 -14 -15
leaf_value=0.00084074429682792762 0.0075519219050302474 -0.00047928115479104849 0.0075663371998305647 -0.0031918119511868967 -0.0018287259704084136 -0.009490373618900776 0.014292497762168448 0.00081449864940209827 -0.0074075391729517539 -0.0048158771414760389 0.0033999682373919145 0.009081892823292451 1.296785711194135e-07 -0.0034327853631613589
leaf_weight=748 27 48 82 182 240 70 21 55 24 62 54 55 6885 87
leaf_count=748 27 48 82 182 240 70 21 55 24 62 54 55 6885 87
internal_value=8.72104e-12 0.000961304 0.00459565 -0.000120868 -0.00148421 -0.00494141 0.00022071 0.00203571 0.00100614 0.00189963 -0.000991259 0.0049482 2.96289e-05 0.000395478
internal_weight=8640 965 130 7675 763 252 511 271 250 226 116 110 6912 835
internal_count=8640 965 130 7675 763 252 511 271 250 226 116 110 6912 835
is_linear=0
shrinkage=0.05


Tree=53
num_leaves=15
num_cat=0
split_feature=6 0 8 4 3 3 5 8 6 8 5 4 4 3
split_gain=0.388946 0.6947 0.483738 0.382515 0.430065 0.358206 0.757785 0.731288 0.689416 0.719335 0.518682 0.579364 0.559746 0.502815
threshold=1.1499999999999988 36.000000000000007 43.716666666666669 25.150000000000002 25.750000000000004 39.750000000000007 39.250000000000007 40.45000000000001 13.65 36.383333333333347 36.45000000000001 40.850000000000001 43.750000000000007 37.750000000000007
decision_type=2 2 2 2 2 2 2 2 2 2 2 2 2 2
left_child=1 -1 5 -3 -5 6 8 -7 9 -2 11 -11 -13 -12
right_child=2 3 -4 4 -6 7 -8 -9 -10 10 13 12 -14 -15
leaf_value=0.0011456268834516262 0.00012451090148855477 -0.0055103543033029013 0.0044386114062945131 0.0032071072518275209 -0.0019647078206640623 -0.010975760407745838 0.0070630819865096454 -0.0005426192839800472 0.0056029091988291056 -0.0077830104422952299 0.0027679439863333337 0.0017769375771402994 -0.0076081919886443463 -0.0043030144768857921
leaf_weight=255 7308 68 64 44 465 22 39 71 56 71 65 47 24 41
leaf_count=255 7308 68 64 44 465 22 39 71 56 71 65 47 24 41
internal_value=4.6572e-12 -0.0010277 0.000109509 -0.00198818 -0.00151764 7.37312e-05 0.000111223 -0.00301067 7.56052e-05 3.46406e-05 -0.00261364 -0.00458926 -0.0013955 3.29506e-05
internal_weight=8640 832 7808 577 509 7744 7651 93 7612 7556 248 142 71 106
internal_count=8640 832 7808 577 509 7744 7651 93 7612 7556 248 142 71 106
is_linear=0
shrinkage=0.05


Tree=54
num_leaves=15
num_cat=0
split_feature=4 0 6 5 8 3 5 3 5 6 0 3 3 4
split_gain=0.368539 0.871018 0.629015 0.703488 0.426158 0.798169 0.756496 0.601711 0.796885 0.711409 1.24732 0.660126 0.622276 0.895422
threshold=43.45000000000001 60.000000000000007 15.600000000000001 41.850000000000001 34.616666666666674 34.550000000000004 35.350000000000001 32.95000000000001 36.45000000000001 6.9000000000000021 36.000000000000007 32.45000000000001 38.050000000000004 36.350000000000001
decision_type=2 2 2 2 2 2 2 2 2 2 2 2 2 2
left_child=4 -2 3 -3 5 6 -1 11 9 -9 -11 -6 13 -10
right_child=1 2 -4 -5 7 -7 -8 8 12 10 -12 -13 -14 -15
leaf_value=-2.0570558012722392e-05 0.0044356690557719163 -0.0078382809913653713 0.0063909792155027387 0.0013235394551884385 -0.00067793987691402437 0.010027253120206296 0.0053556599682479198 -0.0043203125658531584 -0.0063176085579801687 0.0074980879912917055 -0.0043308445637544185 0.0099694165090719877 -0.0020378989689994512 0.0047408556806616741
leaf_weight=7604 143 44 20 40 37 20 66 294 22 39 52 24 126 109
leaf_count=7604 143 44 20 40 37 20 66 294 22 39 52 24 126 109
internal_value=2.61939e-12 0.00190355 -0.00157811 -0.00347551 -5.60202e-05 5.17035e-05 2.56917e-05 -0.00123439 -0.0016853 -0.00312455 0.000738698 0.00351118 0.000470781 0.00288371
internal_weight=8640 247 104 84 8393 7690 7670 703 642 385 91 61 257 131
internal_count=8640 247 104 84 8393 7690 7670 703 642 385 91 61 257 131
is_linear=0
shrinkage=0.05


Tree=55
num_leaves=15
num_cat=0
split_feature=4 5 6 6 7 6 7 4 1 3 7 1 6 3
split_gain=0.368593 0.694224 0.593008 0.5018 0.972723 0.668906 0.702614 0.585227 0.444236 1.01434 2.78597 1.66348 1.62646 1.77254
threshold=17.450000000000003 14.850000000000003 8.1500000000000004 6.7500000000000009 2.6233989826601336 5.6999999999999993 2.3328570942563602 13.550000000000002 22.610250000000004 27.950000000000003 1.8917949446840809 16.079350000000005 4.2999999999999989 30.950000000000003
decision_type=2 2 2 2 2 2 2 2 2 2 2 2 2 2
left_child=1 2 3 4 5 6 7 -1 9 10 11 -2 13 -11
right_child=8 -3 -4 -5 -6 -7 -8 -9 -10 12 -12 -13 -14 -15
leaf_value=0.0055296654587671645 -0.0026166111780267327 0.0081752001307904727 -0.0076425539888441557 0.0058361026682142245 -0.0058255447397151825 0.0063108868520551677 -0.0080608034083111731 9.4108996918515825e-05 -0.00040471231791617212 0.0017679404342499675 -0.0084107937371092189 0.0009855365884532943 0.0050435642568386688 -0.0019051514174846917
leaf_weight=62 442 34 20 51 52 60 22 246 4637 1022 105 1166 237 484
leaf_count=62 442 34 20 51 52 60 22 246 4637 1022 105 1166 237 484
internal_value=-3.51894e-12 0.00125617 0.000797597 0.00114 0.000598139 0.00145463 0.000571674 0.00118828 -8.49035e-05 0.000344192 -0.000519871 -4.60602e-06 0.00119338 0.000587478
internal_weight=8640 547 513 493 442 390 330 308 8093 3456 1713 1608 1743 1506
internal_count=8640 547 513 493 442 390 330 308 8093 3456 1713 1608 1743 1506
is_linear=0
shrinkage=0.05


Tree=56
num_leaves=15
num_cat=0
split_feature=6 3 4 4 7 3 4 0 0 6 4 5 3 5
split_gain=0.352599 0.907297 2.03329 1.41644 0.765911 0.727021 1.09741 0.888463 0.695662 0.75718 0.828639 0.454566 0.444918 0.443761
threshold=2.2500000000000004 25.950000000000003 25.450000000000003 26.250000000000004 0.2943920288775953 27.350000000000005 27.750000000000004 36.000000000000007 60.000000000000007 1.6999999999999977 28.850000000000005 27.750000000000004 27.650000000000002 28.250000000000004
decision_type=2 2 2 2 2 2 2 2 2 2 2 2 2 2
left_child=1 2 -1 -3 -4 7 -7 -5 9 -9 -11 -8 -13 -10
right_child=-2 3 4 5 -6 6 11 8 13 10 -12 12 -14 -15
leaf_value=-0.0013176588300342228 0.00021465289066247321 -0.0041693570321448834 -0.0014557999722330413 0.0040943592381319669 0.0074829908244968121 -0.00512932205525507 -0.0047345771944745764 0.0005116636427754367 0.00093539269963095826 -0.0088292800656129284 0.0019538896530866623 0.0037803566881588532 -0.00053028493785131864 0.0076494028760741156
leaf_weight=230 5952 283 29 176 138 143 61 110 137 62 25 63 1201 30
leaf_count=230 5952 283 29 176 138 143 61 110 137 62 25 63 1201 30
internal_value=-4.97205e-12 -0.000475303 0.00173142 -0.000857698 0.00593075 -0.000390966 -0.000967992 0.00117769 -0.000232567 -0.0022451 -0.00573067 -0.000518882 -0.000315435 0.0021415
internal_weight=8640 2688 397 2291 167 2008 1468 540 364 197 87 1325 1264 167
internal_count=8640 2688 397 2291 167 2008 1468 540 364 197 87 1325 1264 167
is_linear=0
shrinkage=0.05


Tree=57
num_leaves=15
num_cat=0
split_feature=5 3 0 3 7 6 4 5 0 1 3 5 4 5
split_gain=0.352062 0.68089 0.446286 0.629432 0.425449 0.689844 0.535803 0.566056 0.465761 0.448881 1.09283 1.10385 1.54125 1.18762
threshold=37.95000000000001 35.95000000000001 60.000000000000007 38.550000000000004 3.8701116066158363 8.4000000000000057 17.450000000000003 14.850000000000003 36.000000000000007 22.610250000000004 27.550000000000004 27.150000000000002 25.050000000000004 28.650000000000002
decision_type=2 2 2 2 2 2 2 2 2 2 2 2 2 2
left_child=1 4 -2 -4 5 6 7 -1 -6 -8 11 -11 -13 -14
right_child=2 -3 3 -5 8 -7 9 -9 -10 10 -12 12 13 -15
leaf_value=0.001092980162682943 0.0033277611296981939 -0.0028570942205507618 0.0065845086995977914 -0.0024780437536537649 0.0056137900841213874 -0.0055806469030877841 0.00029214816433684935 0.0077602143289850047 0.00073400542234232683 -0.0004307118917994924 -0.0016192535196916846 0.012107309318768482 0.0021108859401962237 -0.0067577704764539143
leaf_weight=500 173 212 24 95 67 56 3439 34 181 1923 1383 36 476 41
leaf_count=500 173 212 24 95 67 56 3439 34 181 1923 1383 36 476 41
internal_value=1.95292e-12 -5.96929e-05 0.00170656 -0.000650302 1.3199e-05 -5.09117e-05 -1.13733e-05 0.00151749 0.00205233 -0.000123241 -0.000493421 0.000135427 0.00210412 0.00140757
internal_weight=8640 8348 292 119 8136 7888 7832 534 248 7298 3859 2476 553 517
internal_count=8640 8348 292 119 8136 7888 7832 534 248 7298 3859 2476 553 517
is_linear=0
shrinkage=0.05


Tree=58
num_leaves=15
num_cat=0
split_feature=4 0 6 5 8 3 5 6 3 4 4 3 0 8
split_gain=0.337801 0.741737 0.551457 0.642603 0.376021 0.681658 0.54467 0.400846 0.880525 1.79147 1.31656 0.734952 0.972633 0.957539
threshold=43.45000000000001 60.000000000000007 15.600000000000001 41.850000000000001 34.38333333333334 34.350000000000001 35.350000000000001 2.2000000000000015 26.050000000000004 25.550000000000004 26.850000000000005 27.650000000000002 36.000000000000007 28.350000000000001
decision_type=2 2 2 2 2 2 2 2 2 2 2 2 2 2
left_child=4 -2 3 -3 5 6 7 8 9 -1 -10 12 -12 -14
right_child=1 2 -4 -5 -6 -7 -8 -9 10 -11 11 -13 13 -15
leaf_value=-0.0010755376040616951 0.0041590992670789747 -0.007336749792871574 0.0060711662843823434 0.0014196339977206663 -0.001118104046408013 0.0078387033393872638 0.0050266634258959025 0.00023533567496616701 -0.0037121953504399238 0.0053643190441883329 0.0043277238061929851 -0.0011595779131623784 -0.00092665585447958493 0.0098265424063852577
leaf_weight=277 143 44 20 40 755 28 54 5160 366 177 164 1039 351 22
leaf_count=277 143 44 20 40 755 28 54 5160 366 177 164 1039 351 22
internal_value=-3.13839e-12 0.00182244 -0.00139046 -0.00316704 -5.36331e-05 5.15875e-05 2.29359e-05 -1.2824e-05 -0.000547258 0.00143516 -0.00101071 -0.000383329 0.00111857 -0.000292419
internal_weight=8640 247 104 84 8393 7638 7610 7556 2396 454 1942 1576 537 373
internal_count=8640 247 104 84 8393 7638 7610 7556 2396 454 1942 1576 537 373
is_linear=0
shrinkage=0.05


Tree=59
num_leaves=15
num_cat=0
split_feature=4 5 3 6 3 8 5 3 6 3 1 3 6 6
split_gain=0.317151 0.315338 0.58795 0.54714 0.973192 0.469662 0.646119 1.19473 1.35677 1.43365 1.08075 0.753402 1.85512 1.08974
threshold=12.750000000000002 37.95000000000001 37.050000000000004 11.500000000000004 31.850000000000005 34.38333333333334 30.850000000000005 28.450000000000003 3.9000000000000017 30.650000000000002 27.379200000000004 29.750000000000004 6.6499999999999995 5.6499999999999995
decision_type=2 2 2 2 2 2 2 2 2 2 2 2 2 2
left_child=-1 2 3 5 -5 6 11 -8 9 -9 -10 -2 13 -13
right_child=1 -3 -4 4 -6 -7 7 8 10 -11 -12 12 -14 -15
leaf_value=0.0042341697331390931 2.0492933721101491e-05 0.0015932893097258738 -0.0034955966675267389 -0.0047099338312234194 0.0060072242539247565 -0.0015549233287876513 -0.0061159535669539052 0.0040501597133397902 0.0072785324984579354 -0.0011898530333508319 -0.00049741258994946561 -0.0027542802571392088 0.0031097793051666372 -0.012200642597268928
leaf_weight=44 6113 292 124 28 87 503 51 194 160 399 62 408 142 33
leaf_count=44 6113 292 124 28 87 503 51 194 160 399 62 408 142 33
internal_value=-9.92447e-12 -2.16733e-05 -7.84615e-05 -2.66614e-05 0.00339783 -7.54917e-05 2.29154e-05 0.00130807 0.00177264 0.000524418 0.00510687 -0.000143295 -0.00186068 -0.00346115
internal_weight=8640 8596 8304 8180 115 8065 7562 866 815 593 222 6696 583 441
internal_count=8640 8596 8304 8180 115 8065 7562 866 815 593 222 6696 583 441
is_linear=0
shrinkage=0.05


Tree=60
num_leaves=15
num_cat=0
split_feature=7 8 4 6 6 4 2 5 6 3 4 4 5 7
split_gain=0.31042 0.423037 0.280321 0.265246 0.424812 0.332186 0.260589 0.859537 0.703903 0.651447 1.37979 1.00059 1.2964 0.995099
threshold=0.35590260840104415 44.483333333333341 12.750000000000002 13.65 12.949999999999999 45.95000000000001 75.043350000000018 30.050000000000004 3.4999999999999996 27.150000000000002 30.850000000000005 29.450000000000003 27.650000000000002 1.3140268896284688
decision_type=2 2 2 2 2 2 2 2 2 2 2 2 2 2
left_child=-1 2 -2 4 6 -5 7 9 -9 10 11 13 -13 -4
right_child=1 -3 3 5 -6 -7 -8 8 -10 -11 -12 12 -14 -15
leaf_value=-0.0013079598636445838 0.0040224613008004702 0.0049581872659142726 0.0010618315643697339 0.0065112295853240153 -0.0066471533747971996 -0.00065882684662938124 -0.00013202301243441959 0.0021888132174058841 0.0097394561430869196 -0.0010612549791879362 -0.0089790031934777904 -0.0030482013718158541 0.0054071279206438418 -0.004972447993350216
leaf_weight=431 44 44 468 35 24 30 6343 148 39 627 33 56 238 80
leaf_count=431 44 44 468 35 24 30 6343 148 39 627 33 56 238 80
internal_value=9.98783e-12 6.86723e-05 4.23234e-05 2.07588e-05 -4.90889e-06 0.00320197 1.49385e-05 0.000566849 0.00376355 0.000168858 0.00105032 0.00144339 0.00379659 0.000180915
internal_weight=8640 8209 8165 8121 8056 65 8032 1689 187 1502 875 842 294 548
internal_count=8640 8209 8165 8121 8056 65 8032 1689 187 1502 875 842 294 548
is_linear=0
shrinkage=0.05


Tree=61
num_leaves=15
num_cat=0
split_feature=5 3 0 3 3 4 7 4 5 4 3 3 5 4
split_gain=0.300413 0.893002 0.911483 0.874727 0.66033 0.667666 0.723251 0.589638 1.51419 0.671885 1.44753 0.705334 1.0352 0.621728
threshold=18.150000000000002 22.450000000000003 60.000000000000007 16.850000000000005 16.850000000000005 20.550000000000004 1.4055445761538674 24.750000000000004 27.050000000000004 25.850000000000005 25.250000000000004 29.750000000000004 28.150000000000002 24.250000000000004
decision_type=2 2 2 2 2 2 2 2 2 2 2 2 2 2
left_child=4 2 3 -2 5 6 -1 8 13 10 -9 12 -12 -3
right_child=1 7 -4 -5 -6 -7 -8 9 -10 -11 11 -13 -14 -15
leaf_value=-0.0034563220685554876 0.0024863740876317026 0.0072778843548062635 0.00087666030206795173 -0.0046726203024210541 0.0049128093592695557 -0.0034406335898857637 0.0012500206909227766 0.0055036107583873676 0.013405662502065816 0.00012049970014701625 -0.0028139638085811951 -0.010172547113948636 0.0042711080252674635 -0.0013842011786529042
leaf_weight=90 50 27 168 291 88 102 878 64 29 6214 464 28 58 89
leaf_count=90 50 27 168 291 88 102 878 64 29 6214 464 28 58 89
internal_value=6.32121e-12 -0.000115989 -0.00213779 -0.00362291 0.000749423 0.000407014 0.000812448 3.15937e-05 0.00318671 -3.54086e-05 -0.00161328 -0.00244143 -0.00202673 0.000631974
internal_weight=8640 7482 509 341 1158 1070 968 6973 145 6828 614 550 522 116
internal_count=8640 7482 509 341 1158 1070 968 6973 145 6828 614 550 522 116
is_linear=0
shrinkage=0.05


Tree=62
num_leaves=15
num_cat=0
split_feature=6 7 8 2 3 5 1 3 6 2 0 4 5 4
split_gain=0.286889 1.07059 0.633308 0.561721 0.470996 1.70584 1.14114 1.74729 0.995617 0.93867 1.39977 1.04523 1.14502 0.849668
threshold=3.5999999999999992 1.5456030825826186 29.483333333333338 75.043350000000018 28.250000000000004 20.150000000000002 22.610250000000004 31.850000000000005 4.2999999999999989 77.393050000000017 60.000000000000007 29.450000000000003 27.850000000000005 30.150000000000002
decision_type=2 2 2 2 2 2 2 2 2 2 2 2 2 2
left_child=-1 2 3 -2 5 -3 7 -6 -9 11 -11 12 -7 -13
right_child=1 4 -4 -5 6 9 -8 8 -10 10 -12 13 -14 -15
leaf_value=-0.00023820826524686549 0.011002684812146155 0.00095751413554995583 -0.00026194674725782998 0.0034533305891922546 0.0060030719505416025 0.00076154224574565888 -2.3032700694737817e-06 -0.0070626019549734414 0.0019332356520750549 -0.0055634521339760611 6.0251138711464593e-05 0.0074008759801139738 -0.015954865976458506 -0.00022597029396684141
leaf_weight=5132 44 1157 47 56 225 20 953 47 89 298 176 41 21 334
leaf_count=5132 44 1157 47 56 225 20 953 47 89 298 176 41 21 334
internal_value=-3.0506e-14 0.000348485 0.00452512 0.00677505 0.000165811 -0.000308412 0.000904575 0.00329863 -0.00117562 -0.00195412 -0.00347533 -0.000220816 -0.00780052 0.000607898
internal_weight=8640 3508 147 100 3361 2047 1314 361 136 890 474 416 41 375
internal_count=8640 3508 147 100 3361 2047 1314 361 136 890 474 416 41 375
is_linear=0
shrinkage=0.05


Tree=63
num_leaves=15
num_cat=0
split_feature=7 5 3 6 5 8 3 3 6 6 5 3 4 6
split_gain=0.273365 0.391038 0.50904 0.446405 0.441041 0.676416 0.405844 0.384625 0.348048 0.719524 0.347842 0.610647 0.392292 0.271502
threshold=0.35590260840104415 40.350000000000001 38.550000000000004 13.65 37.750000000000007 36.383333333333347 35.250000000000007 34.550000000000004 11.750000000000002 9.2500000000000018 36.45000000000001 37.050000000000004 40.750000000000007 3.7500000000000004
decision_type=2 2 2 2 2 2 2 2 2 2 2 2 2 2
left_child=-1 2 3 4 5 -2 -6 -5 9 -4 12 -12 13 -7
right_child=1 -3 8 7 6 10 -8 -9 -10 -11 11 -13 -14 -15
leaf_value=-0.0012274140471958809 6.6018700430078497e-05 0.0024966119256813403 -0.005323771181050688 0.00095388587684400628 -0.00085426648349865627 -0.0042575162179817111 0.0076485028218788408 0.0094876601806153441 -0.0095290826912969358 0.0057049981141019434 0.0046198860036604332 -0.0058620170302068203 -0.0014135465745182176 -0.010620467263118674
leaf_weight=431 7662 162 50 31 23 38 36 23 20 21 33 24 56 30
leaf_count=431 7662 162 50 31 23 38 36 23 20 21 33 24 56 30
internal_value=-9.99059e-12 6.44433e-05 1.54796e-05 5.80102e-05 2.70492e-05 -5.34937e-06 0.00433386 0.00458864 -0.00370291 -0.00206174 -0.00302647 0.000206453 -0.00451257 -0.0070647
internal_weight=8640 8209 8047 7956 7902 7843 59 54 91 71 181 57 124 68
internal_count=8640 8209 8047 7956 7902 7843 59 54 91 71 181 57 124 68
is_linear=0
shrinkage=0.05


Tree=64
num_leaves=15
num_cat=0
split_feature=6 7 8 3 3 5 5 6 5 5 8 3 7 3
split_gain=0.256969 0.964854 0.571947 0.54171 0.456527 1.02473 0.942321 1.36421 0.90462 0.944173 1.09547 0.822998 0.816803 0.803853
threshold=3.5999999999999992 1.5456030825826186 29.483333333333338 25.650000000000002 26.650000000000002 27.550000000000004 26.450000000000003 2.0999999999999992 25.950000000000003 28.650000000000002 27.950000000000006 27.150000000000002 1.3140268896284688 29.150000000000002
decision_type=2 2 2 2 2 2 2 2 2 2 2 2 2 2
left_child=4 2 3 -2 8 6 7 -6 -1 10 12 -8 -10 -13
right_child=1 -3 -4 -5 5 -7 11 -9 9 -11 -12 13 -14 -15
leaf_value=-0.0015879359248634657 0.00067483576592700231 0.00015639364766865358 -0.00025441068264239644 0.0087849165552335105 -0.004936675989517459 -0.00022087716887602142 -0.00085609546356583727 0.010555260777473451 0.0013685514721819888 -0.0058154214133924629 0.0066506611365500998 -0.0064969026227816159 -0.0037074754805152504 0.0035465676125816326
leaf_weight=405 29 3361 47 71 27 3046 156 30 1010 47 92 211 86 22
leaf_count=405 29 3361 47 71 27 3046 156 30 1010 47 92 211 86 22
internal_value=-2.14455e-12 0.000329812 0.00429484 0.00643299 -0.000225444 -0.000548625 -0.00278701 0.00321697 0.000462693 0.00113517 0.00141015 -0.00366677 0.00097025 -0.00554859
internal_weight=8640 3508 147 100 5132 3492 446 57 1640 1235 1188 389 1096 233
internal_count=8640 3508 147 100 5132 3492 446 57 1640 1235 1188 389 1096 233
is_linear=0
shrinkage=0.05


Tree=65
num_leaves=15
num_cat=0
split_feature=5 3 5 5 7 3 0 3 4 3 8 3 5 3
split_gain=0.24746 0.496573 0.378517 0.411725 0.597409 0.375706 0.539773 0.505765 0.325407 0.51611 0.318242 0.618613 0.450928 0.663711
threshold=37.95000000000001 35.95000000000001 32.150000000000013 33.250000000000007 2.5952948879762316 38.550000000000004 60.000000000000007 35.350000000000001 41.550000000000004 32.850000000000001 34.38333333333334 34.350000000000001 34.95000000000001 32.95000000000001
decision_type=2 2 2 2 2 2 2 2 2 2 2 2 2 2
left_child=1 8 -3 -4 -5 7 -7 -2 10 -10 11 -1 -12 -14
right_child=5 2 3 4 -6 6 -8 -9 9 -11 12 -13 13 -15
leaf_value=2.1673178319980022e-05 -0.0018333407305181027 0.0024815569871641471 -0.0086903013801202175 -0.0043859282422311231 0.002467399758398128 0.0025394467127184865 -0.002402974098038517 0.0077227414192424879 -0.0025892273372700139 0.0051271362108915733 -0.0032270804134736986 0.007467266438262803 0.0053302818715261916 -0.0013067238547040949
leaf_weight=7599 20 33 30 103 46 132 95 45 31 72 183 28 48 175
leaf_count=7599 20 33 30 103 46 132 95 45 31 72 183 28 48 175
internal_value=-7.31735e-12 -5.00456e-05 -0.002439 -0.00334614 -0.00227014 0.00143076 0.000471033 0.00478241 1.22034e-05 0.00280474 -2.36028e-05 4.90072e-05 -0.00138763 0.000121869
internal_weight=8640 8348 212 179 149 292 227 65 8136 103 8033 7627 406 223
internal_count=8640 8348 212 179 149 292 227 65 8136 103 8033 7627 406 223
is_linear=0
shrinkage=0.05


Tree=66
num_leaves=15
num_cat=0
split_feature=4 8 3 7 4 3 3 1 4 5 5 5 7 4
split_gain=0.245266 0.573213 0.477978 0.424353 0.24415 0.689316 0.758306 1.5506 1.21593 1.69679 1.18518 1.27308 0.786741 0.755883
threshold=14.15 10.950000000000001 8.8500000000000032 2.1483844059096038 31.050000000000004 32.250000000000007 27.250000000000004 16.079350000000005 29.350000000000005 28.650000000000002 26.450000000000003 27.750000000000004 1.0033277962194955 25.050000000000004
decision_type=2 2 2 2 2 2 2 2 2 2 2 2 2 2
left_child=3 -2 -3 -1 5 6 7 -4 9 -9 12 -12 -8 -13
right_child=1 2 4 -5 -6 -7 10 8 -10 -11 11 13 -14 -15
leaf_value=0.0050357867376162463 -0.0070520069450140006 0.0063977091348376772 -0.0033318019483000944 -0.00045046475383320032 0.00033965805568995623 0.0086061367045410665 -0.00019229989498853684 0.00018665474835894444 0.0028927137838272716 -0.012178273424173573 -0.0041285970234171011 0.0089858971908688551 0.013367119561070982 -0.00080782335999670491
leaf_weight=65 29 29 298 77 2896 22 20 3046 437 28 330 20 23 1320
leaf_count=65 29 29 298 77 2896 22 20 3046 437 28 330 20 23 1320
internal_value=-6.29105e-12 -3.44364e-05 -1.04064e-05 0.00206085 -3.24249e-05 -0.000226789 -0.000261979 0.000130952 0.000424857 7.40269e-05 -0.0011357 -0.00134673 0.00706041 -0.000661648
internal_weight=8640 8498 8469 142 8440 5544 5522 3809 3511 3074 1713 1670 43 1340
internal_count=8640 8498 8469 142 8440 5544 5522 3809 3511 3074 1713 1670 43 1340
is_linear=0
shrinkage=0.05


Tree=67
num_leaves=15
num_cat=0
split_feature=5 5 3 0 4 3 4 7 7 7 4 4 5 4
split_gain=0.237095 0.238261 0.739123 0.79676 0.642269 0.609133 0.869864 0.597472 0.571672 0.753718 1.32452 0.518583 1.3319 0.585933
threshold=44.95000000000001 18.150000000000002 22.450000000000003 36.000000000000007 20.750000000000004 16.550000000000004 20.550000000000004 1.4055445761538674 2.7028784903322469 2.0480334076496409 23.750000000000004 24.750000000000004 27.050000000000004 25.850000000000005
decision_type=2 2 2 2 2 2 2 2 2 2 2 2 2 2
left_child=1 5 3 4 -3 6 7 -1 9 -5 -11 12 -4 -13
right_child=-2 2 11 8 -6 -7 -8 -9 -10 10 -12 13 -14 -15
leaf_value=-0.0032758118151578796 0.0039407780105983354 0.0017205052363175538 0.00057649494783304522 -0.0017123856124709601 -0.0062491961724267606 0.004038263994421685 -0.004524032684409692 0.0010937613593110618 -0.0083673262479847348 0.01060123478760943 -0.0010324764545888655 -0.0015224907491972577 0.012556619305516884 9.7046871015222586e-05
leaf_weight=86 38 31 116 216 137 119 87 866 22 40 63 614 29 6176
leaf_count=86 38 31 116 216 137 119 87 866 22 40 63 614 29 6176
internal_value=-1.40896e-11 -1.74087e-05 -0.000121197 -0.00196023 -0.0047786 0.000649776 0.000261681 0.000699031 -0.00057171 -3.40812e-05 0.00348547 1.37805e-05 0.00297252 -4.94032e-05
internal_weight=8640 8602 7444 509 168 1158 1039 952 341 319 103 6935 145 6790
internal_count=8640 8602 7444 509 168 1158 1039 952 341 319 103 6935 145 6790
is_linear=0
shrinkage=0.05


Tree=68
num_leaves=15
num_cat=0
split_feature=6 0 4 3 3 4 8 3 5 6 8 3 8 5
split_gain=0.22469 0.5636 0.318705 0.336793 0.312602 0.286494 0.274372 0.581262 0.50107 0.406852 0.582956 0.348957 0.334357 0.290572
threshold=1.1499999999999988 36.000000000000007 25.150000000000002 25.750000000000004 25.250000000000004 25.650000000000002 42.283333333333339 39.750000000000007 38.850000000000001 13.65 36.383333333333347 34.550000000000004 40.45000000000001 30.850000000000005
decision_type=2 2 2 2 2 2 2 2 2 2 2 2 2 2
left_child=1 4 -3 -4 -1 -5 7 8 9 10 13 -11 -9 -2
right_child=6 2 3 5 -6 -7 -8 12 -10 11 -12 -13 -14 -15
leaf_value=0.0067364476459181831 -3.2418576388619762e-05 -0.0048612316830686352 0.0029644006658186717 -0.0068189973775297404 0.00062522307998733604 -0.0013165240954913315 0.0026594613089258143 -0.0097936831718966888 0.0052896664275423342 0.00075708301437477912 -0.0024112751634338798 0.008696691036224365 -0.0019697196898656936 0.00083586381642450954
leaf_weight=23 6166 68 44 25 232 440 102 22 46 31 238 25 36 1142
leaf_count=23 6166 68 44 25 232 440 102 22 46 31 238 25 36 1142
internal_value=6.50059e-12 -0.000781113 -0.00164623 -0.00121672 0.00117643 -0.00161236 8.32333e-05 4.91332e-05 8.69497e-05 5.54679e-05 2.39571e-05 0.00430155 -0.00493743 0.000103265
internal_weight=8640 832 577 509 255 465 7808 7706 7648 7602 7546 56 58 7308
internal_count=8640 832 577 509 255 465 7808 7706 7648 7602 7546 56 58 7308
is_linear=0
shrinkage=0.05


Tree=69
num_leaves=15
num_cat=0
split_feature=4 3 7 8 0 3 5 8 3 5 5 4 5 7
split_gain=0.221346 0.226906 0.204368 0.309666 0.244045 0.206769 1.10758 0.994481 1.39334 1.0036 0.76477 0.967248 0.768476 1.40105
threshold=12.750000000000002 6.7500000000000009 0.35590260840104415 44.483333333333341 60.000000000000007 26.650000000000002 28.750000000000004 27.866666666666671 26.050000000000004 28.050000000000004 27.850000000000005 25.050000000000004 26.450000000000003 0.9977753031397173
decision_type=2 2 2 2 2 2 2 2 2 2 2 2 2 2
left_child=-1 -2 4 5 -3 6 7 9 -9 -4 12 -12 13 -7
right_child=1 2 3 -5 -6 10 -8 8 -10 -11 11 -13 -14 -15
leaf_value=0.0035372913344128227 -0.0050894767850298778 -0.00022777424700153563 0.00040342258916570783 0.0042343151553888509 -0.002754623684348291 -0.0023916962507523989 -0.0049481597501653601 -0.0049022149336947641 0.0047583831989062514 -0.0045787821991723921 0.010317091605342601 3.4931436844127605e-05 -0.0021098629169672783 0.012849006824195387
leaf_weight=44 22 288 2706 44 143 38 96 44 246 105 23 4118 698 25
leaf_count=44 22 288 2706 44 143 38 96 44 246 105 23 4118 698 25
internal_value=6.52365e-12 -1.81062e-05 -5.09357e-06 5.10669e-05 -0.00106615 2.83403e-05 0.000341173 0.000504919 0.00329264 0.000217321 -0.000175684 9.20408e-05 -0.00163251 0.0036562
internal_weight=8640 8596 8574 8143 431 8099 3197 3101 290 2811 4902 4141 761 63
internal_count=8640 8596 8574 8143 431 8099 3197 3101 290 2811 4902 4141 761 63
is_linear=0
shrinkage=0.05


Tree=70
num_leaves=15
num_cat=0
split_feature=4 3 5 6 1 3 7 3 1 1 6 5 7 3
split_gain=0.199765 0.204783 0.197092 0.190848 0.193274 0.946339 2.30652 1.39166 1.37617 1.23866 1.12018 1.25394 0.992976 0.829256
threshold=12.750000000000002 6.7500000000000009 8.8500000000000032 14.850000000000001 22.610250000000004 27.950000000000003 1.8917949446840809 30.750000000000004 16.079350000000005 16.079350000000005 4.4999999999999991 30.050000000000004 2.4881933457557959 27.550000000000004
decision_type=2 2 2 2 2 2 2 2 2 2 2 2 2 2
left_child=2 -2 -1 4 5 6 9 8 -7 -3 11 -10 -9 -6
right_child=1 3 -4 -5 13 7 -8 12 10 -11 -12 -13 -14 -15
leaf_value=-0.00014170127965155104 -0.0048350031148980963 -0.0023499626224350641 0.0065580217648580994 0.0039761621380845708 0.00032032145882027446 0.003829732856040967 -0.0077447732059018953 -0.0010991894671121918 -0.0021079235602911787 0.00075837362982700328 0.0099927921879238314 0.0033160896212621085 0.0099533267496597216 -0.00097622434640912365
leaf_weight=21 22 442 23 30 2988 586 105 629 319 1166 28 160 21 2100
leaf_count=21 22 442 23 30 2988 586 105 629 319 1166 28 160 21 2100
internal_value=-8.13408e-13 -1.72009e-05 0.00336043 -4.8389e-06 -1.88171e-05 0.000269727 -0.000564869 0.00108996 0.00217948 -9.60322e-05 0.000272081 -0.000296145 -0.000742108 -0.000214809
internal_weight=8640 8596 44 8574 8544 3456 1713 1743 1093 1608 507 479 650 5088
internal_count=8640 8596 44 8574 8544 3456 1713 1743 1093 1608 507 479 650 5088
is_linear=0
shrinkage=0.05


Tree=71
num_leaves=15
num_cat=0
split_feature=5 3 6 3 4 6 3 4 3 0 0 6 8 3
split_gain=0.199301 0.410293 0.390629 0.783898 0.496871 0.410993 0.339299 0.488124 0.46416 0.376511 0.307935 0.339579 0.300251 0.551104
threshold=37.95000000000001 37.050000000000004 11.500000000000004 31.850000000000005 44.850000000000001 10.650000000000002 38.550000000000004 40.550000000000004 35.350000000000001 60.000000000000007 60.000000000000007 9.2500000000000018 34.38333333333334 34.350000000000001
decision_type=2 2 2 2 2 2 2 2 2 2 2 2 2 2
left_child=1 2 5 -4 -5 12 8 -8 -2 -9 11 -3 13 -1
right_child=6 10 3 4 -6 -7 7 9 -10 -11 -12 -13 -14 -15
leaf_value=2.876745989840475e-05 -0.0018686687992885709 -0.0033533491832055552 -0.0043848749516265731 0.0082601386869220802 0.00051598256994860579 -0.0062014934934537724 -0.0051521264153587473 0.0032432547176302925 0.0072859302432172826 -0.0012242928634272753 -0.005880606812698877 0.0037680671514513406 -0.0012284867537610555 0.0070564067323825187
leaf_weight=7569 20 47 28 53 34 27 34 111 45 82 51 26 485 28
leaf_count=7569 20 47 28 53 34 27 34 111 45 82 51 26 485 28
internal_value=-1.81804e-12 -4.49126e-05 -1.87036e-06 0.00289178 0.00523369 -4.29074e-05 0.00128401 0.000371969 0.00446913 0.00134513 -0.00289959 -0.000816954 -2.23331e-05 5.4669e-05
internal_weight=8640 8348 8224 115 87 8109 292 227 65 193 124 73 8082 7597
internal_count=8640 8348 8224 115 87 8109 292 227 65 193 124 73 8082 7597
is_linear=0
shrinkage=0.05


Tree=72
num_leaves=15
num_cat=0
split_feature=6 5 3 5 5 8 3 4 1 6 7 7 5 3
split_gain=0.193971 0.624984 0.555792 0.969429 0.804983 0.844115 0.752684 1.18047 0.979268 1.09048 1.39972 0.894381 0.72868 0.861673
threshold=4.2999999999999989 24.350000000000005 26.550000000000004 27.850000000000005 28.250000000000004 27.866666666666671 30.350000000000005 30.650000000000002 16.079350000000005 3.3500000000000019 1.6872067646458355 1.2251983127241346 29.050000000000004 27.450000000000003
decision_type=2 2 2 2 2 2 2 2 2 2 2 2 2 2
left_child=1 -1 4 -4 5 -3 7 12 11 -10 -11 -9 -5 -14
right_child=-2 2 3 6 -6 -7 -8 8 9 10 -12 -13 13 -15
leaf_value=-0.0018424066864916868 0.00036278366802516593 0.00087669900038429187 -0.0018908190937956164 0.00049182057786590011 -0.0028628094138239803 0.0057990159398073927 -0.00094010854016267982 0.0063766393157624716 -0.0013827009614899969 0.0064592391350454404 -0.0034280355144292122 0.0014166715959921326 -0.0070340104401111605 -0.000988466858626303
leaf_weight=503 2583 1186 773 945 132 94 1188 194 277 126 50 171 71 347
leaf_count=503 2583 1186 773 945 132 94 1188 194 277 126 50 171 71 347
internal_value=-2.29335e-12 -0.000154709 -1.86166e-06 -0.000293897 0.000854803 0.00123818 7.25087e-05 0.000624086 0.00212564 0.000572747 0.00365035 0.00405293 -0.000277067 -0.00201534
internal_weight=8640 6057 5554 4142 1412 1280 3369 2181 818 453 176 365 1363 418
internal_count=8640 6057 5554 4142 1412 1280 3369 2181 818 453 176 365 1363 418
is_linear=0
shrinkage=0.05


Tree=73
num_leaves=15
num_cat=0
split_feature=5 3 6 3 6 4 3 3 0 6 0 3 4 3
split_gain=0.189853 0.369329 0.348217 0.713584 0.3731 0.326971 0.303214 0.548955 0.429782 0.289789 0.625148 0.731948 0.357553 0.734798
threshold=37.95000000000001 37.050000000000004 11.500000000000004 32.45000000000001 10.650000000000002 45.550000000000004 38.250000000000007 35.350000000000001 60.000000000000007 9.2500000000000018 36.000000000000007 32.350000000000001 35.350000000000001 34.550000000000004
decision_type=2 2 2 2 2 2 2 2 2 2 2 2 2 2
left_child=1 2 4 -4 9 -5 7 -2 -8 12 -11 -12 13 -1
right_child=6 -3 3 5 -6 -7 8 -9 -10 10 11 -13 -14 -15
leaf_value=1.501052838470281e-05 -0.0017836027732118964 -0.0027522564537995949 -0.0029895573904788176 0.0074707786926800123 -0.0059095579962660048 0.00027684348487210544 0.0022609752754286887 0.0087760575887386953 -0.0020437202189914762 0.0085506623791110122 0.004395353069176545 -0.0065515932555382074 -0.0011729754850576439 0.0082786843688626068
leaf_weight=7305 20 124 37 56 27 22 142 32 98 31 37 26 656 27
leaf_count=7305 20 124 37 56 27 22 142 32 98 31 37 26 656 27
internal_value=1.28982e-12 -4.38351e-05 -2.99804e-06 0.00272905 -4.17433e-05 0.00544172 0.0012532 0.00471465 0.000503225 -2.21404e-05 0.00273784 -0.000122434 -5.46189e-05 4.54414e-05
internal_weight=8640 8348 8224 115 8109 78 292 52 240 8082 94 63 7988 7332
internal_count=8640 8348 8224 115 8109 78 292 52 240 8082 94 63 7988 7332
is_linear=0
shrinkage=0.05


Tree=74
num_leaves=15
num_cat=0
split_feature=4 8 3 7 0 5 8 3 5 4 3 8 3 5
split_gain=0.18764 0.504144 0.41717 0.373778 0.206855 0.242043 0.201165 0.342029 0.371447 0.247525 0.482515 0.539274 0.675957 0.413912
threshold=14.15 10.950000000000001 8.8500000000000032 2.1483844059096038 60.000000000000007 8.8500000000000032 12.050000000000002 10.250000000000002 10.450000000000001 29.150000000000002 25.250000000000004 28.050000000000004 26.050000000000004 26.850000000000005
decision_type=2 2 2 2 2 2 2 2 2 2 2 2 2 2
left_child=3 -2 -3 -1 5 -5 -4 -8 -9 -10 -11 13 -13 -12
right_child=1 2 6 4 -6 -7 7 8 9 10 11 12 -14 -15
leaf_value=0.0045946003733059538 -0.0066113377792824963 0.0059790479533117398 -0.003362260683336192 0.0044336718706680196 -0.004080990332834147 -0.0025746004925829105 0.0045453277995764485 0.0047147861579660243 -0.00035187892693532301 -0.0071910770355977805 -0.0037729698941111564 -0.005520342237685087 0.00016235334680508127 0.0029710060651455508
leaf_weight=65 29 29 45 28 27 22 41 41 3821 22 25 53 4139 253
leaf_count=65 29 29 45 28 27 22 41 41 3821 22 25 53 4139 253
internal_value=-3.11165e-14 -3.01205e-05 -7.58473e-06 0.00180256 -0.000554352 0.00135003 -2.81549e-05 -1.0283e-05 -3.26412e-05 -5.60556e-05 0.000195579 0.000231933 9.05063e-05 0.00236453
internal_weight=8640 8498 8469 142 77 50 8440 8395 8354 8313 4492 4470 4192 278
internal_count=8640 8498 8469 142 77 50 8440 8395 8354 8313 4492 4470 4192 278
is_linear=0
shrinkage=0.05


Tree=75
num_leaves=15
num_cat=0
split_feature=7 0 3 4 3 3 8 5 3 5 8 6 8 3
split_gain=0.178799 0.901069 0.392286 0.553575 0.386204 0.35639 0.280068 0.245205 0.233378 0.522164 0.493562 0.299253 0.429829 0.330426
threshold=0.57348835113617536 36.000000000000007 25.250000000000004 26.050000000000004 27.150000000000002 34.250000000000007 25.900000000000002 44.45000000000001 39.750000000000007 39.250000000000007 40.45000000000001 13.65 36.383333333333347 34.550000000000004
decision_type=2 2 2 2 2 2 2 2 2 2 2 2 2 2
left_child=1 2 -1 6 -5 -6 -4 8 9 11 -10 12 -2 -13
right_child=7 -3 3 4 5 -7 -8 -9 10 -11 -12 13 -14 -15
leaf_value=0.006514684086931604 0.00011399775546354276 -0.0015350490764478083 0.00011470510717481375 0.0048256647722341893 -0.00011888308809978109 0.0065081952701565695 -0.0071662915371624491 0.0038985495062141651 -0.0091480095161213769 0.0060247034652511008 -0.0005122300728451079 0.00026187629799448675 -0.0020081889445939184 0.0079877956882119187
leaf_weight=35 7015 783 25 78 172 23 28 42 21 37 78 31 247 25
leaf_count=35 7015 783 25 78 172 23 28 42 21 37 78 31 247 25
internal_value=4.3724e-12 -0.000582234 0.0014844 0.000944337 0.00185217 0.000662772 -0.00373186 8.88575e-05 6.73915e-05 9.98503e-05 -0.00234406 6.9894e-05 4.18165e-05 0.00371095
internal_weight=8640 1144 361 326 273 195 53 7496 7454 7355 99 7318 7262 56
internal_count=8640 1144 361 326 273 195 53 7496 7454 7355 99 7318 7262 56
is_linear=0
shrinkage=0.05


Tree=76
num_leaves=15
num_cat=0
split_feature=5 3 4 7 4 3 3 0 0 4 7 7 6 4
split_gain=0.174427 0.683415 0.740683 0.736915 0.590469 0.667917 0.581378 0.524951 0.512651 0.494944 0.434642 0.366174 0.355744 0.563727
threshold=18.150000000000002 22.450000000000003 23.750000000000004 1.7307673314329566 21.850000000000005 16.050000000000004 18.250000000000004 36.000000000000007 60.000000000000007 24.250000000000004 2.4257873432439401 1.5755069730795297 3.5999999999999992 21.350000000000005
decision_type=2 2 2 2 2 2 2 2 2 2 2 2 2 2
left_child=6 2 3 11 5 -5 -1 -6 10 -3 -4 12 13 -2
right_child=1 9 8 4 7 -7 -8 -9 -10 -11 -12 -13 -14 -15
leaf_value=0.00042252909419841257 -0.0063078464036807422 0.0067972547521262805 -0.00721314842812717 0.0014371451151011319 -0.0059415558094365736 0.012713394197635354 0.0090219145454466347 0.0024322661361275396 -0.00045769746753979818 1.4461958592119418e-05 -0.00061860311107011514 -0.007036181963566277 0.0043041265367165854 0.0013191970283205207
leaf_weight=1138 50 27 114 29 27 24 20 61 66 6946 32 36 23 47
leaf_count=1138 50 27 114 29 27 24 20 61 66 6946 32 36 23 47
internal_value=-1.6308e-12 -8.83823e-05 -0.00185708 -0.000245632 0.00237408 0.00654337 0.00057105 -0.000136975 -0.00411463 4.07255e-05 -0.00576777 -0.00261345 -0.00128663 -0.00261227
internal_weight=8640 7482 509 297 141 53 1158 88 212 6973 146 156 120 97
internal_count=8640 7482 509 297 141 53 1158 88 212 6973 146 156 120 97
is_linear=0
shrinkage=0.05


Tree=77
num_leaves=15
num_cat=0
split_feature=6 7 8 3 3 5 1 3 6 3 4 2 0 4
split_gain=0.169887 0.827252 0.514967 0.467445 0.428158 1.28658 0.944951 1.43829 0.853997 0.789594 0.692866 0.691318 1.19166 0.881319
threshold=3.5999999999999992 1.5456030825826186 29.483333333333338 26.350000000000005 28.250000000000004 20.150000000000002 22.610250000000004 31.850000000000005 4.2999999999999989 18.650000000000002 35.650000000000013 77.393050000000017 60.000000000000007 29.450000000000003
decision_type=2 2 2 2 2 2 2 2 2 2 2 2 2 2
left_child=-1 2 3 -2 5 9 7 -6 -9 -3 -10 13 -13 -7
right_child=1 4 -4 -5 6 11 -8 8 10 -11 -12 12 -14 -15
leaf_value=-0.00018330735457603735 0.0024103580770315604 0.00054541696240610062 -0.00037710870011769079 0.0092528307882065956 0.0054442001262472737 -0.0072463523369373341 -1.3289181790427e-05 -0.0065211184719141495 0.009749002641599093 0.0089011621452739532 -0.00064123876611976065 -0.0050059230095353732 0.00018292276498951571 0.00047468628299733004
leaf_weight=5132 48 1128 47 52 225 41 953 47 21 29 68 298 176 375
leaf_count=5132 48 1128 47 52 225 41 953 47 21 29 68 298 176 375
internal_value=-9.10133e-12 0.000268168 0.00393959 0.00596844 0.000107591 -0.000344553 0.000811958 0.00299052 -0.00106888 0.000754852 0.00181039 -0.00177378 -0.00307926 -0.000286281
internal_weight=8640 3508 147 100 3361 2047 1314 361 136 1157 89 890 474 416
internal_count=8640 3508 147 100 3361 2047 1314 361 136 1157 89 890 474 416
is_linear=0
shrinkage=0.05


Tree=78
num_leaves=15
num_cat=0
split_feature=5 4 6 6 3 8 3 5 8 3 5 5 7 4
split_gain=0.165992 0.199273 0.377241 0.371727 0.255432 0.299033 0.192316 1.32038 0.888523 1.17252 0.819187 0.75452 1.26174 0.637168
threshold=44.350000000000001 45.95000000000001 13.65 14.65 42.650000000000013 42.283333333333339 26.750000000000004 28.650000000000002 27.866666666666671 26.050000000000004 27.950000000000003 26.450000000000003 0.9977753031397173 26.550000000000004
decision_type=2 2 2 2 2 2 2 2 2 2 2 2 2 2
left_child=1 2 4 -3 5 6 7 8 -1 -10 11 12 -8 -13
right_child=-2 3 -4 -5 -6 -7 10 -9 9 -11 -12 13 -14 -15
leaf_value=0.00018731020039006781 0.0024606123693314765 -0.0081590160694239404 0.0051776676372225798 0.0012487730366133509 -0.0047916785830498807 0.0043599384162240689 -0.0025604413483630529 -0.0045256120764161295 -0.004928937804226468 0.0041307142031268094 6.4936197073543631e-05 -0.004417373645331033 0.012331193417310716 -0.0011974288825776654
leaf_weight=3097 68 21 35 21 28 39 33 139 41 277 4027 209 25 580
leaf_count=3097 68 21 35 21 28 39 33 139 41 277 4027 209 25 580
internal_value=-9.60949e-13 -1.95196e-05 -2.60335e-06 -0.00345512 -2.39464e-05 -8.17975e-06 -2.83929e-05 0.000251311 0.000445746 0.00296265 -0.000232346 -0.00164576 0.00385837 -0.00205037
internal_weight=8640 8572 8530 42 8495 8467 8428 3554 3415 318 4874 847 58 789
internal_count=8640 8572 8530 42 8495 8467 8428 3554 3415 318 4874 847 58 789
is_linear=0
shrinkage=0.05


Tree=79
num_leaves=15
num_cat=0
split_feature=4 5 3 3 6 5 4 0 7 6 4 3 3 1
split_gain=0.159413 0.194409 0.897879 0.871773 0.577081 0.44611 0.462369 0.284144 0.301463 0.194906 0.19235 0.604329 0.58024 1.11812
threshold=12.750000000000002 10.15 10.250000000000002 9.1500000000000004 6.5000000000000018 12.750000000000002 14.750000000000002 36.000000000000007 2.5616834742454482 5.1499999999999995 31.050000000000004 32.250000000000007 27.250000000000004 16.079350000000005
decision_type=2 2 2 2 2 2 2 2 2 2 2 2 2 2
left_child=-1 3 5 4 -2 6 -3 -5 9 -9 11 12 13 -4
right_child=1 2 10 7 -6 -7 -8 8 -10 -11 -12 -13 -14 -15
leaf_value=0.0030019046423893254 -0.011610336190667647 0.006768896437338176 -0.0028349876731177857 0.0053680474553922455 -0.0016355309996689703 0.010138181410729885 -0.00089681300090714588 -0.0018789890976179215 -0.0052821951819604024 0.0045974413327013073 0.00028796223193656772 0.0080536885763814858 -0.0010109972520415207 0.00035893913090436137
leaf_weight=44 29 37 298 28 29 27 42 21 23 26 2896 22 1713 3405
leaf_count=44 29 37 298 28 29 27 42 21 23 26 2896 22 1713 3405
internal_value=1.4938e-12 -1.53657e-05 1.69617e-05 -0.00176436 -0.00662293 0.00458975 0.00269346 0.00111112 -0.000591654 0.00170372 -4.11996e-05 -0.000216494 -0.000250088 0.000101907
internal_weight=8640 8596 8440 156 58 106 79 98 70 47 8334 5438 5416 3703
internal_count=8640 8596 8440 156 58 106 79 98 70 47 8334 5438 5416 3703
is_linear=0
shrinkage=0.05


Tree=80
num_leaves=15
num_cat=0
split_feature=7 8 3 8 5 6 8 3 5 4 5 3 6 6
split_gain=0.154754 0.227557 0.186966 0.472983 0.454951 0.254041 0.388094 0.311456 0.277169 0.388803 0.48069 0.384401 0.370818 0.254127
threshold=0.32998316455372306 43.716666666666669 39.750000000000007 40.45000000000001 38.850000000000001 13.65 36.383333333333347 34.550000000000004 36.45000000000001 40.750000000000007 33.45000000000001 37.750000000000007 4.7000000000000011 3.7500000000000004
decision_type=2 2 2 2 2 2 2 2 2 2 2 2 2 2
left_child=-1 2 4 -4 5 6 -2 -7 9 13 -11 12 -10 -8
right_child=1 -3 3 -5 -6 7 8 -9 11 10 -12 -13 -14 -15
leaf_value=-0.00097325902989653596 5.7867123407542289e-05 0.0028062212774907619 -0.0080733098909258841 -0.00023908151003221669 0.0047563144921179065 2.6137833934157129e-05 -0.0034092425380980503 0.0075270105451345441 0.0046172630318324082 -0.0044053281139072387 0.0037289450119715184 -0.0040447869828264963 -0.0034861732926219705 -0.0095652312878519302
leaf_weight=390 7712 74 25 84 51 31 38 25 48 42 32 38 20 30
leaf_count=390 7712 74 25 84 51 31 38 25 48 42 32 38 20 30
internal_value=1.72338e-11 4.60086e-05 2.10263e-05 -0.00203592 4.88194e-05 1.88691e-05 -4.7401e-06 0.00337474 -0.00195162 -0.00339581 -0.000887805 -1.69504e-05 0.0022339 -0.00612512
internal_weight=8640 8250 8176 109 8067 8016 7960 56 248 142 74 106 68 68
internal_count=8640 8250 8176 109 8067 8016 7960 56 248 142 74 106 68 68
is_linear=0
shrinkage=0.05


Tree=81
num_leaves=15
num_cat=0
split_feature=4 8 3 7 5 3 8 5 3 5 3 3 4 3
split_gain=0.149576 0.443499 0.36513 0.314618 0.250661 0.198171 0.191516 0.27997 0.955765 0.529449 1.06346 0.839003 0.230724 0.944081
threshold=14.15 10.950000000000001 8.8500000000000032 2.2874050125248675 9.9500000000000011 7.2500000000000009 12.050000000000002 11.850000000000003 12.250000000000002 12.550000000000002 10.850000000000003 13.050000000000002 25.850000000000005 29.750000000000004
decision_type=2 2 2 2 2 2 2 2 2 2 2 2 2 2
left_child=3 -2 -3 4 -1 -5 -4 8 -8 11 -11 -9 13 -12
right_child=1 2 6 5 -6 -7 7 9 -10 10 12 -13 -14 -15
leaf_value=0.0015827302209800111 -0.0061995878173359519 0.0055950438796446246 -0.0032781578507274389 0.0021923947283842911 0.0073097696620168101 -0.0037788532265095099 -0.0028514825250478648 -0.010070527686427038 0.0061209697381291589 0.0082284972429848644 -0.00039461518627672242 0.0018141792155802251 9.8196354273685617e-05 -0.0096443237337682924
leaf_weight=56 29 29 45 24 29 33 51 33 71 39 1867 27 6279 28
leaf_count=56 29 29 45 24 29 33 51 33 71 39 1867 27 6279 28
internal_value=4.09609e-13 -2.68924e-05 -5.75552e-06 0.00160938 0.00353666 -0.00126464 -2.5e-05 -7.56196e-06 0.00237019 -4.26261e-05 -8.438e-06 -0.00472241 -4.77383e-05 -0.000531286
internal_weight=8640 8498 8469 142 85 57 8440 8395 122 8273 8213 60 8174 1895
internal_count=8640 8498 8469 142 85 57 8440 8395 122 8273 8213 60 8174 1895
is_linear=0
shrinkage=0.05


Tree=82
num_leaves=15
num_cat=0
split_feature=6 3 4 4 3 4 0 7 4 0 7 5 3 7
split_gain=0.142809 0.685513 1.59752 1.0305 0.561884 0.817836 0.67706 0.660951 0.914559 0.693833 0.531523 0.416151 0.46063 0.360609
threshold=2.2500000000000004 25.950000000000003 25.250000000000004 26.250000000000004 27.350000000000005 27.750000000000004 36.000000000000007 0.67986926847903872 28.850000000000005 60.000000000000007 0.2943920288775953 26.850000000000005 26.850000000000005 1.2251983127241346
decision_type=2 2 2 2 2 2 2 2 2 2 2 2 2 2
left_child=1 2 -1 -3 6 -6 -5 11 9 -9 -4 -8 -13 -2
right_child=13 3 10 4 5 -7 7 8 -10 -11 -12 12 -14 -15
leaf_value=-0.0015640899024238208 0.00090866056252134346 -0.0034595622491649298 -0.00091313370154667232 0.0036884005504279312 -0.0043364140153390367 -0.00035634864136611802 -0.0031928325632179623 -0.0078272118226194124 0.0044993457073966665 -0.0007575073604433177 0.0059524279228185843 0.0057728052013911882 0.00030324623619794452 -5.9578132929560132e-05
leaf_weight=198 1206 283 34 176 143 1325 32 67 39 72 165 78 76 4746
leaf_count=198 1206 283 34 176 143 1325 32 67 39 72 165 78 76 4746
internal_value=-6.39291e-12 -0.000302488 0.00161565 -0.000634876 -0.000236775 -0.000744053 0.00114227 -8.88307e-05 -0.00226679 -0.00416521 0.00477942 0.00199546 0.00307354 0.000136607
internal_weight=8640 2688 397 2291 2008 1468 540 364 178 139 199 186 154 5952
internal_count=8640 2688 397 2291 2008 1468 540 364 178 139 199 186 154 5952
is_linear=0
shrinkage=0.05


Tree=83
num_leaves=15
num_cat=0
split_feature=6 5 3 5 5 3 4 1 6 7 7 5 5 3
split_gain=0.142411 0.548605 0.462162 1.00314 0.789406 0.770206 0.990191 0.742607 1.07714 0.918248 0.905208 0.793189 0.650722 0.836255
threshold=4.2999999999999989 24.350000000000005 26.750000000000004 28.050000000000004 28.650000000000002 30.350000000000005 30.650000000000002 16.079350000000005 3.3500000000000019 1.7146428199482251 1.3366625103842285 29.250000000000004 31.250000000000004 30.750000000000004
decision_type=2 2 2 2 2 2 2 2 2 2 2 2 2 2
left_child=1 -1 4 -4 -3 6 -5 10 -9 -10 11 -8 -7 -14
right_child=-2 2 3 5 -6 12 7 8 9 -11 -12 -13 13 -15
leaf_value=-0.0017137733592256625 0.00031085072623794884 0.00095744322355963748 -0.0018792625136608611 -0.0002297205187551134 -0.0039338262858747064 -0.00348272365041521 -0.00060389315975563872 -0.001217805023090982 0.0058653168611272127 -0.0033787477679331512 0.00039661964022576121 0.0069852910550672045 0.0061537600558330408 -0.00068057182565751462
leaf_weight=503 2583 1591 790 1102 87 200 42 274 128 34 129 191 47 939
leaf_count=503 2583 1591 790 1102 87 200 42 274 128 34 129 191 47 939
internal_value=-8.22133e-12 -0.000132562 1.06411e-05 -0.00028946 0.000703843 0.000117521 0.000741602 0.00208295 0.00069313 0.0039252 0.00375688 0.00561728 -0.000882272 -0.000354797
internal_weight=8640 6057 5554 3876 1678 3086 1900 798 436 162 362 233 1186 986
internal_count=8640 6057 5554 3876 1678 3086 1900 798 436 162 362 233 1186 986
is_linear=0
shrinkage=0.05


Tree=84
num_leaves=15
num_cat=0
split_feature=5 8 4 0 6 4 0 6 5 4 3 4 8 5
split_gain=0.146023 0.36201 0.399232 0.416223 0.318277 0.306123 0.393195 0.28943 0.358407 0.271196 0.581157 0.319285 0.302446 0.541354
threshold=36.350000000000001 35.88333333333334 40.850000000000001 60.000000000000007 14.699999999999999 38.45000000000001 36.000000000000007 13.450000000000003 32.250000000000007 40.550000000000004 31.850000000000005 41.750000000000007 35.150000000000013 35.350000000000001
decision_type=2 2 2 2 2 2 2 2 2 2 2 2 2 2
left_child=1 9 5 7 -5 -3 -7 8 -4 12 -11 -12 13 -1
right_child=-2 2 3 4 -6 6 -8 -9 -10 10 11 -13 -14 -15
leaf_value=-1.6206758361821671e-05 0.00088736943081047783 -0.0014984980730029444 -0.0050360087622803723 -0.0066269972169881357 0.0013220508303493262 -0.011330736481584608 -0.0030705375528401312 0.0069845121265167294 0.002495816477520358 -0.0036608698904852972 0.0014608513164733137 0.0096166865309766907 -0.0025935670922210973 0.0044324542463257694
leaf_weight=7676 440 60 22 34 20 25 34 21 56 22 21 28 112 69
leaf_count=7676 440 60 22 34 20 25 34 21 56 22 21 28 112 69
internal_value=1.00234e-11 -4.76149e-05 -0.0018412 -0.000151821 -0.00368291 -0.00401325 -0.00657062 0.00177423 0.000371456 1.39206e-05 0.00309022 0.00612133 -1.38785e-05 2.34262e-05
internal_weight=8640 8200 272 153 54 119 59 99 78 7928 71 49 7857 7745
internal_count=8640 8200 272 153 54 119 59 99 78 7928 71 49 7857 7745
is_linear=0
shrinkage=0.05


Tree=85
num_leaves=15
num_cat=0
split_feature=7 0 3 4 3 4 3 3 4 3 5 3 4 7
split_gain=0.137019 0.786797 0.333044 0.493726 0.323457 0.277412 0.289067 0.299266 0.228696 0.521222 0.483743 0.612398 0.581371 0.224793
threshold=0.57348835113617536 36.000000000000007 25.250000000000004 25.950000000000003 26.350000000000005 26.750000000000004 27.150000000000002 34.250000000000007 25.150000000000002 26.050000000000004 27.150000000000002 27.150000000000002 26.750000000000004 0.32998316455372306
decision_type=2 2 2 2 2 2 2 2 2 2 2 2 2 2
left_child=1 2 -1 -4 -5 -6 -7 -8 -3 13 -11 12 -12 -10
right_child=-2 8 3 4 5 6 7 -9 9 10 11 -13 -14 -15
leaf_value=0.006056373196520976 7.7786096008368631e-05 -0.003771215847154963 -0.0038768498153607966 0.0058752262614143553 -0.0044708399124266133 0.0062895886217510071 0.00011732306721526023 0.0061986235107052267 -0.0011714220845412153 -0.0049052540541283393 -0.0022410429870378169 -0.0017883747737808928 0.0063095037350431081 0.0040871987813189325
leaf_weight=35 7496 90 46 40 21 28 168 23 30 95 33 422 50 63
leaf_count=35 7496 90 46 40 21 28 168 23 30 95 33 422 50 63
internal_value=-3.61823e-12 -0.000509689 0.00142146 0.000923845 0.00171253 0.00101875 0.00154515 0.000849626 -0.00140004 -0.00109209 -0.00163195 -0.00101618 0.00290989 0.00239087
internal_weight=8640 1144 361 326 280 240 219 191 783 693 600 505 83 93
internal_count=8640 1144 361 326 280 240 219 191 783 693 600 505 83 93
is_linear=0
shrinkage=0.05


Tree=86
num_leaves=15
num_cat=0
split_feature=5 4 6 6 4 6 3 4 8 6 3 5 8 3
split_gain=0.135763 0.149905 0.284898 0.242806 0.23941 0.216061 0.157788 0.215858 0.447248 0.490804 0.347618 0.590314 0.411939 0.558464
threshold=44.95000000000001 45.95000000000001 13.65 14.65 45.350000000000001 12.750000000000002 42.650000000000013 40.850000000000001 35.88333333333334 8.7500000000000036 38.550000000000004 37.95000000000001 34.616666666666674 34.550000000000004
decision_type=2 2 2 2 2 2 2 2 2 2 2 2 2 2
left_child=1 2 4 -3 5 6 7 10 -9 -10 11 12 13 -1
right_child=-2 3 -4 -5 -6 -7 -8 8 9 -11 -12 -13 -14 -15
leaf_value=1.3269229408924665e-05 0.0029820300455627915 -0.006473251874558628 0.0045036433101631702 0.0009629719402818453 0.0051924783741758972 -0.0049787907437844718 -0.002937767166219166 0.0068689583744289302 0.0021590905459186829 -0.0030554738157661633 -0.0045293826815607247 0.0063665477209724486 -0.0015380927849963141 0.0083793139830231674
leaf_weight=7644 38 23 35 21 22 22 46 33 153 64 43 36 440 20
leaf_count=7644 38 23 35 21 22 22 46 33 153 64 43 36 440 20
internal_value=-2.82116e-12 -1.31734e-05 1.79308e-06 -0.00292415 -1.66939e-05 -3.01749e-05 -1.7335e-05 -1.40474e-06 0.00144586 0.000621155 -4.56205e-05 -2.19347e-05 -5.0314e-05 3.51013e-05
internal_weight=8640 8602 8558 44 8523 8501 8479 8433 250 217 8183 8140 8104 7664
internal_count=8640 8602 8558 44 8523 8501 8479 8433 250 217 8183 8140 8104 7664
is_linear=0
shrinkage=0.05


Tree=87
num_leaves=15
num_cat=0
split_feature=4 8 3 7 0 5 8 5 3 5 8 5 3 5
split_gain=0.133785 0.402502 0.327492 0.288076 0.18391 0.20877 0.173939 0.262383 0.27842 0.916625 0.343466 0.380021 0.388912 1.40608
threshold=14.15 10.950000000000001 8.8500000000000032 2.1483844059096038 60.000000000000007 8.8500000000000032 12.050000000000002 10.450000000000001 10.850000000000003 12.750000000000002 13.016666666666667 11.850000000000003 14.550000000000002 13.250000000000002
decision_type=2 2 2 2 2 2 2 2 2 2 2 2 2 2
left_child=3 -2 -3 -1 5 -5 -4 -8 9 -9 -10 -12 -13 -14
right_child=1 2 6 4 -6 -7 7 8 10 -11 11 12 13 -15
leaf_value=0.0039731979268029906 -0.0059059145394712688 0.0052989854220429379 -0.0031238071827424901 0.0041124358789862269 -0.003872383236712604 -0.0023963369894772768 0.0039351652825384267 -0.0042713165457826108 -0.0064378180940236375 0.0082752293749787913 0.0042256420934931021 -0.0017965886444661922 0.0097302160760689843 -3.973155728375744e-05
leaf_weight=65 29 29 45 28 27 22 42 24 21 37 52 311 37 7871
leaf_count=65 29 29 45 28 27 22 42 24 21 37 52 311 37 7871
internal_value=-9.18987e-12 -2.54333e-05 -5.29707e-06 0.00152206 -0.000547085 0.00124858 -2.35227e-05 -6.90412e-06 -2.67254e-05 0.00333888 -5.14844e-05 -3.52696e-05 -6.22275e-05 5.98013e-06
internal_weight=8640 8498 8469 142 77 50 8440 8395 8353 61 8292 8271 8219 7908
internal_count=8640 8498 8469 142 77 50 8440 8395 8353 61 8292 8271 8219 7908
is_linear=0
shrinkage=0.05


Tree=88
num_leaves=15
num_cat=0
split_feature=5 8 4 0 4 0 6 6 5 3 4 4 3 5
split_gain=0.128336 0.305988 0.352366 0.375043 0.27647 0.355256 0.27537 0.249548 0.311827 0.233971 0.496267 0.573074 0.980919 0.475864
threshold=36.350000000000001 35.88333333333334 40.850000000000001 60.000000000000007 38.45000000000001 36.000000000000007 14.699999999999999 13.450000000000003 32.250000000000007 37.350000000000001 36.750000000000007 38.45000000000001 35.350000000000001 37.350000000000001
decision_type=2 2 2 2 2 2 2 2 2 2 2 2 2 2
left_child=1 -1 4 7 -3 -6 -5 8 -4 10 -2 -12 -13 -11
right_child=9 2 3 6 5 -7 -8 -9 -10 13 11 12 -14 -15
leaf_value=1.1936003161669157e-05 -0.001419303178912602 -0.0013443411423941145 -0.0046245949364013298 -0.0061968033982659973 -0.010689197862520814 -0.0028376097962095896 0.0011970452964305879 0.0065598162423287122 0.0024007696961884256 -0.0067213753490553549 0.0095030060994464004 -0.0055970639706804208 0.0077775833943601828 0.00062320614237893
leaf_weight=7928 52 60 22 34 25 34 20 21 56 24 37 26 29 272
leaf_count=7928 52 60 22 34 25 34 20 21 56 24 37 26 29 272
internal_value=1.00401e-12 -4.46381e-05 -0.00169361 -0.000106485 -0.00373419 -0.00616455 -0.00345834 0.0017218 0.000419257 0.000831893 0.00248496 0.00469171 0.00145502 2.76995e-05
internal_weight=8640 8200 272 153 119 59 54 99 78 440 144 92 55 296
internal_count=8640 8200 272 153 119 59 54 99 78 440 144 92 55 296
is_linear=0
shrinkage=0.05


Tree=89
num_leaves=15
num_cat=0
split_feature=6 7 8 3 3 8 1 8 7 7 7 5 5 5
split_gain=0.124728 0.742271 0.471156 0.417463 0.411734 1.12089 0.834494 1.26573 1.18867 0.766996 0.766287 0.8035 0.766072 1.56859
threshold=3.5999999999999992 1.5456030825826186 29.483333333333338 26.350000000000005 28.250000000000004 20.950000000000006 22.610250000000004 33.483333333333341 2.4881933457557959 1.6986920241485881 2.5776819545164824 19.550000000000004 26.950000000000003 27.850000000000005
decision_type=2 2 2 2 2 2 2 2 2 2 2 2 2 2
left_child=-1 2 3 -2 5 9 7 -6 -9 -3 11 -11 -7 -14
right_child=1 4 -4 -5 6 12 -8 8 -10 10 -12 -13 13 -15
leaf_value=-0.00015706577960147158 0.002285661849115665 -0.0039564846236916145 -0.00042148267335080083 0.0087519783419198732 0.0055933434144208151 -0.0040919994748272138 -7.1187167552300779e-06 -0.002248520685825497 0.0088734493912037086 0.0013462570816863808 -0.0011535842203518455 0.0075050165746034236 0.0028980452607935058 -0.0025537001706099692
leaf_weight=5132 48 85 47 52 192 248 953 140 29 747 307 57 195 408
leaf_count=5132 48 85 47 52 192 248 953 140 29 747 307 57 195 408
internal_value=3.86627e-12 0.000229778 0.00370752 0.00564815 7.76723e-05 -0.000365715 0.000768398 0.00281568 -0.000340017 0.000621228 0.000971458 0.00178289 -0.00175277 -0.000790698
internal_weight=8640 3508 147 100 3361 2047 1314 361 169 1196 1111 804 851 603
internal_count=8640 3508 147 100 3361 2047 1314 361 169 1196 1111 804 851 603
is_linear=0
shrinkage=0.05


Tree=90
num_leaves=15
num_cat=0
split_feature=5 4 6 6 3 8 3 5 8 3 5 5 6 5
split_gain=0.125197 0.176381 0.288185 0.244018 0.21552 0.241415 0.12954 1.05121 0.775323 1.05248 0.645042 0.720178 1.13928 0.564773
threshold=44.350000000000001 45.95000000000001 14.65 13.65 42.650000000000013 42.283333333333339 26.750000000000004 28.650000000000002 27.866666666666671 26.050000000000004 27.950000000000003 26.450000000000003 2.0999999999999992 28.050000000000004
decision_type=2 2 2 2 2 2 2 2 2 2 2 2 2 2
left_child=1 3 -3 4 5 6 7 8 13 -10 11 12 -8 -1
right_child=-2 2 -4 -5 -6 -7 10 -9 9 -11 -12 -13 -14 -15
leaf_value=0.00027114666449778204 0.0021369625870754721 -0.0073909264545710318 0.00089252236787052373 0.0041652955533936628 -0.0043976390118976791 0.0039210743748415737 -0.0044068070361390713 -0.0040546274988530143 -0.0047444435767829418 0.0038389378363461596 7.4527893357032542e-05 -0.0018387777423577039 0.0098215025247019878 -0.0033299847512168038
leaf_weight=2984 68 21 21 35 28 39 24 139 41 277 4027 789 34 113
leaf_count=2984 68 21 21 35 28 39 24 139 41 277 4027 789 34 113
internal_value=-3.56377e-12 -1.69521e-05 -0.0032492 -1.03716e-06 -1.82027e-05 -3.72014e-06 -2.18819e-05 0.000207677 0.000381165 0.00273228 -0.00018927 -0.00144348 0.00393393 0.000139752
internal_weight=8640 8572 42 8530 8495 8467 8428 3554 3415 318 4874 847 58 3097
internal_count=8640 8572 42 8530 8495 8467 8428 3554 3415 318 4874 847 58 3097
is_linear=0
shrinkage=0.05


Tree=91
num_leaves=15
num_cat=0
split_feature=4 5 5 3 3 6 0 6 0 7 6 4 0 6
split_gain=0.116735 0.179445 0.16687 0.716524 0.695204 0.533966 0.452882 0.392234 0.250237 0.252172 0.181742 0.161958 0.939279 0.994411
threshold=12.750000000000002 8.8500000000000032 10.15 9.1500000000000004 10.250000000000002 6.5000000000000018 60.000000000000007 6.2999999999999998 36.000000000000007 2.5616834742454482 5.1499999999999995 25.850000000000005 36.000000000000007 4.4999999999999991
decision_type=2 2 2 2 2 2 2 2 2 2 2 2 2 2
left_child=1 -1 3 5 6 -2 7 -4 -5 10 -10 12 -6 -14
right_child=2 -3 4 8 11 -7 -8 -9 9 -11 -12 -13 13 -15
leaf_value=-0.00077284208188454313 -0.010835773876771846 0.0056199227267390364 0.0047447638678212853 0.0049682317117653195 -0.0019754897229316399 -0.0012408252438161011 0.0086953691579401502 -0.0028595216929066477 -0.0019848433722342764 -0.0049145576270783085 0.0042690471889307866 9.1720640805533957e-05 -0.00070707972605470626 0.0020575028934196548
leaf_weight=21 29 23 43 28 659 29 35 28 21 23 26 6279 880 516
leaf_count=21 29 23 43 28 659 29 35 28 21 23 26 6279 880 516
internal_value=1.48443e-12 0.00256883 -1.3149e-05 -0.00163354 1.68014e-05 -0.0060383 0.00404053 0.00174589 0.000973359 -0.00062459 0.00147476 -3.43763e-05 -0.000419662 0.000314786
internal_weight=8640 44 8596 156 8440 58 106 71 98 70 47 8334 2055 1396
internal_count=8640 44 8596 156 8440 58 106 71 98 70 47 8334 2055 1396
is_linear=0
shrinkage=0.05


Tree=92
num_leaves=15
num_cat=0
split_feature=5 4 6 6 3 8 1 3 7 3 6 1 5 1
split_gain=0.11248 0.159664 0.260087 0.21971 0.194943 0.21733 0.122018 0.762101 1.84122 1.04711 0.872983 0.869038 0.767936 1.14816
threshold=44.350000000000001 45.95000000000001 14.65 13.65 42.650000000000013 42.283333333333339 22.610250000000004 27.950000000000003 1.8917949446840809 31.650000000000002 3.9000000000000017 16.079350000000005 29.350000000000005 16.079350000000005
decision_type=2 2 2 2 2 2 2 2 2 2 2 2 2 2
left_child=1 3 -3 4 5 6 7 8 11 10 12 -1 13 -9
right_child=-2 2 -4 -5 -6 -7 -8 9 -10 -11 -12 -13 -14 -15
leaf_value=-0.0020104814125438287 0.0020255283811660345 -0.007025965999457099 0.00084331020091970774 0.0039524448330381092 -0.0041823431225826166 0.003720434655387623 -0.00017928617312500345 0.0023505581496206318 -0.0069563792805586548 -0.00096988168370605783 0.0046572473764163553 0.00059310540357074672 0.0020686373106486139 -0.0035693344930004763
leaf_weight=442 68 21 21 35 28 39 4972 151 105 507 211 1166 695 179
leaf_count=442 68 21 21 35 28 39 4972 151 105 507 211 1166 695 179
internal_value=3.52412e-12 -1.60681e-05 -0.00309133 -9.26158e-07 -1.72143e-05 -3.44043e-06 -2.06724e-05 0.000207518 -0.000541443 0.000943589 0.00172848 -0.000122557 0.00112559 -0.000860535
internal_weight=8640 8572 42 8530 8495 8467 8428 3456 1713 1743 1236 1608 1025 330
internal_count=8640 8572 42 8530 8495 8467 8428 3456 1713 1743 1236 1608 1025 330
is_linear=0
shrinkage=0.05


Tree=93
num_leaves=15
num_cat=0
split_feature=4 5 6 6 7 6 7 6 4 4 5 3 5 0
split_gain=0.11249 0.669886 0.417803 0.52194 0.694788 0.537692 0.592935 0.382402 0.478592 0.352503 0.290587 0.283541 1.24863 0.792255
threshold=17.450000000000003 14.850000000000003 8.0500000000000043 6.7500000000000009 2.6233989826601336 5.6999999999999993 2.3163667753294117 5.1999999999999993 16.450000000000003 16.750000000000004 10.15 14.550000000000002 13.250000000000002 36.000000000000007
decision_type=2 2 2 2 2 2 2 2 2 2 2 2 2 2
left_child=1 2 3 4 5 6 7 8 -1 -10 -7 13 -13 -2
right_child=11 -3 -4 -5 -6 10 -8 -9 9 -11 -12 12 -14 -15
leaf_value=0.0010666240706257775 -0.0063935993022327733 0.007490619540433674 -0.0063426471517785731 0.0055045490234306273 -0.0054140731654255293 0.0013728329612474359 -0.0067550829006358983 0.0051685254927724602 -0.0081210230527046547 -0.00032046432839706541 0.0083475981860829055 0.0097063460401400486 -3.9967485758697384e-05 0.00025913340019450773
leaf_weight=202 66 34 23 48 52 28 30 40 28 30 32 33 7855 139
leaf_count=202 66 34 23 48 52 28 30 40 28 30 32 33 7855 139
internal_value=2.34679e-12 0.000693955 0.000243493 0.000552639 1.48748e-05 0.000738735 -5.28969e-05 0.000617322 -8.28635e-05 -0.00408625 0.00509271 -4.69039e-05 8.06899e-07 -0.00188272
internal_weight=8640 547 513 490 442 390 330 300 260 58 60 8093 7888 205
internal_count=8640 547 513 490 442 390 330 300 260 58 60 8093 7888 205
is_linear=0
shrinkage=0.05


Tree=94
num_leaves=15
num_cat=0
split_feature=7 0 3 4 3 3 4 3 5 3 4 7 4 1
split_gain=0.110465 0.710456 0.30508 0.432116 0.368672 0.270459 0.203659 0.471315 0.424673 0.556926 0.522616 0.204106 0.196656 0.255125
threshold=0.57348835113617536 36.000000000000007 25.250000000000004 26.250000000000004 27.150000000000002 34.250000000000007 25.150000000000002 26.050000000000004 27.150000000000002 27.150000000000002 26.750000000000004 0.37416573867739572 30.850000000000005 16.079350000000005
decision_type=2 2 2 2 2 2 2 2 2 2 2 2 2 2
left_child=1 2 -1 -4 -5 12 -3 11 -9 10 -10 -8 13 -6
right_child=-2 6 3 4 5 -7 7 8 9 -11 -12 -13 -14 -15
leaf_value=0.0058134903013706204 6.9843189373095413e-05 -0.0035413161042055839 -0.0027820110879247296 0.0050006417780002555 0.0055856046825647357 0.0057936397147030855 -0.00028224890522237517 -0.004593403598440713 -0.0020891896724192934 -0.0016858984795582463 0.0060177753698080786 0.0044245923896703652 -0.0026968455702444773 -6.7278360030754953e-05
leaf_weight=35 7496 90 64 67 25 23 42 95 33 422 50 51 48 99
leaf_count=35 7496 90 64 67 25 23 42 95 33 422 50 51 48 99
internal_value=7.23964e-14 -0.000457644 0.00137743 0.000901162 0.00180087 0.00070146 -0.0013037 -0.0010131 -0.00152646 -0.000949512 0.00279452 0.00229892 2.05289e-05 0.00107242
internal_weight=8640 1144 361 326 262 195 783 693 600 505 83 93 172 124
internal_count=8640 1144 361 326 262 195 783 693 600 505 83 93 172 124
is_linear=0
shrinkage=0.05


Tree=95
num_leaves=15
num_cat=0
split_feature=5 5 3 3 5 0 4 6 5 8 5 4 3 0
split_gain=0.109633 0.303063 0.219686 0.468124 0.423045 0.370496 0.21784 0.346398 0.228048 0.206618 0.484706 0.352542 0.307138 0.288932
threshold=36.350000000000001 36.050000000000004 37.350000000000001 32.550000000000004 37.350000000000001 60.000000000000007 36.350000000000001 4.6000000000000005 36.95000000000001 36.050000000000004 35.650000000000013 40.850000000000001 32.95000000000001 60.000000000000007
decision_type=2 2 2 2 2 2 2 2 2 2 2 2 2 2
left_child=1 9 3 -2 -4 -6 -5 8 -8 10 -1 -11 -12 -13
right_child=2 -3 4 6 5 -7 7 -9 -10 11 12 13 -14 -15
leaf_value=-6.6107743612493385e-06 -0.0034318555745163136 -0.0042278486490791101 -0.0063738650409504776 1.8381027119426892e-05 0.0020371487702482917 -0.001740419361022275 0.0043802947223443413 0.00088606344650088431 0.010829096908967656 -0.0040773577664454238 0.0092149822446315182 0.001687400687154403 0.0011293123330688105 -0.0029472822077431771
leaf_weight=7881 28 43 24 29 165 107 29 32 26 84 23 92 24 53
leaf_count=7881 28 43 24 29 165 107 29 32 26 84 23 92 24 53
internal_value=4.84295e-12 -4.12576e-05 0.000768891 0.0023707 -1.03652e-05 0.00055112 0.00377131 0.00502229 0.00742882 -1.91878e-05 2.35808e-05 -0.00149984 0.00508613 -6.65582e-06
internal_weight=8640 8200 440 144 296 272 116 87 55 8157 7928 229 47 145
internal_count=8640 8200 440 144 296 272 116 87 55 8157 7928 229 47 145
is_linear=0
shrinkage=0.05


Tree=96
num_leaves=15
num_cat=0
split_feature=4 8 3 5 8 3 5 3 3 4 0 5 3 4
split_gain=0.105091 0.324891 0.273179 0.243653 0.177582 0.647597 0.451867 0.393711 0.323868 0.498833 0.441193 0.319188 0.670663 0.305634
threshold=14.15 10.950000000000001 8.8500000000000032 9.9500000000000011 12.783333333333333 10.250000000000002 11.850000000000003 12.950000000000001 11.15 14.950000000000001 60.000000000000007 12.550000000000002 13.050000000000002 15.65
decision_type=2 2 2 2 2 2 2 2 2 2 2 2 2 2
left_child=3 -2 -3 -1 8 -6 7 -7 9 -4 -10 12 -8 -13
right_child=1 2 4 -5 5 6 11 -9 10 -11 -12 13 -14 -15
leaf_value=0.00014198705958167338 -0.0053057435337967914 0.0048400572264277984 0.001151125381052818 0.0049029605512461993 0.0083831158304667995 0.00114571044585951 -0.0096522379451646264 0.0088433861839943197 0.0050346694786899855 -0.0083278974614638315 -0.0046885726763866847 0.0052831040005441067 0.0015987740803716914 -4.5415603281527447e-05
leaf_weight=106 29 29 23 36 23 46 26 26 28 35 20 27 27 8159
leaf_count=106 29 29 23 36 23 46 26 26 28 35 20 27 27 8159
internal_value=8.05162e-12 -2.25414e-05 -4.45042e-06 0.00134899 -2.10962e-05 4.7695e-06 -1.84169e-05 0.00392543 -0.00205473 -0.00456897 0.000983319 -5.28818e-05 -0.00392059 -2.78405e-05
internal_weight=8640 8498 8469 142 8440 8334 8311 72 106 58 48 8239 53 8186
internal_count=8640 8498 8469 142 8440 8334 8311 72 106 58 48 8239 53 8186
is_linear=0
shrinkage=0.05


Tree=97
num_leaves=15
num_cat=0
split_feature=4 0 6 5 4 6 3 6 6 0 3 6 8 3
split_gain=0.105534 0.371561 0.230714 0.37734 0.227559 0.131256 0.708995 0.32665 0.21425 0.560678 0.611153 0.444722 0.747631 1.01927
threshold=43.45000000000001 60.000000000000007 15.600000000000001 41.850000000000001 43.150000000000013 11.800000000000002 31.650000000000002 10.850000000000003 9.2500000000000018 36.000000000000007 32.350000000000001 8.4000000000000057 31.81666666666667 31.150000000000002
decision_type=2 2 2 2 2 2 2 2 2 2 2 2 2 2
left_child=4 -2 3 -3 5 7 -7 8 11 -10 -11 -1 -13 -14
right_child=1 2 -4 -5 -6 6 -8 -9 9 10 -12 12 13 -15
leaf_value=-2.4928218842683725e-06 0.002672445965654842 -0.0055996886073527014 0.0035709605622105305 0.0011102712943102232 -0.0047931778803467755 -0.0045161437243223194 0.0079044868022686357 -0.0054220155579969287 0.0076295794467582849 0.0040477164089679721 -0.0051236627664526593 -0.0093852449537200084 0.009064350072294473 -0.0050136872211522937
leaf_weight=8097 143 44 20 40 25 20 27 28 33 39 34 34 20 36
leaf_count=8097 143 44 20 40 25 20 27 28 33 39 34 34 20 36
internal_value=6.73421e-13 0.00101864 -0.00125535 -0.00240447 -2.99778e-05 -1.57474e-05 0.00261911 -3.063e-05 -1.24269e-05 0.00222106 -0.000223885 -4.13446e-05 -0.00353671 1.41832e-05
internal_weight=8640 247 104 84 8393 8368 47 8321 8293 106 73 8187 90 56
internal_count=8640 247 104 84 8393 8368 47 8321 8293 106 73 8187 90 56
is_linear=0
shrinkage=0.05


Tree=98
num_leaves=15
num_cat=0
split_feature=3 5 8 3 5 5 4 5 7 4 5 4 5 0
split_gain=0.101446 0.889767 0.706402 0.676085 0.743294 0.594383 0.762128 0.634851 1.019 0.595656 0.53165 0.950817 0.581269 0.731198
threshold=26.750000000000004 28.650000000000002 27.683333333333341 26.050000000000004 27.850000000000005 28.050000000000004 25.250000000000004 26.450000000000003 0.9977753031397173 26.750000000000004 27.850000000000005 28.050000000000004 26.250000000000004 60.000000000000007
decision_type=2 2 2 2 2 2 2 2 2 2 2 2 2 2
left_child=1 2 10 4 -4 7 -7 8 -2 -9 12 -12 13 -1
right_child=5 -3 3 -5 -6 6 -8 9 -10 -11 11 -13 -14 -15
leaf_value=-0.00093895862779083065 -0.0019751201637766579 -0.0037164109874610533 0.0026176873245276513 0.0030209155390541857 -0.007214833434822189 0.0091913295261885821 6.4300238950606607e-05 -0.0036976503815112222 0.011407620813697577 -0.00080342048690320168 0.0017706346350866533 -0.0067795531770743038 0.0013111231803207791 0.0011035025363795759
leaf_weight=1300 33 139 40 389 37 23 4118 246 25 641 58 74 856 661
leaf_count=1300 33 139 40 389 37 23 4118 246 25 641 58 74 856 661
internal_value=-6.72284e-12 0.000204956 0.000364567 0.00217359 -0.00210703 -0.000143219 0.000114994 -0.00127471 0.0037933 -0.0016061 7.87047e-05 -0.00302265 0.000224029 -0.0002505
internal_weight=8640 3554 3415 466 77 5086 4141 945 58 887 2949 132 2817 1961
internal_count=8640 3554 3415 466 77 5086 4141 945 58 887 2949 132 2817 1961
is_linear=0
shrinkage=0.05


Tree=99
num_leaves=15
num_cat=0
split_feature=6 7 2 6 7 3 5 6 3 8 4 7 3 3
split_gain=0.10383 0.668978 0.545195 0.51324 0.4104 0.377391 0.839471 0.771819 0.840875 1.10206 0.965888 0.77084 0.751789 0.737404
threshold=3.5999999999999992 1.5326085243430205 75.043350000000018 3.699999999999998 1.4817407180595259 29.050000000000004 20.150000000000002 6.3000000000000034 25.650000000000002 28.016666666666669 30.350000000000005 1.6872067646458355 18.050000000000004 18.650000000000002
decision_type=2 2 2 2 2 2 2 2 2 2 2 2 2 2
left_child=-1 2 -2 4 -4 6 13 8 12 11 -11 -10 -8 -3
right_child=1 5 3 -5 -6 -7 7 -9 9 10 -12 -13 -14 -15
leaf_value=-0.00014330522014568563 0.00742813191276842 0.00040159648418379456 -0.00038395421579480172 -0.0040426081587230005 0.0086758417189121261 0.00078805959580723897 0.0039752157922420235 -0.0052012837875046337 0.0018509581536313312 -0.0069986152152220413 0.00025296934117192987 0.013149176416202233 -0.0036701530355134782 0.0084764745685568989
leaf_weight=5132 56 1128 25 31 25 1187 36 116 36 51 461 26 301 29
leaf_count=5132 56 1128 25 31 25 1187 36 116 36 51 461 26 301 29
internal_value=2.8926e-12 0.000209647 0.00363468 0.00101205 0.00414594 7.04511e-05 -0.000319568 -0.00136003 -0.000870917 0.000293036 -0.000469356 0.00658892 -0.00285344 0.000603992
internal_weight=8640 3508 137 81 50 3371 2184 1027 911 574 512 62 337 1157
internal_count=8640 3508 137 81 50 3371 2184 1027 911 574 512 62 337 1157
is_linear=0
shrinkage=0.05


end of trees

feature_importances:
Column_3=321
Column_5=279
Column_4=248
Column_6=167
Column_7=119
Column_8=98
Column_0=92
Column_1=40
Column_2=36

parameters:
[boosting: gbdt]
[objective: regression]
[metric: l2]
[tree_learner: serial]
[device_type: cpu]
[data_sample_strategy: bagging]
[data: ]
[valid: ]
[num_iterations: 100]
[learning_rate: 0.05]
[num_leaves: 15]
[num_threads: 0]
[seed: 42]
[deterministic: 0]
[force_col_wise: 0]
[force_row_wise: 0]
[histogram_pool_size: -1]
[max_depth: -1]
[min_data_in_leaf: 20]
[min_sum_hessian_in_leaf: 0.001]
[bagging_fraction: 1]
[pos_bagging_fraction: 1]
[neg_bagging_fraction: 1]
[bagging_freq: 0]
[bagging_seed: 400]
[bagging_by_query: 0]
[feature_fraction: 1]
[feature_fraction_bynode: 1]
[feature_fraction_seed: 30056]
[extra_trees: 0]
[extra_seed: 12879]
[early_stopping_round: 0]
[early_stopping_min_delta: 0]
[first_metric_only: 0]
[max_delta_step: 0]
[lambda_l1: 0]
[lambda_l2: 0]
[linear_lambda: 0]
[min_gain_to_split: 0]
[drop_rate: 0.1]
[max_drop: 50]
[skip_drop: 0.5]
[xgboost_dart_mode: 0]
[uniform_drop: 0]
[drop_seed: 17869]
[top_rate: 0.2]
[other_rate: 0.1]
[min_data_per_group: 100]
[max_cat_threshold: 32]
[cat_l2: 10]
[cat_smooth: 10]
[max_cat_to_onehot: 4]
[top_k: 20]
[monotone_constraints: ]
[monotone_constraints_method: basic]
[monotone_penalty: 0]
[feature_contri: ]
[forcedsplits_filename: ]
[refit_decay_rate: 0.9]
[cegb_tradeoff: 1]
[cegb_penalty_split: 0]
[cegb_penalty_feature_lazy: ]
[cegb_penalty_feature_coupled: ]
[path_smooth: 0]
[interaction_constraints: ]
[verbosity: -1]
[saved_feature_importance_type: 0]
[use_quantized_grad: 0]
[num_grad_quant_bins: 4]
[quant_train_renew_leaf: 0]
[stochastic_rounding: 1]
[linear_tree: 0]
[max_bin: 255]
[max_bin_by_feature: ]
[min_data_in_bin: 3]
[bin_construct_sample_cnt: 200000]
[data_random_seed: 175]
[is_enable_sparse: 1]
[enable_bundle: 1]
[use_missing: 1]
[zero_as_missing: 0]
[feature_pre_filter: 1]
[pre_partition: 0]
[two_round: 0]
[header: 0]
[label_column: ]
[weight_column: ]
[group_column: ]
[ignore_column: ]
[categorical_feature: ]
[forcedbins_filename: ]
[precise_float_parser: 0]
[parser_config_file: ]
[objective_seed: 16083]
[num_class: 1]
[is_unbalance: 0]
[scale_pos_weight: 1]
[sigmoid: 1]
[boost_from_average: 1]
[reg_sqrt: 0]
[alpha: 0.9]
[fair_c: 1]
[poisson_max_delta_step: 0.7]
[tweedie_variance_power: 1.5]
[lambdarank_truncation_level: 30]
[lambdarank_norm: 1]
[label_gain: ]
[lambdarank_position_bias_regularization: 0]
[eval_at: ]
[multi_error_top_k: 1]
[auc_mu_weights: ]
[num_machines: 1]
[local_listen_port: 12400]
[time_out: 120]
[machine_list_filename: ]
[machines: ]
[gpu_platform_id: -1]
[gpu_device_id: -1]
[gpu_device_id_list: ]
[gpu_use_dp: 0]
[num_gpu: 1]

end of parameters

pandas_categorical:null
