tree
version=v4
num_class=1
num_tree_per_iteration=1
label_index=0
max_feature_idx=4
objective=regression
feature_names=lead_time humidity temperature pressure precip_spread
feature_infos=[12:120] [30.0007562590988:94.928453658001189] [15.008977665253214:41.993014350968501] [995.11361956149142:1017.9934174955861] [0.058070093786278698:25.094207778483494]
tree_sizes=1364 1447 1448 1453 1449 1443 1450 1448 1444 1449 1451 1449 1454 1457 1458 1453 1464 1464 1466 1454 1452 1468 1457 1468 1464 1470 1466 1473 1459 1468 1460 1473 1470 1471 1457 1469 1477 1466 1462 1470 1477 1474 1474 1478 1481 1477 1480 1476 1470 1472 1481 1479 1478 1473 1473 1481 1473 1476 1472 1481 1460 1476 1476 1470 1487 1491 1475 1480 1470 1469 1485 1476 1486 1472 1488 1477 1475 1477 1467 1480 1480 1478 1483 1475 1472 1481 1477 1481 1474 1475 1484 1487 1476 1484 1481 1472 1486 1483 1475 1481

Tree=0
num_leaves=15
num_cat=0
split_feature=0 4 0 4 4 4 1 4 2 2 3 4 2 4
split_gain=3.04911 1.0643 0.394599 0.198151 0.13462 0.0907646 0.0828182 0.0606305 0.0535776 0.0767417 0.0587861 0.0901615 0.0203407 0.0168055
threshold=60.000000000000007 1.6840454294577485 84.000000000000014 0.93174704072131964 3.578912814219382 1.0341219421387706 57.819826693337092 2.6933282134434147 22.980154959618101 20.82271521182378 1011.0722616395527 3.4664950161635888 24.214974472683945 1.5181004483280993
decision_type=2 2 2 2 2 2 2 2 2 2 2 2 2 2
left_child=3 5 4 -1 -3 -2 7 -4 9 -5 11 13 -8 -10
right_child=1 2 6 8 -6 -7 12 -9 10 -11 -12 -13 -14 -15
leaf_value=0.22217321047192998 0.22090659565887311 0.2168405812474278 0.21714693892488462 0.22415231096724003 0.22164266063379021 0.21874262817124884 0.21425167999199604 0.21356478015145672 0.22347850121374857 0.22810049543519401 0.22543826015927623 0.22044789694349876 0.21280335688964824 0.22519765938950023
leaf_weight=271 111 54 27 32 20 86 32 21 44 20 37 24 100 21
leaf_count=271 111 54 27 32 20 86 32 21 44 20 37 24 100 21
internal_value=0.220108 0.217204 0.215065 0.223024 0.218138 0.219962 0.213801 0.21558 0.224321 0.225671 0.223763 0.223067 0.213154 0.224034
internal_weight=900 451 254 449 74 197 180 48 178 52 126 89 132 65
internal_count=900 451 254 449 74 197 180 48 178 52 126 89 132 65
is_linear=0
shrinkage=1


Tree=1
num_leaves=15
num_cat=0
split_feature=0 4 0 4 4 4 4 2 2 3 4 4 4 1
split_gain=2.75182 0.960528 0.356126 0.178831 0.121495 0.0819151 0.0766271 0.0483538 0.0692594 0.0530545 0.0813708 0.0350945 0.0241116 0.0223907
threshold=60.000000000000007 1.6840454294577485 84.000000000000014 0.93174704072131964 3.578912814219382 1.0341219421387706 2.1417422954240255 22.980154959618101 20.82271521182378 1011.0722616395527 3.4664950161635888 3.4195577598050142 5.9351930192480662 55.80824216273367
decision_type=2 2 2 2 2 2 2 2 2 2 2 2 2 2
left_child=3 5 4 -1 -3 -2 -4 8 -5 10 -9 13 -13 -8
right_child=1 2 6 7 -6 -7 11 9 -10 -11 -12 12 -14 -15
leaf_value=0.0019622097705143788 0.00075892570670525001 -0.0031037879851215557 -0.0032265318980948493 0.0038423551723099081 0.0014581873279530557 -0.0012968434938662795 -0.0043208266317378728 0.0037298852466539339 0.0075931303761899473 0.0050640069917347787 0.00032316183211757258 -0.0076412932481616739 -0.0058324671005485235 -0.0061848933391975523
leaf_weight=271 111 54 22 32 20 86 24 65 20 37 24 58 27 49
leaf_count=271 111 54 22 32 20 86 24 65 20 37 24 58 27 49
internal_value=-2.41886e-11 -0.00275863 -0.00479077 0.00277092 -0.00187082 -0.000138517 -0.00599119 0.00400216 0.00528496 0.00347275 0.00281122 -0.00637615 -0.00706672 -0.00557205
internal_weight=900 451 254 449 74 197 180 178 52 126 89 158 85 73
internal_count=900 451 254 449 74 197 180 178 52 126 89 158 85 73
is_linear=0
shrinkage=0.05


Tree=2
num_leaves=15
num_cat=0
split_feature=0 4 0 4 4 4 4 2 3 4 2 4 4 3
split_gain=2.48352 0.866877 0.321404 0.16848 0.109649 0.0739284 0.0691559 0.0476097 0.0718584 0.0880981 0.0319497 0.0262776 0.0216049 0.0144998
threshold=60.000000000000007 1.6840454294577485 84.000000000000014 1.3097078414514136 3.578912814219382 1.0341219421387706 2.1417422954240255 23.412593314959018 1011.0722616395527 3.4664950161635888 24.214974472683945 0.603684892066222 3.4195577598050142 1006.4945539131451
decision_type=2 2 2 2 2 2 2 2 2 2 2 2 2 2
left_child=3 5 4 11 -3 -2 -4 -5 9 -9 13 -1 -12 -8
right_child=1 2 6 7 -6 -7 10 8 -10 -11 12 -13 -14 -15
leaf_value=0.0016071834280609904 0.00072097941196884398 -0.0029485986511981876 -0.0030652052722871304 0.0057470086741739437 0.0013852781883906574 -0.0012320011986619564 -0.0040129494906233796 0.0043144403083715593 0.0058670151707095409 0.00030700381545708904 -0.0057158950013013526 0.0024969070530330233 -0.0071109682854512361 -0.0058084324650142507
leaf_weight=164 111 54 22 37 20 86 22 32 24 24 49 168 64 23
leaf_count=164 111 54 22 37 20 86 22 32 24 24 49 168 64 23
internal_value=5.58511e-12 -0.0026207 -0.00455123 0.00263237 -0.00177728 -0.000131591 -0.00569163 0.00426391 0.00357798 0.00259697 -0.00605734 0.00205741 -0.00650603 -0.00493064
internal_weight=900 451 254 449 74 197 180 117 80 56 158 332 113 45
internal_count=900 451 254 449 74 197 180 117 80 56 158 332 113 45
is_linear=0
shrinkage=0.05


Tree=3
num_leaves=15
num_cat=0
split_feature=0 4 0 4 4 4 1 4 2 3 4 4 3 4
split_gain=2.24138 0.782356 0.290067 0.152053 0.0989583 0.0667204 0.0651574 0.0489973 0.0429678 0.0648522 0.0795085 0.0239014 0.0177291 0.0209111
threshold=60.000000000000007 1.6840454294577485 84.000000000000014 1.3097078414514136 3.578912814219382 1.0341219421387706 57.819826693337092 2.6581558417146889 23.412593314959018 1011.0722616395527 3.4664950161635888 0.72023647047576345 1014.2066405989918 3.2411155410856147
decision_type=2 2 2 2 2 2 2 2 2 2 2 2 2 2
left_child=3 5 4 11 -3 -2 7 -4 -5 10 -10 -1 13 -8
right_child=1 2 6 8 -6 -7 12 -9 9 -11 -12 -13 -14 -15
leaf_value=0.0016248621581941122 0.00068493044458886587 -0.0028011687385043373 -0.0023600394497267328 0.0054596581011758863 0.001316014324547723 -0.0011704012418577319 -0.0054051501390693542 -0.0055661511596884925 0.0040987181186210369 0.0055736642934789415 0.00029165346216662632 0.0025004725988022982 -0.0047192406622976399 -0.0068166764523350425
leaf_weight=207 111 54 26 37 20 86 44 22 32 24 24 125 23 65
leaf_count=207 111 54 26 37 20 86 44 22 32 24 24 125 23 65
internal_value=-1.94745e-11 -0.00248967 -0.00432367 0.00250076 -0.00168842 -0.000125011 -0.00540705 -0.00382951 0.00405072 0.00339908 0.00246712 0.00195453 -0.00598071 -0.00624689
internal_weight=900 451 254 449 74 197 180 48 117 80 56 332 132 109
internal_count=900 451 254 449 74 197 180 48 117 80 56 332 132 109
is_linear=0
shrinkage=0.05


Tree=4
num_leaves=15
num_cat=0
split_feature=0 4 0 4 4 4 1 4 2 3 4 4 2 0
split_gain=2.02284 0.706077 0.261785 0.137228 0.0893099 0.0602151 0.0588045 0.0442201 0.0387784 0.0585291 0.0717564 0.0219228 0.0160903 0.0136518
threshold=60.000000000000007 1.6840454294577485 84.000000000000014 1.3097078414514136 3.578912814219382 1.0341219421387706 57.819826693337092 2.6581558417146889 23.412593314959018 1011.0722616395527 3.4664950161635888 0.603684892066222 24.214974472683945 84.000000000000014
decision_type=2 2 2 2 2 2 2 2 2 2 2 2 2 2
left_child=3 5 4 11 -3 -2 7 -4 -5 10 -10 -1 -8 -7
right_child=1 2 6 8 -6 13 12 -9 9 -11 -12 -13 -14 -15
leaf_value=0.0014455811529443033 0.00065068392684003592 -0.0026611102383025421 -0.0022420374658675148 0.0051866753662407807 0.0012502133191446775 -0.0018198985557414983 -0.0047058041280251929 -0.0052878435875754809 0.0038937822915613655 0.0052949812266888333 0.00027707093443799148 0.0022582437831130979 -0.0059939472738187762 -0.00055136722755075123
leaf_weight=164 111 54 26 37 20 38 32 22 32 24 24 168 100 48
leaf_count=164 111 54 26 37 20 38 32 22 32 24 24 168 100 48
internal_value=3.58786e-12 -0.00236518 -0.00410749 0.00237572 -0.001604 -0.000118761 -0.0051367 -0.00363803 0.00384818 0.00322913 0.00234376 0.00185681 -0.00568167 -0.00111188
internal_weight=900 451 254 449 74 197 180 48 117 80 56 332 132 86
internal_count=900 451 254 449 74 197 180 48 117 80 56 332 132 86
is_linear=0
shrinkage=0.05


Tree=5
num_leaves=15
num_cat=0
split_feature=0 4 0 4 4 4 4 3 3 4 4 2 4 0
split_gain=1.82562 0.637234 0.236261 0.124115 0.0806022 0.054754 0.0542243 0.0502074 0.040807 0.0378848 0.0273039 0.0257329 0.017171 0.0157634
threshold=60.000000000000007 1.6840454294577485 84.000000000000014 1.6840454294577485 3.578912814219382 0.90591324374630289 2.1351152889616491 1003.9267010818587 1008.528787134053 3.9602453863187841 0.9260057939770997 24.214974472683945 3.4195577598050142 84.000000000000014
decision_type=2 2 2 2 2 2 2 2 2 2 2 2 2 2
left_child=3 5 4 10 -3 -2 -4 -5 -9 -10 -1 -8 -13 -7
right_child=1 2 6 7 -6 13 11 8 9 -11 -12 12 -14 -15
leaf_value=0.0015793256186219908 0.00076867245858715434 -0.0025280547572981084 -0.0024919449540209914 0.0055197636762093156 0.0011877027107402684 -0.0015922989947126634 -0.0041828276951693831 0.0012622234137130105 0.0023866841546259822 0.0053934586451346569 0.0025987846740881445 -0.00490063451603055 -0.0061372793526970788 -0.00035287687426497201
leaf_weight=268 93 54 21 31 20 46 45 21 20 22 87 50 64 58
leaf_count=268 93 54 21 31 20 46 45 21 20 22 87 50 64 58
internal_value=2.06961e-13 -0.00224692 -0.00390211 0.00225693 -0.0015238 -0.000112823 -0.00487986 0.00387244 0.00306185 0.00396166 0.00182916 -0.00519525 -0.00559489 -0.000901083
internal_weight=900 451 254 449 74 197 180 94 63 42 355 159 114 104
internal_count=900 451 254 449 74 197 180 94 63 42 355 159 114 104
is_linear=0
shrinkage=0.05


Tree=6
num_leaves=15
num_cat=0
split_feature=0 4 0 4 4 1 4 4 2 3 4 4 3 4
split_gain=1.64762 0.575104 0.213226 0.112057 0.0727435 0.0504497 0.0499016 0.0383281 0.0354096 0.0522174 0.0661084 0.0188025 0.0155607 0.0168877
threshold=60.000000000000007 1.6840454294577485 84.000000000000014 1.3097078414514136 3.578912814219382 57.819826693337092 1.0341219421387706 2.6933282134434147 23.412593314959018 1011.0722616395527 3.4664950161635888 0.603684892066222 1014.2066405989918 3.2411155410856147
decision_type=2 2 2 2 2 2 2 2 2 2 2 2 2 2
left_child=3 6 4 11 -3 7 -2 -4 -5 10 -10 -1 13 -7
right_child=1 2 5 8 -6 12 -8 -9 9 -11 -12 -13 -14 -15
leaf_value=0.0012943358105187101 0.00059327613079903632 -0.0024016519732497359 -0.0020016924577282258 0.0047537026423457515 0.0011283178090525324 -0.004633582279678773 -0.0010112606978509575 -0.0048498090001798813 0.0035346183023648339 0.0048344030089841304 6.3162199027525881e-05 0.0020469471088983399 -0.0039588375199262216 -0.0059020667537473719
leaf_weight=164 111 54 27 37 20 44 86 21 32 24 24 168 23 65
leaf_count=164 111 54 27 37 20 44 86 21 32 24 24 168 23 65
internal_value=9.07069e-12 -0.00213458 -0.00370701 0.00214409 -0.00144761 -0.00463587 -0.000107182 -0.00324774 0.00347467 0.00288312 0.00204685 0.00167518 -0.00514065 -0.00539002
internal_weight=900 451 254 449 74 180 197 48 117 80 56 332 132 109
internal_count=900 451 254 449 74 180 197 48 117 80 56 332 132 109
is_linear=0
shrinkage=0.05


Tree=7
num_leaves=15
num_cat=0
split_feature=0 4 0 4 4 3 4 1 3 4 4 4 2 2
split_gain=1.48698 0.519031 0.192436 0.103359 0.065651 0.0476846 0.0459528 0.0455309 0.0350163 0.0345974 0.0342401 0.0224338 0.016126 0.0170162
threshold=60.000000000000007 1.6840454294577485 84.000000000000014 1.6840454294577485 3.578912814219382 1003.9267010818587 0.74012101894685223 57.819826693337092 1008.528787134053 2.6581558417146889 3.9602453863187841 0.72575362533326471 23.581243728211245 37.878623956046773
decision_type=2 2 2 2 2 2 2 2 2 2 2 2 2 2
left_child=3 6 4 11 -3 -5 -2 9 -7 -4 -10 -1 -8 -14
right_child=1 2 7 5 -6 8 12 -9 10 -11 -12 -13 13 -15
leaf_value=0.0013181586816887068 0.00089345039921008963 -0.0022815694220803887 -0.0018505580810597166 0.0051165376110152618 0.0010719015760696493 0.0010541156372277155 -0.0016970611417976519 -0.0048836133228509103 0.0020573971443809571 -0.0045446632768620151 0.0049158805536783558 0.0021276521950817878 -1.5895633023811151e-05 -0.0016596396826207638
leaf_weight=211 73 54 26 31 20 21 30 132 20 22 22 144 74 20
leaf_count=211 73 54 26 31 20 21 30 132 20 22 22 144 74 20
internal_value=4.02926e-12 -0.00202785 -0.00352166 0.00203688 -0.00137523 0.00351113 -0.000101822 -0.00440408 0.00272117 -0.00308536 0.0035547 0.00164652 -0.000687749 -0.000365628
internal_weight=900 451 254 449 74 94 197 180 63 48 42 355 124 94
internal_count=900 451 254 449 74 94 197 180 63 48 42 355 124 94
is_linear=0
shrinkage=0.05


Tree=8
num_leaves=15
num_cat=0
split_feature=0 4 0 4 4 3 4 4 3 4 2 4 4 2
split_gain=1.342 0.468426 0.173674 0.0932815 0.05925 0.0430354 0.0425554 0.0418813 0.0316022 0.0309017 0.0224626 0.0207248 0.0130903 0.0129609
threshold=60.000000000000007 1.6840454294577485 84.000000000000014 1.6840454294577485 3.578912814219382 1003.9267010818587 2.1351152889616491 1.0341219421387706 1008.528787134053 3.9602453863187841 24.214974472683945 0.9260057939770997 3.4195577598050142 24.326602280769375
decision_type=2 2 2 2 2 2 2 2 2 2 2 2 2 2
left_child=3 7 4 11 -3 -5 -4 -2 -7 -10 -8 -1 -12 -9
right_child=1 2 6 5 -6 8 10 13 9 -11 12 -13 -14 -15
leaf_value=0.0013465232824585913 0.00054497228437711627 -0.0021674909571797966 -0.0020684379694839231 0.0048607107571085858 0.0010183065466117115 0.0010014098575560466 -0.0035173665059523452 -0.0017855285931828208 0.0019545273086987438 0.0046700864183631813 -0.0042304801021236923 0.002234706718303349 -0.005310229134101974 -0.00048715208264950077
leaf_weight=268 111 54 21 31 20 21 45 29 20 22 50 87 64 57
leaf_count=268 111 54 21 31 20 21 45 29 20 22 50 87 64 57
internal_value=-3.18929e-12 -0.00192646 -0.00334557 0.00193504 -0.00130646 0.00333558 -0.00418387 -9.67313e-05 0.00258511 0.00337696 -0.00446327 0.00156419 -0.00483665 -0.000924977
internal_weight=900 451 254 449 74 94 180 197 63 42 159 355 114 86
internal_count=900 451 254 449 74 94 180 197 63 42 159 355 114 86
is_linear=0
shrinkage=0.05


Tree=9
num_leaves=15
num_cat=0
split_feature=0 4 0 4 4 3 1 4 3 4 4 4 0 2
split_gain=1.21115 0.422754 0.15674 0.0841866 0.0534731 0.0390628 0.0390369 0.0387055 0.0310052 0.0300001 0.0278888 0.0189184 0.015503 0.0220168
threshold=60.000000000000007 1.6840454294577485 84.000000000000014 1.6840454294577485 3.578912814219382 1004.1359337045157 57.819826693337092 0.74012101894685223 1008.528787134053 2.6933282134434147 3.9602453863187841 0.79535947630920323 84.000000000000014 26.364528365959014
decision_type=2 2 2 2 2 2 2 2 2 2 2 2 2 2
left_child=3 7 4 11 -3 -5 9 -2 -7 -4 -10 -1 -9 -14
right_child=1 2 6 5 -6 8 -8 12 10 -11 -12 -13 13 -15
leaf_value=0.0012251526067538704 0.00082152926248370511 -0.0020591163687303953 -0.0016512189211358352 0.0045875560997956201 0.00096739142783917496 0.00081621321849524977 -0.0044187032803606465 -0.001276717377049005 0.0018568009464070203 -0.0041709882451132652 0.0044365821617909458 0.0019967706022240845 -0.0010914314220744101 0.00067390391456061301
leaf_weight=235 73 54 27 32 20 20 132 53 20 21 22 120 33 38
leaf_count=235 73 54 27 32 20 20 132 53 20 21 22 120 33 38
internal_value=-4.96977e-12 -0.00183013 -0.0031783 0.00183829 -0.00124114 0.0031688 -0.00397468 -9.18948e-05 0.00243653 -0.00275362 0.00320811 0.00148598 -0.000629636 -0.000146604
internal_weight=900 451 254 449 74 94 180 197 62 48 42 355 124 71
internal_count=900 451 254 449 74 94 180 197 62 48 42 355 124 71
is_linear=0
shrinkage=0.05


Tree=10
num_leaves=15
num_cat=0
split_feature=0 4 0 4 4 4 4 2 4 2 0 2 3 4
split_gain=1.09306 0.381536 0.141458 0.0763091 0.0482595 0.036019 0.0349317 0.0321952 0.0682004 0.020091 0.0139915 0.0198701 0.011639 0.0112656
threshold=60.000000000000007 1.6840454294577485 84.000000000000014 0.93174704072131964 3.578912814219382 2.1351152889616491 0.74012101894685223 37.486786446182684 3.8698740806403467 24.214974472683945 84.000000000000014 26.364528365959014 1001.2851968824616 3.538065862823458
decision_type=2 2 2 2 2 2 2 2 2 2 2 2 2 2
left_child=3 6 4 -1 -3 -4 -2 8 12 -7 -8 -12 -5 -11
right_child=1 2 5 7 -6 9 10 -9 -10 13 11 -13 -14 -15
leaf_value=0.0012180958281815006 0.00078045279648767361 -0.0019561605336127319 -0.0018297411135530899 0.0012718147095292808 0.0009190216098795645 -0.0031384150784773131 -0.001212881525697292 0.0010264292295122969 0.0046755858372259686 -0.0038621845232598762 -0.0010368599034281392 0.00064020878635346896 0.0024974729368316961 -0.0048576525916966297
leaf_weight=271 73 54 21 25 20 45 53 29 38 54 33 38 86 60
leaf_count=271 73 54 21 25 20 45 53 29 38 54 33 38 86 60
internal_value=1.25243e-11 -0.00173863 -0.00301938 0.00174637 -0.00117908 -0.00377595 -8.73e-05 0.00255066 0.00284732 -0.00403299 -0.000598155 -0.000139274 0.00222142 -0.00438612
internal_weight=900 451 254 449 74 180 197 178 149 159 124 71 111 114
internal_count=900 451 254 449 74 180 197 178 149 159 124 71 111 114
is_linear=0
shrinkage=0.05


Tree=11
num_leaves=15
num_cat=0
split_feature=0 4 0 4 4 1 4 2 2 3 4 4 3 4
split_gain=0.98649 0.344336 0.127666 0.068869 0.0435542 0.0334547 0.0323059 0.0291199 0.0620335 0.0297274 0.0608295 0.0259791 0.0136842 0.0124775
threshold=60.000000000000007 1.6840454294577485 84.000000000000014 0.93174704072131964 3.578912814219382 57.819826693337092 1.0341219421387706 22.980154959618101 20.82271521182378 1011.0722616395527 3.4664950161635888 2.6581558417146889 1014.2066405989918 3.2411155410856147
decision_type=2 2 2 2 2 2 2 2 2 2 2 2 2 2
left_child=3 6 4 -1 -3 11 -2 8 -5 10 -9 -4 13 -7
right_child=1 2 5 7 -6 12 -8 9 -10 -11 -12 -13 -14 -15
leaf_value=0.0011571910043506508 0.00048065787544736537 -0.0018583525454569435 -0.0013867510587890419 0.0020533374932711012 0.00087307063848129473 -0.0035818476928398016 -0.000810363092919985 0.0023113908170937347 0.0056030636280775077 0.0032034099757249747 -0.00063411421724595134 -0.0037213110724802719 -0.0028899398956285871 -0.0046721933244799193
leaf_weight=271 111 54 26 32 20 44 86 65 20 37 24 22 23 65
leaf_count=271 111 54 26 32 20 44 86 65 20 37 24 22 23 65
internal_value=-1.58621e-11 -0.0016517 -0.00286841 0.00165905 -0.00112013 -0.00358715 -8.2935e-05 0.00242312 0.00341862 0.00201228 0.0015171 -0.00245676 -0.0039982 -0.00423205
internal_weight=900 451 254 449 74 180 197 178 52 126 89 48 132 109
internal_count=900 451 254 449 74 180 197 178 52 126 89 48 132 109
is_linear=0
shrinkage=0.05


Tree=12
num_leaves=15
num_cat=0
split_feature=0 4 0 4 4 4 1 4 4 4 0 2 3 4
split_gain=0.890307 0.310763 0.115219 0.0665887 0.0776121 0.0393077 0.0301929 0.0294074 0.0243696 0.0235344 0.012562 0.0177121 0.01235 0.011261
threshold=60.000000000000007 1.6840454294577485 84.000000000000014 3.8698740806403467 6.0326414433736666 3.578912814219382 57.819826693337092 0.74012101894685223 0.9260057939770997 2.6933282134434147 84.000000000000014 26.364528365959014 1014.2066405989918 3.2411155410856147
decision_type=2 2 2 2 2 2 2 2 2 2 2 2 2 2
left_child=3 7 5 8 -5 -3 9 -2 -1 -4 -9 -12 13 -8
right_child=1 2 6 4 -6 -7 12 10 -10 -11 11 -13 -14 -15
leaf_value=0.001094424487751867 0.00071739727519181469 -0.0017654349311703333 -0.0013575186948636894 0.0053447270067408688 0.0012332621517337182 0.00082941722474060952 -0.0034027552094564521 -0.0011299884184000064 0.0019182071280320762 -0.0035892927475894491 -0.00096014747255002012 0.00062323577309909622 -0.0027454429083382309 -0.0044385836495516393
leaf_weight=268 73 54 27 24 22 20 44 53 135 21 33 38 23 65
leaf_count=268 73 54 27 24 22 20 44 53 135 21 33 38 23 65
internal_value=6.90408e-13 -0.00156911 -0.00272499 0.0015761 0.00337837 -0.00106412 -0.00340779 -7.87883e-05 0.00137038 -0.00233392 -0.00054751 -0.000112703 -0.00379829 -0.00402045
internal_weight=900 451 254 449 46 74 180 197 403 48 124 71 132 109
internal_count=900 451 254 449 46 74 180 197 403 48 124 71 132 109
is_linear=0
shrinkage=0.05


Tree=13
num_leaves=15
num_cat=0
split_feature=0 4 0 4 4 4 4 4 4 2 1 3 2 3
split_gain=0.803502 0.280464 0.103985 0.0600963 0.0700449 0.0354752 0.0279341 0.0269509 0.0219936 0.0172391 0.0108743 0.0106202 0.00996924 0.00810204
threshold=60.000000000000007 1.6840454294577485 84.000000000000014 3.8698740806403467 6.0326414433736666 3.578912814219382 2.1351152889616491 1.0341219421387706 0.9260057939770997 24.214974472683945 84.8568088167425 1006.4945539131451 24.326602280769375 1010.6455023766955
decision_type=2 2 2 2 2 2 2 2 2 2 2 2 2 2
left_child=3 7 5 8 -5 -3 -4 -2 -1 11 -10 -8 -9 -14
right_child=1 2 6 4 -6 -7 9 12 10 -11 -12 -13 13 -15
leaf_value=0.0010397032670608943 0.00043991888558118697 -0.0016771631129948355 -0.0015234848096345862 0.0050774905985842148 0.0011715988882563331 0.00078794626286253326 -0.0018497270828282291 -0.001493985889828764 0.0020466718524133928 -0.0037908702700709309 0.00092479635366342144 -0.0033863474655410515 0.00010001571047016318 -0.0011357713978560199
leaf_weight=268 111 54 21 24 22 20 22 29 108 114 27 23 36 21
leaf_count=268 111 54 21 24 22 20 22 29 108 114 27 23 36 21
internal_value=-3.73176e-12 -0.00149066 -0.00258874 0.0014973 0.00320946 -0.00101092 -0.0032374 -7.48489e-05 0.00130186 -0.00346377 0.0018223 -0.00263511 -0.000739258 -0.000355274
internal_weight=900 451 254 449 46 74 180 197 403 159 135 45 86 57
internal_count=900 451 254 449 46 74 180 197 403 159 135 45 86 57
is_linear=0
shrinkage=0.05


Tree=14
num_leaves=15
num_cat=0
split_feature=0 4 0 4 3 4 4 1 4 4 4 0 2 3
split_gain=0.725161 0.253119 0.0938463 0.0545866 0.0381857 0.033198 0.0320163 0.0260167 0.0247646 0.0203528 0.0132044 0.0114475 0.0150293 0.0112877
threshold=60.000000000000007 1.6840454294577485 84.000000000000014 1.6840454294577485 1004.1359337045157 4.1708943134062153 3.578912814219382 57.819826693337092 0.74012101894685223 2.6581558417146889 0.603684892066222 84.000000000000014 26.364528365959014 1014.2066405989918
decision_type=2 2 2 2 2 2 2 2 2 2 2 2 2 2
left_child=3 8 6 10 -5 -6 -3 9 -2 -4 -1 -10 -13 -9
right_child=1 2 7 4 5 -7 -8 13 11 -11 -12 12 -14 -15
leaf_value=0.00080965656684938738 0.00065953147172565462 -0.0015933049676176679 -0.0011316105490550398 0.0038965425002970735 0.0028197606955312521 0.00049486405748341768 0.00074854894279269507 -0.0036504112573344811 -0.0010572795002756394 -0.0031979648100042887 0.0014213095347949242 -0.00086679784025446593 0.00059174685248810993 -0.0024314709068478449
leaf_weight=164 73 54 26 32 34 28 20 109 53 22 191 33 38 23
leaf_count=164 73 54 26 32 34 28 20 109 53 22 191 33 38 23
internal_value=3.96196e-12 -0.00141612 -0.0024593 0.00142243 0.0024938 0.00176981 -0.000960371 -0.00307553 -7.11064e-05 -0.00207869 0.00113874 -0.00050124 -8.61683e-05 -0.00343802
internal_weight=900 451 254 449 94 62 74 180 197 48 355 124 71 132
internal_count=900 451 254 449 94 62 74 180 197 48 355 124 71 132
is_linear=0
shrinkage=0.05


Tree=15
num_leaves=15
num_cat=0
split_feature=0 4 0 4 4 3 4 4 4 2 1 4 0 4
split_gain=0.654458 0.228439 0.0846963 0.0531313 0.062634 0.0310605 0.0240473 0.0224724 0.0202139 0.0197055 0.0182632 0.0177624 0.0159868 0.00962945
threshold=60.000000000000007 1.6840454294577485 84.000000000000014 3.8698740806403467 6.0326414433736666 999.43697159413477 3.4195577598050142 1.0341219421387706 5.9351930192480662 29.776301611731871 56.61628591814371 0.72575362533326471 108.00000000000001 2.1112488039208746
decision_type=2 2 2 2 2 2 2 2 2 2 2 2 2 2
left_child=3 7 5 11 -5 -3 9 -2 12 10 -4 -1 -8 -7
right_child=1 2 6 4 -6 13 8 -9 -10 -11 -12 -13 -14 -15
leaf_value=0.00085090112235723734 0.00040250472196242526 0.00077086558128939945 -0.00047817189362831414 0.0047276477096602322 0.001034158240707422 -0.0023727587712485169 -0.003070776624857293 -0.00067425108376652177 -0.0024026212765386815 -0.0030299386884927609 -0.0025440935976803304 0.0015155338426059949 -0.0047562399221693771 -0.001003136132864959
leaf_weight=211 111 20 20 24 22 21 24 86 27 52 23 192 34 33
leaf_count=211 111 20 20 24 22 21 24 86 27 52 23 192 34 33
internal_value=4.07373e-12 -0.00134532 -0.00233634 0.00135131 0.0029612 -0.000912353 -0.00292176 -6.75511e-05 -0.00353272 -0.0023751 -0.0015832 0.00116755 -0.00405881 -0.00153577
internal_weight=900 451 254 449 46 74 180 197 85 95 43 403 58 54
internal_count=900 451 254 449 46 74 180 197 85 95 43 403 58 54
is_linear=0
shrinkage=0.05


Tree=16
num_leaves=15
num_cat=0
split_feature=0 4 0 4 4 3 4 4 4 2 0 2 3 3
split_gain=0.590648 0.206167 0.0764384 0.047951 0.0565271 0.0280321 0.0225651 0.0208621 0.0161873 0.0144704 0.0102821 0.0134039 0.00991794 0.00923765
threshold=60.000000000000007 1.6840454294577485 84.000000000000014 3.8698740806403467 6.0326414433736666 999.43697159413477 2.1351152889616491 0.74012101894685223 0.603684892066222 24.214974472683945 84.000000000000014 26.364528365959014 1010.6455023766955 1006.4945539131451
decision_type=2 2 2 2 2 2 2 2 2 2 2 2 2 2
left_child=3 7 5 8 -5 -3 -4 -2 -1 13 12 -12 -9 -8
right_child=1 2 6 4 -6 -7 9 10 -10 -11 11 -13 -14 -15
leaf_value=0.00072662868933104797 0.0006064296742420395 0.00073232230497524144 -0.0012352391146123411 0.0044912652811035514 0.0009824504917064175 -0.0014589788082048473 -0.0014874361434274099 -0.00040974014010580799 0.0013716711175311884 -0.0032788054523974243 -0.00080279699212758608 0.0005746203189789269 -0.0017978582383048804 -0.0029205538214781609
leaf_weight=164 73 20 21 24 22 54 22 31 239 114 33 38 22 23
leaf_count=164 73 20 21 24 22 54 22 31 239 114 33 38 22 23
internal_value=6.82869e-12 -0.00127805 -0.00221952 0.00128374 0.00281314 -0.000866735 -0.00277567 -6.41735e-05 0.00110917 -0.00297912 -0.000458964 -6.55877e-05 -0.00098594 -0.00221992
internal_weight=900 451 254 449 46 74 180 197 403 159 124 71 53 45
internal_count=900 451 254 449 46 74 180 197 403 159 124 71 53 45
is_linear=0
shrinkage=0.05


Tree=17
num_leaves=15
num_cat=0
split_feature=0 4 0 4 4 4 1 4 4 4 3 1 4 3
split_gain=0.53306 0.186065 0.0689857 0.0432757 0.0510157 0.0273098 0.0206209 0.0188281 0.0167181 0.0151035 0.0102226 0.0100661 0.00977635 0.00946743
threshold=60.000000000000007 1.6840454294577485 84.000000000000014 3.8698740806403467 6.0326414433736666 3.578912814219382 57.819826693337092 0.74012101894685223 2.6581558417146889 0.93174704072131964 1013.794622060671 84.8568088167425 3.2411155410856147 1014.512826668083
decision_type=2 2 2 2 2 2 2 2 2 2 2 2 2 2
left_child=3 7 5 9 -5 -3 8 -2 -4 -1 12 -11 -8 -9
right_child=1 2 6 4 -6 -7 10 13 -10 11 -12 -13 -14 -15
leaf_value=0.00084008556506645908 0.00057610817598848765 -0.0014079613739374542 -0.00089105888305661776 0.0042667019180953501 0.00093332778620110321 0.00075492115778615695 -0.002603397817285948 -0.00023311386635303314 -0.0027638342633674092 0.0017137114200297566 -0.0020918870163667536 0.00063125145561234277 -0.0035845198039521258 -0.0013767438792538916
leaf_weight=271 73 54 26 24 22 20 43 102 22 105 27 27 62 22
leaf_count=271 73 54 26 24 22 20 43 102 22 105 27 27 62 22
internal_value=-9.12971e-12 -0.00121415 -0.00210855 0.00121956 0.00267248 -0.000823399 -0.00263688 -6.09649e-05 -0.00174941 0.00105371 -0.0029596 0.0014923 -0.00318273 -0.000436016
internal_weight=900 451 254 449 46 74 180 197 48 403 132 132 105 124
internal_count=900 451 254 449 46 74 180 197 48 403 132 132 105 124
is_linear=0
shrinkage=0.05


Tree=18
num_leaves=15
num_cat=0
split_feature=0 4 0 4 4 2 1 4 4 4 2 3 2 3
split_gain=0.481086 0.167924 0.0622596 0.0390564 0.0460417 0.0265883 0.0213965 0.0188391 0.0175209 0.0137629 0.0127304 0.00822388 0.00819117 0.00678747
threshold=60.000000000000007 1.6840454294577485 84.000000000000014 3.8698740806403467 6.0326414433736666 32.949194741219628 73.62896344236394 2.1351152889616491 1.0341219421387706 0.603684892066222 24.214974472683945 1006.4945539131451 24.326602280769375 1001.2851968824616
decision_type=2 2 2 2 2 2 2 2 2 2 2 2 2 2
left_child=3 8 5 9 -5 6 -3 -4 -2 -1 11 -9 -10 -11
right_child=1 2 7 4 -6 -7 -8 10 12 13 -12 -13 -14 -15
leaf_value=0.00064829297047165201 0.00035713623232745174 -0.0002233826666183415 -0.0010975260886230641 0.0040533668982485928 0.00088666145986115389 0.00058574953145580373 -0.0023190300355932342 -0.0012877187310633335 -0.0012777441993138978 0.0008116763960405286 -0.0029720291818018285 -0.0026399140306950911 -0.00024556349840407308 0.0014076511742568774
leaf_weight=164 111 21 21 24 22 24 29 22 29 66 114 23 57 173
leaf_count=164 111 21 21 24 22 24 29 22 29 66 114 23 57 173
internal_value=-7.70615e-12 -0.00115344 -0.00200312 0.00115858 0.00253886 -0.000782229 -0.00143886 -0.00250504 -5.79166e-05 0.00100103 -0.00269094 -0.00197884 -0.000593624 0.00124307
internal_weight=900 451 254 449 46 74 50 180 197 403 159 45 86 239
internal_count=900 451 254 449 46 74 50 180 197 403 159 45 86 239
is_linear=0
shrinkage=0.05


Tree=19
num_leaves=15
num_cat=0
split_feature=0 4 0 1 3 1 1 3 1 4 2 4 1 4
split_gain=0.434181 0.151551 0.0561892 0.0360111 0.0253766 0.0195595 0.071352 0.039115 0.0201382 0.0344523 0.0323803 0.0205109 0.0177571 0.015847
threshold=60.000000000000007 1.6840454294577485 84.000000000000014 91.697284784609835 999.43697159413477 84.79808289048772 79.469144399763195 1006.6532941892227 75.898618032126834 1.1351045729964879 33.7786273718554 1.7368564113272928 57.819826693337092 0.74012101894685223
decision_type=2 2 2 2 2 2 2 2 2 2 2 2 2 2
left_child=3 13 4 5 -3 6 8 -7 9 -1 11 -11 -4 -2
right_child=1 2 12 -5 -6 7 -8 -9 -10 10 -12 -13 -14 -15
leaf_value=0.00077041071797277175 0.00052944594780493482 0.00077831563714426011 -0.0015562461766724786 0.0031745065725408495 -0.0013066107825377713 0.0017398631482917284 0.0034676548986074828 -0.0010736970781969528 -0.00044088622368872171 0.0018136901224497706 0.00037150703370571138 0.0039333251781672948 -0.0026792578067574087 -0.0003991020454240272
leaf_weight=257 73 20 48 20 54 21 30 30 25 25 20 21 132 124
leaf_count=257 73 20 48 20 54 21 30 30 25 25 20 21 132 124
internal_value=-2.60924e-12 -0.00109577 -0.00190296 0.00110065 -0.000743117 0.00100397 0.00112798 8.48277e-05 0.000926281 0.0010321 0.00205109 0.00278135 -0.00237979 -5.50208e-05
internal_weight=900 451 254 449 74 429 378 51 348 323 66 46 180 197
internal_count=900 451 254 449 74 429 378 51 348 323 66 46 180 197
is_linear=0
shrinkage=0.05


Tree=20
num_leaves=15
num_cat=0
split_feature=0 4 0 4 4 4 4 4 2 1 4 0 3 4
split_gain=0.391848 0.136775 0.0507108 0.0342124 0.0414248 0.0247796 0.0169625 0.0184502 0.0151133 0.0148612 0.0147908 0.01479 0.0121381 0.0116204
threshold=60.000000000000007 1.6840454294577485 84.000000000000014 3.8698740806403467 6.0326414433736666 3.578912814219382 3.4195577598050142 5.9351930192480662 29.776301611731871 56.61628591814371 1.3023056659183394 108.00000000000001 1006.7953009196641 0.72023647047576345
decision_type=2 2 2 2 2 2 2 2 2 2 2 2 2 2
left_child=3 10 5 13 -5 -3 8 11 9 -4 -2 -8 -12 -1
right_child=1 2 6 4 -6 -7 7 -9 -10 -11 12 -13 -14 -15
leaf_value=0.00063690187126636552 0.000193631461815246 -0.0012627875622085952 -0.00011135593988001348 0.0037740379183863605 0.0007702977441526441 0.00079746965755475682 -0.002326211352677395 -0.0016942583041748517 -0.0023751619092833541 -0.0019749542860233267 8.5977855182829371e-05 -0.0039473595152444696 -0.0015168061344108235 0.0011740810746436628
leaf_weight=207 149 54 20 24 22 20 24 27 52 23 21 34 27 196
leaf_count=207 149 54 20 24 22 20 24 27 52 23 21 34 27 196
internal_value=3.85868e-12 -0.00104098 -0.00180781 0.00104562 0.00233747 -0.000705961 -0.0022608 -0.00277393 -0.00180168 -0.00110816 -5.22698e-05 -0.00327654 -0.000815588 0.00089816
internal_weight=900 451 254 449 46 74 180 85 95 43 197 58 48 403
internal_count=900 451 254 449 46 74 180 85 95 43 197 58 48 403
is_linear=0
shrinkage=0.05


Tree=21
num_leaves=15
num_cat=0
split_feature=0 4 0 4 2 4 4 3 4 0 1 0 3 1
split_gain=0.353643 0.123802 0.0543957 0.0326311 0.0260474 0.0196537 0.0130328 0.0123501 0.0159228 0.0114413 0.0107702 0.00937436 0.00925299 0.0605935
threshold=60.000000000000007 1.9185319158424916 84.000000000000014 5.1916038901268307 32.949194741219628 1.3023056659183394 0.93174704072131964 1015.0273186067008 3.4195577598050142 84.000000000000014 75.669865828536828 108.00000000000001 1010.3264054535676 73.869056830618646
decision_type=2 2 2 2 2 2 2 2 2 2 2 2 2 2
left_child=3 5 4 6 -3 -2 -1 8 10 -7 -4 -10 -8 -14
right_child=1 2 7 -5 -6 9 12 -9 11 -11 -12 -13 13 -15
leaf_value=0.00067480624130469749 0.0001839498878337893 -0.0012711235479517385 -0.0015312900840028845 0.0026154751973708388 0.00091304207176324875 -0.0015073211978812073 0.0015161410616621233 -0.0011226072774401733 -0.0022268667085362332 -0.00024233743166312193 -0.0028437316248362716 -0.0033921108798434341 0.0024523759787173378 -0.0012180299855324185
leaf_weight=271 149 39 54 29 21 33 104 21 28 39 22 45 23 22
leaf_count=271 149 39 54 29 21 33 104 21 28 39 22 45 23 22
internal_value=-1.24732e-12 -0.000988931 -0.00180097 0.000993336 -0.000506666 -0.00014382 0.000881331 -0.00225779 -0.00241778 -0.000822122 -0.00191121 -0.00294517 0.00125696 0.000657955
internal_weight=900 451 230 449 60 221 420 170 149 72 76 73 149 45
internal_count=900 451 230 449 60 221 420 170 149 72 76 73 149 45
is_linear=0
shrinkage=0.05


Tree=22
num_leaves=15
num_cat=0
split_feature=0 4 0 1 2 1 1 1 1 4 2 1 4 2
split_gain=0.319163 0.111732 0.0490921 0.0313235 0.0235077 0.0183652 0.0634456 0.0364239 0.0183931 0.0270341 0.0293533 0.0189231 0.0177799 0.0115315
threshold=60.000000000000007 1.9185319158424916 84.000000000000014 91.697284784609835 32.949194741219628 84.79808289048772 79.469144399763195 88.18037283231844 75.898618032126834 1.1351045729964879 33.7786273718554 64.772564205640649 1.0341219421387706 24.214974472683945
decision_type=2 2 2 2 2 2 2 2 2 2 2 2 2 2
left_child=3 12 4 5 -3 6 8 -7 9 -1 11 -11 -2 -4
right_child=1 2 13 -5 -6 7 -8 -9 -10 10 -12 -13 -14 -15
leaf_value=0.00065278987162873325 0.00030982213226977637 -0.0012075673861545511 -0.001488376975855014 0.0028778441867325457 0.00086739000980742278 -0.00134740942258549 0.003179909310031993 0.0013255443639936858 -0.00052312144078314304 0.0015115922918388001 0.00018809350207448007 0.0035417439405467706 -0.00058713881902142681 -0.0024032007515445721
leaf_weight=257 111 39 48 20 21 26 30 25 25 24 20 22 110 122
leaf_count=257 111 39 48 20 21 26 30 25 25 24 20 22 110 122
internal_value=2.31214e-12 -0.000939485 -0.00171092 0.000943669 -0.000481332 0.000853498 0.000973663 -3.7138e-05 0.00078347 0.000884599 0.00178725 0.00248253 -0.000136629 -0.0021449
internal_weight=900 451 230 449 60 429 378 51 348 323 66 46 221 170
internal_count=900 451 230 449 60 429 378 51 348 323 66 46 221 170
is_linear=0
shrinkage=0.05


Tree=23
num_leaves=15
num_cat=0
split_feature=0 4 0 1 1 1 4 1 4 4 2 2 2 1
split_gain=0.288044 0.100861 0.0369242 0.0282695 0.0251433 0.0169718 0.0617451 0.0156701 0.0134675 0.0121646 0.0095223 0.00952158 0.0137258 0.0133965
threshold=60.000000000000007 1.6840454294577485 84.000000000000014 91.697284784609835 73.62896344236394 87.282434968863484 3.9602453863187841 83.962852040998357 2.1351152889616491 0.74012101894685223 24.214974472683945 37.878623956046773 23.581243728211245 41.63516207093339
decision_type=2 2 2 2 2 2 2 2 2 2 2 2 2 2
left_child=3 9 4 5 -3 6 -1 -6 -4 -2 -10 12 -11 -14
right_child=1 2 8 -5 7 -7 -8 -9 10 11 -12 -13 13 -15
leaf_value=0.00072712319783161555 0.00046860346975672538 0.0005053743642444412 -0.00074749824901421862 0.0027339519679662771 -0.0023593143061069505 -0.00026110251654994071 0.0031239141806446275 -0.00047019970585571847 -0.0014788574823695754 -0.0010549478213458011 -0.0023378329829459913 -0.001344052200438455 -0.00089249372482299812 0.00062235401193093919
leaf_weight=366 73 30 21 20 21 34 29 23 45 30 114 20 20 54
leaf_count=366 73 30 21 20 21 34 29 23 45 30 114 20 20 54
internal_value=-5.49739e-13 -0.00089251 -0.00155102 0.000896486 -0.000610797 0.000810823 0.00090309 -0.00137182 -0.00193755 -4.3473e-05 -0.00209473 -0.000344937 -0.0001528 0.000212936
internal_weight=900 451 254 449 74 429 395 44 180 197 159 124 104 74
internal_count=900 451 254 449 74 429 395 44 180 197 159 124 104 74
is_linear=0
shrinkage=0.05


Tree=24
num_leaves=15
num_cat=0
split_feature=0 4 4 4 4 1 1 3 3 2 1 1 4 4
split_gain=0.25996 0.0918073 0.0275968 0.0747488 0.0474887 0.0255132 0.0179702 0.0218829 0.0336138 0.0160286 0.0356489 0.0608228 0.0407677 0.0204333
threshold=60.000000000000007 1.3023056659183394 5.3497470213382714 7.861996547704293 3.4195577598050142 91.697284784609835 75.669865828536828 1004.4329204249829 1000.0621955858936 40.590399046832765 84.79808289048772 79.469144399763195 1.7825903622641224 2.4101075514582155
decision_type=2 2 2 2 2 2 2 2 2 2 2 2 2 2
left_child=5 -2 4 -4 6 9 7 8 -3 10 11 13 -12 -1
right_child=1 2 3 -5 -6 -7 -8 -9 -10 -11 12 -13 -14 -15
leaf_value=0.00079662925895966792 0.00016773407849101914 -0.0014140322277887243 0.0020446019270457328 -0.0022264940181880126 -0.0027095663491211153 0.002597254365391564 -0.0019069986347208863 -0.001380725947559386 0.00098147871976834718 0.0021174128483315664 0.00065251859590976635 0.0032009743740603045 -0.0023031419003382327 -0.0007478011043175408
leaf_weight=311 149 27 20 21 65 20 56 81 32 21 28 26 20 23
leaf_count=311 149 27 20 21 65 20 56 81 32 21 28 26 20 23
internal_value=4.56768e-13 -0.000847885 -0.00134897 -0.000143033 -0.00153841 0.000851662 -0.00115001 -0.000847217 -0.000114772 0.000770282 0.000700944 0.000871604 -0.000579007 0.000690276
internal_weight=900 451 302 41 261 449 196 140 59 429 408 360 48 334
internal_count=900 451 302 41 261 449 196 140 59 429 408 360 48 334
is_linear=0
shrinkage=0.05


Tree=25
num_leaves=15
num_cat=0
split_feature=0 4 0 4 2 3 3 1 4 4 3 2 4 4
split_gain=0.234614 0.0832458 0.0331046 0.0268034 0.0379752 0.0638502 0.0236293 0.0123217 0.0134062 0.0102885 0.00902639 0.00909088 0.00820079 0.00790192
threshold=60.000000000000007 1.6840454294577485 84.000000000000014 1.8786400456136647 24.326602280769375 1010.0174478962069 999.43697159413477 56.61628591814371 2.6581558417146889 0.74012101894685223 1014.512826668083 23.581243728211245 2.1112488039208746 5.9351930192480662
decision_type=2 2 2 2 2 2 2 2 2 2 2 2 2 2
left_child=3 9 6 -1 -5 -6 -3 8 -4 -2 11 -11 -8 -9
right_child=1 2 7 4 5 -7 12 13 -10 10 -12 -13 -14 -15
leaf_value=0.00062920244543809704 0.00043678660239156793 0.00095464431360596795 -0.00020916996442753335 0.0031650262781315382 -0.00054465570574393498 0.0030035152321770081 -0.0018296321294093061 -0.0021998391583717119 -0.0019356164022941481 -0.0008806530639828583 -0.0012299482430204412 0.00017708523696087101 -0.000565687401897528 -0.0012435058028333716
leaf_weight=369 73 20 23 27 32 21 21 108 22 28 22 74 33 27
leaf_count=369 73 20 23 27 32 21 21 108 22 28 22 74 33 27
internal_value=3.35422e-12 -0.000805491 -0.00140374 0.000809079 0.00163876 0.000861223 -0.000513474 -0.00176973 -0.00105321 -3.41493e-05 -0.000311394 -0.000113274 -0.00105722 -0.00200857
internal_weight=900 451 254 449 80 53 74 180 45 197 124 102 54 135
internal_count=900 451 254 449 80 53 74 180 45 197 124 102 54 135
is_linear=0
shrinkage=0.05


Tree=26
num_leaves=15
num_cat=0
split_feature=0 4 4 4 4 4 1 3 3 2 4 0 4 3
split_gain=0.211739 0.0756601 0.0246741 0.0244621 0.0673966 0.0408314 0.0158772 0.0194039 0.0310293 0.0114246 0.0102664 0.00869802 0.00643805 0.0063956
threshold=60.000000000000007 1.3023056659183394 5.1916038901268307 5.3497470213382714 7.861996547704293 3.4195577598050142 75.669865828536828 1004.4329204249829 1000.0621955858936 33.012750914318978 0.603684892066222 108.00000000000001 1.5957742794106489 1016.2200017618578
decision_type=2 2 2 2 2 2 2 2 2 2 2 2 2 2
left_child=2 13 10 5 -5 6 7 8 -3 -8 -1 -7 -9 -2
right_child=1 3 -4 4 -6 11 9 12 -10 -11 -12 -13 -14 -15
leaf_value=0.00036237429842181086 0.00029672973959970973 -0.0013123006114727576 0.002179189821191389 0.0019925407064147293 -0.0020630692580847869 -0.0019148680014592228 -0.0011085184182100479 -0.0020095591322474536 0.00098927252811336079 -0.0025451136622577906 0.00086908807424777032 -0.0030717922392796029 -0.00099236367985819623 -0.00060995108632715014
leaf_weight=164 126 27 29 20 21 33 31 21 32 25 256 32 60 23
leaf_count=164 126 27 29 20 21 33 31 21 32 25 256 32 60 23
internal_value=2.52314e-12 -0.000765216 0.000768625 -0.0012201 -8.47229e-05 -0.00139846 -0.00103832 -0.0007537 -6.39898e-05 -0.00174986 0.000671228 -0.00248443 -0.00125608 0.000156772
internal_weight=900 451 449 302 41 261 196 140 59 56 420 65 81 149
internal_count=900 451 449 302 41 261 196 140 59 56 420 65 81 149
is_linear=0
shrinkage=0.05


Tree=27
num_leaves=15
num_cat=0
split_feature=0 4 0 1 1 1 4 1 1 4 4 2 2 1
split_gain=0.191094 0.0694426 0.029262 0.0224805 0.0215478 0.0146155 0.0532485 0.0143604 0.0105454 0.0113736 0.00860326 0.00880214 0.0110447 0.0116339
threshold=60.000000000000007 1.6840454294577485 84.000000000000014 91.697284784609835 73.62896344236394 87.282434968863484 3.9602453863187841 83.962852040998357 56.61628591814371 2.6581558417146889 0.74012101894685223 37.878623956046773 23.581243728211245 41.63516207093339
decision_type=2 2 2 2 2 2 2 2 2 2 2 2 2 2
left_child=3 10 4 5 -3 6 -1 -6 9 -4 -2 12 -12 -14
right_child=1 2 8 -5 7 -7 -8 -9 -10 -11 11 -13 13 -15
leaf_value=0.00057601438465262921 0.00040818398025443806 0.00059693250417088472 -0.00017716200293406198 0.0023687569791218267 -0.0020861936888347072 -0.00034093147979172717 0.0028017959172098802 -0.00027774718752049881 -0.0018384107044268469 -0.0017673557613637637 -0.00090050274739041927 -0.0012366108631249517 -0.00079331909073516733 0.00061836509827386458
leaf_weight=366 73 30 23 20 21 34 29 23 135 22 30 20 20 54
leaf_count=366 73 30 23 20 21 34 29 23 135 22 30 20 20 54
internal_value=4.94381e-12 -0.000726955 -0.00127336 0.000730193 -0.000436355 0.000653803 0.000739426 -0.00114087 -0.00161746 -0.00095459 -2.24596e-05 -0.000275984 -9.12476e-05 0.000236829
internal_weight=900 451 254 449 74 429 395 44 180 45 197 124 104 74
internal_count=900 451 254 449 74 429 395 44 180 45 197 124 104 74
is_linear=0
shrinkage=0.05


Tree=28
num_leaves=15
num_cat=0
split_feature=0 4 4 4 4 4 3 3 1 2 2 3 3 3
split_gain=0.172463 0.0626719 0.0285215 0.0606362 0.0262576 0.0205721 0.0259435 0.0998061 0.0406818 0.0267213 0.00969076 0.0145648 0.011338 0.0153544
threshold=60.000000000000007 1.6840454294577485 5.3497470213382714 7.861996547704293 3.4195577598050142 1.3097078414514136 1000.0621955858936 1003.9267010818587 73.869056830618646 29.598165079680751 34.7302100432427 1000.3275323913271 1004.3698767759697 1010.0174478962069
decision_type=2 2 2 2 2 2 2 2 2 2 2 2 2 2
left_child=5 -2 4 -4 10 -1 -7 -8 -9 -10 11 -3 -13 -14
right_child=1 2 3 -5 -6 6 7 8 9 -11 -12 12 13 -15
leaf_value=0.00049276974530376792 -2.1336597052454799e-05 -0.0018300168534131863 0.0019682797975838183 -0.0018785529448429033 -0.0022798312902271461 -0.00037589241750538352 0.0047488518781028692 0.0023048348234234648 -0.0012759827678867927 0.0010597376031801105 -0.0016863519985539218 0.00036433328878720882 -0.0018956480812366038 -0.00013050268628701038
leaf_weight=332 197 26 20 21 65 20 20 28 24 25 45 27 22 28
leaf_count=332 197 26 20 21 65 20 20 28 24 25 45 27 22 28
internal_value=1.839e-12 -0.000690607 -0.00120969 -2.04917e-06 -0.00144214 0.000693684 0.0012638 0.00160188 0.000784483 -8.42887e-05 -0.00107424 -0.000806813 -0.000461316 -0.000907167
internal_weight=900 451 254 41 213 449 117 97 77 49 148 103 77 50
internal_count=900 451 254 41 213 449 117 97 77 49 148 103 77 50
is_linear=0
shrinkage=0.05


Tree=29
num_leaves=15
num_cat=0
split_feature=0 4 4 4 4 1 2 1 1 4 4 4 1 3
split_gain=0.155648 0.0573827 0.0209326 0.0547242 0.0311563 0.0204028 0.0139576 0.0314133 0.0519301 0.0387651 0.0226275 0.0249277 0.0125602 0.0168633
threshold=60.000000000000007 1.3023056659183394 5.3497470213382714 7.861996547704293 3.4195577598050142 91.697284784609835 40.590399046832765 84.79808289048772 79.469144399763195 1.7825903622641224 2.4101075514582155 1.6840454294577485 75.669865828536828 1004.4329204249829
decision_type=2 2 2 2 2 2 2 2 2 2 2 2 2 2
left_child=5 -2 4 -4 12 6 7 8 10 -9 11 -1 13 -3
right_child=1 2 3 -5 -6 -7 -8 9 -10 -11 -12 -13 -14 -15
leaf_value=0.00049664376192468476 0.00014686208560550274 -6.5016141950579011e-06 0.0018698658491484823 -0.0017846253035323962 -0.0021658397403706872 0.002220007155992789 0.0018433154860845423 0.00052090967427440254 0.0028340832160141036 -0.0023612424056045711 -0.00099914636786865157 0.0021740760828834029 -0.001535484106612525 -0.0011178163036899527
leaf_weight=287 149 59 20 21 65 20 21 28 26 20 23 24 56 81
leaf_count=287 149 59 20 21 65 20 21 28 26 20 23 24 56 81
internal_value=1.49491e-12 -0.000656077 -0.00105223 -1.94669e-06 -0.00121722 0.000658999 0.000586225 0.000521522 0.000681723 -0.000679987 0.000514174 0.000626092 -0.000902622 -0.000649477
internal_weight=900 451 302 41 261 449 429 408 360 48 334 311 196 140
internal_count=900 451 302 41 261 449 429 408 360 48 334 311 196 140
is_linear=0
shrinkage=0.05


Tree=30
num_leaves=15
num_cat=0
split_feature=0 4 4 2 3 4 4 4 1 3 3 2 0 4
split_gain=0.140472 0.0517879 0.0210504 0.0356884 0.0600949 0.0188916 0.0493886 0.0281185 0.0113355 0.0152191 0.0259916 0.0100122 0.00754692 0.00652439
threshold=60.000000000000007 1.3023056659183394 1.8786400456136647 24.326602280769375 1010.0174478962069 5.3497470213382714 7.861996547704293 3.4195577598050142 75.669865828536828 1004.4329204249829 1000.0621955858936 34.7302100432427 108.00000000000001 1.5957742794106489
decision_type=2 2 2 2 2 2 2 2 2 2 2 2 2 2
left_child=2 -2 -1 -4 -5 7 -7 8 9 10 -3 -10 -9 -11
right_child=1 5 3 4 -6 6 -8 12 11 13 -12 -13 -14 -15
leaf_value=0.0004666419461287281 0.00013951898980049744 -0.0011486689723959123 0.0028409180697053673 -0.00075635155371855944 0.0026858960766167868 0.0017763724946416916 -0.0016953940547647932 -0.001527010145329052 -0.00094084625797612338 -0.0018204390514819397 0.00095780145456956243 -0.0023218159896454642 -0.0026046647170005601 -0.00079644575676259899
leaf_weight=369 149 27 27 32 21 20 21 33 35 21 32 21 32 60
leaf_count=369 149 27 27 32 21 20 21 33 35 21 32 21 32 60
internal_value=-4.03376e-12 -0.000623273 0.00062605 0.00136132 0.000607558 -0.000999618 -1.8494e-06 -0.00115636 -0.00085749 -0.000617003 -6.17654e-06 -0.00145871 -0.00205755 -0.00106193
internal_weight=900 451 449 80 53 302 41 261 196 140 59 56 65 81
internal_count=900 451 449 80 53 302 41 261 196 140 59 56 65 81
is_linear=0
shrinkage=0.05


Tree=31
num_leaves=15
num_cat=0
split_feature=0 4 0 2 4 4 1 1 4 4 4 3 3 2
split_gain=0.126776 0.047836 0.025399 0.02189 0.0194616 0.0421084 0.013981 0.00874678 0.00868602 0.00752872 0.00714541 0.00938226 0.00673086 0.00471979
threshold=60.000000000000007 1.6840454294577485 84.000000000000014 32.949194741219628 3.8698740806403467 6.0326414433736666 73.62896344236394 56.61628591814371 2.6581558417146889 0.38506504437915307 0.62216126639256863 1014.512826668083 1014.2066405989918 23.581243728211245
decision_type=2 2 2 2 2 2 2 2 2 2 2 2 2 2
left_child=4 10 3 6 9 -6 -3 8 -4 -1 -2 13 -9 -12
right_child=1 2 7 -5 5 -7 -8 12 -10 -11 11 -13 -14 -15
leaf_value=5.2645343825088837e-05 0.00050892951193964116 0.00012091806524300151 -8.3100743105878007e-05 0.00097543147082130113 0.003017459623515606 -1.096144657243382e-05 -0.0015730893060741627 -0.0017274130250370945 -0.0014727700036019087 0.00059192319682066085 -0.00047692543303128336 -0.00097187318198848531 -0.00078834024101050333 0.00022250673199263233
leaf_weight=81 50 21 23 24 24 22 29 112 22 322 34 30 23 83
leaf_count=81 50 21 23 24 24 22 29 112 22 322 34 30 23 83
internal_value=-1.32099e-12 -0.00059211 -0.00104561 -0.00026581 0.000594747 0.00156908 -0.000861606 -0.00136619 -0.000762495 0.000483532 -7.39658e-06 -0.000183018 -0.00156742 1.92529e-05
internal_weight=900 451 254 74 449 46 50 180 45 403 197 147 135 117
internal_count=900 451 254 74 449 46 50 180 45 403 197 147 135 117
is_linear=0
shrinkage=0.05


Tree=32
num_leaves=15
num_cat=0
split_feature=0 4 0 3 4 4 3 1 1 4 1 1 4 3
split_gain=0.114415 0.043172 0.0229226 0.0215161 0.0187726 0.00869284 0.00805929 0.0129321 0.00983037 0.00978198 0.00766349 0.0122273 0.0105013 0.0175119
threshold=60.000000000000007 1.6840454294577485 84.000000000000014 999.43697159413477 5.1916038901268307 2.1112488039208746 1001.2433659043785 57.217910785810318 73.312654387814447 4.9111893214203226 88.18037283231844 83.829507491872803 0.93174704072131964 1004.6567568913226
decision_type=2 2 2 2 2 2 2 2 2 2 2 2 2 2
left_child=4 -2 3 -3 10 -5 -4 -8 -9 -10 11 12 -1 -14
right_child=1 2 6 5 -6 -7 7 8 9 -11 -12 -13 13 -15
leaf_value=0.00031720733476151735 -7.0267468250621357e-06 0.0011484155399375596 -0.0018373532770201565 -0.0015666303352364118 0.0017953769496545709 -0.00026531920320297959 -0.00025241993066361723 -0.0021027144197432791 -0.001446159561502017 -0.00011254008160904051 0.001177602070593922 -0.00053742631008067438 0.00019718499897862786 0.0014784880559697436
leaf_weight=245 197 20 50 21 29 33 34 32 44 20 36 31 48 60
leaf_count=245 197 20 50 21 29 33 34 32 44 20 36 31 48 60
internal_value=-3.93387e-12 -0.000562504 -0.000993327 -0.00025252 0.00056501 -0.000771385 -0.00129788 -0.00109039 -0.00138717 -0.0010294 0.000480056 0.000414661 0.000498272 0.00090902
internal_weight=900 451 254 74 449 54 180 130 96 64 420 384 353 108
internal_count=900 451 254 74 449 54 180 130 96 64 420 384 353 108
is_linear=0
shrinkage=0.05


Tree=33
num_leaves=15
num_cat=0
split_feature=0 4 1 4 4 0 1 4 1 3 3 1 1 4
split_gain=0.10326 0.0394577 0.0174016 0.0172155 0.0326465 0.0309799 0.0128526 0.0434686 0.0105804 0.0104606 0.0247341 0.00906046 0.00718977 0.00810908
threshold=60.000000000000007 1.3023056659183394 91.697284784609835 4.7171682421022432 3.538065862823458 108.00000000000001 87.282434968863484 3.9602453863187841 84.8568088167425 1004.3698767759697 999.96128206310311 69.886765405114375 83.684884089237542 0.93174704072131964
decision_type=2 2 2 2 2 2 2 2 2 2 2 2 2 2
left_child=2 -2 6 4 8 -5 7 12 9 10 -3 -11 13 -1
right_child=1 3 -4 5 -6 -7 -8 -9 -10 11 -12 -13 -14 -15
leaf_value=0.00029897532307060948 0.00013144271936305313 -0.0010697503204495219 0.0019783935905434195 0.0010976274443757056 -0.0022086110848855852 -0.001323952630162239 -0.00046326555743957321 0.0024132205687206372 -0.0016067763306050293 -0.0012349500381672661 0.00075848562378637698 -0.00012811820302158593 -0.00051954477821709595 0.00082985844806078644
leaf_weight=244 149 37 20 28 48 25 34 29 31 71 37 25 20 102
leaf_count=244 149 37 20 28 48 25 34 29 31 71 37 25 20 102
internal_value=2.5625e-12 -0.000534379 0.000536759 -0.00086288 -0.00103705 -4.46273e-05 0.00046955 0.000549843 -0.00075727 -0.00060236 -0.000155632 -0.000946713 0.000402198 0.000455478
internal_weight=900 451 449 302 249 53 429 395 201 170 74 96 366 346
internal_count=900 451 449 302 249 53 429 395 201 170 74 96 366 346
is_linear=0
shrinkage=0.05


Tree=34
num_leaves=15
num_cat=0
split_feature=0 4 3 3 2 3 1 1 1 4 4 4 4 4
split_gain=0.093192 0.0359386 0.0201261 0.0417672 0.0237514 0.0225079 0.0162112 0.0394945 0.0406334 0.0243523 0.0211107 0.0198745 0.016106 0.0153528
threshold=60.000000000000007 1.6840454294577485 998.71358258470866 1001.2433659043785 34.7302100432427 1015.0273186067008 88.18037283231844 84.79808289048772 79.469144399763195 2.4101075514582155 1.2422771208517098 1.6840454294577485 4.4407952908075146 4.1426192520094798
decision_type=2 2 2 2 2 2 2 2 2 2 2 2 2 2
left_child=6 -2 13 -4 5 12 7 8 9 11 -8 -1 -5 -3
right_child=1 2 3 4 -6 -7 10 -9 -10 -11 -12 -13 -14 -15
leaf_value=0.00039234399899026038 -8.4912407594298e-07 -0.00083051500398488272 -0.002623057859405841 -0.00033122086698360938 -0.001614236536644105 0.0011569301882991569 0.00039709852208034139 -0.0014753297410117321 0.0023049154140365622 -0.0011163250021636486 0.0025678612962933369 0.0018878154281992466 -0.001841339671417423 0.0011051534349098802
leaf_weight=299 197 21 37 76 57 20 24 26 30 25 21 24 23 20
leaf_count=299 197 21 37 76 57 20 24 26 30 25 21 24 23 20
internal_value=5.01233e-14 -0.00050766 -0.000900738 -0.00109601 -0.00077498 -0.000372983 0.000509921 0.000409651 0.000539306 0.000387099 0.00141012 0.000503463 -0.000682057 0.000113714
internal_weight=900 451 254 213 176 119 449 404 378 348 45 323 99 41
internal_count=900 451 254 213 176 119 449 404 378 348 45 323 99 41
is_linear=0
shrinkage=0.05


Tree=35
num_leaves=15
num_cat=0
split_feature=0 4 4 4 4 4 1 3 3 1 4 4 0 1
split_gain=0.0841058 0.0328144 0.01591 0.0434289 0.0205077 0.0149817 0.0095854 0.0101271 0.0219185 0.0082131 0.00716267 0.00665007 0.00641754 0.00607594
threshold=60.000000000000007 1.3023056659183394 5.3497470213382714 7.861996547704293 3.538065862823458 5.1916038901268307 84.8568088167425 1004.3698767759697 999.96128206310311 69.886765405114375 1.5957742794106489 0.38506504437915307 108.00000000000001 45.369708853641505
decision_type=2 2 2 2 2 2 2 2 2 2 2 2 2 2
left_child=5 -2 4 -4 6 11 7 8 -3 10 -9 -1 -6 -12
right_child=1 2 3 -5 12 -7 -8 9 -10 -11 13 -13 -14 -15
leaf_value=1.5122139193071806e-06 0.00012491303956059537 -0.00095706052851636666 0.0018012851011008026 -0.0014542833835418736 -0.0012197894552567353 0.0015835650618477113 -0.0014921134227000538 -0.0019512904388830068 0.00076397520307501824 -9.5534138381481171e-05 -0.00015539735904894771 0.0005057847682147711 -0.0022539991171409688 -0.0012732020776433451
leaf_weight=81 149 37 20 21 30 29 31 20 37 25 20 339 30 31
leaf_count=81 149 37 20 21 30 29 31 20 37 25 20 339 30 31
internal_value=2.51771e-12 -0.000482277 -0.000781851 0.000133799 -0.000925689 0.000484425 -0.000683538 -0.000536091 -9.65427e-05 -0.00087491 -0.00114934 0.000408532 -0.00173689 -0.000834847
internal_weight=900 451 302 41 261 449 201 170 74 96 71 420 60 51
internal_count=900 451 302 41 261 449 201 170 74 96 71 420 60 51
is_linear=0
shrinkage=0.05


Tree=36
num_leaves=15
num_cat=0
split_feature=0 4 0 2 1 1 4 1 1 1 4 2 1 4
split_gain=0.0759054 0.0304017 0.0193867 0.0200819 0.014324 0.0137392 0.0391643 0.0130028 0.00688919 0.0114923 0.0119263 0.00707006 0.00616595 0.00663128
threshold=60.000000000000007 1.6840454294577485 84.000000000000014 32.949194741219628 91.453114511482624 87.282434968863484 3.9602453863187841 73.62896344236394 67.145114220581846 73.312654387814447 4.7171682421022432 29.776301611731871 83.684884089237542 0.79535947630920323
decision_type=2 2 2 2 2 2 2 2 2 2 2 2 2 2
left_child=4 -2 3 7 5 6 12 -3 11 -10 -11 -4 13 -1
right_child=1 2 8 -5 -6 -7 -8 -9 9 10 -12 -13 -14 -15
leaf_value=0.00021516130047085995 7.9750690670822272e-06 0.00023845499076525728 -0.00015781024485477248 0.0010504578560357914 0.0017043772709174931 -0.00060035943847651656 0.0022455436145437176 -0.001395218049432954 -0.0022118183933863686 -0.0014257541177944552 -0.00014995736822199363 -0.0012088557377865072 -0.00051691313892717979 0.00066644722099934949
leaf_weight=215 197 21 32 24 22 32 29 29 28 62 26 32 20 131
leaf_count=215 197 21 32 24 22 32 29 29 28 62 26 32 20 131
internal_value=7.90591e-13 -0.000458163 -0.000819695 -0.000138416 0.000460204 0.000396101 0.000476827 -0.000709075 -0.00109978 -0.00132954 -0.00104881 -0.000683333 0.000336683 0.000386024
internal_weight=900 451 254 74 449 427 395 50 180 116 88 64 366 346
internal_count=900 451 254 74 449 427 395 50 180 116 88 64 366 346
is_linear=0
shrinkage=0.05


Tree=37
num_leaves=15
num_cat=0
split_feature=0 4 3 3 2 3 4 1 1 1 4 4 4 4
split_gain=0.0685047 0.0274376 0.0184774 0.0374977 0.0209516 0.0200534 0.0144256 0.0141921 0.0349339 0.0356749 0.0247633 0.0182276 0.0174364 0.0135608
threshold=60.000000000000007 1.6840454294577485 998.71358258470866 1001.2433659043785 34.7302100432427 1015.0273186067008 4.4407952908075146 88.18037283231844 84.79808289048772 79.469144399763195 2.4101075514582155 1.2422771208517098 1.698060918858191 4.1426192520094798
decision_type=2 2 2 2 2 2 2 2 2 2 2 2 2 2
left_child=7 -2 13 -4 5 6 -5 8 9 10 12 -9 -1 -3
right_child=1 2 3 4 -6 -7 -8 11 -10 -11 -12 -13 -14 -15
leaf_value=0.00033831969578386635 7.5763185030588973e-06 -0.00069411423922117273 -0.0024127095012699031 -0.00024377927130492602 -0.0014498732387692784 0.0011600120062939822 -0.0016729493058570055 0.00033815925659534213 -0.0014294333625002765 0.0021196932559056827 -0.0011933625526726246 0.0023552520400179286 0.0017668042038364905 0.0011250861245207489
leaf_weight=300 197 21 37 76 57 20 23 24 26 30 25 21 23 20
leaf_count=300 197 21 37 76 57 20 23 24 26 30 25 21 23 20
internal_value=4.27159e-13 -0.000435255 -0.000778711 -0.000965811 -0.000661634 -0.000284074 -0.000575809 0.000437194 0.000343376 0.000465315 0.000322696 0.00127947 0.000440038 0.000193301
internal_weight=900 451 254 213 176 119 99 449 404 378 348 45 323 41
internal_count=900 451 254 213 176 119 99 449 404 378 348 45 323 41
is_linear=0
shrinkage=0.05


Tree=38
num_leaves=15
num_cat=0
split_feature=0 4 4 4 4 2 2 4 2 3 1 2 2 3
split_gain=0.0618255 0.0251321 0.0141483 0.0388584 0.0172986 0.013391 0.051923 0.0421368 0.0118899 0.00901151 0.0146355 0.0160312 0.00741378 0.0152004
threshold=60.000000000000007 1.3023056659183394 5.3497470213382714 7.861996547704293 3.538065862823458 37.36535451891131 38.482638492898033 3.8698740806403467 40.590399046832765 1004.3698767759697 73.536243613238724 21.246287892358691 34.7302100432427 1007.1896903493624
decision_type=2 2 2 2 2 2 2 2 2 2 2 2 2 2
left_child=5 -2 4 -4 9 7 -7 -1 -8 10 11 -3 13 -11
right_child=1 2 3 -5 -6 6 8 -9 -10 12 -12 -13 -14 -15
leaf_value=0.00036143851663048677 0.00011788981783871996 -0.00074322103416003913 0.0017651088465936483 -0.001314389155734153 -0.0015563412433160315 -0.0023774082671934593 4.7843941511251987e-05 0.0021193960681557657 0.0015235256681210428 -0.0017276836392868843 -0.001201020252890885 0.00094458394656505662 -0.0014128155994978622 -0.00015029186179162937
leaf_weight=331 149 24 20 21 60 20 39 38 21 21 25 34 41 56
leaf_count=331 149 24 20 21 60 20 39 38 21 21 25 34 41 56
internal_value=2.99668e-12 -0.000413492 -0.000675664 0.000187805 -0.000811305 0.000415334 -0.000171103 0.000542475 0.000564333 -0.000588906 -0.000189722 0.000246182 -0.000869688 -0.00058049
internal_weight=900 451 302 41 261 449 80 369 60 201 83 58 118 77
internal_count=900 451 302 41 261 449 80 369 60 201 83 58 118 77
is_linear=0
shrinkage=0.05


Tree=39
num_leaves=15
num_cat=0
split_feature=0 4 3 3 1 2 3 3 4 1 1 1 4 0
split_gain=0.0557975 0.0226818 0.0134779 0.0215033 0.0148114 0.0145225 0.0180931 0.0169417 0.0165695 0.012481 0.0323059 0.0309367 0.0232098 0.0165584
threshold=60.000000000000007 1.3023056659183394 998.71358258470866 1000.8635405247427 72.465251345112904 34.7302100432427 1008.6814510446299 1015.3046091885027 4.4407952908075146 88.18037283231844 84.79808289048772 79.469144399763195 2.4101075514582155 36.000000000000007
decision_type=2 2 2 2 2 2 2 2 2 2 2 2 2 2
left_child=9 -2 4 -4 -3 7 -7 8 -5 10 11 12 -1 -11
right_child=1 2 3 5 -6 6 -8 -9 -10 13 -12 -13 -14 -15
leaf_value=0.00040464111084207517 0.00011199532437730885 -0.00079098891186400906 -0.0019349742928586368 -0.00025668475854520996 0.0010051093743337939 -0.00034401858865749094 -0.0019780301434366267 0.00098821147389355169 -0.0016454691912426993 0.00032657456106971954 -0.0013982376616555625 0.0019644499981465442 -0.0011766949184238912 0.0022567674401216208
leaf_weight=323 149 22 35 105 24 32 36 21 27 25 26 30 25 20
leaf_count=323 149 22 35 105 24 32 36 21 27 25 26 30 25 20
internal_value=5.06366e-12 -0.000392818 -0.000641881 -0.000783472 0.000146106 -0.000601108 -0.00120908 -0.000330896 -0.000540754 0.000394567 0.000306587 0.00042385 0.000291039 0.00118444
internal_weight=900 451 302 256 46 221 68 153 132 449 404 378 348 45
internal_count=900 451 302 256 46 221 68 153 132 449 404 378 348 45
is_linear=0
shrinkage=0.05


Tree=40
num_leaves=15
num_cat=0
split_feature=4 4 0 4 0 4 0 4 2 2 4 4 1 1
split_gain=0.0511935 0.0739433 0.153716 0.0465196 0.0147638 0.0160775 0.0139472 0.00929673 0.00790698 0.00844975 0.00789941 0.0048483 0.00458529 0.0043368
threshold=9.8485175700693528 5.1916038901268307 84.000000000000014 2.4101075514582155 60.000000000000007 1.8081647025619632 60.000000000000007 0.74012101894685223 37.878623956046773 35.294241309358988 3.538065862823458 2.8754344465698476 73.62896344236394 41.63516207093339
decision_type=2 2 2 2 2 2 2 2 2 2 2 2 2 2
left_child=1 3 -3 4 5 -1 -5 -6 9 13 11 -8 -12 -9
right_child=-2 2 -4 6 7 -7 10 8 -10 -11 12 -13 -14 -15
leaf_value=0.00025629845782058918 -0.0024397242925174182 0.0044941103999951377 -0.0010054392701325319 7.9168118869087531e-05 0.00033831131366067187 0.0017122547747567296 -0.0011057855965595487 -0.00077639276615196944 -0.001015167496584849 0.00073438831287520859 -0.00086676916049327707 -0.00028519167939925361 -0.001802090071539983 -0.00015752979039412773
leaf_weight=365 21 27 24 35 73 20 36 38 34 22 20 36 38 111
leaf_count=365 21 27 24 35 73 20 36 38 34 22 20 36 38 111
internal_value=-9.77707e-13 5.82869e-05 0.00190609 -5.55268e-05 0.000131437 0.000331933 -0.000806782 -0.000146227 -0.00031877 -0.000180305 -0.00104531 -0.000695489 -0.00147957 -0.000315361
internal_weight=900 879 51 828 663 385 165 278 205 171 130 72 58 149
internal_count=900 879 51 828 663 385 165 278 205 171 130 72 58 149
is_linear=0
shrinkage=0.05


Tree=41
num_leaves=15
num_cat=0
split_feature=4 4 0 4 0 0 4 1 1 1 3 1 1 1
split_gain=0.0462021 0.0667338 0.138729 0.0420454 0.0145919 0.0123681 0.0114596 0.00849266 0.00673395 0.0161616 0.00592438 0.00640727 0.00637145 0.0191154
threshold=9.8485175700693528 5.1916038901268307 84.000000000000014 2.4004905931365319 60.000000000000007 60.000000000000007 1.7368564113272928 85.102154517886817 73.536243613238724 65.221104859715794 1014.0525268731398 51.420061094590132 45.015534988571524 40.767861115672481
decision_type=2 2 2 2 2 2 2 2 2 2 2 2 2 2
left_child=1 3 -3 5 -5 6 -1 10 9 -6 12 -12 13 -7
right_child=-2 2 -4 4 8 7 -8 -9 -10 -11 11 -13 -14 -15
leaf_value=0.00024317615799035347 -0.0023177379587044316 0.0042694048835309568 -0.0009551673312671483 0.00013333602514143826 -0.0011913590913172813 -7.4077620292487353e-05 0.0014184911142696034 -0.00098833828770483918 -0.0013283166355298212 0.00054941668407991527 -0.0010276487602823182 8.5679954887988671e-05 -0.00011467293194128257 0.0017774889641441406
leaf_weight=362 21 27 24 36 40 46 22 26 72 20 28 24 132 20
leaf_count=362 21 27 24 36 40 46 22 26 72 20 28 24 132 20
internal_value=1.70742e-12 5.53726e-05 0.00181078 -5.27505e-05 -0.000758957 0.000127011 0.000310512 -0.000128294 -0.00100231 -0.0006111 -3.88499e-05 -0.000513805 8.58858e-05 0.000487003
internal_weight=900 879 51 828 168 660 384 276 132 60 250 52 198 66
internal_count=900 879 51 828 168 660 384 276 132 60 250 52 198 66
is_linear=0
shrinkage=0.05


Tree=42
num_leaves=15
num_cat=0
split_feature=4 4 0 4 0 4 0 2 3 1 4 2 1 1
split_gain=0.0416974 0.0602273 0.125203 0.0381273 0.0132724 0.0135114 0.0108894 0.00952658 0.00962582 0.0113895 0.00880527 0.00905084 0.00864409 0.0121905
threshold=9.8485175700693528 5.1916038901268307 84.000000000000014 2.5947312005611449 60.000000000000007 1.8786400456136647 60.000000000000007 36.957588851616876 1003.6852390038815 76.275148016198756 0.74012101894685223 37.878623956046773 41.63516207093339 46.573966862728561
decision_type=2 2 2 2 2 2 2 2 2 2 2 2 2 2
left_child=1 3 -3 4 5 -1 -5 8 -8 -10 -6 12 -12 -14
right_child=-2 2 -4 6 10 -7 7 -9 9 -11 11 -13 13 -15
leaf_value=0.00023016451764343085 -0.0022018511203073321 0.0040559346205554904 -0.00090740894083864989 5.2064862252483452e-05 0.00032831571880793394 0.0015645061028772035 -0.0017991939393271292 -0.00015982503178887643 0.00014860270894132555 -0.0014136383966875396 -0.00075918572230471507 -0.001007291305148484 0.0011480405771483978 -0.00016202120249762748
leaf_weight=369 21 27 24 31 73 20 42 26 20 28 45 38 21 115
leaf_count=369 21 27 24 31 73 20 42 26 20 28 45 38 21 115
internal_value=3.82895e-12 5.2604e-05 0.00172024 -5.0113e-05 0.000107524 0.000298768 -0.000780391 -0.00100286 -0.0012464 -0.000762705 -0.00014725 -0.000305772 -0.000158491 4.02677e-05
internal_weight=900 879 51 828 681 389 147 116 90 48 292 219 181 136
internal_count=900 879 51 828 681 389 147 116 90 48 292 219 181 136
is_linear=0
shrinkage=0.05


Tree=43
num_leaves=15
num_cat=0
split_feature=4 4 0 4 0 0 4 1 4 3 3 4 3 3
split_gain=0.0382574 0.0623517 0.115533 0.0345147 0.0117592 0.0100739 0.00951673 0.00750974 0.00636522 0.0052629 0.00599394 0.00636004 0.00704935 0.0111901
threshold=9.459586396549053 5.1916038901268307 84.000000000000014 2.4004905931365319 60.000000000000007 60.000000000000007 1.7368564113272928 85.102154517886817 3.538065862823458 1014.0525268731398 1012.0061554114108 0.90591324374630289 1005.052061180551 999.82034161684021
decision_type=2 2 2 2 2 2 2 2 2 2 2 2 2 2
left_child=1 3 -3 5 -5 6 -1 9 -6 10 11 -7 13 -13
right_child=-2 2 -4 4 8 7 -8 -9 -10 -11 -12 12 -14 -15
leaf_value=0.00021950912931730443 -0.0019694857338132961 0.0041588317928835756 -0.00075148981793419177 0.0001135629220193045 -0.00059852133193556733 0.00043544888654391148 0.001290569425856864 -0.00092389607049811354 -0.0012980957120127077 -0.00047869719292066294 0.00090723142609931522 -0.00051651319906037931 -0.00058825167132633147 0.00083808707572790165
leaf_weight=362 24 25 23 36 74 56 22 26 58 52 20 30 61 31
leaf_count=362 24 25 23 36 74 56 22 26 58 52 20 30 61 31
internal_value=5.15666e-12 5.39585e-05 0.00180597 -4.76073e-05 -0.000687452 0.000115262 0.000280872 -0.000115152 -0.00090591 -3.10421e-05 8.65238e-05 -5.69051e-06 -0.000208181 0.00017189
internal_weight=900 876 48 828 168 660 384 276 132 250 198 178 122 61
internal_count=900 876 48 828 168 660 384 276 132 250 198 178 122 61
is_linear=0
shrinkage=0.05


Tree=44
num_leaves=15
num_cat=0
split_feature=4 4 0 4 0 0 4 1 4 2 2 1 1 1
split_gain=0.0345273 0.0562724 0.104269 0.0311495 0.0106127 0.00909171 0.00858885 0.00677754 0.00574461 0.00515644 0.00694908 0.00775985 0.0217847 0.00718636
threshold=9.459586396549053 5.1916038901268307 84.000000000000014 2.4004905931365319 60.000000000000007 60.000000000000007 1.7368564113272928 85.102154517886817 3.538065862823458 39.859869207302339 36.161296974740729 41.63516207093339 45.015534988571524 37.513776522040715
decision_type=2 2 2 2 2 2 2 2 2 2 2 2 2 2
left_child=1 3 -3 5 -5 6 -1 9 -6 10 11 13 -13 -7
right_child=-2 2 -4 4 8 7 -8 -9 -10 -11 -12 12 -14 -15
leaf_value=0.00020853366986387791 -0.001871011460510393 0.0039508900996297605 -0.00071391534141224372 0.00010788475984655735 -0.00056859527453402613 -0.00011041753609935123 0.0012260409495369955 -0.00087770126097334129 -0.0012331909198988358 -0.00077935539718185156 0.00073536850527049073 0.0016500862853717992 -0.00012623584060791125 -0.0013083588764337558
leaf_weight=362 24 25 23 36 74 31 22 26 58 21 31 20 126 21
leaf_count=362 24 25 23 36 74 31 22 26 58 21 31 20 126 21
internal_value=-1.16079e-12 5.12606e-05 0.00171567 -4.5227e-05 -0.000653079 0.000109499 0.000266828 -0.000109394 -0.000860615 -2.949e-05 3.92749e-05 -6.97094e-05 0.000117096 -0.000594202
internal_weight=900 876 48 828 168 660 384 276 132 250 229 198 146 52
internal_count=900 876 48 828 168 660 384 276 132 250 229 198 146 52
is_linear=0
shrinkage=0.05


Tree=45
num_leaves=15
num_cat=0
split_feature=4 4 0 4 0 4 0 2 3 1 4 2 1 1
split_gain=0.0311609 0.0507859 0.0941024 0.0281756 0.00977317 0.0108163 0.007902 0.0085415 0.00865867 0.0099576 0.00718183 0.00800193 0.00728687 0.00970379
threshold=9.459586396549053 5.1916038901268307 84.000000000000014 2.5947312005611449 60.000000000000007 1.8786400456136647 60.000000000000007 36.957588851616876 1003.6852390038815 76.275148016198756 0.74012101894685223 37.878623956046773 41.63516207093339 56.61628591814371
decision_type=2 2 2 2 2 2 2 2 2 2 2 2 2 2
left_child=1 3 -3 4 5 -1 -5 8 -8 -10 -6 12 -12 -14
right_child=-2 2 -4 6 10 -7 7 -9 9 -11 11 -13 13 -15
leaf_value=0.0001952731232570651 -0.0017774609033949674 0.0037533456664532424 -0.00067821955105856714 3.8389198391908602e-05 0.00030341594897996798 0.0013891398071427831 -0.001615150147283982 -6.1997056428271421e-05 0.00021999092889018356 -0.0012407523509214767 -0.00068228289109861697 -0.00092886080046331422 0.00061450317663577748 -0.00026523303076619523
leaf_weight=369 24 25 23 31 73 20 42 26 20 28 45 38 49 87
leaf_count=369 24 25 23 31 73 20 42 26 20 28 45 38 49 87
internal_value=3.24033e-12 4.86976e-05 0.00162989 -4.29656e-05 9.25461e-05 0.000256654 -0.000670744 -0.000860254 -0.00109086 -0.000632109 -0.000126078 -0.000269242 -0.000130759 5.17307e-05
internal_weight=900 876 48 828 681 389 147 116 90 48 292 219 181 136
internal_count=900 876 48 828 681 389 147 116 90 48 292 219 181 136
is_linear=0
shrinkage=0.05


Tree=46
num_leaves=15
num_cat=0
split_feature=4 4 0 4 3 2 2 3 2 0 4 4 1 3
split_gain=0.0282035 0.0403549 0.0842858 0.0255779 0.00874277 0.0147811 0.0334181 0.0188233 0.00813525 0.0074065 0.00711243 0.00615859 0.00533268 0.00690784
threshold=9.8485175700693528 5.1916038901268307 84.000000000000014 2.4004905931365319 999.96128206310311 26.976060055476758 20.582481848148408 1008.162888501979 27.149834431299109 60.000000000000007 1.7368564113272928 0.62216126639256863 85.102154517886817 1014.0525268731398
decision_type=2 2 2 2 2 2 2 2 2 2 2 2 2 2
left_child=1 3 -3 9 8 6 -6 -7 -5 10 -1 -11 13 -13
right_child=-2 2 -4 4 5 7 -8 -9 -10 11 -12 12 -14 -15
leaf_value=0.00018834333093372207 -0.001810860704808008 0.0033247291955544999 -0.00074761909975980723 -0.001944124992005527 -0.00090721826094927066 -2.1270356759290541e-05 0.0016863632299329923 -0.0016056382256609044 -0.00056529447092148273 0.00040396297734696422 0.0011142752350265669 1.9737961249547094e-05 -0.00091389670851640405 -0.00071398014672013237
leaf_weight=362 21 27 24 20 27 37 23 38 23 50 22 162 24 40
leaf_count=362 21 27 24 20 27 37 23 38 23 50 22 162 24 40
internal_value=6.29168e-13 4.32629e-05 0.00140833 -4.08173e-05 -0.000591631 -0.000380078 0.000285829 -0.000824017 -0.00120661 9.93899e-05 0.000241392 -9.81776e-05 -0.000209271 -0.000125553
internal_weight=900 879 51 828 168 125 50 75 43 660 384 276 226 202
internal_count=900 879 51 828 168 125 50 75 43 660 384 276 226 202
is_linear=0
shrinkage=0.05


Tree=47
num_leaves=15
num_cat=0
split_feature=4 4 0 4 4 0 2 0 2 4 1 2 4 2
split_gain=0.0259375 0.0424053 0.0275776 0.0155374 0.0153049 0.0126707 0.0167608 0.00637208 0.0105551 0.00830489 0.00620466 0.00592443 0.00992704 0.00633467
threshold=9.459586396549053 6.9763654858956583 60.000000000000007 1.9185319158424916 3.8698740806403467 84.000000000000014 24.214974472683945 84.000000000000014 36.161296974740729 0.83875252193974303 61.493856367560831 24.214974472683945 4.2985407071778674 29.939534598372003
decision_type=2 2 2 2 2 2 2 2 2 2 2 2 2 2
left_child=1 2 4 7 -1 6 -5 9 -9 -4 -11 -7 13 -13
right_child=-2 -3 3 5 -6 11 -8 8 -10 10 -12 12 -14 -15
leaf_value=0.0001970236333341005 -0.001621658211418738 0.0022641658561215515 0.00035368379333616058 -0.0010997848625993356 0.0014486508515591805 -0.00035525884251745251 0.00072436150683857065 2.3865984818292179e-05 0.0012508567903188081 -0.00021624650261300202 -0.0012189356472205235 -1.0253045184072107e-05 -0.0019401030440349132 -0.0010316294260620553
leaf_weight=403 24 21 31 20 26 44 34 106 21 36 27 20 24 63
leaf_count=403 24 21 31 20 26 44 34 106 21 36 27 20 24 63
internal_value=-2.89128e-12 4.4429e-05 -1.00909e-05 -0.000295054 0.00027288 -0.00060858 4.87517e-05 -4.22693e-06 0.000226754 -0.000316297 -0.00064597 -0.000843653 -0.00104449 -0.000785515
internal_weight=900 876 855 426 429 205 54 221 127 94 63 151 107 83
internal_count=900 876 855 426 429 205 54 221 127 94 63 151 107 83
is_linear=0
shrinkage=0.05


Tree=48
num_leaves=15
num_cat=0
split_feature=4 4 0 4 0 4 1 1 3 1 4 1 3 3
split_gain=0.0234086 0.0391707 0.0741899 0.0216728 0.00835293 0.0106239 0.00753277 0.0246466 0.02139 0.0178347 0.006371 0.00509545 0.00631524 0.0164492
threshold=9.459586396549053 5.1916038901268307 84.000000000000014 2.7265766983581377 60.000000000000007 1.8786400456136647 73.62896344236394 79.892752354847275 1008.9886845198212 65.221104859715794 1.3023056659183394 84.8568088167425 1004.4329204249829 1000.0621955858936
decision_type=2 2 2 2 2 2 2 2 2 2 2 2 2 2
left_child=1 3 -3 4 5 -1 9 -8 -9 -5 -6 12 13 -12
right_child=-2 2 -4 6 10 -7 7 8 -10 -11 11 -13 -14 -15
leaf_value=0.00016536286140225652 -0.0015405752696096898 0.0033163109994638947 -0.00061854624148944149 -0.00094312934670597319 0.00011075875503342861 0.0013215315146399441 -0.0022669460294612994 0.00041103751365361476 -0.0015785708473148672 0.00089448747711013191 -0.00071368645122102295 -0.0010342417780876809 -0.00052731761382892727 0.0010012809145023469
leaf_weight=369 24 25 23 31 149 21 24 35 22 23 27 23 75 29
leaf_count=369 24 25 23 31 149 21 24 35 22 23 27 23 75 29
internal_value=-6.81666e-13 4.22075e-05 0.00143086 -3.8294e-05 7.46109e-05 0.000227618 -0.000617872 -0.000922827 -0.000356882 -0.000160441 -0.000122329 -0.000347849 -0.000227337 0.000174422
internal_weight=900 876 48 828 693 390 135 81 57 54 303 154 131 56
internal_count=900 876 48 828 693 390 135 81 57 54 303 154 131 56
is_linear=0
shrinkage=0.05


Tree=49
num_leaves=15
num_cat=0
split_feature=4 4 4 3 2 2 3 3 1 4 4 3 4 4
split_gain=0.02189 0.0597692 0.0197731 0.00789221 0.0121773 0.0290953 0.0161418 0.00794864 0.00588773 0.00777921 0.013874 0.00718342 0.00404403 0.0132528
threshold=8.0101773105163172 5.1916038901268307 2.4004905931365319 999.96128206310311 26.976060055476758 20.582481848148408 1008.162888501979 998.00149998440963 90.504453183800649 2.0699784224697102 1.9185319158424916 1016.8685871660716 1.6565357676094481 1.5181004483280993
decision_type=2 2 2 2 2 2 2 2 2 2 2 2 2 2
left_child=1 2 8 7 5 -5 -6 -4 9 10 11 12 13 -1
right_child=-2 -3 3 4 6 -7 -8 -9 -10 -11 -12 -13 -14 -15
leaf_value=0.000188035461081748 -0.0012080278609775835 0.0020447509867760044 -0.00047105529710002569 -0.00082847141289945552 2.0751783253020935e-05 0.0015915567480513583 -0.0014464293741375993 -0.0018339798654778861 -0.00060971068887738511 0.00082233222815006769 -0.0011289184508116348 -0.00053140671217802153 0.00064866723054941887 -0.0010676102268255571
leaf_weight=469 36 36 23 27 37 23 38 20 29 37 23 39 41 22
leaf_count=469 36 36 23 27 37 23 38 20 29 37 23 39 41 22
internal_value=-8.48761e-13 5.03345e-05 -3.63793e-05 -0.000520674 -0.000319675 0.000284742 -0.00072262 -0.00110497 8.68958e-05 0.000118911 7.50952e-05 0.000123593 0.00017161 0.000131774
internal_weight=900 864 828 168 125 50 75 43 660 631 594 571 532 491
internal_count=900 864 828 168 125 50 75 43 660 631 594 571 532 491
is_linear=0
shrinkage=0.05


Tree=50
num_leaves=15
num_cat=0
split_feature=4 4 0 4 4 3 1 2 4 2 3 1 1 4
split_gain=0.0197557 0.0539417 0.0179786 0.0146154 0.00571541 0.00646115 0.0108761 0.0179076 0.00572516 0.0056468 0.00608024 0.00500051 0.00674212 0.00570971
threshold=8.0101773105163172 5.1916038901268307 60.000000000000007 3.1809172837113908 1.3023056659183394 1004.3698767759697 72.959810804132488 21.246287892358691 1.5957742794106489 34.517815122640549 1003.8237094775601 88.18037283231844 83.829507491872803 0.42297892666695752
decision_type=2 2 2 2 2 2 2 2 2 2 2 2 2 2
left_child=1 2 11 4 -4 6 7 -6 -7 10 -5 12 13 -1
right_child=-2 -3 3 9 5 8 -8 -9 -10 -11 -12 -13 -14 -15
leaf_value=-0.00017324314345993724 -0.0011476263973034093 0.0019425133585981612 9.9492943834946277e-05 -0.0017616504151374104 -0.00061525819594111374 -0.0012280164295807481 -0.00084854513600779089 0.0012391387042589488 -0.00036609542657970454 -0.0002636398252671706 -0.00065890458086505536 0.00075853999951505104 -0.00056473295750742358 0.00031143178656400949
leaf_weight=78 36 36 149 25 23 25 24 30 84 23 25 36 31 275
leaf_count=78 36 36 149 25 23 25 24 30 84 23 25 36 31 275
internal_value=-4.93714e-12 4.78178e-05 -3.45603e-05 -0.00027095 -0.000131253 -0.000316098 3.45213e-05 0.0004344 -0.000563784 -0.000912022 -0.00121028 0.000195075 0.00014225 0.000204336
internal_weight=900 864 828 408 335 186 77 53 109 73 50 420 384 353
internal_count=900 864 828 408 335 186 77 53 109 73 50 420 384 353
is_linear=0
shrinkage=0.05


Tree=51
num_leaves=15
num_cat=0
split_feature=4 4 0 4 4 1 1 4 1 3 4 2 4 4
split_gain=0.0179441 0.0280784 0.0204648 0.012083 0.0118718 0.00734538 0.0279482 0.015142 0.0133155 0.00475375 0.00472784 0.00408571 0.00783074 0.00394478
threshold=9.8485175700693528 6.9763654858956583 60.000000000000007 1.6840454294577485 3.8698740806403467 89.426149390399516 85.756847608786543 3.578912814219382 77.96850851562651 1016.2200017618578 2.0499911465475589 33.012750914318978 2.5947312005611449 0.38506504437915307
decision_type=2 2 2 2 2 2 2 2 2 2 2 2 2 2
left_child=1 2 4 9 13 6 7 10 -9 -4 -5 12 -12 -1
right_child=-2 -3 3 5 -6 -7 -8 8 -10 -11 11 -13 -14 -15
leaf_value=-0.00014778362083346528 -0.0014444233140065558 0.0017212122019069891 0.00012667047123506885 -0.00081669219374923751 0.0012664625779367411 -0.0013527792210326246 0.0013653701252769679 -0.0018859876546775921 -0.00026872489688685165 -0.0005875211938069293 0.00071390280339481507 -0.00054473187900274192 -0.00042915264728494111 0.00024257480903125156
leaf_weight=81 21 24 170 34 26 23 20 35 20 27 29 37 31 322
leaf_count=81 21 24 170 34 26 23 20 35 20 27 29 37 31 322
internal_value=3.40899e-12 3.45084e-05 -1.28377e-05 -0.000258317 0.000230925 -0.0005053 -0.000410679 -0.000601652 -0.00129789 2.87863e-05 -0.000309337 -0.000131501 0.000123324 0.000164116
internal_weight=900 879 855 426 429 229 206 186 55 197 131 97 60 403
internal_count=900 879 855 426 429 229 206 186 55 197 131 97 60 403
is_linear=0
shrinkage=0.05


Tree=52
num_leaves=15
num_cat=0
split_feature=4 4 4 0 4 4 3 2 3 3 3 3 4 0
split_gain=0.017625 0.0478488 0.015061 0.014292 0.0126251 0.00896154 0.00515776 0.0131965 0.00573574 0.00446229 0.00429026 0.0038849 0.00380315 0.0036783
threshold=8.0101773105163172 5.1916038901268307 4.2985407071778674 60.000000000000007 2.0403169893051638 1.6840454294577485 1001.2433659043785 29.776301611731871 1009.5239544525336 998.05820428152799 1016.2200017618578 1016.8685871660716 0.3255074055529098 84.000000000000014
decision_type=2 2 2 2 2 2 2 2 2 2 2 2 2 2
left_child=1 2 3 4 11 10 9 -8 -9 -7 13 12 -1 -5
right_child=-2 -3 -4 5 -6 6 7 8 -10 -11 -12 -13 -14 -15
leaf_value=-0.00019860066531691701 -0.0010839746980410483 0.0018296492201948747 -0.00099157515841607861 -0.00016803324905418751 0.0011573873682540249 -0.0003268884996595305 0.000287545414487665 -0.00034965379979206944 -0.001233722455071984 -0.0012771950529228587 -0.00055814515136363399 -0.00047805919201285481 0.00025061703425106115 0.00030791755196032597
leaf_weight=56 36 36 39 67 33 21 56 43 32 30 27 24 297 103
leaf_count=56 36 36 39 67 33 21 56 43 32 30 27 24 297 103
internal_value=-1.85102e-12 4.51656e-05 -3.24206e-05 1.499e-05 0.00021959 -0.000206345 -0.000459298 -0.000293219 -0.000726856 -0.000885892 2.7347e-05 0.000137502 0.000179353 0.000120337
internal_weight=900 864 828 789 410 379 182 131 75 51 197 377 353 170
internal_count=900 864 828 789 410 379 182 131 75 51 197 377 353 170
is_linear=0
shrinkage=0.05


Tree=53
num_leaves=15
num_cat=0
split_feature=4 4 4 3 4 0 3 4 0 1 4 4 3 4
split_gain=0.0159066 0.0431835 0.0138503 0.00608966 0.00659544 0.0298462 0.0150304 0.00904667 0.010534 0.00522652 0.00727341 0.0114461 0.0055089 0.00405293
threshold=8.0101773105163172 5.1916038901268307 2.4004905931365319 997.89566484642467 3.8698740806403467 108.00000000000001 1001.2851968824616 3.1809172837113908 84.000000000000014 90.504453183800649 2.0699784224697102 1.9185319158424916 1016.8685871660716 1.6565357676094481
decision_type=2 2 2 2 2 2 2 2 2 2 2 2 2 2
left_child=1 2 9 -4 6 -6 -5 8 -8 10 11 12 13 -1
right_child=-2 -3 3 4 5 -7 7 -9 -10 -11 -12 -13 -14 -15
leaf_value=0.00010639102764819111 -0.0010297759591291348 0.0017381667133627668 -0.0012325779180086796 -0.0017820174383814447 0.0012199730358718496 -0.001273608473794801 0.0010239029978401958 -0.00105332791232892 -0.00042223435045932146 -0.00058395289241412556 0.00078270643779605222 -0.0010334344894584754 -0.00046937748292037165 0.00062385224311317254
leaf_weight=491 36 36 21 20 28 21 20 24 34 29 37 23 39 41
leaf_count=491 36 36 21 20 28 21 20 24 34 29 37 23 39 41
internal_value=-3.24831e-12 4.29073e-05 -3.07996e-05 -0.000436124 -0.000322345 0.000151295 -0.000559165 -0.000245613 0.000113372 7.23738e-05 0.000102538 6.01704e-05 0.000104221 0.000146271
internal_weight=900 864 828 168 147 49 98 78 54 660 631 594 571 532
internal_count=900 864 828 168 147 49 98 78 54 660 631 594 571 532
is_linear=0
shrinkage=0.05


Tree=54
num_leaves=15
num_cat=0
split_feature=4 4 4 0 4 4 1 3 1 1 1 0 2 3
split_gain=0.0143557 0.0389731 0.013565 0.0122867 0.0112209 0.00769713 0.00571175 0.00487425 0.00710405 0.00745963 0.00733228 0.0165773 0.0151759 0.0150446
threshold=8.0101773105163172 5.1916038901268307 4.2985407071778674 60.000000000000007 2.0403169893051638 1.3023056659183394 89.426149390399516 1014.2440069164019 44.679561172963012 36.677220288961884 69.886765405114375 108.00000000000001 34.7302100432427 1003.6852390038815
decision_type=2 2 2 2 2 2 2 2 2 2 2 2 2 2
left_child=1 2 3 4 -1 -5 7 8 9 -7 11 -10 13 -12
right_child=-2 -3 -4 5 -6 6 -8 -9 10 -11 12 -13 -14 -15
leaf_value=0.00012805027882612543 -0.0009782871826448374 0.0016512584238727061 -0.00093953052464012914 9.0467035605364346e-05 0.0010895466671861484 -0.00033205536194145678 -0.0011569046533189803 -0.00096226082532666632 -0.0012433965650852771 0.0010021630727847382 -0.000434528891928494 0.00029407082798166409 -0.0010227767948020735 0.0014405337774761669
leaf_weight=377 36 36 39 149 33 20 21 24 50 22 20 27 23 23
leaf_count=377 36 36 39 149 33 20 21 24 50 22 20 27 23 23
internal_value=-2.931e-12 4.0762e-05 -2.92596e-05 1.57348e-05 0.000205439 -0.000189486 -0.000370847 -0.000291865 -0.000204895 0.000366821 -0.000372812 -0.000704285 1.39066e-05 0.000568412
internal_weight=900 864 828 789 410 379 230 209 185 42 143 77 66 43
internal_count=900 864 828 789 410 379 230 209 185 42 143 77 66 43
is_linear=0
shrinkage=0.05


Tree=55
num_leaves=15
num_cat=0
split_feature=4 4 4 0 4 4 4 3 3 1 1 3 3 1
split_gain=0.012956 0.0351733 0.0122424 0.0110888 0.0101268 0.00726208 0.00499237 0.00605677 0.010038 0.0073218 0.00899627 0.00986488 0.0074884 0.00706537
threshold=8.0101773105163172 5.1916038901268307 4.2985407071778674 60.000000000000007 2.0403169893051638 3.538065862823458 0.62216126639256863 1014.2440069164019 1011.588402069077 83.622401696710952 69.886765405114375 1005.052061180551 999.82034161684021 45.522370319829221
decision_type=2 2 2 2 2 2 2 2 2 2 2 2 2 2
left_child=1 2 3 4 -1 6 -5 8 9 10 11 12 -8 -13
right_child=-2 -3 -4 5 -6 -7 7 -9 -10 -11 -12 13 -14 -15
leaf_value=0.0001216477630853706 -0.00092937283269647105 0.0015686954669136969 -0.00089255392503661982 0.00034554563718847933 0.0010350692593915896 -0.00094036592979983692 -0.0003672242048196495 -0.00068473402465175383 0.00078293151093711114 -0.00090586660653571018 0.00063532512668254125 -8.3344003360252838e-05 0.00058269554588367186 -0.0011137087136597896
leaf_weight=377 36 36 39 50 33 29 41 52 29 32 35 28 42 41
leaf_count=377 36 36 39 50 33 29 41 52 29 32 35 28 42 41
internal_value=-2.6343e-12 3.87239e-05 -2.77966e-05 1.4948e-05 0.000195167 -0.000180012 -0.000117011 -0.000194104 -9.12299e-05 -0.000206986 -8.73919e-05 -0.000253807 0.000113458 -0.00069559
internal_weight=900 864 828 789 410 379 350 300 248 219 187 152 83 69
internal_count=900 864 828 789 410 379 350 300 248 219 187 152 83 69
is_linear=0
shrinkage=0.05


Tree=56
num_leaves=15
num_cat=0
split_feature=2 2 4 2 1 4 0 4 4 2 3 1 4 3
split_gain=0.0127648 0.0140112 0.0553385 0.0376322 0.0575974 0.014596 0.0137785 0.0284146 0.0103618 0.0109273 0.00958043 0.00957683 0.00675829 0.0119046
threshold=41.433433988987126 37.486786446182684 3.5955178908899685 36.161296974740729 69.886765405114375 8.0101773105163172 108.00000000000001 5.1916038901268307 4.1175945661224578 30.115708570070222 1002.0609196902493 50.245783406730389 1.2821160075572455 1015.2834994299413
decision_type=2 2 2 2 2 2 2 2 2 2 2 2 2 2
left_child=1 3 10 5 -5 6 7 12 9 -8 -3 -12 -1 -14
right_child=-2 2 -4 4 -6 -7 8 -9 -10 -11 11 -13 13 -15
leaf_value=0.0001721336729329601 0.001218260277528316 0.00069260673199702681 -0.0029251913237385452 -2.6913785495707999e-05 0.003296480846951123 -0.0011831124640863252 0.0001306552738600151 0.0018672746923667463 -0.0013967639867914841 -0.0010624481198777045 0.00031952316772235049 -0.00076948626855692756 -0.00033813110801773812 0.00087184674187522869
leaf_weight=329 21 30 20 32 22 27 61 22 25 28 33 52 175 23
leaf_count=329 21 30 20 32 22 27 61 22 25 28 33 52 175 23
internal_value=-1.87113e-12 -2.91052e-05 -0.000497738 5.5929e-05 0.00132706 -4.3551e-05 2.85653e-06 0.000106724 -0.000497348 -0.000244703 -7.55723e-05 -0.000346694 3.32287e-05 -0.000197578
internal_weight=900 879 135 744 54 690 663 549 114 89 115 85 527 198
internal_count=900 879 135 744 54 690 663 549 114 89 115 85 527 198
is_linear=0
shrinkage=0.05


Tree=57
num_leaves=15
num_cat=0
split_feature=2 2 4 2 1 4 0 4 4 2 3 1 1 4
split_gain=0.0115202 0.0126451 0.049943 0.0339631 0.0519816 0.0131729 0.0125434 0.0248101 0.0100301 0.0100268 0.00864634 0.00864309 0.00755294 0.00730496
threshold=41.433433988987126 37.486786446182684 3.5955178908899685 36.161296974740729 69.886765405114375 8.0101773105163172 84.000000000000014 3.8698740806403467 2.1417422954240255 24.214974472683945 1002.0609196902493 50.245783406730389 75.278875568877808 2.5947312005611449
decision_type=2 2 2 2 2 2 2 2 2 2 2 2 2 2
left_child=1 3 10 5 -5 6 7 13 -8 -10 -3 -12 -11 -1
right_child=-2 2 -4 4 -6 -7 8 -9 9 12 11 -13 -14 -15
leaf_value=9.3224803612349137e-05 0.0011573472858539648 0.00065797640379363059 -0.0027789317222777759 -2.5568074988768785e-05 0.0031316568271987227 -0.0011239567875034281 2.1486335281862699e-05 0.001414508877011637 -5.0405527941793909e-05 -0.0015889428665104789 0.0003035470167753484 -0.00073101196360837034 -0.00051085832669879453 -0.00088679124251939362
leaf_weight=386 21 30 20 32 22 27 114 36 42 32 33 52 33 20
leaf_count=386 21 30 20 32 22 27 114 36 42 32 33 52 33 20
internal_value=1.23206e-12 -2.76499e-05 -0.000472851 5.31326e-05 0.00126071 -4.13734e-05 2.7137e-06 0.000156496 -0.000304851 -0.000652538 -7.17937e-05 -0.00032936 -0.00104161 4.49482e-05
internal_weight=900 879 135 744 54 690 663 442 221 107 115 85 65 406
internal_count=900 879 135 744 54 690 663 442 221 107 115 85 65 406
is_linear=0
shrinkage=0.05


Tree=58
num_leaves=15
num_cat=0
split_feature=2 2 4 2 1 4 0 4 3 3 1 3 1 1
split_gain=0.010397 0.0114122 0.0450736 0.0306517 0.0469134 0.0118886 0.0115731 0.0244644 0.00943006 0.00780332 0.00780039 0.00658232 0.00649269 0.00696409
threshold=41.433433988987126 37.486786446182684 3.5955178908899685 36.161296974740729 69.886765405114375 8.0101773105163172 108.00000000000001 5.1916038901268307 1001.2433659043785 1002.0609196902493 50.245783406730389 1010.3264054535676 67.897150334564941 46.573966862728561
decision_type=2 2 2 2 2 2 2 2 2 2 2 2 2 2
left_child=1 3 9 5 -5 6 7 -1 -8 -3 -11 -12 13 -10
right_child=-2 2 -4 4 -6 -7 8 -9 12 10 11 -13 -14 -15
leaf_value=2.9574975806910371e-05 0.0010994798927900515 0.00062507758887174231 -0.0026399851386668164 -2.4289691600642983e-05 0.002975074003916234 -0.0010677590000408668 -0.0011534081636722583 0.001731368732130663 -0.0003261780177126639 0.00028836966816787467 -0.0013020801585904944 -0.00017364522760284932 -0.00065736848951524331 0.00093712571135256455
leaf_weight=527 21 30 20 32 22 27 34 22 24 33 24 28 36 20
leaf_count=527 21 30 20 32 22 27 34 22 24 33 24 28 36 20
internal_value=-6.25126e-13 -2.62674e-05 -0.000449209 5.04759e-05 0.00119767 -3.93047e-05 2.57801e-06 9.77707e-05 -0.00045585 -6.8204e-05 -0.000312892 -0.000694461 -0.000159388 0.000248051
internal_weight=900 879 135 744 54 690 663 549 114 115 85 52 80 44
internal_count=900 879 135 744 54 690 663 549 114 115 85 52 80 44
is_linear=0
shrinkage=0.05


Tree=59
num_leaves=15
num_cat=0
split_feature=2 4 4 4 0 1 1 1 1 4 4 4 2 1
split_gain=0.00938328 0.0103119 0.022776 0.0171719 0.0105819 0.013413 0.0156176 0.008354 0.0143638 0.00789205 0.00677285 0.00656118 0.0114191 0.0147796
threshold=41.433433988987126 9.8485175700693528 6.9763654858956583 5.2603852805033258 60.000000000000007 88.18037283231844 83.829507491872803 75.669865828536828 70.080597776617822 2.1351152889616491 1.6565357676094481 0.9260057939770997 20.996743618843606 73.147523210810519
decision_type=2 2 2 2 2 2 2 2 2 2 2 2 2 2
left_child=1 2 3 4 5 6 11 8 9 10 -6 -1 -13 -14
right_child=-2 -3 -4 -5 7 -7 -8 -9 -10 -11 -12 12 13 -15
leaf_value=3.0489742279053719e-05 0.0010445058912106713 -0.0011472998769022525 0.0015892254061658274 -0.0013878632822762367 -0.00014156309568567882 0.0010969128328522655 -0.0010280456108940315 -0.00055925316842691554 0.0010098162972255898 -0.00064066221794256803 0.00062544019797184909 -0.00055607820714136493 0.00032354059039789722 0.0017184625345247765
leaf_weight=237 21 20 22 23 162 36 29 109 29 65 35 21 64 27
leaf_count=237 21 20 22 23 162 36 29 109 29 65 35 21 64 27
internal_value=2.19896e-13 -2.49541e-05 1.17739e-06 -4.05634e-05 -2.49475e-06 0.000174708 8.68788e-05 -0.000185899 -4.60522e-05 -0.000162923 -5.29347e-06 0.000179523 0.000494888 0.000737419
internal_weight=900 879 859 837 814 414 378 400 291 262 197 349 112 91
internal_count=900 879 859 837 814 414 378 400 291 262 197 349 112 91
is_linear=0
shrinkage=0.05


Tree=60
num_leaves=15
num_cat=0
split_feature=1 1 3 1 4 4 3 3 1 1 1 4 4 4
split_gain=0.00882981 0.0348005 0.0238868 0.0237562 0.0206261 0.0253479 0.0204213 0.0195184 0.00568711 0.0210861 0.0225377 0.0156601 0.0107963 0.00974499
threshold=88.18037283231844 84.79808289048772 1006.6532941892227 89.702268552799737 6.9763654858956583 4.9111893214203226 1002.858360913151 1008.6814510446299 75.898618032126834 70.950847476936147 73.312654387814447 2.7816875555817857 2.1112488039208746 3.1809172837113908
decision_type=2 2 2 2 2 2 2 2 2 2 2 2 2 2
left_child=1 4 -3 -2 5 8 -5 -8 9 13 -11 12 -10 -1
right_child=3 2 -4 6 -6 -7 7 -9 11 10 -12 -13 -14 -15
leaf_value=5.2467073449032308e-05 0.0018173904417684147 -5.6790444827841035e-05 -0.0021834632917870616 -0.0013042896514802818 0.0013678173052280077 -0.0015796299232169984 0.0017358170419174712 -0.00042237554999618706 -0.00030287121913131289 0.0022320514076652575 8.3368430093217353e-05 -0.0012879974118449951 0.0010756697237957269 -0.0010211964899843389
leaf_weight=537 24 23 31 21 28 25 20 22 49 23 26 29 20 22
leaf_count=537 24 23 31 21 28 25 20 22 49 23 26 29 20 22
internal_value=-2.37168e-12 -5.12317e-05 -0.00127766 0.000478751 3.60239e-05 -1.49887e-05 -3.12064e-05 0.000605335 4.04165e-05 9.73902e-05 0.00109193 -0.000313053 9.67059e-05 1.0212e-05
internal_weight=900 813 54 87 759 731 63 42 706 608 49 98 69 559
internal_count=900 813 54 87 759 731 63 42 706 608 49 98 69 559
is_linear=0
shrinkage=0.05


Tree=61
num_leaves=15
num_cat=0
split_feature=2 2 4 2 1 4 4 4 4 4 3 1 1 1
split_gain=0.00845319 0.0101245 0.0401707 0.028082 0.0422784 0.0114807 0.010141 0.0154277 0.0199724 0.0114812 0.00688903 0.00690007 0.00658002 0.0122574
threshold=41.433433988987126 37.486786446182684 3.5955178908899685 36.161296974740729 69.886765405114375 8.0101773105163172 5.1916038901268307 4.4407952908075146 3.8698740806403467 3.0196471196633605 1002.0609196902493 50.245783406730389 41.63516207093339 43.706918549175761
decision_type=2 2 2 2 2 2 2 2 2 2 2 2 2 2
left_child=1 3 10 5 -5 6 7 8 9 12 -3 -12 -1 -14
right_child=-2 2 -4 4 -6 -7 -8 -9 -10 -11 11 -13 13 -15
leaf_value=-0.00031639201651075894 0.0009913886265297022 0.00058903656356657549 -0.0024902470479719343 -1.3372456942306599e-05 0.0028339718439383435 -0.001047996131496297 0.00088676397478388213 -0.0011868495643804116 0.0015673718656762502 -0.00097585538056709116 0.00027322739382119231 -0.00065114613002011676 0.0011349659511728936 3.48574023210798e-05
leaf_weight=119 21 30 20 32 22 27 31 28 20 31 33 52 27 407
leaf_count=119 21 30 20 32 22 27 31 28 20 31 33 52 27 407
internal_value=-2.08113e-12 -2.36851e-05 -0.000422051 4.85992e-05 0.00114666 -3.73358e-05 3.82234e-06 -3.94865e-05 1.37025e-05 -3.95053e-05 -6.23652e-05 -0.000292272 1.29844e-05 0.000103297
internal_weight=900 879 135 744 54 690 663 632 604 584 115 85 553 434
internal_count=900 879 135 744 54 690 663 632 604 584 115 85 553 434
is_linear=0
shrinkage=0.05


Tree=62
num_leaves=15
num_cat=0
split_feature=1 1 3 4 4 4 3 1 1 4 4 4 1 1
split_gain=0.00784934 0.0312092 0.0213772 0.0212197 0.0199669 0.0232651 0.0104156 0.00525185 0.0356978 0.0119416 0.00880354 0.00807273 0.00267974 0.00905028
threshold=88.18037283231844 84.79808289048772 1006.6532941892227 4.1708943134062153 6.9763654858956583 4.9111893214203226 1004.6567568913226 73.869056830618646 70.950847476936147 2.7816875555817857 2.1112488039208746 3.1809172837113908 41.272267291756798 43.826741106227281
decision_type=2 2 2 2 2 2 2 2 2 2 2 2 2 2
left_child=1 4 -3 6 5 7 -2 8 11 10 -9 12 -1 -14
right_child=3 2 -4 -5 -6 -7 -8 9 -10 -11 -12 -13 13 -15
leaf_value=-0.00012973032068992708 -0.00080703901733683711 -5.4768607293701046e-05 -0.0020666282665314935 0.0016811074893921614 0.0013446665801373978 -0.001514846076257527 0.00050628266504241365 -0.00025939421357179526 0.0018087517837933585 -0.0010417819059719998 0.00089113654862360461 -0.00092917836313559257 0.00080188717523882133 3.2253379463300697e-05
leaf_weight=152 26 23 31 25 28 25 36 60 29 35 23 22 43 342
leaf_count=152 26 23 31 25 28 25 36 60 29 35 23 22 43 342
internal_value=1.37293e-12 -4.83036e-05 -0.00120973 0.000451389 3.43271e-05 -1.58637e-05 -4.44651e-05 3.72164e-05 9.83073e-05 -0.000267202 5.94276e-05 9.57222e-06 4.80313e-05 0.000118212
internal_weight=900 813 54 87 759 731 62 706 588 118 83 559 537 385
internal_count=900 813 54 87 759 731 62 706 588 118 83 559 537 385
is_linear=0
shrinkage=0.05


Tree=63
num_leaves=15
num_cat=0
split_feature=4 4 4 4 1 4 1 1 1 4 4 4 3 1
split_gain=0.00851185 0.0241562 0.010299 0.0164433 0.0112597 0.015867 0.018966 0.0111407 0.00923875 0.00659398 0.0137929 0.00566625 0.00435206 0.00321689
threshold=9.8485175700693528 6.9763654858956583 5.2603852805033258 4.586891535443109 75.898618032126834 2.7816875555817857 84.188493040380138 70.950847476936147 73.312654387814447 2.1112488039208746 1.2532078261589492 3.1809172837113908 1004.4329204249829 83.305513357680169
decision_type=2 2 2 2 2 2 2 2 2 2 2 2 2 2
left_child=1 2 3 4 7 9 -7 11 -9 10 12 -1 -6 -14
right_child=-2 -3 -4 -5 5 6 -8 8 -10 -11 -12 -13 13 -15
leaf_value=4.562971479685773e-05 -0.00099482225209829365 0.0015882364357821645 -0.0010412722670783601 0.0012230397512515388 -0.00040088948581493849 -0.0022582706130508867 -0.000357591841602698 0.0015645702095009092 0.00014603970533547301 0.00050727800731288479 -0.0011859251461767903 -0.00081149358651600779 -0.00012405862942614477 0.00070021641741763673
leaf_weight=537 21 24 24 27 30 21 35 22 24 36 30 20 20 29
leaf_count=537 21 24 24 27 30 21 35 22 24 36 30 20 20 29
internal_value=4.6458e-12 2.37671e-05 -2.01478e-05 9.34312e-06 -3.14154e-05 -0.000355506 -0.00107035 7.66149e-05 0.000824467 -7.94298e-05 -0.000273205 1.48533e-05 7.33977e-05 0.000363778
internal_weight=900 879 855 831 804 201 56 603 46 145 109 557 79 49
internal_count=900 879 855 831 804 201 56 603 46 145 109 557 79 49
is_linear=0
shrinkage=0.05


Tree=64
num_leaves=15
num_cat=0
split_feature=4 4 4 4 4 0 4 3 3 1 1 1 3 0
split_gain=0.00857084 0.0341497 0.00693138 0.00885095 0.0161251 0.00360271 0.00412457 0.00493553 0.00892631 0.00525185 0.00722754 0.0115888 0.00829099 0.010162
threshold=7.861996547704293 5.1916038901268307 4.2985407071778674 3.8698740806403467 3.4195577598050142 60.000000000000007 0.62216126639256863 1014.2440069164019 1011.588402069077 83.622401696710952 40.967563620495824 46.034710758039743 1004.4329204249829 108.00000000000001
decision_type=2 2 2 2 2 2 2 2 2 2 2 2 2 2
left_child=1 2 3 4 5 -1 -7 8 9 10 -8 -12 13 -13
right_child=-2 -3 -4 -5 -6 6 7 -9 -10 -11 11 12 -14 -15
leaf_value=0.00011335343140872784 -0.00072498629944255718 0.0016101602126251569 -0.00068071029538539459 0.00094761600776109849 -0.0013938906081464319 0.00031264726799054191 -0.00069882893622912566 -0.00062579436629426255 0.00073848365412639656 -0.000798076976207085 0.001185420785623137 -0.0001303360832845975 -0.00057779913358562806 0.0011994744080584497
leaf_weight=399 39 33 39 24 21 50 39 51 29 31 20 51 54 20
leaf_count=399 39 33 39 24 21 50 39 51 29 31 20 51 54 20
internal_value=-8.12118e-12 3.28391e-05 -3.00252e-05 2.13799e-06 -2.75241e-05 1.10427e-05 -0.000107282 -0.000178456 -8.49552e-05 -0.000196024 -9.45909e-05 6.79283e-05 -0.00011087 0.000244258
internal_weight=900 861 828 789 765 744 345 295 244 215 184 145 125 71
internal_count=900 861 828 789 765 744 345 295 244 215 184 145 125 71
is_linear=0
shrinkage=0.05


Tree=65
num_leaves=15
num_cat=0
split_feature=4 4 4 4 4 0 4 3 3 1 1 1 0 3
split_gain=0.00773518 0.0308201 0.00625557 0.00798798 0.0145529 0.00325144 0.00378868 0.00381835 0.00831784 0.00548383 0.00453261 0.0138385 0.00620301 0.00757754
threshold=7.861996547704293 5.1916038901268307 4.2985407071778674 3.8698740806403467 3.4195577598050142 60.000000000000007 0.74012101894685223 1014.2440069164019 1011.588402069077 56.168548970866247 40.967563620495824 46.034710758039743 108.00000000000001 999.11328988771231
decision_type=2 2 2 2 2 2 2 2 2 2 2 2 2 2
left_child=1 2 3 4 5 -1 -7 8 10 -9 -8 -12 13 -13
right_child=-2 -3 -4 -5 -6 6 7 9 -10 -11 11 12 -14 -15
leaf_value=0.00010768575769208912 -0.00068873689414407965 0.001529652216104847 -0.00064667474847131723 0.00090023522425326525 -0.0013241960966427413 0.00021791827264130243 -0.00071892983922569684 -0.0011980130758491301 0.00070079965683232464 -6.8412015521475538e-05 0.0011261497501254779 0.00038917019497603178 0.00024269600959619643 -0.00069500277147078549
leaf_weight=399 39 33 39 24 21 73 37 21 28 22 20 20 41 83
leaf_count=399 39 33 39 24 21 73 37 21 28 22 20 20 41 83
internal_value=3.47831e-13 3.11971e-05 -2.85239e-05 2.03109e-06 -2.61479e-05 1.04906e-05 -0.000101918 -0.000187756 -0.000106578 -0.000620078 -0.000219048 -0.00010627 -0.00027744 -0.000484484
internal_weight=900 861 828 789 765 744 345 272 229 43 201 164 144 103
internal_count=900 861 828 789 765 744 345 272 229 43 201 164 144 103
is_linear=0
shrinkage=0.05


Tree=66
num_leaves=15
num_cat=0
split_feature=2 1 4 1 1 1 4 0 4 3 4 4 4 3
split_gain=0.00744241 0.00884531 0.0247157 0.0105899 0.0250394 0.0446236 0.0220165 0.00737586 0.0140616 0.010219 0.0294327 0.028793 0.0150439 0.00495981
threshold=41.433433988987126 92.222999064327453 9.459586396549053 90.504453183800649 88.18037283231844 86.589399962208674 6.1316564365447332 60.000000000000007 4.4407952908075146 1013.935927292877 2.4101075514582155 1.1834574601562753 1.5264091094182717 1014.2440069164019
decision_type=2 2 2 2 2 2 2 2 2 2 2 2 2 2
left_child=1 2 3 4 5 6 7 9 13 10 12 -11 -1 -9
right_child=-2 -3 -4 -5 -6 -7 -8 8 -10 11 -12 -13 -14 -15
leaf_value=4.3447652809979711e-05 0.00093023002347243687 0.00080733870516034526 -0.0017893855436705054 -0.0011471532168798148 0.0014601342851729615 -0.002367422378738411 0.0016621911386027932 -1.9453237384831448e-06 -0.0012986039710365452 9.7950571289402438e-06 -0.001795425343637665 0.0021804132223637268 0.0014669148639950436 -0.00049312810936946391
leaf_weight=258 21 31 20 20 29 20 20 279 26 50 21 22 20 63
leaf_count=258 21 31 20 20 29 20 20 279 26 50 21 22 20 63
internal_value=9.31762e-12 -2.22239e-05 -5.25499e-05 -1.05974e-05 1.75352e-05 -3.61687e-05 2.52609e-05 -1.90403e-05 -0.000177645 0.000138282 9.51124e-06 0.000673039 0.000145855 -9.24264e-05
internal_weight=900 879 848 828 808 779 759 739 368 371 299 72 278 342
internal_count=900 879 848 828 808 779 759 739 368 371 299 72 278 342
is_linear=0
shrinkage=0.05


Tree=67
num_leaves=15
num_cat=0
split_feature=2 2 4 2 1 4 2 2 4 4 1 3 4 4
split_gain=0.00671677 0.0085876 0.0346581 0.0256116 0.0385834 0.00897349 0.00895931 0.0571499 0.0501374 0.0154357 0.0135087 0.0155836 0.0693356 0.016871
threshold=41.433433988987126 37.486786446182684 3.5955178908899685 36.161296974740729 69.886765405114375 8.0101773105163172 20.900093829074514 22.212115278929424 1.1351045729964879 3.578912814219382 90.504453183800649 1012.488212550253 2.0499911465475589 1.9185319158424916
decision_type=2 2 2 2 2 2 2 2 2 2 2 2 2 2
left_child=1 3 -3 5 -5 6 9 8 -8 -1 11 13 -13 -9
right_child=-2 2 -4 4 -6 -7 7 10 -10 -11 -12 12 -14 -15
leaf_value=-0.00013665900119866074 0.00088371846969017675 -5.3902382436638659e-05 -0.0023090516607044264 -1.4070601207549772e-05 0.0027060031978966108 -0.00093012214293358502 0.00019268441939770823 8.0048366484569908e-05 0.0036906705026922282 -0.0016074893248151055 -0.0011586098096673734 -8.7818844069962408e-05 0.0031917203724151481 -0.00072847923321482406
leaf_weight=165 21 115 20 32 22 27 21 216 20 20 26 83 20 92
leaf_count=165 21 115 20 32 22 27 21 216 20 20 26 83 20 92
internal_value=1.26248e-12 -2.11127e-05 -0.000387999 4.54593e-05 0.00109411 -3.66088e-05 -2.21407e-07 0.000114125 0.00189902 -0.000295668 -5.33365e-05 1.65835e-05 0.000548985 -0.00016146
internal_weight=900 879 135 744 54 690 663 478 41 185 437 411 103 308
internal_count=900 879 135 744 54 690 663 478 41 185 437 411 103 308
is_linear=0
shrinkage=0.05


Tree=68
num_leaves=15
num_cat=0
split_feature=1 1 4 4 3 4 3 4 4 2 4 4 4 4
split_gain=0.00712998 0.0246347 0.0201412 0.0221841 0.0196531 0.0192317 0.00913907 0.00491985 0.00608513 0.0061844 0.00499159 0.00811526 0.00462276 0.00919406
threshold=88.18037283231844 84.79808289048772 6.9763654858956583 4.9111893214203226 1006.6532941892227 4.1708943134062153 1004.6567568913226 3.9602453863187841 2.4004905931365319 21.848994459532111 2.0699784224697102 1.9185319158424916 1.6565357676094481 1.5181004483280993
decision_type=2 2 2 2 2 2 2 2 2 2 2 2 2 2
left_child=1 2 3 7 -3 6 -2 8 10 -10 11 12 13 -1
right_child=5 4 -4 -5 -6 -7 -8 -9 9 -11 -12 -13 -14 -15
leaf_value=6.2505777782271177e-05 -0.00075616300589619924 2.949999635229292e-05 0.0013434231746941806 -0.0014867763333604673 -0.0018995219574970826 0.0016009069513529539 0.00047404620118969532 0.00064470506911147238 -0.001055724008474499 -0.0001197094755480066 0.00066479823283316364 -0.00096629627107176937 0.00056972043090443151 -0.0010065213400160982
leaf_weight=476 26 23 28 25 31 25 36 31 25 60 32 20 41 21
leaf_count=476 26 23 28 25 31 25 36 31 25 60 32 20 41 21
internal_value=5.38057e-12 -4.6037e-05 2.73763e-05 -2.30332e-05 -0.0010779 0.000430208 -4.1848e-05 2.87991e-05 5.13021e-07 -0.000395008 5.74948e-05 2.26674e-05 5.94319e-05 1.73356e-05
internal_weight=900 813 759 731 54 87 62 706 675 85 590 558 538 497
internal_count=900 813 759 731 54 87 62 706 675 85 590 558 538 497
is_linear=0
shrinkage=0.05


Tree=69
num_leaves=15
num_cat=0
split_feature=1 1 1 4 4 3 3 3 4 4 2 4 4 4
split_gain=0.00643481 0.0222328 0.0181966 0.0181774 0.0200212 0.0177369 0.0159392 0.0173934 0.00444016 0.00549183 0.00558142 0.00450491 0.00732403 0.00417204
threshold=88.18037283231844 84.79808289048772 89.702268552799737 6.9763654858956583 4.9111893214203226 1006.6532941892227 1002.858360913151 1008.6814510446299 3.9602453863187841 2.4004905931365319 21.848994459532111 2.0699784224697102 1.9185319158424916 1.6565357676094481
decision_type=2 2 2 2 2 2 2 2 2 2 2 2 2 2
left_child=1 3 -2 4 8 -3 -4 -8 9 11 -11 12 13 -1
right_child=2 5 6 -5 -6 -7 7 -9 -10 10 -12 -13 -14 -15
leaf_value=1.6468837428960404e-05 0.001580274320440367 2.8024988410913427e-05 -0.0011623472682133849 0.0012762519597475019 -0.0014124375062528997 -0.0018045457898669187 0.0015919197733092008 -0.00044540882051726595 0.00061246982640436587 -0.0010029377997852861 -0.00011372400467128804 0.00063155831676340321 -0.00091798146662767975 0.00054123442441223455
leaf_weight=497 24 23 21 28 25 31 20 22 31 25 60 32 20 41
leaf_count=497 24 23 21 28 25 31 20 22 31 25 60 32 20 41
internal_value=5.20852e-12 -4.37352e-05 0.000408698 2.60075e-05 -2.18815e-05 -0.00102401 -3.76173e-05 0.000524748 2.73591e-05 4.87371e-07 -0.000375257 5.46201e-05 2.1534e-05 5.64603e-05
internal_weight=900 813 87 759 731 54 63 42 706 675 85 590 558 538
internal_count=900 813 87 759 731 54 63 42 706 675 85 590 558 538
is_linear=0
shrinkage=0.05


Tree=70
num_leaves=15
num_cat=0
split_feature=4 4 0 1 1 1 3 2 3 2 4 3 3 4
split_gain=0.00684212 0.029316 0.00484326 0.00555364 0.0165871 0.00672911 0.00642932 0.0104426 0.0042241 0.00644528 0.00361427 0.00357266 0.0148818 0.00940432
threshold=7.861996547704293 5.1916038901268307 60.000000000000007 73.536243613238724 69.886765405114375 67.568476692425193 1008.6163370304399 34.7302100432427 999.11328988771231 29.776301611731871 0.38506504437915307 1004.3698767759697 1002.6066792008979 2.1112488039208746
decision_type=2 2 2 2 2 2 2 2 2 2 2 2 2 2
left_child=1 2 10 4 5 -4 8 -8 -5 -10 -1 12 -12 -13
right_child=-2 -3 3 6 -6 -7 7 -9 9 -11 11 13 -14 -15
leaf_value=-0.0002097807483629749 -0.00064775885130541452 0.0014907741284167226 -6.8174962839686576e-05 -0.00017323080206882549 0.0012884545124093579 -0.0010223073367887992 0.0005294242861881768 -0.00091848207666771491 -0.0015892897582186077 -0.00043051195122340388 0.00020362095431229808 0.00015610284907386133 -0.0011652122642165827 0.0011298623176869648
leaf_weight=81 39 33 243 22 22 20 33 20 24 24 115 171 24 29
leaf_count=81 39 33 243 22 22 20 33 20 24 24 115 171 24 29
internal_value=-2.18375e-12 2.9341e-05 -2.89045e-05 -0.000151597 -3.04093e-05 -0.000140733 -0.000432398 -1.69555e-05 -0.000746947 -0.0010099 9.02825e-05 0.000161979 -3.27243e-05 0.000297298
internal_weight=900 861 828 408 285 263 123 53 70 48 420 339 139 200
internal_count=900 861 828 408 285 263 123 53 70 48 420 339 139 200
is_linear=0
shrinkage=0.05


Tree=71
num_leaves=15
num_cat=0
split_feature=4 4 4 4 3 3 2 4 3 2 3 4 4 2
split_gain=0.00617501 0.0264577 0.00461536 0.0116522 0.00807106 0.0142227 0.0133599 0.015964 0.024884 0.0152591 0.0130206 0.00710161 0.0095912 0.00600243
threshold=7.861996547704293 5.1916038901268307 1.7725452336550207 1.8814330365469951 1015.3046091885027 1013.8711897361576 35.983975875086166 4.4407952908075146 1002.7012569219957 28.155333075422664 1004.5109910979357 1.6098963212172401 1.5181004483280993 20.74364062558578
decision_type=2 2 2 2 2 2 2 2 2 2 2 2 2 2
left_child=1 2 11 -4 5 6 7 8 13 -10 -8 12 -1 -5
right_child=-2 -3 3 4 -6 -7 10 -9 9 -11 -12 -13 -14 -15
leaf_value=6.0302158619434583e-05 -0.0006153709720820189 0.0014162354044277561 -0.0013299695964503503 -0.00027819084119983022 0.00083456255628594337 -0.0014628526475280524 0.0015868636475975758 -0.0014309328559857723 0.0010705172293000943 -0.00039397544535639664 -2.5624752602344679e-05 0.00097862767041078757 -0.0010553411766886711 -0.0014041368159112234
leaf_weight=524 39 33 21 20 21 20 21 26 46 29 31 20 20 29
leaf_count=524 39 33 21 20 21 20 21 26 46 29 31 20 20 29
internal_value=-4.67531e-12 2.78739e-05 -2.74593e-05 -0.000200001 -0.00010235 -0.000190977 -6.50483e-05 -0.000304464 -6.82684e-05 0.000504247 0.000625572 5.33051e-05 1.92859e-05 -0.000944567
internal_weight=900 861 828 264 243 222 202 150 124 75 52 564 544 49
internal_count=900 861 828 264 243 222 202 150 124 75 52 564 544 49
is_linear=0
shrinkage=0.05


Tree=72
num_leaves=15
num_cat=0
split_feature=1 4 4 2 4 4 4 2 2 1 3 4 4 2
split_gain=0.00603789 0.0193766 0.0251614 0.00768722 0.0279079 0.0267643 0.0231551 0.00672914 0.00595867 0.00833262 0.00630896 0.00491009 0.00471575 0.00361971
threshold=92.222999064327453 9.459586396549053 6.9763654858956583 20.900093829074514 2.8000949629089811 4.586891535443109 4.0012701610456833 20.315161550497237 22.212115278929424 83.305513357680169 1005.6479986398751 2.8593394250516093 2.4101075514582155 38.687738961625037
decision_type=2 2 2 2 2 2 2 2 2 2 2 2 2 2
left_child=1 2 3 4 7 6 8 -1 -5 11 -11 12 13 -10
right_child=-2 -3 -4 5 -6 -7 -8 -9 9 10 -12 -13 -14 -15
leaf_value=0.0001113202924957514 0.00066381017390857312 -0.0015255539744560209 0.0017210819248464845 0.0006659485350662311 -0.0016604495856881842 0.0013726898042174676 -0.0015204023889964448 -0.00087757522036554288 0.00012763352562305541 -0.00096299380010522501 -3.3260707318226596e-05 0.00064804149973069272 -0.00072565030539408328 -0.00025295938239651151
leaf_weight=123 33 21 21 35 32 36 25 20 351 37 36 34 20 76
leaf_count=123 33 21 21 35 32 36 25 20 351 37 36 34 20 76
internal_value=3.02915e-12 -2.52661e-05 1.19751e-05 -3.15295e-05 -0.000325677 4.76641e-05 -3.00247e-05 -2.69868e-05 3.32341e-05 -6.7388e-06 -0.000504495 6.88043e-05 2.4746e-05 5.98933e-05
internal_weight=900 867 846 825 175 650 614 143 589 554 73 481 447 427
internal_count=900 867 846 825 175 650 614 143 589 554 73 481 447 427
is_linear=0
shrinkage=0.05


Tree=73
num_leaves=15
num_cat=0
split_feature=1 1 1 4 4 4 3 2 3 1 1 1 4 4
split_gain=0.00587787 0.0187618 0.0179459 0.0609126 0.0328543 0.0168765 0.0165432 0.00795714 0.00713545 0.00627333 0.0141397 0.0161905 0.00570515 0.00330648
threshold=88.18037283231844 84.79808289048772 79.469144399763195 4.3414905995122952 4.9111893214203226 4.1708943134062153 1006.6532941892227 32.365437086138321 1004.6567568913226 75.898618032126834 70.950847476936147 73.312654387814447 3.1809172837113908 1.9686169030769711
decision_type=2 2 2 2 2 2 2 2 2 2 2 2 2 2
left_child=1 2 4 7 9 8 -3 -4 -2 10 12 -12 -1 -11
right_child=5 6 3 -5 -6 -7 -8 -9 -10 13 11 -13 -14 -15
leaf_value=2.9232019746721179e-05 -0.00068277093254996897 7.3710787261876726e-05 0.00032360667892741428 0.0029657313494350426 -0.0014658679415543493 0.0014872854175046087 -0.0016961215033886895 -0.00096392492472659793 0.00040425170510489906 -0.00012355187511275292 0.0018490355092343755 2.7875338967602986e-05 -0.00079227408304260191 -0.0010327389789745211
leaf_weight=537 26 23 30 22 39 25 31 20 36 20 23 26 22 20
leaf_count=537 26 23 30 22 39 25 31 20 36 20 23 26 22 20
internal_value=-9.57597e-13 -4.17997e-05 2.22678e-05 0.000773275 -5.64404e-05 0.000390611 -0.000942304 -0.000191406 -5.15965e-05 2.83863e-05 6.82897e-05 0.000882706 -3.09917e-06 -0.000578145
internal_weight=900 813 759 72 687 87 54 50 62 648 608 49 559 40
internal_count=900 813 759 72 687 87 54 50 62 648 608 49 559 40
is_linear=0
shrinkage=0.05


Tree=74
num_leaves=15
num_cat=0
split_feature=4 4 0 1 1 1 3 2 3 2 3 3 3 2
split_gain=0.00586147 0.0230681 0.00397252 0.00409466 0.0140751 0.00595448 0.00558714 0.00900459 0.00397992 0.00559128 0.00356263 0.00865392 0.00417039 0.003956
threshold=7.861996547704293 5.1916038901268307 60.000000000000007 73.536243613238724 69.886765405114375 67.568476692425193 1008.6163370304399 34.7302100432427 999.11328988771231 29.776301611731871 1013.7556445448542 1011.588402069077 1008.6814510446299 36.161296974740729
decision_type=2 2 2 2 2 2 2 2 2 2 2 2 2 2
left_child=1 2 -1 4 5 10 8 -8 -5 -10 11 12 13 -4
right_child=-2 -3 3 6 -6 -7 7 -9 9 -11 -12 -13 -14 -15
leaf_value=8.3432479718578104e-05 -0.00059954431922867521 0.0013235376759742699 -0.00011987948533502063 -0.00011307726831133055 0.0011833270673047413 -0.00096247685694834213 0.00051790540826252918 -0.0008266166665998753 -0.0014648462364372488 -0.00038556408932587756 -0.00043640633125951534 0.00099161562143958051 -0.00065414883041133487 0.00050365545762223046
leaf_weight=420 39 33 111 22 22 20 33 20 24 24 51 21 27 33
leaf_count=420 39 33 111 22 22 20 33 20 24 24 51 21 27 33
internal_value=6.73835e-12 2.71571e-05 -2.45103e-05 -0.000135628 -3.15689e-05 -0.000133195 -0.00037674 1.05386e-05 -0.000669965 -0.000925205 -6.49416e-05 3.37287e-05 -8.39065e-05 2.30139e-05
internal_weight=900 861 828 408 285 263 123 53 70 48 243 192 171 144
internal_count=900 861 828 408 285 263 123 53 70 48 243 192 171 144
is_linear=0
shrinkage=0.05


Tree=75
num_leaves=15
num_cat=0
split_feature=3 3 1 1 4 2 4 4 1 1 1 4 4 2
split_gain=0.00574386 0.0131046 0.0339594 0.0153518 0.0211447 0.00884557 0.0451597 0.0325317 0.00877467 0.00821593 0.00891371 0.01279 0.00563146 0.00337046
threshold=1016.8110547200371 1015.3655854161173 66.015565885615061 92.222999064327453 7.861996547704293 20.069951426622371 5.1916038901268307 2.8000949629089811 67.75013250157771 87.282434968863484 85.102154517886817 3.578912814219382 1.441088809059285 38.687738961625037
decision_type=2 2 2 2 2 2 2 2 2 2 2 2 2 2
left_child=1 3 -3 4 5 7 9 -1 -2 10 11 13 -11 -7
right_child=8 2 -4 -5 -6 6 -8 -9 -10 12 -12 -13 -14 -15
leaf_value=-7.9869276975698182e-06 -1.1127414280267926e-05 -0.00022746566504675656 0.002415181122341892 0.0010728360942824024 -0.0013202586225816049 0.00013746719280463809 0.0022998850750313563 -0.0019996142371091993 -0.0013309874219885388 -5.9677191893570131e-05 0.0010306870113709011 -0.00085541171312797826 -0.0012068685226435975 -0.00021912276395596566
leaf_weight=114 34 31 20 31 32 386 22 25 20 20 22 40 23 80
leaf_count=114 34 31 20 31 32 386 22 25 20 20 22 40 23 80
internal_value=-3.95206e-12 3.19126e-05 0.000808866 -1.79297e-05 -6.21885e-05 -7.19092e-06 7.69597e-05 -0.000366193 -0.000499964 -8.68714e-06 4.54378e-05 2.60088e-06 -0.000673291 7.625e-05
internal_weight=900 846 51 795 764 732 593 139 54 571 528 506 43 466
internal_count=900 846 51 795 764 732 593 139 54 571 528 506 43 466
is_linear=0
shrinkage=0.05


Tree=76
num_leaves=15
num_cat=0
split_feature=2 2 4 2 1 4 4 4 0 4 3 4 2 4
split_gain=0.00549857 0.00740804 0.0319692 0.0229838 0.0356469 0.00985883 0.0353827 0.0120056 0.0163421 0.00762839 0.00964558 0.010801 0.00759578 0.0137482
threshold=41.433433988987126 37.486786446182684 3.5955178908899685 36.161296974740729 69.886765405114375 5.2603852805033258 6.9763654858956583 3.8698740806403467 84.000000000000014 1.7725452336550207 999.96128206310311 2.0699784224697102 29.939534598372003 2.6581558417146889
decision_type=2 2 2 2 2 2 2 2 2 2 2 2 2 2
left_child=1 3 -3 5 -5 7 -7 9 -9 -1 -11 -12 13 -13
right_child=-2 2 -4 4 -6 6 -8 8 -10 10 11 12 -14 -15
leaf_value=6.3551863203296455e-05 0.00079957355102080671 -3.8986351494753289e-05 -0.002204889700806234 -2.9049879663034518e-05 0.0025854683219222355 -0.0022908717526921203 0.00031947098357383818 0.0017839058302342892 -2.3264697640491972e-05 -0.00109030584242325 -0.00082857426911543469 0.0013331849511747285 -0.00048739752232062602 -0.00027768954135423815
leaf_weight=432 21 115 20 32 22 21 34 22 29 34 38 27 27 26
leaf_count=432 21 115 20 32 22 21 34 22 29 34 38 27 27 26
internal_value=2.5266e-12 -1.91024e-05 -0.000359861 4.27287e-05 0.00103612 -3.50153e-05 -0.000677205 2.06075e-05 0.000756299 -4.36395e-05 -0.000348289 -0.000134487 0.000195204 0.000542945
internal_weight=900 879 135 744 54 690 55 635 51 584 152 118 80 53
internal_count=900 879 135 744 54 690 55 635 51 584 152 118 80 53
is_linear=0
shrinkage=0.05


Tree=77
num_leaves=15
num_cat=0
split_feature=3 3 1 1 4 1 2 4 4 1 1 4 4 4
split_gain=0.00531136 0.0117905 0.0306676 0.0135784 0.019039 0.00794337 0.00781192 0.0425919 0.0287465 0.007489 0.00794023 0.0114705 0.00487801 0.00345577
threshold=1016.8110547200371 1015.3655854161173 66.015565885615061 92.222999064327453 7.861996547704293 67.75013250157771 20.069951426622371 5.1916038901268307 2.8000949629089811 87.282434968863484 85.102154517886817 3.578912814219382 1.441088809059285 2.8593394250516093
decision_type=2 2 2 2 2 2 2 2 2 2 2 2 2 2
left_child=1 3 -3 4 6 -2 8 9 -1 10 11 13 -11 -8
right_child=5 2 -4 -5 -6 -7 7 -9 -10 12 -12 -13 -14 -15
leaf_value=-6.6788618680316425e-06 -1.5667727808142767e-05 -0.00021716930815244033 0.0022941343467391562 0.0010092444658033445 -0.0012519980245997431 -0.0012714510809746571 3.7102534958083323e-05 0.0022318568884987723 -0.0018788576431106778 -7.3551518144086001e-05 0.00097144777338888327 -0.00081142510127392604 -0.0011412451585309338 0.00061990494637198198
leaf_weight=114 34 31 20 31 32 20 439 22 25 20 22 40 23 27
leaf_count=114 34 31 20 31 32 20 439 22 25 20 22 40 23 27
internal_value=2.65775e-13 3.06876e-05 0.000767656 -1.65896e-05 -5.82137e-05 -0.000480773 -6.02644e-06 7.30548e-05 -0.000343402 -1.01215e-05 4.15536e-05 1.1234e-06 -0.000644643 7.08701e-05
internal_weight=900 846 51 795 764 54 732 593 139 571 528 506 43 466
internal_count=900 846 51 795 764 54 732 593 139 571 528 506 43 466
is_linear=0
shrinkage=0.05


Tree=78
num_leaves=15
num_cat=0
split_feature=1 1 4 4 1 3 3 3 4 4 4 2 4 4
split_gain=0.00514461 0.0172793 0.0188264 0.022605 0.0165758 0.0144709 0.0138511 0.0148891 0.00547384 0.00395408 0.00544073 0.00698842 0.00388625 0.0058669
threshold=88.18037283231844 84.79808289048772 6.9763654858956583 4.9111893214203226 89.702268552799737 1006.6532941892227 1002.858360913151 1008.6814510446299 3.9602453863187841 2.4004905931365319 2.8593394250516093 32.365437086138321 2.0699784224697102 1.9185319158424916
decision_type=2 2 2 2 2 2 2 2 2 2 2 2 2 2
left_child=1 2 3 8 -2 -3 -6 -8 9 12 -11 -12 13 -1
right_child=4 5 -4 -5 6 -7 7 -9 -10 10 11 -13 -14 -15
leaf_value=4.2589865137800911e-05 0.0014836185475966583 4.6949447436339187e-05 0.00129474583539247 -0.0015039206817746163 -0.0011090101230712165 -0.0016083268981967724 0.001451058464972448 -0.00043390529833480044 0.00067562172790208176 -0.00077832728196438911 -0.00048137695366676784 0.00074235427979147067 0.00057792085499386303 -0.00082954836863791581
leaf_weight=538 24 23 28 25 21 31 20 22 31 37 28 20 32 20
leaf_count=538 24 23 28 25 21 31 20 22 31 37 28 20 32 20
internal_value=-2.72879e-12 -3.91056e-05 2.23787e-05 -2.63577e-05 0.000365435 -0.000903302 -6.0539e-05 0.000463696 2.59639e-05 -3.87219e-06 -0.000322701 2.85111e-05 4.20608e-05 1.13304e-05
internal_weight=900 813 759 731 87 54 63 42 706 675 85 48 590 558
internal_count=900 813 759 731 87 54 63 42 706 675 85 48 590 558
is_linear=0
shrinkage=0.05


Tree=79
num_leaves=15
num_cat=0
split_feature=2 2 4 2 1 4 2 4 0 4 3 4 2 4
split_gain=0.00480197 0.00686054 0.0281348 0.0204604 0.0324862 0.00912379 0.0477492 0.00980004 0.0242099 0.00648968 0.00861995 0.00942726 0.0070093 0.0118632
threshold=41.433433988987126 37.486786446182684 3.5955178908899685 36.161296974740729 69.886765405114375 5.5828265957586583 27.577120563285543 3.8698740806403467 108.00000000000001 1.7725452336550207 999.96128206310311 2.0699784224697102 29.939534598372003 2.6581558417146889
decision_type=2 2 2 2 2 2 2 2 2 2 2 2 2 2
left_child=1 3 -3 5 -5 7 -7 9 -9 -1 -11 -12 13 -13
right_child=-2 2 -4 4 -6 6 -8 8 -10 10 11 12 -14 -15
leaf_value=5.7398694529966743e-05 0.00074721070316930609 -4.4759096914355687e-05 -0.0020766254523186946 -3.792615715383363e-05 0.0024579906814985657 0.00074391282956909257 -0.0023563051511661364 0.0014258407198617028 -0.0007438340730732307 -0.0010239206705591642 -0.00076879446048559133 0.0012557823866329813 -0.00046805404385344852 -0.00024059212748677686
leaf_weight=432 21 115 20 32 22 27 23 36 20 34 38 27 27 26
leaf_count=432 21 115 20 32 22 27 23 36 20 34 38 27 27 26
internal_value=3.99339e-12 -1.78514e-05 -0.000345776 4.16511e-05 0.000978929 -3.17011e-05 -0.000682187 1.91181e-05 0.000650957 -4.14692e-05 -0.000322462 -0.000120347 0.000187666 0.000521712
internal_weight=900 879 135 744 54 690 50 640 56 584 152 118 80 53
internal_count=900 879 135 744 54 690 50 640 56 584 152 118 80 53
is_linear=0
shrinkage=0.05


Tree=80
num_leaves=15
num_cat=0
split_feature=3 1 4 4 2 4 4 1 1 3 3 4 4 1
split_gain=0.00487024 0.00926431 0.0160132 0.0314499 0.00649473 0.0754003 0.0602469 0.00463137 0.0206413 0.0068182 0.0129711 0.013659 0.00457479 0.00713807
threshold=1017.5131259742103 92.222999064327453 9.459586396549053 6.9763654858956583 33.142229900598032 4.9111893214203226 4.0814783443021563 73.869056830618646 70.950847476936147 999.00051567740309 1005.4040837985896 3.1666125351189192 1.9185319158424916 42.12760643004539
decision_type=2 2 2 2 2 2 2 2 2 2 2 2 2 2
left_child=1 2 3 4 5 7 -6 8 12 -9 -11 -12 13 -1
right_child=-2 -3 -4 -5 6 -7 -8 9 -10 10 11 -13 -14 -15
leaf_value=-0.00026996370705035724 -0.00070270091692066223 0.00085431796856028086 -0.0013758236054508459 0.0019808737857965756 -3.8632083749446199e-05 -0.0028695053226935369 0.0027420461527071895 0.00059447901905514307 0.0016146131796718 -0.0012039332989037836 0.00039650755017372027 -0.0010855336266104132 -0.00042748854743791223 0.00025813870872704508
leaf_weight=97 24 32 21 20 269 24 21 20 21 35 53 22 53 188
leaf_count=97 24 32 21 20 269 24 21 20 21 35 53 22 53 188
internal_value=7.02054e-13 1.92521e-05 -1.24092e-05 2.23802e-05 -2.63992e-05 -0.000133313 0.000162727 9.78848e-07 9.35754e-05 -0.00025473 -0.000409132 -3.82245e-05 -9.26909e-07 7.83986e-05
internal_weight=900 876 844 823 803 513 290 489 359 130 110 75 338 285
internal_count=900 876 844 823 803 513 290 489 359 130 110 75 338 285
is_linear=0
shrinkage=0.05


Tree=81
num_leaves=15
num_cat=0
split_feature=3 3 1 1 4 1 2 4 4 4 2 1 3 1
split_gain=0.00465452 0.0107327 0.0278003 0.0109638 0.0164982 0.00728928 0.00681793 0.0400357 0.0239714 0.0104863 0.00731252 0.00288244 0.00730339 0.00376654
threshold=1016.8110547200371 1015.3655854161173 66.015565885615061 92.222999064327453 7.861996547704293 67.75013250157771 20.069951426622371 4.8194869600320009 2.8000949629089811 3.578912814219382 28.844012742672081 83.305513357680169 1006.7953009196641 69.886765405114375
decision_type=2 2 2 2 2 2 2 2 2 2 2 2 2 2
left_child=1 3 -3 4 6 -2 8 9 -1 11 -11 13 -13 -8
right_child=5 2 -4 -5 -6 -7 7 -9 -10 10 -12 12 -14 -15
leaf_value=-1.2895832869138473e-05 -4.5197592579129645e-06 -0.00020579366403492922 0.002185228694070247 0.00090541166399845914 -0.0011650571143036359 -0.001207489399093902 1.4685625838900025e-05 0.0017888525864691474 -0.0017225240692496299 -3.6377641594126108e-05 -0.0012804123348797913 -0.00068481632489881411 0.00038643435019856465 0.0003934099905654876
leaf_weight=114 34 31 20 31 32 20 366 32 25 21 27 41 26 80
leaf_count=114 34 31 20 31 32 20 366 32 25 21 27 41 26 80
internal_value=-1.0156e-12 2.87275e-05 0.000731862 -1.63793e-05 -5.37818e-05 -0.000450064 -5.20143e-06 6.86775e-05 -0.000320383 -2.9443e-05 -0.000736147 3.66814e-05 -0.000269107 8.26182e-05
internal_weight=900 846 51 795 764 54 732 593 139 561 48 513 67 446
internal_count=900 846 51 795 764 54 732 593 139 561 48 513 67 446
is_linear=0
shrinkage=0.05


Tree=82
num_leaves=15
num_cat=0
split_feature=2 4 4 1 4 4 4 1 4 4 3 4 3 3
split_gain=0.00463644 0.0391011 0.0582806 0.0331954 0.0326714 0.0134121 0.00689098 0.00464333 0.00646285 0.00613235 0.00426134 0.00394902 0.0113576 0.00340874
threshold=23.817362620769469 5.9351930192480662 4.8194869600320009 80.712022076518664 3.8698740806403467 4.0012701610456833 2.6581558417146889 83.305513357680169 2.8593394250516093 2.4004905931365319 1007.0727708528647 1.580315531481338 1004.0385822547279 1017.2355526913584
decision_type=2 2 2 2 2 2 2 2 2 2 2 2 2 2
left_child=4 2 5 -3 6 7 -1 8 9 11 -9 13 -13 -2
right_child=1 3 -4 -5 -6 -7 -8 10 -10 -11 -12 12 -14 -15
leaf_value=5.0497931935412271e-05 2.5781243140468147e-05 -0.0030196909420192246 0.00268482627812773 -0.00023444186941639559 0.0015534677479818867 -0.0010726941616139225 -0.00081264876778452434 -0.00066015543341834814 0.00074561858555171061 -0.00084597143111750481 5.7197280064527248e-05 0.0012991522509685678 -0.00010176858378168291 -0.00061803307683228265
leaf_weight=209 314 20 20 23 37 31 26 47 32 20 37 23 39 22
leaf_count=209 314 20 20 23 37 31 26 47 32 20 37 23 39 22
internal_value=1.07846e-12 -7.46871e-05 3.22777e-05 -0.00152991 0.000172439 -6.16178e-05 -4.49991e-05 -2.92234e-06 6.07788e-05 8.35091e-06 -0.000344179 5.12817e-05 0.000417928 -1.63733e-05
internal_weight=900 628 585 43 272 565 235 534 450 418 84 398 62 336
internal_count=900 628 585 43 272 565 235 534 450 418 84 398 62 336
is_linear=0
shrinkage=0.05


Tree=83
num_leaves=15
num_cat=0
split_feature=4 2 4 4 1 3 1 3 2 2 1 1 0 4
split_gain=0.00470369 0.0507209 0.0136844 0.0143739 0.00662805 0.0116806 0.0116515 0.00715771 0.0122074 0.00677961 0.00700496 0.00420179 0.00387786 0.00273753
threshold=6.9763654858956583 32.227173133888506 5.2603852805033258 4.586891535443109 74.135102744677667 1014.2440069164019 70.950847476936147 1004.6567568913226 22.212115278929424 25.199830192989218 83.622401696710952 88.470834814961222 84.000000000000014 3.1809172837113908
decision_type=2 2 2 2 2 2 2 2 2 2 2 2 2 2
left_child=2 -2 3 4 6 7 13 9 -9 -6 -11 12 -10 -1
right_child=1 -3 -4 -5 5 -7 -8 8 11 10 -12 -13 -14 -15
leaf_value=2.6643267886541233e-05 0.0019996679124888034 -0.0013785284478217365 -0.0012032743737411997 0.001142527660596426 -0.0011298360383952967 -0.0010626251555023421 0.0010168098324599365 0.0011436029879259878 -0.00073589807011998232 0.00061069355346262452 -0.00055638674982926917 0.00044100860885175119 0.00015710942214354874 -0.00056912121250206847
leaf_weight=537 25 20 24 27 25 38 30 25 31 20 36 22 20 20
leaf_count=537 25 20 24 27 25 38 30 25 31 20 36 22 20 20
internal_value=-1.45115e-13 0.000498247 -2.62235e-05 7.77071e-06 -3.03368e-05 -0.000266452 5.69494e-05 -9.74321e-05 0.000190016 -0.000445209 -0.000139572 -0.000136554 -0.000385699 5.25137e-06
internal_weight=900 45 855 831 804 217 587 179 98 81 56 73 51 557
internal_count=900 45 855 831 804 217 587 179 98 81 56 73 51 557
is_linear=0
shrinkage=0.05


Tree=84
num_leaves=15
num_cat=0
split_feature=1 4 1 4 4 3 3 4 4 2 1 2 1 4
split_gain=0.00440724 0.0158661 0.0143666 0.0190685 0.020672 0.0138373 0.00556759 0.00439922 0.00275796 0.00585052 0.00603899 0.00623407 0.0139265 0.00365199
threshold=88.18037283231844 4.1426192520094798 84.79808289048772 6.9763654858956583 4.9111893214203226 1006.6532941892227 1003.7574457464663 3.9602453863187841 2.1351152889616491 19.220552081361259 54.845821829452042 34.994615043192553 72.263728065360837 1.8814330365469951
decision_type=2 2 2 2 2 2 2 2 2 2 2 2 2 2
left_child=2 6 3 4 7 -4 -2 8 13 -10 -11 12 -12 -1
right_child=1 -3 5 -5 -6 -7 -8 -9 9 10 11 -13 -14 -15
leaf_value=4.6882531522519381e-06 -0.00071658890254026203 0.0013724800906717205 0.00010502121421387015 0.0013003901603432107 -0.0014421583749353888 -0.0015136105962277901 0.0002690382919880856 0.00060326114274381146 -0.0009865087163191111 -0.00075155917008447911 -0.00032422027079914901 -0.00053888077149167658 0.0014566977979570983 0.0005184806903786454
leaf_weight=530 23 26 23 28 25 31 38 31 21 23 23 20 21 37
leaf_count=530 23 26 23 28 25 31 38 31 21 23 23 20 21 37
internal_value=5.98523e-13 0.000338234 -3.61948e-05 1.98683e-05 -2.91804e-05 -0.000824193 -0.000102592 2.08542e-05 -5.89335e-06 -0.000237468 -5.66654e-05 0.000193062 0.000525763 3.82162e-05
internal_weight=900 87 813 759 731 54 61 706 675 108 87 64 44 567
internal_count=900 87 813 759 731 54 61 706 675 108 87 64 44 567
is_linear=0
shrinkage=0.05


Tree=85
num_leaves=15
num_cat=0
split_feature=2 4 4 1 4 4 4 1 4 4 4 3 3 2
split_gain=0.00407729 0.0365019 0.0533423 0.028384 0.0281187 0.0127671 0.00582168 0.0035858 0.00618271 0.00559405 0.00607425 0.00547504 0.00384824 0.00306398
threshold=23.817362620769469 5.9351930192480662 4.8194869600320009 80.712022076518664 3.8698740806403467 4.0012701610456833 2.6581558417146889 83.305513357680169 2.8593394250516093 2.1351152889616491 1.580315531481338 1007.0727708528647 1007.0727708528647 30.115708570070222
decision_type=2 2 2 2 2 2 2 2 2 2 2 2 2 2
left_child=4 2 5 -3 6 7 -1 8 9 10 13 -12 -9 -2
right_child=1 3 -4 -5 -6 -7 -8 12 -10 -11 11 -13 -14 -15
leaf_value=4.7762632672104018e-05 0.00021845364710167573 -0.0028536537475883964 0.0025709920609369875 -0.00027815127218871013 0.0014429045189801302 -0.0010429832937652169 -0.0007455938343460171 -0.00059941182002187408 0.00072655825206311428 -0.00061932074992607049 0.0010969099716749042 3.9639732494833883e-05 8.2284125587525405e-05 -0.00011373202500440779
leaf_weight=209 98 20 20 23 37 31 26 47 32 33 25 24 37 238
leaf_count=209 98 20 20 23 37 31 26 47 32 33 25 24 37 238
internal_value=-2.89058e-12 -7.00389e-05 3.33096e-05 -0.00147606 0.000161707 -5.65198e-05 -4.0013e-05 7.46769e-07 5.67258e-05 5.44678e-06 5.89983e-05 0.000579063 -0.000299141 -1.68445e-05
internal_weight=900 628 585 43 272 565 235 534 450 418 385 49 84 336
internal_count=900 628 585 43 272 565 235 534 450 418 385 49 84 336
is_linear=0
shrinkage=0.05


Tree=86
num_leaves=15
num_cat=0
split_feature=1 1 1 2 3 2 4 4 4 1 4 3 4 4
split_gain=0.00406483 0.0144608 0.0134308 0.0116566 0.0106624 0.0070365 0.0196324 0.0184485 0.00978799 0.00943641 0.00411186 0.00570635 0.00839962 0.0105756
threshold=88.18037283231844 89.702268552799737 86.589399962208674 35.364845116236673 1005.6097969889526 37.878623956046773 6.9763654858956583 4.9111893214203226 3.9602453863187841 67.897150334564941 1.7725452336550207 999.96128206310311 2.0699784224697102 2.3877157905223969
decision_type=2 2 2 2 2 2 2 2 2 2 2 2 2 2
left_child=2 -2 5 4 -3 6 7 8 10 -7 -1 -12 -13 -14
right_child=1 3 -4 -5 -6 9 -8 -9 -10 -11 11 12 13 -15
leaf_value=8.4644291213830636e-05 0.0013692389627370481 0.00024270002398961446 -0.0012828027164297445 0.00088879342781313293 -0.0013506160372690787 -6.6415255998943527e-05 0.0013579347902642829 -0.0013850766477053579 0.00086923362254830356 -0.0010305835632607341 -0.0008239569529260119 -0.00073129730247852758 0.0012128257390577348 -0.00011208292428923192
leaf_weight=439 24 21 21 21 21 86 28 23 35 36 31 33 20 61
leaf_count=439 24 21 21 21 21 86 28 23 35 36 31 33 20 61
internal_value=-5.32019e-12 0.000324829 -3.47604e-05 -7.30409e-05 -0.000553958 -1.66832e-06 6.19275e-05 5.4038e-06 5.70695e-05 -0.000350924 8.39525e-06 -0.000222455 -5.88891e-05 0.000215055
internal_weight=900 87 813 63 42 792 670 642 619 122 584 145 114 81
internal_count=900 87 813 63 42 792 670 642 619 122 584 145 114 81
is_linear=0
shrinkage=0.05


Tree=87
num_leaves=15
num_cat=0
split_feature=2 2 4 2 4 4 3 4 0 1 4 3 4 3
split_gain=0.00392128 0.00564067 0.0253879 0.018111 0.0287271 0.00791879 0.026519 0.00891638 0.0119024 0.00497986 0.00470789 0.00679629 0.00908521 0.00638749
threshold=41.433433988987126 37.486786446182684 3.3325622569957987 36.161296974740729 1.2686133796695658 5.2603852805033258 1005.6097969889526 3.8698740806403467 84.000000000000014 52.206536871517557 1.7725452336550207 999.96128206310311 2.0699784224697102 1004.2717879491096
decision_type=2 2 2 2 2 2 2 2 2 2 2 2 2 2
left_child=1 3 9 5 -5 7 -7 10 -9 -3 -1 -12 -13 -14
right_child=-2 2 -4 4 -6 6 -8 8 -10 -11 11 12 13 -15
leaf_value=4.7501082654990672e-05 0.00067522333424893167 0.00036142666999972907 -0.0019110455574090817 -0.0001118399703166991 0.0022090083846705967 0.00073792292016812346 -0.001503176910266506 0.0015296552340838721 -1.2621978209514557e-05 -0.0003061120228812797 -0.00089889043935245888 -0.00073314614174274824 0.00093122733682817361 -6.9359327959506934e-05
leaf_weight=432 21 49 21 30 24 22 33 22 29 65 34 38 22 58
leaf_count=432 21 49 21 30 24 22 33 22 29 65 34 38 22 58
internal_value=5.04103e-12 -1.61316e-05 -0.000313477 3.78221e-05 0.000919648 -3.11904e-05 -0.000606737 1.86601e-05 0.000652674 -1.91875e-05 -3.67075e-05 -0.000276037 -9.65711e-05 0.000205802
internal_weight=900 879 135 744 54 690 55 635 51 114 584 152 118 80
internal_count=900 879 135 744 54 690 55 635 51 114 584 152 118 80
is_linear=0
shrinkage=0.05


Tree=88
num_leaves=15
num_cat=0
split_feature=4 2 4 4 1 3 1 3 2 2 1 4 4 4
split_gain=0.00391686 0.0431069 0.0105758 0.0113054 0.00540201 0.0105336 0.0102877 0.00610433 0.0103287 0.00604642 0.00630771 0.0042023 0.0023965 0.00369173
threshold=6.9763654858956583 32.227173133888506 5.2603852805033258 4.586891535443109 74.135102744677667 1014.2440069164019 70.950847476936147 1004.6567568913226 22.212115278929424 25.199830192989218 83.622401696710952 2.5786803905389131 3.1809172837113908 2.6581558417146889
decision_type=2 2 2 2 2 2 2 2 2 2 2 2 2 2
left_child=2 -2 3 4 6 7 12 9 -9 -6 -11 -10 13 -1
right_child=1 -3 -4 -5 5 -7 -8 8 11 10 -12 -13 -14 -15
leaf_value=-5.3358175023719364e-06 0.0018388155065476896 -0.0012755155470222236 -0.0010586881971297165 0.0010123272383309625 -0.0010482117307547016 -0.00099707553408255709 0.0009528999174168956 0.0010621062442660333 0.00013372725895583154 0.00059892090968787675 -0.00050855336966277621 -0.00069303096679504969 -0.00053502564231166616 0.00064214497890687839
leaf_weight=514 25 20 24 27 25 38 30 25 51 20 36 22 20 23
leaf_count=514 25 20 24 27 25 38 30 25 51 20 36 22 20 23
internal_value=3.09754e-12 0.000454668 -2.39299e-05 5.9548e-06 -2.78413e-05 -0.000241003 5.09595e-05 -8.04957e-05 0.00018496 -0.000401664 -0.000113027 -0.000115433 2.38099e-06 2.23961e-05
internal_weight=900 45 855 831 804 217 587 179 98 81 56 73 557 537
internal_count=900 45 855 831 804 217 587 179 98 81 56 73 557 537
is_linear=0
shrinkage=0.05


Tree=89
num_leaves=15
num_cat=0
split_feature=1 4 1 4 4 4 3 2 4 2 3 4 0 2
split_gain=0.00421307 0.014269 0.0120996 0.0174133 0.0172558 0.0131022 0.00485373 0.00328006 0.00837379 0.00633451 0.00583683 0.00838061 0.00515334 0.00428345
threshold=88.18037283231844 4.1426192520094798 84.79808289048772 6.9763654858956583 4.9111893214203226 4.0814783443021563 1003.7574457464663 29.598165079680751 3.2411155410856147 26.364528365959014 1008.5734912573588 2.1611917652145336 60.000000000000007 33.453922109985704
decision_type=2 2 2 2 2 2 2 2 2 2 2 2 2 2
left_child=2 6 3 4 7 -4 -2 8 9 -1 -9 13 -11 -12
right_child=1 -3 5 -5 -6 -7 -8 10 -10 12 11 -13 -14 -15
leaf_value=-4.9172070879958142e-05 -0.00066063598243762617 0.0013115099935720746 -0.0001612095148576533 0.0012397462631010318 -0.0013217651965096594 -0.0017740269273053854 0.00025963766920061686 8.3432990936225732e-05 0.00098714748254189128 7.2392508154734973e-05 -0.00059526062709664991 -0.0011830334182983885 0.0010155602857204421 2.766548765638812e-05
leaf_weight=265 23 26 34 28 25 20 38 204 26 30 40 24 28 89
leaf_count=265 23 26 34 28 25 20 38 204 26 30 40 24 28 89
internal_value=-2.77073e-12 0.0003307 -3.53885e-05 1.60617e-05 -3.081e-05 -0.000758549 -8.73508e-05 1.49037e-05 0.000123905 5.44175e-05 -9.16545e-05 -0.000325105 0.000527715 -0.00016549
internal_weight=900 87 813 759 731 54 61 706 349 323 357 153 58 129
internal_count=900 87 813 759 731 54 61 706 349 323 357 153 58 129
is_linear=0
shrinkage=0.05


Tree=90
num_leaves=15
num_cat=0
split_feature=1 4 4 3 2 3 4 1 1 4 4 3 2 4
split_gain=0.00398839 0.0338923 0.0319415 0.0253069 0.00589575 0.00687023 0.00541647 0.00535987 0.00862166 0.00384697 0.00446739 0.00256426 0.00201417 0.0018322
threshold=78.308469728903717 4.9111893214203226 4.9111893214203226 1004.8732131855716 22.770152112348118 1009.8719549486125 3.4664950161635888 75.898618032126834 72.465251345112904 2.2836007244741872 1.2821160075572455 1007.0727708528647 15.802715813706262 3.1809172837113908
decision_type=2 2 2 2 2 2 2 2 2 2 2 2 2 2
left_child=2 4 7 -3 5 -2 9 8 12 10 11 -6 -1 -14
right_child=1 3 -4 -5 6 -7 -8 -9 -10 -11 -12 -13 13 -15
leaf_value=0.00049578788137296216 0.00090407565059229885 0.0027308478904888036 -0.0015322819599948292 0.00036510973900126726 -0.00030208852219705778 -0.00031185302983171176 -0.00085772315314898157 -0.00068369477465659244 0.00081121677017368461 0.00041287548240059272 -0.00078270323574543006 0.00041829859134547107 5.241978310716729e-06 -0.00042471687506454497
leaf_weight=20 26 20 35 26 30 21 32 26 35 26 29 21 527 26
leaf_count=20 26 20 35 26 30 21 32 26 35 26 29 21 527 26
internal_value=2.81204e-12 0.000179124 -6.18501e-05 0.00139369 -0.000122876 0.000360788 -0.000287603 1.93252e-05 4.93885e-05 -0.000115491 -0.00028721 -5.45853e-06 2.85452e-06 -1.49731e-05
internal_weight=900 231 669 46 185 47 138 634 608 106 80 51 573 553
internal_count=900 231 669 46 185 47 138 634 608 106 80 51 573 553
is_linear=0
shrinkage=0.05


Tree=91
num_leaves=15
num_cat=0
split_feature=4 4 4 4 1 1 3 3 2 2 1 1 4 4
split_gain=0.00399794 0.0199533 0.00857664 0.0104156 0.00453162 0.00955047 0.00934362 0.00535587 0.00902245 0.00572023 0.00533695 0.00362486 0.00205908 0.00348663
threshold=9.459586396549053 6.9763654858956583 5.2603852805033258 4.586891535443109 73.869056830618646 70.950847476936147 1014.2440069164019 1004.6567568913226 22.212115278929424 25.199830192989218 83.622401696710952 86.507917339742178 3.1809172837113908 2.6581558417146889
decision_type=2 2 2 2 2 2 2 2 2 2 2 2 2 2
left_child=1 2 3 4 5 12 7 9 -9 -6 -11 -10 13 -1
right_child=-2 -3 -4 -5 6 -7 -8 8 11 10 -12 -13 -14 -15
leaf_value=-6.5459195582870581e-06 -0.0006366683155647479 0.0015400896913238937 -0.00095179338823072614 0.00097291324313523043 -0.0010009207180610247 0.00094820614332482883 -0.00093226796444995617 0.00099754665303044025 -0.00040738234376823087 0.00056356448098085824 -0.00045513063875356847 0.00029288623744364348 -0.00049628829932771626 0.00062269119636925016
leaf_weight=514 24 21 24 27 25 28 38 25 42 20 36 33 20 23
leaf_count=514 24 21 24 27 25 28 38 25 42 20 36 33 20 23
internal_value=9.20484e-13 1.7443e-05 -1.99554e-05 6.95692e-06 -2.54819e-05 4.71475e-05 -0.000219492 -6.98485e-05 0.000174939 -0.000372055 -9.1311e-05 -9.92642e-05 1.85194e-06 2.04046e-05
internal_weight=900 876 855 831 804 585 219 181 100 81 56 75 557 537
internal_count=900 876 855 831 804 585 219 181 100 81 56 75 557 537
is_linear=0
shrinkage=0.05


Tree=92
num_leaves=15
num_cat=0
split_feature=1 4 4 3 2 4 4 4 1 1 4 3 4 4
split_gain=0.0038667 0.0300867 0.0289079 0.022515 0.00535901 0.00715776 0.00622104 0.00804806 0.00510871 0.0189098 0.00537458 0.00442654 0.00197145 0.00682611
threshold=78.308469728903717 4.9111893214203226 4.9111893214203226 1004.8732131855716 19.001992247952558 3.4664950161635888 2.0403169893051638 1.2821160075572455 73.869056830618646 72.090435679027252 2.1294300250859926 1010.1550309336941 2.1351152889616491 2.8754344465698476
decision_type=2 2 2 2 2 2 2 2 2 2 2 2 2 2
left_child=2 4 8 -3 -2 6 7 11 9 12 -10 -6 -1 -14
right_child=1 3 -4 -5 5 -7 -8 -9 10 -11 -12 -13 13 -15
leaf_value=3.9705538697529916e-05 0.0006060304499798171 0.0025819607875018848 -0.0014597654076559203 0.00035053187837967505 -0.00025538885672739568 -0.00079979869751229836 0.00050939976290943669 -0.0010589787779558127 4.2175264097750193e-06 0.0015670911737834102 -0.0010808116784097538 0.0006483823453163496 -0.00073481116558266675 0.00020872594720524985
leaf_weight=491 23 20 35 26 42 39 38 23 25 20 21 20 36 41
leaf_count=491 23 20 35 26 42 39 38 23 25 20 21 20 36 41
internal_value=-1.94212e-12 0.000176371 -6.08992e-05 0.00132072 -0.00010817 -0.000209569 -2.24228e-05 -0.000260179 1.63252e-05 5.60235e-05 -0.000491122 3.61502e-05 2.81687e-06 -0.000232408
internal_weight=900 231 669 46 185 162 123 85 634 588 46 62 568 77
internal_count=900 231 669 46 185 162 123 85 634 588 46 62 568 77
is_linear=0
shrinkage=0.05


Tree=93
num_leaves=15
num_cat=0
split_feature=4 4 4 0 4 3 3 2 1 1 3 4 4 3
split_gain=0.00402422 0.0217946 0.00623856 0.00337148 0.00962127 0.00403137 0.00895841 0.00430513 0.00325122 0.0156213 0.00614683 0.0053336 0.00893989 0.00468454
threshold=7.861996547704293 5.1916038901268307 4.622244719360312 60.000000000000007 2.8353736067721433 1014.2440069164019 1012.7563186461977 29.486150834498286 44.679561172963012 40.967563620495824 1004.8732131855716 1.4656218386844004 2.0348152008047617 1002.0609196902493
decision_type=2 2 2 2 2 2 2 2 2 2 2 2 2 2
left_child=1 2 3 4 -1 6 8 -7 9 10 -5 13 -13 -10
right_child=-2 -3 -4 5 -6 7 -8 -9 11 -11 -12 12 -14 -15
leaf_value=3.5532843600923226e-05 -0.00049677424204464145 0.0012825913148734607 -0.00087851230997503514 -0.00093070227081798722 0.0010878193910922047 -2.7169439181307099e-05 0.00093807102054018876 -0.00081429767030242236 0.00060732385064775666 0.0013739676069235429 0.00017020022364704347 -0.001052870439938537 -0.00015337614998341018 -0.0001720475064882753
leaf_weight=391 39 33 21 21 23 32 22 38 31 20 32 37 109 51
leaf_count=391 39 33 21 21 23 32 22 38 31 20 32 37 109 51
internal_value=-2.5194e-12 2.2502e-05 -2.7719e-05 -5.57938e-06 9.39932e-05 -0.000110473 -3.59227e-05 -0.000454468 -0.000107112 0.000183302 -0.000266006 -0.000200095 -0.00038133 0.000122593
internal_weight=900 861 828 807 414 393 323 70 301 73 53 228 146 82
internal_count=900 861 828 807 414 393 323 70 301 73 53 228 146 82
is_linear=0
shrinkage=0.05


Tree=94
num_leaves=15
num_cat=0
split_feature=2 4 2 4 4 1 1 4 4 3 4 1 4 4
split_gain=0.00381024 0.0191407 0.0128923 0.0153336 0.0401897 0.0032244 0.013476 0.00999937 0.00647507 0.00912082 0.00354711 0.00847859 0.00311277 0.00527969
threshold=18.412341196098559 2.8000949629089811 19.287224470910093 7.861996547704293 5.1916038901268307 87.282434968863484 85.296280293537663 4.0012701610456833 2.6581558417146889 1007.0727708528647 2.8593394250516093 69.886765405114375 2.4101075514582155 2.1112488039208746
decision_type=2 2 2 2 2 2 2 2 2 2 2 2 2 2
left_child=1 -1 -2 4 5 6 7 10 9 -7 12 -12 13 -4
right_child=2 -3 3 -5 -6 8 -8 -9 -10 -11 11 -13 -14 -15
leaf_value=3.8733569788911904e-05 0.0011791550616180757 -0.0016748478307272311 -2.6910386739328629e-05 -0.0010051040645016151 0.0018759816676249793 -0.00066159312504728755 0.0012574022220048523 -0.00086405974015018303 -0.0010802466298974608 0.00072168483404146339 -0.00019955236120554416 0.0012080731260357424 -0.00055048321194660214 0.00070448109987550063
leaf_weight=88 24 20 484 36 29 26 21 34 21 22 23 20 26 26
leaf_count=88 24 20 484 36 29 26 21 34 21 22 23 20 26 26
internal_value=-1.63454e-12 -0.000278596 3.79904e-05 2.32901e-06 5.18749e-05 -2.33727e-05 1.19535e-05 -3.07128e-05 -0.000347964 -2.75907e-05 1.82229e-05 0.000455157 -1.68296e-05 1.03762e-05
internal_weight=900 108 792 768 732 703 634 613 69 48 579 43 536 510
internal_count=900 108 792 768 732 703 634 613 69 48 579 43 536 510
is_linear=0
shrinkage=0.05


Tree=95
num_leaves=15
num_cat=0
split_feature=1 1 2 1 4 4 4 3 4 4 2 1 2 4
split_gain=0.00377357 0.0128472 0.0111866 0.0111191 0.0169449 0.0152658 0.0125481 0.00943663 0.0036271 0.00203417 0.00461902 0.0056078 0.00603422 0.0038806
threshold=88.18037283231844 89.702268552799737 35.364845116236673 84.79808289048772 6.9763654858956583 4.9111893214203226 4.0814783443021563 1005.6097969889526 3.9602453863187841 2.1351152889616491 19.220552081361259 75.20286472010072 35.656624021763356 1.6565357676094481
decision_type=2 2 2 2 2 2 2 2 2 2 2 2 2 2
left_child=3 -2 7 4 5 8 -5 -3 9 13 -11 12 -12 -1
right_child=1 2 -4 6 -6 -7 -8 -9 -10 10 11 -13 -14 -15
leaf_value=-2.290614002799839e-05 0.0012973922050453744 0.00021630646910385362 0.00088020493706045223 -0.00014216040196034181 0.0012229445922587599 -0.0012446455047465863 -0.0017205024187569508 -0.001282631927391603 0.00054142291304625325 -0.00087613171725977397 -0.0006593306063356378 0.00056494514753397263 0.00040001719316933308 0.00037472787976314845
leaf_weight=497 24 21 21 34 28 25 20 21 31 21 41 26 20 70
leaf_count=497 24 21 21 34 28 25 20 21 31 21 41 26 20 70
internal_value=-2.25656e-12 0.000312976 -6.20402e-05 -3.34919e-05 1.58295e-05 -3.04074e-05 -0.000726732 -0.000533163 1.25897e-05 -1.16975e-05 -0.000210578 -4.99269e-05 -0.000312003 2.61845e-05
internal_weight=900 87 63 813 759 731 54 42 706 675 108 87 61 567
internal_count=900 87 63 813 759 731 54 42 706 675 108 87 61 567
is_linear=0
shrinkage=0.05


Tree=96
num_leaves=15
num_cat=0
split_feature=3 1 4 4 2 4 4 4 4 1 1 4 2 4
split_gain=0.00355255 0.0075202 0.0144454 0.0235588 0.00596237 0.0604369 0.0521321 0.00729053 0.00767305 0.00456465 0.0107413 0.00705036 0.003433 0.00591943
threshold=1017.5131259742103 92.222999064327453 9.459586396549053 6.9763654858956583 33.142229900598032 4.622244719360312 4.0814783443021563 3.8698740806403467 3.0196471196633605 42.058133229472027 43.706918549175761 1.2821160075572455 20.996743618843606 1.1963230714047501
decision_type=2 2 2 2 2 2 2 2 2 2 2 2 2 2
left_child=1 2 3 4 5 7 -6 8 9 11 -11 -1 13 -12
right_child=-2 -3 -4 -5 6 -7 -8 -9 -10 10 12 -13 -14 -15
leaf_value=-1.2429886573449445e-05 -0.00060015751491846467 0.00076880811918726981 -0.0013070374594203063 0.0017160378280095757 -2.735778914087129e-05 -0.0021934868175197734 0.0025592824660374651 0.00083287418819963941 -0.00087953170637592847 0.0012056286564551383 0.00014083459553755043 -0.00094747017532686843 0.00015957574371532247 -0.00060411277554521807
leaf_weight=72 24 32 21 20 269 33 21 26 25 21 60 28 200 48
leaf_count=72 24 32 21 20 269 33 21 26 25 21 60 28 200 48
internal_value=3.80457e-12 1.64427e-05 -1.2083e-05 2.09596e-05 -2.12591e-05 -0.000123697 0.000159951 1.86007e-05 -2.80317e-05 2.15895e-05 0.000111508 -0.000274241 3.69085e-05 -0.000190253
internal_weight=900 876 844 823 803 513 290 480 454 429 329 100 308 108
internal_count=900 876 844 823 803 513 290 480 454 429 329 100 308 108
is_linear=0
shrinkage=0.05


Tree=97
num_leaves=15
num_cat=0
split_feature=2 4 4 4 2 4 4 2 4 1 2 4 3 4
split_gain=0.0034173 0.0324652 0.0453037 0.0253498 0.0221772 0.0109371 0.00411501 0.00300793 0.0087532 0.00892574 0.00351068 0.00541938 0.0033247 0.00292236
threshold=23.817362620769469 5.9351930192480662 4.8194869600320009 3.8698740806403467 32.365437086138321 4.0012701610456833 2.6581558417146889 29.598165079680751 2.3141242848759482 78.308469728903717 26.364528365959014 0.87946186982533059 1015.1616456742119 1.8814330365469951
decision_type=2 2 2 2 2 2 2 2 2 2 2 2 2 2
left_child=3 2 5 6 -3 7 13 8 9 10 -2 -12 -9 -1
right_child=1 4 -4 -5 -6 -7 -8 12 -10 -11 11 -13 -14 -15
leaf_value=-5.2103590886482768e-05 -4.9703606166484847e-05 -0.00022789351863875278 0.002372011767001823 0.0013645254695360122 -0.0024995159527117557 -0.00096247225057243587 -0.00063669810411878509 -1.0723932596499475e-05 0.0011706770646560472 -0.0008449208212803806 7.4168643051827403e-05 0.0011313498958109203 -0.00043992804421577603 0.00045448048348429009
leaf_weight=175 49 21 20 37 22 31 26 341 20 23 27 22 52 34
leaf_count=175 49 21 20 37 22 31 26 341 20 23 27 22 52 34
internal_value=-2.35842e-12 -6.41202e-05 3.33463e-05 0.000148042 -0.00139012 -4.94383e-05 -4.34891e-05 3.56558e-06 0.000201682 4.15173e-05 0.000249559 0.000548821 -6.75143e-05 3.03072e-05
internal_weight=900 628 585 272 43 565 235 534 141 121 98 49 393 209
internal_count=900 628 585 272 43 565 235 534 141 121 98 49 393 209
is_linear=0
shrinkage=0.05


Tree=98
num_leaves=15
num_cat=0
split_feature=2 2 4 2 1 4 4 4 0 1 4 4 3 2
split_gain=0.0033727 0.00495171 0.02264 0.0164455 0.0278508 0.0075498 0.0216427 0.00834825 0.00925273 0.00471889 0.0035808 0.00629597 0.011024 0.0066848
threshold=41.433433988987126 37.486786446182684 3.5955178908899685 36.161296974740729 69.886765405114375 5.2603852805033258 6.9763654858956583 3.8698740806403467 84.000000000000014 52.206536871517557 1.7725452336550207 1.8814330365469951 999.96128206310311 33.012750914318978
decision_type=2 2 2 2 2 2 2 2 2 2 2 2 2 2
left_child=1 3 9 5 -5 7 -7 10 -9 -3 -1 -12 -13 -14
right_child=-2 2 -4 4 -6 6 -8 8 -10 -11 11 12 13 -15
leaf_value=3.8368671829008213e-05 0.0006262131257071382 0.00034819052207796854 -0.0018462102563353254 -6.562418739122223e-05 0.0022453716207316821 -0.0018541930110326837 0.00018734844223431806 0.0014052134626333348 4.5399067337335703e-05 -0.0002995017477863285 -0.0010705031061661429 -0.00096108102404590082 0.00032917368656986898 -0.00069033860578201719
leaf_weight=432 21 49 20 32 22 21 34 22 29 66 20 30 82 20
leaf_count=432 21 49 20 32 22 21 34 22 29 66 20 30 82 20
internal_value=-1.2176e-12 -1.49607e-05 -0.000293555 3.55907e-05 0.000875893 -3.0172e-05 -0.000592149 1.85032e-05 0.000631986 -2.35285e-05 -3.50715e-05 -0.000243796 -0.000118538 0.000129269
internal_weight=900 879 135 744 54 690 55 635 51 115 584 152 132 102
internal_count=900 879 135 744 54 690 55 635 51 115 584 152 132 102
is_linear=0
shrinkage=0.05


Tree=99
num_leaves=15
num_cat=0
split_feature=4 1 1 4 2 4 4 3 4 4 4 4 2 4
split_gain=0.00354488 0.0319394 0.00713734 0.00530119 0.00309506 0.0173278 0.00803893 0.00487987 0.0069534 0.0035692 0.00734075 0.00704263 0.00307576 0.00343394
threshold=5.1916038901268307 78.937722195788723 87.694149928972493 4.622244719360312 29.598165079680751 3.8698740806403467 3.4664950161635888 1000.973461348961 1.5264091094182717 2.0699784224697102 1.7725452336550207 2.6581558417146889 25.982148190925994 0.87946186982533059
decision_type=2 2 2 2 2 2 2 2 2 2 2 2 2 2
left_child=3 -2 -3 4 5 7 -6 8 -1 10 12 -11 -9 -14
right_child=1 2 -4 -5 6 -7 -8 9 -10 11 -12 -13 13 -15
leaf_value=2.722156260417597e-05 -0.00084088518124190168 0.0019463214650750162 0.00061053172685205943 -0.00081353743970837629 -4.4293355198542993e-05 0.0013926279534643982 -0.00090802854312391115 1.1448804398005687e-05 -0.00083634828664110722 0.0010662142876893856 -0.00085863746577618237 -0.00013490194333312306 0.00011618258072606598 0.00094982769241185115
leaf_weight=63 32 20 20 21 379 24 29 154 37 26 21 23 30 21
leaf_count=63 32 20 20 21 379 24 29 154 37 26 21 23 30 21
internal_value=-3.04744e-15 0.00033651 0.00127843 -2.92618e-05 -8.8531e-06 9.01643e-05 -0.000105686 6.80663e-06 -0.000292299 0.000115572 3.16973e-05 0.000502425 0.000122902 0.000459448
internal_weight=900 72 40 828 807 399 408 375 100 275 226 49 205 51
internal_count=900 72 40 828 807 399 408 375 100 275 226 49 205 51
is_linear=0
shrinkage=0.05


end of trees

feature_importances:
precip_spread=617
humidity=262
pressure=203
temperature=181
lead_time=137

parameters:
[boosting: gbdt]
[objective: regression]
[metric: l2]
[tree_learner: serial]
[device_type: cpu]
[data_sample_strategy: bagging]
[data: ]
[valid: ]
[num_iterations: 100]
[learning_rate: 0.05]
[num_leaves: 15]
[num_threads: 0]
[seed: 42]
[deterministic: 0]
[force_col_wise: 0]
[force_row_wise: 0]
[histogram_pool_size: -1]
[max_depth: -1]
[min_data_in_leaf: 20]
[min_sum_hessian_in_leaf: 0.001]
[bagging_fraction: 1]
[pos_bagging_fraction: 1]
[neg_bagging_fraction: 1]
[bagging_freq: 0]
[bagging_seed: 400]
[bagging_by_query: 0]
[feature_fraction: 1]
[feature_fraction_bynode: 1]
[feature_fraction_seed: 30056]
[extra_trees: 0]
[extra_seed: 12879]
[early_stopping_round: 0]
[early_stopping_min_delta: 0]
[first_metric_only: 0]
[max_delta_step: 0]
[lambda_l1: 0]
[lambda_l2: 0]
[linear_lambda: 0]
[min_gain_to_split: 0]
[drop_rate: 0.1]
[max_drop: 50]
[skip_drop: 0.5]
[xgboost_dart_mode: 0]
[uniform_drop: 0]
[drop_seed: 17869]
[top_rate: 0.2]
[other_rate: 0.1]
[min_data_per_group: 100]
[max_cat_threshold: 32]
[cat_l2: 10]
[cat_smooth: 10]
[max_cat_to_onehot: 4]
[top_k: 20]
[monotone_constraints: ]
[monotone_constraints_method: basic]
[monotone_penalty: 0]
[feature_contri: ]
[forcedsplits_filename: ]
[refit_decay_rate: 0.9]
[cegb_tradeoff: 1]
[cegb_penalty_split: 0]
[cegb_penalty_feature_lazy: ]
[cegb_penalty_feature_coupled: ]
[path_smooth: 0]
[interaction_constraints: ]
[verbosity: -1]
[saved_feature_importance_type: 0]
[use_quantized_grad: 0]
[num_grad_quant_bins: 4]
[quant_train_renew_leaf: 0]
[stochastic_rounding: 1]
[linear_tree: 0]
[max_bin: 255]
[max_bin_by_feature: ]
[min_data_in_bin: 3]
[bin_construct_sample_cnt: 200000]
[data_random_seed: 175]
[is_enable_sparse: 1]
[enable_bundle: 1]
[use_missing: 1]
[zero_as_missing: 0]
[feature_pre_filter: 1]
[pre_partition: 0]
[two_round: 0]
[header: 0]
[label_column: ]
[weight_column: ]
[group_column: ]
[ignore_column: ]
[categorical_feature: ]
[forcedbins_filename: ]
[precise_float_parser: 0]
[parser_config_file: ]
[objective_seed: 16083]
[num_class: 1]
[is_unbalance: 0]
[scale_pos_weight: 1]
[sigmoid: 1]
[boost_from_average: 1]
[reg_sqrt: 0]
[alpha: 0.9]
[fair_c: 1]
[poisson_max_delta_step: 0.7]
[tweedie_variance_power: 1.5]
[lambdarank_truncation_level: 30]
[lambdarank_norm: 1]
[label_gain: ]
[lambdarank_position_bias_regularization: 0]
[eval_at: ]
[multi_error_top_k: 1]
[auc_mu_weights: ]
[num_machines: 1]
[local_listen_port: 12400]
[time_out: 120]
[machine_list_filename: ]
[machines: ]
[gpu_platform_id: -1]
[gpu_device_id: -1]
[gpu_device_id_list: ]
[gpu_use_dp: 0]
[num_gpu: 1]

end of parameters

pandas_categorical:[]
