tree
version=v4
num_class=1
num_tree_per_iteration=1
label_index=0
max_feature_idx=8
objective=regression
feature_names=Column_0 Column_1 Column_2 Column_3 Column_4 Column_5 Column_6 Column_7 Column_8
feature_infos=[24:72] [13.082700000000001:34.1526] [72.877700000000004:91.736199999999997] [0:34.399999999999999] [0:39.600000000000001] [0:37.600000000000001] [0.099999999999999645:35.600000000000001] [0.047140452079103001:14.833970023788869] [0.86666666666666659:28.166666666666668]
tree_sizes=1389 1468 1475 1465 1464 1482 1460 1463 1477 1442 1459 1463 1455 1481 1466 1460 1445 1465 1484 1458 1447 1463 1461 1464 1456 1469 1452 1482 1447 1454 1422 1459 1449 1455 1464 1473 1481 1481 1493 1460 1475 1498 1470 1487 1478 1479 1464 1442 1470 1473 1456 1463 1464 1466 1450 1462 1468 1452 1465 1487 1462 1461 1439 1462 1494 1473 1448 1468 1469 1484 1439 1478 1462 1439 1466 1475 1471

Tree=0
num_leaves=15
num_cat=0
split_feature=1 6 5 4 3 5 8 8 4 2 5 2 6 6
split_gain=37.513 12.2296 10.1544 7.36369 5.50931 5.01501 4.87138 4.18699 4.13829 4.97147 4.83203 2.90622 5.27668 3.07358
threshold=31.383250000000004 10.250000000000002 14.350000000000003 8.0500000000000025 18.450000000000003 11.450000000000001 15.916666666666668 7.8333333333333348 22.150000000000002 75.043350000000018 11.850000000000003 75.043350000000018 13.450000000000005 15.550000000000004
decision_type=2 2 2 2 2 2 2 2 2 2 2 2 2 2
left_child=1 8 4 7 11 -5 -6 -2 9 10 -1 13 -13 -3
right_child=3 2 -4 5 6 -7 -8 -9 -10 -11 -12 12 -14 -15
leaf_value=0.25172763058361969 0.25252352363036412 0.2536442713739907 0.26298510146690279 0.2450635464257663 0.269858598816961 0.25235105625030435 0.25574575580901249 0.26766079049760449 0.26637524525686046 0.25904942059642416 0.260098743745037 0.25409726849516912 0.24804920583328222 0.26495308603142198
leaf_weight=504 376 363 291 990 75 310 331 52 162 3402 262 673 777 72
leaf_count=504 376 363 291 990 75 310 331 52 162 3402 262 673 777 72
internal_value=0.255263 0.256911 0.254187 0.248674 0.25307 0.246801 0.258353 0.254363 0.258535 0.25823 0.254591 0.251932 0.250856 0.255516
internal_weight=8640 6912 2582 1728 2291 1300 406 428 4330 4168 766 1885 1450 435
internal_count=8640 6912 2582 1728 2291 1300 406 428 4330 4168 766 1885 1450 435
is_linear=0
shrinkage=1


Tree=1
num_leaves=15
num_cat=0
split_feature=1 6 5 3 4 4 5 3 1 4 4 4 5 8
split_gain=33.8554 11.1148 11.0777 6.80796 5.49399 4.93409 5.99031 4.34009 3.95825 10.6492 3.71757 3.60214 2.72874 2.65415
threshold=31.383250000000004 7.2500000000000018 15.65 5.5500000000000007 10.050000000000002 13.450000000000001 11.350000000000003 19.150000000000002 16.079350000000005 19.050000000000004 21.450000000000003 7.1500000000000012 16.250000000000004 8.0166666666666675
decision_type=2 2 2 2 2 2 2 2 2 2 2 2 2 2
left_child=1 -1 5 11 13 -3 7 8 9 -7 -9 -2 -13 -5
right_child=3 2 -4 4 -6 6 -8 10 -10 -11 -12 12 -14 -15
leaf_value=0.0038885584962905745 -0.00055389593698136098 0.0036834484614298568 0.011153158080059945 -0.00014278770262456458 -0.0066966023045316988 0.0047932342362771345 0.0022782901275764356 0.013098679498867378 -0.0054939284593988717 -0.0050899540620060893 -0.0012546371356890902 -0.010307610487917791 -0.00094640634649241463 0.010265079229245841
leaf_weight=2950 126 531 205 207 298 442 786 76 1100 711 111 925 85 87
leaf_count=2950 126 531 205 207 298 442 786 76 1100 711 111 925 85 87
internal_value=2.03172e-11 0.00156494 -0.000165166 -0.00625976 -0.0019123 -0.000782749 -0.00151789 -0.00274075 -0.00334828 -0.00130126 0.0045788 -0.00852533 -0.00951979 0.00293709
internal_weight=8640 6912 3962 1728 592 3757 3226 2440 2253 1153 187 1136 1010 294
internal_count=8640 6912 3962 1728 592 3757 3226 2440 2253 1153 187 1136 1010 294
is_linear=0
shrinkage=0.05


Tree=2
num_leaves=15
num_cat=0
split_feature=1 6 2 3 3 5 4 4 1 8 8 4 5 4
split_gain=30.5545 10.1602 7.60858 6.14419 5.75783 5.10077 7.01631 4.95832 4.31425 6.31836 5.84485 3.25093 3.2418 2.49671
threshold=31.383250000000004 13.550000000000002 75.043350000000018 5.5500000000000007 19.250000000000004 14.350000000000003 13.450000000000001 10.050000000000002 16.079350000000005 15.116666666666669 11.516666666666667 7.1500000000000012 6.0500000000000007 18.550000000000004
decision_type=2 2 2 2 2 2 2 2 2 2 2 2 2 2
left_child=1 5 -3 11 -4 6 -1 -5 10 -10 -8 -2 -6 -7
right_child=3 2 4 7 12 13 8 -9 9 -11 -12 -13 -14 -15
leaf_value=0.0035886593285763199 -0.00052620107423521521 0.0033784431375507651 -0.0065860497435943416 0.0027902367844746838 0.01787995527365378 -0.00082200589742569734 0.0094742044911701948 -0.0063617722446570844 -0.0042724472143497788 0.0025691302174214864 9.1482848165867688e-05 -0.0090437970662865293 -5.3463520501585056e-05 0.0095474940534982389
leaf_weight=2952 126 386 785 294 35 70 234 298 914 535 571 1010 90 340
leaf_count=2952 126 386 785 294 35 70 234 298 914 535 571 1010 90 340
internal_value=2.39003e-11 0.00148669 -0.00250385 -0.00594677 -0.00499897 0.00240759 0.00198471 -0.00181669 -0.000115941 -0.0017464 0.00281888 -0.00809906 0.00496789 0.00777709
internal_weight=8640 6912 1296 1728 910 5616 5206 592 2254 1449 805 1136 125 410
internal_count=8640 6912 1296 1728 910 5616 5206 592 2254 1449 805 1136 125 410
is_linear=0
shrinkage=0.05


Tree=3
num_leaves=15
num_cat=0
split_feature=1 6 5 4 5 4 5 3 8 1 4 4 4 3
split_gain=27.5755 9.33074 9.36262 5.61305 4.17691 4.07173 4.85018 3.62805 3.41621 3.37607 8.80949 3.27068 2.46491 2.13069
threshold=31.383250000000004 7.2500000000000018 15.65 8.0500000000000025 9.8500000000000032 13.450000000000001 11.350000000000003 19.150000000000002 7.8333333333333348 16.079350000000005 19.450000000000003 21.450000000000003 11.750000000000002 9.4500000000000011
decision_type=2 2 2 2 2 2 2 2 2 2 2 2 2 2
left_child=1 -1 5 8 -5 -3 7 9 -2 10 13 -9 -6 -7
right_child=3 2 -4 4 12 6 -8 11 -10 -11 -12 -13 -14 -15
leaf_value=0.0035413419760748108 -0.0023441890236388144 0.0033165839576417156 0.010232484002097897 -0.0089812885723422244 0.003875015250434025 0.0090277506868814174 0.0020074599257564963 0.012174883464008178 0.011328966356813908 -0.0050458071801218803 -0.0049243207636751676 -0.0012881079789089577 -0.0053465012666013357 0.0017868294795482433
leaf_weight=2950 376 531 205 957 104 144 786 76 52 1100 664 111 239 345
leaf_count=2950 376 531 205 957 104 144 786 76 52 1100 664 111 239 345
internal_value=-3.2394e-12 0.00141236 -0.000172828 -0.00564943 -0.00728454 -0.000740592 -0.0014084 -0.00250876 -0.000682965 -0.00306422 -0.00117372 0.00418348 -0.00255047 0.00391913
internal_weight=8640 6912 3962 1728 1300 3757 3226 2440 428 2253 1153 187 343 489
internal_count=8640 6912 3962 1728 1300 3757 3226 2440 428 2253 1153 187 343 489
is_linear=0
shrinkage=0.05


Tree=4
num_leaves=15
num_cat=0
split_feature=1 6 5 3 4 3 8 2 4 4 2 6 6 8
split_gain=24.8869 8.44624 7.26791 5.25216 4.27684 3.58955 4.01756 3.35944 3.69018 3.29726 3.58687 3.90822 3.15569 3.11328
threshold=31.383250000000004 10.250000000000002 15.65 5.5500000000000007 9.8500000000000032 18.450000000000003 15.916666666666668 75.043350000000018 21.650000000000002 22.150000000000002 75.043350000000018 6.5500000000000007 15.550000000000004 15.183333333333335
decision_type=2 2 2 2 2 2 2 2 2 2 2 2 2 2
left_child=1 9 5 -2 -5 7 -7 12 -9 10 11 -1 -3 -13
right_child=3 2 -4 4 -6 6 -8 8 -10 -11 -12 13 -14 -15
leaf_value=0.0035108795069616174 -0.0073568925714246518 -0.00071579507166370381 0.0099140618399921054 0.0028326272964477543 -0.0056709427486524968 0.01284917579156657 0.00031677071282866493 -0.0018261991341660675 -0.0070536539834710798 0.009689994973854886 0.0031154158965173984 -0.0064815892525993792 0.010280410966907558 0.0026437579483280758
leaf_weight=323 1136 399 146 287 305 75 434 915 535 162 3402 309 78 134
leaf_count=323 1136 399 146 287 305 75 434 915 535 162 3402 309 78 134
internal_value=-4.60219e-11 0.00134174 -0.000921684 -0.00536696 -0.00154843 -0.00157112 0.00216339 -0.00255755 -0.00375495 0.00269143 0.00241941 -0.000671715 0.00108233 -0.00372133
internal_weight=8640 6912 2582 1728 592 2436 509 1927 1450 4330 4168 766 477 443
internal_count=8640 6912 2582 1728 592 2436 509 1927 1450 4330 4168 766 477 443
is_linear=0
shrinkage=0.05


Tree=5
num_leaves=15
num_cat=0
split_feature=1 6 2 3 3 4 4 6 5 4 5 3 2 5
split_gain=22.4604 7.75288 5.90377 4.82691 4.46672 4.30287 4.02428 4.34349 3.75889 2.86013 2.67081 2.40998 2.90482 4.50083
threshold=31.383250000000004 13.550000000000002 75.043350000000018 6.3500000000000005 19.250000000000004 10.250000000000002 27.050000000000004 7.2500000000000018 17.050000000000004 6.8500000000000005 6.0500000000000007 17.350000000000005 78.923900000000017 12.450000000000001
decision_type=2 2 2 2 2 2 2 2 2 2 2 2 2 2
left_child=1 6 -3 8 -4 -5 7 -1 9 -2 -6 12 13 -9
right_child=3 2 4 5 10 -7 -8 11 -10 -11 -12 -13 -14 -15
leaf_value=0.0032116824744833575 -6.0849474413834253e-05 0.0029703299568029883 -0.0058069610595035785 0.0040353134821882429 0.016089368090033532 -0.0058012072111687388 0.012228351401002632 -0.0032020156818942259 0.0019264490162985851 -0.0083343349952095507 -0.00018826886054335371 0.0034584296523882709 0.0017608820723527222 0.006275092899983333
leaf_weight=2950 116 386 785 235 35 211 96 1011 116 1050 90 515 901 143
leaf_count=2950 116 386 785 235 35 211 96 1011 116 1050 90 515 901 143
internal_value=-1.75164e-11 0.00127465 -0.00221121 -0.00509861 -0.0044091 -0.000618287 0.00207908 0.00190257 -0.00665729 -0.00751124 0.00436947 0.000399901 -0.000366591 -0.00202764
internal_weight=8640 6912 1296 1728 910 446 5616 5520 1282 1166 125 2570 2055 1154
internal_count=8640 6912 1296 1728 910 446 5616 5520 1282 1166 125 2570 2055 1154
is_linear=0
shrinkage=0.05


Tree=6
num_leaves=15
num_cat=0
split_feature=1 6 5 4 5 3 8 5 0 4 1 3 8 4
split_gain=20.2705 7.08928 6.85067 4.49098 3.50381 3.13282 2.85359 2.55347 3.16677 2.96473 2.82437 4.86512 2.51979 2.26446
threshold=31.383250000000004 8.1500000000000039 15.65 8.0500000000000025 11.450000000000001 19.450000000000003 7.8333333333333348 13.550000000000002 60.000000000000007 13.450000000000001 22.610250000000004 9.3500000000000032 16.616666666666671 10.950000000000001
decision_type=2 2 2 2 2 2 2 2 2 2 2 2 2 2
left_child=1 -1 5 6 -5 7 -2 9 -9 -3 11 -11 -7 -6
right_child=3 2 -4 4 13 12 -8 8 -10 10 -12 -13 -14 -15
leaf_value=0.0028506615808258878 -0.0019195496162400889 0.0025504655224292284 0.0087569822673088851 -0.0077588103735358504 0.0069664290632869379 0.010596336965404806 0.010577063926477703 -0.0013621544126363007 0.013982556014450205 0.0048041830950407184 -0.0055772017385114581 -0.0026091307613812739 0.0011493322164980732 -0.0037825898987794652
leaf_weight=3374 376 330 195 990 61 84 52 80 58 259 569 1521 442 249
leaf_count=3374 376 330 195 990 61 84 52 80 58 259 569 1521 442 249
internal_value=-2.19997e-11 0.00121092 -0.000352813 -0.00484368 -0.00630626 -0.000884196 -0.000401269 -0.0015456 0.00508707 -0.00188726 -0.0025107 -0.00153045 0.00265798 -0.00166746
internal_weight=8640 6912 3538 1728 1300 3343 428 2817 138 2679 2349 1780 526 310
internal_count=8640 6912 3538 1728 1300 3343 428 2817 138 2679 2349 1780 526 310
is_linear=0
shrinkage=0.05


Tree=7
num_leaves=15
num_cat=0
split_feature=1 6 2 3 4 3 5 2 5 5 4 5 4 4
split_gain=18.2941 6.58373 5.08375 4.14359 3.747 3.73679 3.46548 4.6768 3.20849 2.5327 2.45439 2.3071 2.06664 1.95884
threshold=31.383250000000004 13.550000000000002 75.043350000000018 6.3500000000000005 11.450000000000001 19.250000000000004 14.350000000000003 75.043350000000018 17.050000000000004 11.850000000000003 6.6500000000000012 6.0500000000000007 18.550000000000004 10.250000000000002
decision_type=2 2 2 2 2 2 2 2 2 2 2 2 2 2
left_child=1 6 -3 8 -5 -4 7 9 10 -1 -2 -7 -8 -10
right_child=3 2 5 4 -6 11 12 -9 13 -11 -12 -13 -14 -15
leaf_value=-0.0032680729903284862 0.00061454315016295146 0.0027463282261241634 -0.0053800136577723569 0.0029774497298139533 -0.0065776767950046638 0.014820559759225164 -0.0015059594674182468 0.002275651551894011 0.015704286896756719 0.0020906366950786738 -0.0075410430835769846 -0.00030820032251843563 0.0079282581914380638 -0.0011700508095275023
leaf_weight=677 101 386 785 286 160 35 70 4202 21 327 1065 90 340 95
leaf_count=677 101 386 785 286 160 35 70 4202 21 327 1065 90 340 95
internal_value=3.15226e-11 0.00115037 -0.00206192 -0.0046015 -0.000450398 -0.00410146 0.00189167 0.00154311 -0.00604564 -0.00152276 -0.0068346 0.00392785 0.00631754 0.00188479
internal_weight=8640 6912 1296 1728 446 910 5616 5206 1282 1004 1166 125 410 116
internal_count=8640 6912 1296 1728 446 910 5616 5206 1282 1004 1166 125 410 116
is_linear=0
shrinkage=0.05


Tree=8
num_leaves=15
num_cat=0
split_feature=1 6 5 4 5 3 8 2 4 4 2 6 6 8
split_gain=16.5105 6.14828 5.21976 3.78945 2.97788 2.67887 3.05499 2.72393 2.90374 2.66836 2.7428 3.13382 2.62373 2.52395
threshold=31.383250000000004 10.250000000000002 16.750000000000004 8.0500000000000025 8.6500000000000004 18.450000000000003 15.916666666666668 75.043350000000018 22.650000000000002 22.150000000000002 75.043350000000018 6.5500000000000007 15.550000000000004 15.183333333333335
decision_type=2 2 2 2 2 2 2 2 2 2 2 2 2 2
left_child=1 9 5 -2 -5 7 -7 12 -9 10 11 -1 -3 -13
right_child=3 2 -4 4 -6 6 -8 8 -10 -11 -12 13 -14 -15
leaf_value=0.0030419860187818476 -0.00029070975882366785 -0.00050722505433059496 0.011129794537423137 -0.0072930211251631518 -0.0020860768464966537 0.011175959524388115 0.00033250480673045459 -0.0018117056919731125 -0.0067649838036802998 0.0085402527816139488 0.0026083169038741052 -0.005919499095272375 0.0095072524213136583 0.0022968893084907905
leaf_weight=323 428 405 88 906 394 75 485 1037 414 162 3402 309 78 134
leaf_count=323 428 405 88 906 394 75 485 1037 414 162 3402 309 78 134
internal_value=5.25831e-11 0.00109286 -0.000838272 -0.00437142 -0.00571492 -0.00126056 0.00178475 -0.00214235 -0.00322498 0.0022444 0.00199969 -0.000703369 0.00111002 -0.00343418
internal_weight=8640 6912 2582 1728 1300 2494 560 1934 1451 4330 4168 766 483 443
internal_count=8640 6912 2582 1728 1300 2494 560 1934 1451 4330 4168 766 483 443
is_linear=0
shrinkage=0.05


Tree=9
num_leaves=15
num_cat=0
split_feature=1 6 5 3 4 5 6 3 5 2 8 5 4 4
split_gain=14.9007 5.6155 5.32118 3.61629 3.37557 2.786 2.54632 2.43584 2.66696 2.54851 3.01089 2.16948 2.08638 2.06668
threshold=31.383250000000004 8.1500000000000039 15.65 6.3500000000000005 10.950000000000001 17.050000000000004 17.450000000000003 14.65 13.65 78.923900000000017 13.016666666666667 4.6500000000000012 13.850000000000003 6.6500000000000012
decision_type=2 2 2 2 2 2 2 2 2 2 2 2 2 2
left_child=1 -1 6 5 -5 13 7 8 9 12 -11 -9 -3 -2
right_child=3 2 -4 4 -6 -7 -8 11 -10 10 -12 -13 -14 -15
leaf_value=0.0024975932567453795 0.00059835149112415719 0.0012984342848402306 0.0076751956701180185 0.0032701597158074271 -0.0056123069838066118 0.0018878859219920085 -0.0050705244540613509 0.015389743879765133 0.012145210496549097 0.0021977849251005022 -0.0036932849601218429 0.0010542880568374029 -0.004956776645132872 -0.0068854130494425811
leaf_weight=3374 101 165 195 268 178 116 319 27 35 587 344 1172 694 1065
leaf_count=3374 101 165 195 268 178 116 319 27 35 587 344 1172 694 1065
internal_value=5.53794e-11 0.00103821 -0.00035352 -0.00415285 -0.000274861 -0.00550198 -0.000821842 -0.000373651 -0.00152387 -0.00179115 2.10631e-05 0.0013771 -0.00375525 -0.00623716
internal_weight=8640 6912 3538 1728 446 1282 3343 3024 1825 1790 931 1199 859 1166
internal_count=8640 6912 3538 1728 446 1282 3343 3024 1825 1790 931 1199 859 1166
is_linear=0
shrinkage=0.05


Tree=10
num_leaves=15
num_cat=0
split_feature=1 6 5 4 3 4 5 3 1 3 5 4 1 4
split_gain=13.4479 5.15387 4.05639 3.87719 3.26371 3.09281 2.51436 2.42988 2.49095 4.32571 2.55809 2.23419 2.20555 2.11325
threshold=31.383250000000004 15.050000000000002 15.65 13.450000000000001 6.3500000000000005 9.8500000000000032 17.050000000000004 19.450000000000003 22.610250000000004 9.8500000000000032 12.15 16.850000000000005 16.079350000000005 15.250000000000002
decision_type=2 2 2 2 2 2 2 2 2 2 2 2 2 2
left_child=1 2 3 -1 6 -6 -2 8 9 -5 11 12 -11 -3
right_child=4 13 -4 7 5 -7 -8 -9 -10 10 -12 -13 -14 -15
leaf_value=0.0024656424824774171 -0.0059253043113224445 0.012875793417472215 0.0073383239121011176 0.0052399435656979472 0.004093677264106998 -0.0042421102175806838 0.0017934916212307772 0.003726304953969601 -0.0037850557575139273 0.0058200656624724442 0.0027235865108389532 -0.0032638057664677537 -0.0022079635896358365 -0.0031966919370747002
leaf_weight=2964 1166 21 282 343 213 233 116 360 510 157 371 933 188 783
leaf_count=2964 1166 21 282 343 213 233 116 360 510 157 371 933 188 783
internal_value=3.16698e-11 0.000986302 0.00148165 0.00119817 -0.00394521 -0.000261118 -0.00522688 -0.000114478 -0.000667108 0.000131161 -0.00093149 -0.00199255 0.00144537 -0.00277689
internal_weight=8640 6912 6108 5826 1728 446 1282 2862 2502 1992 1649 1278 345 804
internal_count=8640 6912 6108 5826 1728 446 1282 2862 2502 1992 1649 1278 345 804
is_linear=0
shrinkage=0.05


Tree=11
num_leaves=15
num_cat=0
split_feature=1 7 5 4 4 5 3 1 4 3 8 4 3 0
split_gain=12.1367 4.6808 3.43275 4.50563 3.09601 2.38638 2.22557 3.10994 4.67258 2.51239 2.20912 1.80862 2.06632 1.80513
threshold=31.383250000000004 6.5328230739042175 14.350000000000003 14.750000000000002 8.0500000000000025 9.9500000000000011 16.250000000000004 16.079350000000005 16.950000000000003 8.8500000000000032 7.8333333333333348 18.550000000000004 19.150000000000002 60.000000000000007
decision_type=2 2 2 2 2 2 2 2 2 2 2 2 2 2
left_child=1 2 3 -1 10 -6 7 8 -5 -10 -2 -4 13 -13
right_child=4 -3 11 6 5 -7 -8 -9 9 -11 -12 12 -14 -15
leaf_value=0.0022556162300520935 -0.0013953263695200687 -0.0028552676775379354 -0.002024430799480927 0.0083304551822409312 -0.0062397405410456351 -0.0013697804961813739 0.0018604968723174695 -0.0034899020621896601 0.0071737354987999429 -0.00227245642746395 0.0095999379147542648 0.0068853040729057588 0.0043581660588555777 0.019043650390263997
leaf_weight=3258 376 728 70 162 959 341 673 938 80 586 52 72 292 53
leaf_count=3258 376 728 70 162 959 341 673 938 80 586 52 72 292 53
internal_value=-4.54105e-11 0.000936987 0.00138342 0.001039 -0.00374795 -0.00496231 -0.000586159 -0.00151855 0.000714702 -0.00113778 -5.94531e-05 0.00541259 0.00666101 0.0120404
internal_weight=8640 6912 6184 5697 1728 1300 2439 1766 828 666 428 487 417 125
internal_count=8640 6912 6184 5697 1728 1300 2439 1766 828 666 428 487 417 125
is_linear=0
shrinkage=0.05


Tree=12
num_leaves=15
num_cat=0
split_feature=1 6 5 4 8 6 3 4 1 3 8 3 5 2
split_gain=10.9534 4.29371 4.416 2.83181 3.78287 2.17491 1.92441 2.11014 2.25406 3.94183 2.00818 1.82111 1.72883 1.65218
threshold=31.383250000000004 7.2500000000000018 15.65 9.2500000000000018 7.8333333333333348 17.450000000000003 19.450000000000003 13.350000000000003 22.610250000000004 9.3500000000000032 17.81666666666667 19.150000000000002 12.15 75.043350000000018
decision_type=2 2 2 2 2 2 2 2 2 2 2 2 2 2
left_child=1 -1 5 4 -2 6 7 -3 9 -9 -8 -4 -5 -7
right_child=3 2 11 12 -6 13 10 8 -10 -11 -12 -13 -14 -15
leaf_value=0.0023343480743795351 -0.0024745634828527091 0.002309489820570569 0.016244843085518195 -0.0063133568092453062 0.0086185987939367461 0.0039222303245748788 0.0081060051076539512 0.0050834162127279467 -0.0041271068936379494 -0.0014046676025844373 0.00079849730299584988 0.0045687783698757046 -0.0017239866687410489 -0.0060573980405805982
leaf_weight=2950 563 489 42 800 89 49 127 273 544 1643 362 163 276 270
leaf_count=2950 563 489 42 800 89 49 127 273 544 1643 362 163 276 270
internal_value=1.85078e-13 0.000890137 -0.000185184 -0.00356055 -0.000960313 -0.000575111 -0.000208663 -0.00069037 -0.00128668 -0.000480217 0.00269636 0.00696095 -0.00513616 -0.00452448
internal_weight=8640 6912 3962 1728 652 3757 3438 2949 2460 1916 489 205 1076 319
internal_count=8640 6912 3962 1728 652 3757 3438 2949 2460 1916 489 205 1076 319
is_linear=0
shrinkage=0.05


Tree=13
num_leaves=15
num_cat=0
split_feature=1 7 5 4 1 4 4 3 4 3 5 1 3 3
split_gain=9.88542 3.9035 2.93323 3.71132 2.6793 5.24489 3.07986 2.65041 2.6901 2.21753 2.01622 1.71921 3.12579 1.70893
threshold=31.383250000000004 6.5328230739042175 14.350000000000003 15.350000000000003 16.079350000000005 9.1500000000000004 10.250000000000002 6.3500000000000005 11.450000000000001 16.250000000000004 17.050000000000004 16.079350000000005 9.3500000000000032 10.750000000000002
decision_type=2 2 2 2 2 2 2 2 2 2 2 2 2 2
left_child=1 2 3 4 5 -1 -6 10 -9 11 -2 12 -5 -7
right_child=7 -3 -4 9 6 13 -8 8 -10 -11 -12 -13 -14 -15
leaf_value=-0.0038712175034002908 -0.0051629348383086422 -0.0026174624986686889 0.004977807203378027 0.0065870912015639459 0.002360278015225556 0.012351994546854003 -0.0013292832774992891 0.0028418711781608825 -0.0052542793996690311 0.0018136406023293479 0.0017490802270787816 -0.0032260160707247004 -0.0014866198121758973 0.0053901228234195034
leaf_weight=114 1166 728 487 148 2203 157 761 286 160 655 116 827 631 201
leaf_count=114 1166 728 487 148 2203 157 761 286 160 655 116 827 631 201
internal_value=-2.58542e-11 0.000845631 0.00125332 0.000934934 0.00197016 0.00546898 0.00141299 -0.00338252 -6.25775e-05 -0.000638279 -0.00453751 -0.00163828 4.72816e-05 0.00844323
internal_weight=8640 6912 6184 5697 3436 472 2964 1728 446 2261 1282 1606 779 358
internal_count=8640 6912 6184 5697 3436 472 2964 1728 446 2261 1282 1606 779 358
is_linear=0
shrinkage=0.05


Tree=14
num_leaves=15
num_cat=0
split_feature=1 6 2 3 4 4 5 6 4 5 3 0 1 4
split_gain=8.92159 3.56722 3.42954 2.66277 2.54685 2.50535 2.08943 2.0766 1.92913 1.85127 1.84625 1.83243 1.46081 2.88095
threshold=31.383250000000004 13.550000000000002 75.043350000000018 19.250000000000004 7.8500000000000005 27.050000000000004 9.9500000000000011 7.2500000000000018 11.750000000000002 6.0500000000000007 17.050000000000004 36.000000000000007 16.079350000000005 10.250000000000002
decision_type=2 2 2 2 2 2 2 2 2 2 2 2 2 2
left_child=1 5 10 -4 -2 7 -6 12 -8 -5 -3 -7 13 -1
right_child=4 2 3 9 6 11 8 -9 -10 -11 -12 -13 -14 -15
leaf_value=-0.0012310867767830911 0.00048314889387623467 0.0069209122781077742 -0.0043156326957236816 0.013299030847847462 -0.0053606614906636712 0.0010057204044782199 0.0045691903013534646 0.00017072577187782407 -0.00341283468732086 -0.00025299934411628382 -0.00024991772458678662 0.01507105687142987 0.0017419404158138072 0.009060280394035879
leaf_weight=105 367 142 785 35 1012 39 111 2570 238 90 244 57 2652 193
leaf_count=105 367 142 785 35 1012 39 111 2570 238 90 244 57 2652 193
internal_value=3.85439e-11 0.000803349 -0.00156118 -0.00323635 -0.0032134 0.00134901 -0.00421019 0.00120974 -0.000874139 0.00354157 0.00238806 0.00935701 0.00211491 0.00543413
internal_weight=8640 6912 1296 910 1728 5616 1361 5520 349 125 386 96 2950 298
internal_count=8640 6912 1296 910 1728 5616 1361 5520 349 125 386 96 2950 298
is_linear=0
shrinkage=0.05


Tree=15
num_leaves=15
num_cat=0
split_feature=1 6 5 4 8 4 1 4 3 4 8 3 5 5
split_gain=8.05173 3.27962 3.36492 2.31385 3.15659 2.08475 2.44489 4.48603 3.89604 2.67748 1.78939 1.70204 1.67116 1.63062
threshold=31.383250000000004 10.250000000000002 16.750000000000004 9.2500000000000018 7.8333333333333348 21.450000000000003 16.079350000000005 10.250000000000002 10.750000000000002 10.750000000000002 15.116666666666669 21.850000000000005 10.15 5.7500000000000009
decision_type=2 2 2 2 2 2 2 2 2 2 2 2 2 2
left_child=1 5 -3 4 -2 6 8 13 9 -1 -9 -12 -10 -8
right_child=3 2 -4 -5 -6 -7 7 10 12 -11 11 -13 -14 -15
leaf_value=0.00086589996841408921 -0.0020855256060970002 -0.00098628512536592244 0.0089619414814726701 -0.0044769680225821588 0.0080478382657878517 0.0064515988311567019 0.0012709870123643364 -0.0024432320432806573 0.0029077829298134487 0.012110596051519757 0.0036745658682524789 -0.0084614801389927222 -0.0045934201173209168 0.0042050792233778124
leaf_weight=74 563 2494 88 1076 89 211 1468 1031 297 186 232 33 99 699
leaf_count=74 563 2494 88 1076 89 211 1468 1031 297 186 232 33 99 699
internal_value=1.2906e-11 0.000763182 -0.000647229 -0.00305273 -0.00070229 0.00160422 0.0013559 0.000825717 0.00415474 0.00891018 -0.00150131 0.00216328 0.00103248 0.00221742
internal_weight=8640 6912 2582 1728 652 4330 4119 3463 656 260 1296 265 396 2167
internal_count=8640 6912 2582 1728 652 4330 4119 3463 656 260 1296 265 396 2167
is_linear=0
shrinkage=0.05


Tree=16
num_leaves=15
num_cat=0
split_feature=1 6 5 4 1 4 4 3 3 4 3 1 5 4
split_gain=7.26669 3.11826 2.55853 2.91349 2.29094 4.70218 2.47293 2.21814 2.1186 2.04528 1.95035 2.50418 2.16567 1.66628
threshold=31.383250000000004 17.450000000000003 15.65 15.350000000000003 16.079350000000005 9.1500000000000004 10.250000000000002 5.5500000000000007 14.65 10.250000000000002 9.8500000000000032 22.610250000000004 11.15 5.6500000000000012
decision_type=2 2 2 2 2 2 2 2 2 2 2 2 2 2
left_child=1 2 3 4 5 -1 -6 13 10 -9 11 12 -5 -2
right_child=7 -3 -4 8 6 -7 -8 9 -10 -11 -12 -13 -14 -15
leaf_value=-0.0038228109510061491 0.0049236459773965187 -0.0040637959126831489 0.0054716572421990954 0.002488852717340373 0.0020548046664294441 0.0077488678858042741 -0.0012272813516939361 0.0023655669003999676 0.0010922897396691649 -0.0035208540197761203 -0.0028538698776789284 -0.0035652055870741607 0.017850268095731738 -0.0045955037759607452
leaf_weight=116 48 324 300 279 2212 361 775 312 1248 280 1082 190 25 1088
leaf_count=116 48 324 300 279 2212 361 775 312 1248 280 1082 190 25 1088
internal_value=-1.10057e-12 0.000725022 0.000960538 0.000745313 0.00171708 0.00493479 0.00120324 -0.00290009 -0.00044669 -0.000418551 -0.00166537 0.000937768 0.00375213 -0.00419329
internal_weight=8640 6912 6588 6288 3464 477 2987 1728 2824 592 1576 494 304 1136
internal_count=8640 6912 6588 6288 3464 477 2987 1728 2824 592 1576 494 304 1136
is_linear=0
shrinkage=0.05


Tree=17
num_leaves=15
num_cat=0
split_feature=1 6 4 6 3 4 5 4 4 2 3 1 4 3
split_gain=6.55819 2.87348 2.77927 2.24611 2.03494 2.08201 1.74349 1.68222 1.61643 1.5269 3.28463 1.46935 2.53481 2.73381
threshold=31.383250000000004 15.050000000000002 27.050000000000004 8.1500000000000039 6.3500000000000005 11.550000000000002 17.050000000000004 15.250000000000002 22.150000000000002 75.043350000000018 16.550000000000004 16.079350000000005 9.1500000000000004 9.2500000000000018
decision_type=2 2 2 2 2 2 2 2 2 2 2 2 2 2
left_child=1 2 3 8 6 -6 -2 -3 11 10 -9 12 -1 -14
right_child=4 7 -4 -5 5 -7 -8 9 -10 -11 -12 -13 13 -15
leaf_value=-0.0033608494961787604 -0.0043487113295292718 0.011844286686252981 0.0069474251423578375 -0.00025758491658253182 0.0025980744334786216 -0.0046209709089718122 0.0020788318190547027 0.0098929650346997761 0.011458652431818858 -0.003858491379954085 -0.0032328771566972137 0.0012041010559749245 0.014623546600341798 0.0038089721109378335
leaf_weight=82 1166 21 194 2540 295 151 116 71 42 567 145 2939 78 233
leaf_count=82 1166 21 194 2540 295 151 116 71 42 567 145 2939 78 233
internal_value=-1.82577e-11 0.000688771 0.00105864 0.00086547 -0.00275509 0.000153958 -0.00376712 -0.00212115 0.00171092 -0.0024957 0.00108164 0.00158805 0.00445938 0.00652131
internal_weight=8640 6912 6108 5914 1728 446 1282 804 3374 783 216 3332 393 311
internal_count=8640 6912 6108 5914 1728 446 1282 804 3374 783 216 3332 393 311
is_linear=0
shrinkage=0.05


Tree=18
num_leaves=15
num_cat=0
split_feature=1 6 5 4 1 4 4 4 3 3 3 5 3 3
split_gain=5.91877 2.62242 2.16993 3.17481 3.57718 4.13746 3.21225 1.97326 1.76618 1.75429 2.93907 1.7482 1.70706 1.58173
threshold=31.383250000000004 17.450000000000003 14.350000000000003 16.950000000000003 16.079350000000005 9.1500000000000004 10.250000000000002 7.8500000000000005 19.850000000000005 5.9500000000000011 9.1500000000000004 9.9500000000000011 12.950000000000001 19.350000000000005
decision_type=2 2 2 2 2 2 2 2 2 2 2 2 2 2
left_child=1 2 3 4 5 -1 -6 -2 -5 -7 -11 -9 -8 -4
right_child=7 -3 13 8 6 9 12 11 -10 10 -12 -13 -14 -15
leaf_value=-0.0035247558748935644 0.00063643168860396792 -0.0037372790688050932 0.0074682744863711183 -0.0014822837342147804 0.0018865540575276774 -0.0056728803337766573 -0.0024625526344126867 -0.0045470714944048068 0.0027337432541018288 0.015129763488341302 0.0055659181633900398 -0.0004432157414697143 0.0025824461089955135 0.0018406221856633147
leaf_weight=116 367 324 198 1890 2209 26 848 1012 286 103 365 349 209 338
leaf_count=116 367 324 198 1890 2209 26 848 1012 286 103 365 349 209 338
internal_value=4.63246e-12 0.000654333 0.000870314 0.000600261 0.00145832 0.00497305 0.000801863 -0.00261733 -0.000928155 0.00696848 0.00767078 -0.00349472 -0.00146501 0.00391949
internal_weight=8640 6912 6588 6052 3876 610 3266 1728 2176 494 468 1361 1057 536
internal_count=8640 6912 6588 6052 3876 610 3266 1728 2176 494 468 1361 1057 536
is_linear=0
shrinkage=0.05


Tree=19
num_leaves=15
num_cat=0
split_feature=1 7 5 4 1 4 4 6 5 4 4 8 3 8
split_gain=5.34169 2.40812 1.90841 2.34709 2.99884 3.46904 2.82145 1.79362 1.82409 2.1355 1.52502 1.83906 1.508 1.46334
threshold=31.383250000000004 6.5328230739042175 14.350000000000003 16.950000000000003 16.079350000000005 10.250000000000002 10.250000000000002 2.0000000000000013 11.15 10.950000000000001 18.550000000000004 17.916666666666671 12.950000000000001 6.0166666666666666
decision_type=2 2 2 2 2 2 2 2 2 2 2 2 2 2
left_child=1 2 3 4 5 -1 -6 -2 -9 -10 -4 -12 13 -8
right_child=7 -3 10 -5 6 -7 12 8 9 -11 11 -13 -14 -15
leaf_value=-0.0017723089003947321 0.0048732312094446721 -0.0020984294834676433 -0.0028830356358750062 -0.00078433908141643935 0.0018018286582315024 0.0068672140974028479 0.010740617141571075 -0.0037116390180900803 0.0063994748843381709 -0.0021406826604592056 0.01488508330874665 0.0039665065554809822 0.0024533237589625689 -0.0026260813641235427
leaf_weight=157 79 728 70 1840 2203 447 21 1293 103 253 43 374 209 820
leaf_count=157 79 728 70 1840 2203 447 21 1293 103 253 43 374 209 820
internal_value=-2.01196e-11 0.000621616 0.000941828 0.000685018 0.00138598 0.00462151 0.000785226 -0.00248646 -0.00283905 0.000330206 0.00394604 0.0050924 -0.0013477 -0.00229231
internal_weight=8640 6912 6184 5697 3857 604 3253 1728 1649 356 487 417 1050 841
internal_count=8640 6912 6184 5697 3857 604 3253 1728 1649 356 487 417 1050 841
is_linear=0
shrinkage=0.05


Tree=20
num_leaves=15
num_cat=0
split_feature=1 6 5 4 4 4 3 5 4 3 1 8 5 0
split_gain=4.82087 2.21495 1.89751 2.10791 1.7289 1.46298 1.95825 1.4193 1.52503 1.40003 2.62949 3.60891 2.45281 1.29471
threshold=31.383250000000004 17.450000000000003 15.65 13.450000000000001 7.6500000000000012 18.650000000000002 19.150000000000002 7.2500000000000009 10.950000000000001 14.65 16.079350000000005 11.516666666666667 12.250000000000002 60.000000000000007
decision_type=2 2 2 2 2 2 2 2 2 2 2 2 2 2
left_child=1 2 3 -1 -2 -4 -7 -6 -9 10 11 -5 -12 -14
right_child=4 -3 5 9 7 6 -8 8 -10 -11 12 -13 13 -15
leaf_value=0.0015691305614423086 0.00081013863386625567 -0.0034454936202822821 -0.0036377992211944531 0.0057076639587197589 -0.0043379093845080782 0.013789894738205015 0.0036308326237303847 0.0034209565157237061 -0.0027511361001988583 0.0010031265775809796 -0.0036126503912683582 -0.0011423201842066584 -0.0015007047038525345 0.0095229329827257944
leaf_weight=2977 344 324 45 270 893 63 192 140 351 1314 952 668 50 57
leaf_count=2977 344 324 45 270 893 63 192 140 351 1314 952 668 50 57
internal_value=2.86514e-11 0.000590535 0.000789029 0.00060368 -0.00236214 0.00467394 0.00614072 -0.00315063 -0.000991273 -0.00026438 -0.00109838 0.000829424 -0.00280592 0.0043717
internal_weight=8640 6912 6588 6288 1728 300 255 1384 491 3311 1997 938 1059 107
internal_count=8640 6912 6588 6288 1728 300 255 1384 491 3311 1997 938 1059 107
is_linear=0
shrinkage=0.05


Tree=21
num_leaves=15
num_cat=0
split_feature=1 6 2 3 4 3 0 3 4 5 5 5 4 4
split_gain=4.35084 2.01583 2.34678 2.11132 1.76833 1.73486 1.6374 1.61573 1.73607 1.60313 1.45669 1.39465 1.32401 1.22909
threshold=31.383250000000004 13.550000000000002 75.043350000000018 19.250000000000004 27.050000000000004 17.050000000000004 36.000000000000007 6.3500000000000005 11.550000000000002 5.9500000000000011 2.2500000000000004 17.050000000000004 10.250000000000002 5.6500000000000012
decision_type=2 2 2 2 2 2 2 2 2 2 2 2 2 2
left_child=1 4 5 -4 10 -3 -6 11 -9 -5 -1 13 -13 -2
right_child=7 2 3 9 6 -7 -8 8 -10 -11 -12 12 -14 -15
leaf_value=0.0037179154574609342 0.0035613940766779707 0.0064443747316237912 -0.0035632538484189971 0.012887654739968252 -0.00019538446735495177 -0.00050676799537690328 0.013100378420367315 0.0025799501999340542 -0.004012119666432703 4.1935763337001529e-05 0.00062381680652566517 0.013444268916334427 -0.00042880091620118996 -0.0040306109079563061
leaf_weight=411 56 142 785 33 39 244 57 295 151 92 5109 21 95 1110
leaf_count=411 56 142 785 33 39 244 57 295 151 92 5109 21 95 1110
internal_value=-1.15785e-11 0.000561009 -0.00121648 -0.0026022 0.000971197 0.00205039 0.00769897 -0.00224403 0.000348106 0.00343321 0.000854193 -0.00314582 0.0020827 -0.00366599
internal_weight=8640 6912 1296 910 5616 386 96 1728 446 125 5520 1282 116 1166
internal_count=8640 6912 1296 910 5616 386 96 1728 446 125 5520 1282 116 1166
is_linear=0
shrinkage=0.05


Tree=22
num_leaves=15
num_cat=0
split_feature=1 6 5 4 1 4 4 5 3 3 3 4 8 3
split_gain=3.92663 1.88905 1.65307 1.82376 2.83028 3.40739 2.41732 1.7697 2.02004 1.59676 2.60983 1.49249 2.14455 1.44803
threshold=31.383250000000004 17.450000000000003 15.65 16.950000000000003 16.079350000000005 9.1500000000000004 10.250000000000002 11.350000000000003 10.050000000000002 5.9500000000000011 9.1500000000000004 9.2500000000000018 7.8333333333333348 21.150000000000002
decision_type=2 2 2 2 2 2 2 2 2 2 2 2 2 2
left_child=1 2 3 4 5 -1 -6 13 -9 -7 -11 12 -2 -5
right_child=11 -3 -4 7 6 9 -8 8 -10 10 -12 -13 -14 -15
leaf_value=-0.0033738330054771284 -0.0013842503225090078 -0.0031943399894603149 0.0043423262760819243 -0.001843751841911931 0.0015755077577710973 -0.0059116881770583307 -0.0013129686206640714 0.015922839615655982 0.0008968183770525209 0.013847541536918832 0.004835275268973145 -0.003275688682106362 0.0069681718666891289 0.0062083727434269513
leaf_weight=116 563 324 300 1495 2212 26 1077 23 813 103 365 1076 89 58
leaf_count=116 563 324 300 1495 2212 26 1077 23 813 103 365 1076 89 58
internal_value=2.54553e-12 0.000532958 0.000716268 0.000543269 0.00120981 0.00433787 0.000629661 -0.000544573 0.00131021 0.00614872 0.00681874 -0.00213183 -0.000244119 -0.00154303
internal_weight=8640 6912 6588 6288 3899 610 3289 2389 836 494 468 1728 652 1553
internal_count=8640 6912 6588 6288 3899 610 3289 2389 836 494 468 1728 652 1553
is_linear=0
shrinkage=0.05


Tree=23
num_leaves=15
num_cat=0
split_feature=1 7 5 4 3 4 4 3 5 4 5 3 1 3
split_gain=3.54378 1.70894 1.41403 1.40836 1.40284 1.48925 1.35936 1.59379 1.24581 1.22115 1.19592 2.0133 2.00171 3.2966
threshold=31.383250000000004 6.5328230739042175 15.65 13.450000000000001 6.3500000000000005 11.450000000000001 18.650000000000002 19.150000000000002 17.050000000000004 1.3500000000000003 12.350000000000003 19.150000000000002 16.079350000000005 10.950000000000001
decision_type=2 2 2 2 2 2 2 2 2 2 2 2 2 2
left_child=1 2 3 9 8 -6 -4 -8 -2 -1 11 12 13 -5
right_child=4 -3 6 10 5 -7 7 -9 -10 -11 -12 -13 -14 -15
leaf_value=-0.0054518857728908191 -0.0033571445931461653 -0.0017850874994210144 -0.0037042164339476991 0.004218506378505571 0.0025511399815933639 -0.0034727609789479176 0.013141783361788839 0.0034703767247592217 0.0020761205772628433 0.0015304113376487921 0.0018122276477189659 0.0047884679139998838 -0.0024563785556641878 -0.0017151705725091445
leaf_weight=64 1166 728 45 383 286 160 56 178 116 2904 607 157 1188 602
leaf_count=64 1166 728 45 383 286 160 56 178 116 2904 607 157 1188 602
internal_value=1.96224e-11 0.00050631 0.000776061 0.000611716 -0.00202524 0.000390099 0.0042544 0.0057849 -0.00286552 0.00137985 -0.000164525 -0.000679499 -0.00107456 0.000592036
internal_weight=8640 6912 6184 5905 1728 446 279 234 1282 2968 2937 2330 2173 985
internal_count=8640 6912 6184 5905 1728 446 279 234 1282 2968 2937 2330 2173 985
is_linear=0
shrinkage=0.05


Tree=24
num_leaves=15
num_cat=0
split_feature=1 6 5 6 4 5 4 4 5 5 6 2 3 3
split_gain=3.19826 1.59633 1.37746 1.42903 1.35699 1.22322 1.15131 1.06189 1.02252 1.66788 1.02615 1.00354 1.38702 0.94298
threshold=31.383250000000004 17.450000000000003 16.350000000000005 7.1500000000000021 7.8500000000000005 12.15 10.250000000000002 22.850000000000005 6.1500000000000012 2.2500000000000004 6.8500000000000014 75.043350000000018 15.65 16.250000000000004
decision_type=2 2 2 2 2 2 2 2 2 2 2 2 2 2
left_child=1 2 3 8 -2 -6 -7 -4 9 -1 -11 12 -3 -5
right_child=4 11 7 13 5 6 -8 -9 -10 10 -12 -13 -14 -15
leaf_value=0.0037124639831301641 0.000774272947083037 0.013322168872469948 -0.00027590856545915211 -0.00068243927513913713 -0.0034452365210186952 0.0079604567233018762 -0.0010618132714848923 0.0070611296113080859 0.0024568863796808689 -0.00052804745708356969 0.0079217165507174826 -0.0041898228198772782 -0.0031155396139982976 0.0010973194999697384
leaf_weight=328 367 21 75 2493 1063 41 257 144 1207 1243 37 270 33 1061
leaf_count=328 367 21 75 2493 1063 41 257 144 1207 1243 37 270 33 1061
internal_value=1.20851e-12 0.000480995 0.000649504 0.000515438 -0.00192398 -0.00265158 0.000179506 0.00454845 0.00135698 0.000531361 -0.000283796 -0.00294537 0.0032769 -0.000151116
internal_weight=8640 6912 6588 6369 1728 1361 298 219 2815 1608 1280 324 54 3554
internal_count=8640 6912 6588 6369 1728 1361 298 219 2815 1608 1280 324 54 3554
is_linear=0
shrinkage=0.05


Tree=25
num_leaves=15
num_cat=0
split_feature=1 6 5 4 1 3 4 4 5 5 5 6 5 2
split_gain=2.88643 1.44621 1.84262 1.46401 1.48887 2.73131 2.53138 1.80218 1.47462 1.41384 1.33736 1.30505 1.27022 1.22524
threshold=31.383250000000004 10.250000000000002 16.750000000000004 21.450000000000003 16.079350000000005 10.750000000000002 9.9500000000000011 10.750000000000002 5.4500000000000011 2.2500000000000004 10.15 2.0000000000000013 15.950000000000001 86.003450000000015
decision_type=2 2 2 2 2 2 2 2 2 2 2 2 2 2
left_child=1 3 -3 4 5 7 8 -1 9 -6 -7 -2 -13 -8
right_child=11 2 -4 -5 6 10 13 -9 -10 -11 -12 12 -14 -15
leaf_value=0.00037346063748102738 0.0044500377907453082 -0.00073054750221722626 0.0066311179937408524 0.0050775637592230943 0.0032192319259007084 0.0020548412544176184 -0.00088346181249226009 0.0095988107643807455 0.003300680783937443 -0.00041809025895130075 -0.004655510903514847 -0.0026815699233191819 0.001353616246683688 -0.0067175620437129255
leaf_weight=74 79 2494 88 211 360 297 1246 186 724 1036 99 1423 226 97
leaf_count=74 79 2494 88 211 360 297 1246 186 724 1036 99 1423 226 97
internal_value=2.55706e-11 0.000456945 -0.000479646 0.00101544 0.000807353 0.00299147 0.000393612 0.00697313 0.00146956 0.000519901 0.000377253 -0.00182778 -0.00212854 -0.00130484
internal_weight=8640 6912 2582 4330 4119 656 3463 260 2120 1396 396 1728 1649 1343
internal_count=8640 6912 2582 4330 4119 656 3463 260 2120 1396 396 1728 1649 1343
is_linear=0
shrinkage=0.05


Tree=26
num_leaves=15
num_cat=0
split_feature=1 6 4 5 4 1 4 4 2 3 3 5 3 3
split_gain=2.60501 1.39901 1.20975 1.14558 1.39603 2.3461 2.98843 1.83043 1.47494 1.45032 2.16577 1.38788 1.8451 1.29504
threshold=31.383250000000004 17.550000000000004 7.6500000000000012 15.65 16.950000000000003 16.079350000000005 9.1500000000000004 11.15 86.003450000000015 5.9500000000000011 9.1500000000000004 11.350000000000003 10.050000000000002 19.150000000000002
decision_type=2 2 2 2 2 2 2 2 2 2 2 2 2 2
left_child=1 3 -2 4 5 6 -1 -7 -9 -8 -11 13 -13 -6
right_child=2 -3 -4 -5 11 7 9 8 -10 10 -12 12 -14 -15
leaf_value=-0.0033450192868195736 0.00091720652784461833 -0.0028375949558931799 -0.0023959556451327076 0.0036074678260095729 -0.0018106122943636752 0.0012659836657121265 -0.0059211674074714001 -0.00078455756366599893 -0.0084197201711290037 0.012614430401709328 0.0044046100664705242 0.015105584263801576 0.00074518102148109569 0.0034568374885766821
leaf_weight=116 344 312 1384 300 1437 2315 26 906 68 103 365 23 814 127
leaf_count=116 344 312 1384 300 1437 2315 26 906 68 103 365 23 814 127
internal_value=-9.78488e-12 0.000434098 -0.00173639 0.00058876 0.000445012 0.00102908 0.00387704 0.000500882 -0.00131761 0.00557291 0.00621147 -0.000503468 0.00113979 -0.00138288
internal_weight=8640 6912 1728 6600 6300 3899 610 3289 974 494 468 2401 837 1564
internal_count=8640 6912 1728 6600 6300 3899 610 3289 974 494 468 2401 837 1564
is_linear=0
shrinkage=0.05


Tree=27
num_leaves=15
num_cat=0
split_feature=1 6 3 4 5 4 1 4 4 5 3 2 5 1
split_gain=2.35102 1.2626 1.17215 1.29285 1.04622 1.13578 2.12316 2.74373 1.66179 1.43391 1.63639 1.42617 1.36644 1.19231
threshold=31.383250000000004 17.550000000000004 6.3500000000000005 11.550000000000002 16.350000000000005 16.950000000000003 16.079350000000005 10.250000000000002 9.9500000000000011 11.350000000000003 10.050000000000002 86.003450000000015 10.050000000000002 16.079350000000005
decision_type=2 2 2 2 2 2 2 2 2 2 2 2 2 2
left_child=1 4 -2 -4 5 6 7 -1 -8 -7 -11 -10 -9 -12
right_child=2 -3 3 -5 -6 9 8 12 11 10 13 -13 -14 -15
leaf_value=-0.0019644293983162339 -0.0024176638811982351 -0.002695715243932612 0.002484251824947532 -0.0032044275996848844 0.0039573800666087636 -0.0013137403737550871 0.0012840626045000068 0.0065791711901544529 -0.00050058406746664728 0.014350305335677188 -0.0050618688923676908 -0.0065165774281555362 -0.0026961775337853893 0.0014114823535120455
leaf_weight=159 1282 312 295 151 219 1564 2165 407 1024 23 78 109 44 808
leaf_count=159 1282 312 295 151 219 1564 2165 407 1024 23 78 109 44 808
internal_value=-1.70887e-11 0.000412393 -0.00164957 0.000558264 0.000559322 0.000442698 0.000973346 0.00368319 0.000472132 -0.000395868 0.0011834 -0.00107935 0.00567426 0.000841594
internal_weight=8640 6912 1728 446 6600 6381 3908 610 3298 2473 909 1133 451 886
internal_count=8640 6912 1728 446 6600 6381 3908 610 3298 2473 909 1133 451 886
is_linear=0
shrinkage=0.05


Tree=28
num_leaves=15
num_cat=0
split_feature=1 6 4 4 6 5 4 5 4 4 2 3 0 6
split_gain=2.12179 1.14309 1.67993 1.27794 1.10947 1.16638 1.35475 1.02285 0.905272 1.91723 0.841842 2.91992 0.825502 0.793193
threshold=31.383250000000004 15.050000000000002 27.050000000000004 15.250000000000002 2.0000000000000013 11.15 13.15 2.2500000000000004 4.5500000000000007 2.6500000000000008 75.043350000000018 16.550000000000004 60.000000000000007 10.250000000000002
decision_type=2 2 2 2 2 2 2 2 2 2 2 2 2 2
left_child=1 2 7 -3 -2 -6 -7 8 9 -1 11 -5 -4 -9
right_child=4 3 12 10 5 6 -8 13 -10 -11 -12 -13 -14 -15
leaf_value=-0.0010170988856425768 0.0042212397865125841 0.010791695104645831 0.0030734087788219129 0.009257041306143075 -0.0025421570762727205 0.0038621909967206445 -0.0023090945739016613 0.00066816891841702908 0.0005095808591039923 0.0088170371163650459 -0.0027188584436673791 -0.0031186335850587311 0.010197780660257259 -0.00066916237050461316
leaf_weight=79 79 21 136 71 1293 173 183 3953 208 133 567 145 58 1541
leaf_count=79 79 21 136 71 1293 173 183 3953 208 133 567 145 58 1541
internal_value=-1.86994e-11 0.000391773 0.000625058 -0.0013805 -0.00156709 -0.0018444 0.000689873 0.000474873 0.00285311 0.00515243 -0.00170695 0.000949297 0.00520338 0.000293064
internal_weight=8640 6912 6108 804 1728 1649 356 5914 420 212 783 216 194 5494
internal_count=8640 6912 6108 804 1728 1649 356 5914 420 212 783 216 194 5494
is_linear=0
shrinkage=0.05


Tree=29
num_leaves=15
num_cat=0
split_feature=1 6 4 8 2 3 3 4 5 7 3 5 4 1
split_gain=1.91492 1.06612 1.06108 1.59342 0.961056 1.08747 0.91484 0.940633 0.89676 0.977765 1.13814 1.6961 1.4035 1.23527
threshold=31.383250000000004 17.550000000000004 9.2500000000000018 9.8833333333333346 75.043350000000018 15.65 6.3500000000000005 5.1500000000000012 16.350000000000005 2.3823420404806472 2.3500000000000001 5.4500000000000011 5.6500000000000012 27.379200000000004
decision_type=2 2 2 2 2 2 2 2 2 2 2 2 2 2
left_child=1 8 3 6 5 -3 -2 -8 9 10 -1 -12 13 -13
right_child=2 4 -4 -5 -6 -7 7 -9 -10 -11 11 12 -14 -15
leaf_value=0.0052679464871515378 -0.0016779225328506814 0.012506401538848877 -0.0024532109995095189 0.010481076522597246 -0.0037248935469856056 -0.0022299279308607505 -0.0072874397926387339 0.0040111164681463076 0.0036531951400179197 -3.5035049023727812e-05 -0.00050146501873418682 0.009527464145711359 0.001624436780543863 -0.0010099345214060835
leaf_weight=165 446 21 1076 35 260 31 21 150 219 4276 993 112 798 37
leaf_count=165 446 21 1076 35 260 31 21 150 219 4276 993 112 798 37
internal_value=3.12934e-13 0.000372185 -0.00148874 0.000102938 -0.00248386 0.00372128 -0.000485773 0.00262357 0.000507198 0.000399225 0.00128136 0.000942296 0.00245619 0.00691079
internal_weight=8640 6912 1728 652 312 52 617 171 6600 6381 2105 1940 947 149
internal_count=8640 6912 1728 652 312 52 617 171 6600 6381 2105 1940 947 149
is_linear=0
shrinkage=0.05


Tree=30
num_leaves=15
num_cat=0
split_feature=1 4 7 4 0 6 5 4 5 3 6 4 4 2
split_gain=1.72821 0.984275 0.965171 0.97496 1.00485 1.00153 0.933882 0.904466 0.896737 0.850566 0.849272 0.773145 1.31529 0.678633
threshold=31.383250000000004 7.8500000000000005 6.5328230739042175 27.050000000000004 36.000000000000007 14.15 12.15 13.15 2.2500000000000004 2.8500000000000001 12.150000000000004 4.5500000000000007 2.6500000000000008 86.003450000000015
decision_type=2 2 2 2 2 2 2 2 2 2 2 2 2 2
left_child=2 -2 3 8 10 -6 -3 -8 9 -1 -5 12 -11 -13
right_child=1 6 -4 4 5 -7 7 -9 -10 11 -12 13 -14 -15
leaf_value=0.0065622057879365803 0.0008837116030184426 -0.0027274422547425695 -0.0013684487653206037 -0.0092001114308368406 0.010688464095632375 0.00145042221742915 0.0036580966002633985 -0.001917929177173836 0.00026991592037356113 -0.0023923249440794847 0.0025015887790831967 0.0027375529673216601 0.0073849733652813099 -0.0037505647596461997
leaf_weight=105 367 1063 728 20 71 50 126 172 5553 53 69 70 98 95
leaf_count=105 367 1063 728 20 71 50 126 172 5553 53 69 70 98 95
internal_value=1.03239e-11 -0.0014143 0.000353575 0.000556297 0.00390481 0.00687109 -0.00203397 0.000439719 0.00043859 0.0026634 -0.000128007 0.00136791 0.00395321 -0.00099803
internal_weight=8640 1728 6912 6184 210 121 1361 298 5974 421 89 316 151 165
internal_count=8640 1728 6912 6184 210 121 1361 298 5974 421 89 316 151 165
is_linear=0
shrinkage=0.05


Tree=31
num_leaves=15
num_cat=0
split_feature=1 6 5 4 6 3 5 5 2 8 3 4 3 7
split_gain=1.55971 0.938332 0.993148 0.945431 0.915362 1.19438 2.01593 1.78411 1.16219 1.66375 1.1102 1.06702 1.03614 1.00637
threshold=31.383250000000004 2.0000000000000013 15.950000000000001 10.950000000000001 8.1500000000000039 14.350000000000003 13.65 4.3500000000000005 78.923900000000017 13.150000000000002 3.7500000000000004 22.150000000000002 6.1500000000000012 5.6752875296251348
decision_type=2 2 2 2 2 2 2 2 2 2 2 2 2 2
left_child=4 -2 -3 -4 11 6 8 -7 10 12 -6 -1 13 -10
right_child=1 2 3 -5 5 7 -8 -9 9 -11 -12 -13 -14 -15
leaf_value=0.00082527899165619068 0.0039796185408589209 -0.0020876202328537078 0.0068595213769003759 -0.00046382260032654571 0.0028850402617882492 0.011497107044009395 0.010055633194278928 0.00053084628164516354 -0.0074615749264402053 -0.002739088370103517 -0.0031507427657391368 0.0088448468655336742 0.0022019026449541686 0.0056045422330498699
leaf_weight=3332 79 1423 60 166 84 38 40 1547 56 379 819 42 555 20
leaf_count=3332 79 1423 60 166 84 38 40 1547 56 379 819 42 555 20
internal_value=-6.09412e-12 -0.00134359 -0.00159861 0.00148043 0.000335897 -0.000226002 -0.00105361 0.00079376 -0.0012859 -0.00012061 -0.00258927 0.000925108 0.00145214 -0.00402312
internal_weight=8640 1728 1649 226 6912 3538 1953 1585 1913 1010 903 3374 631 76
internal_count=8640 1728 1649 226 6912 3538 1953 1585 1913 1010 903 3374 631 76
is_linear=0
shrinkage=0.05


Tree=32
num_leaves=15
num_cat=0
split_feature=1 6 4 8 2 3 4 8 4 5 3 0 4 3
split_gain=1.40764 0.880144 0.876792 1.31333 0.861664 0.989272 0.860872 1.22479 1.0692 0.813911 1.28089 1.274 1.14484 1.03968
threshold=31.383250000000004 17.550000000000004 9.2500000000000018 7.8333333333333348 75.043350000000018 15.65 1.3500000000000003 3.0166666666666671 3.1500000000000008 14.350000000000003 19.350000000000005 60.000000000000007 23.350000000000005 20.850000000000005
decision_type=2 2 2 2 2 2 2 2 2 2 2 2 2 2
left_child=1 6 3 -2 5 -3 -1 8 -8 13 11 -11 -12 -9
right_child=2 4 -4 -5 -6 -7 7 9 -10 10 12 -13 -14 -15
leaf_value=-0.0052839874160977513 -0.00072176157587644572 0.011978716101674808 -0.0021531334477264178 0.0058145193589767552 -0.003451017065448328 -0.0020765514082966316 0.0010861764298577873 7.1123976777506064e-05 0.008573673572662005 0.0021439757746910411 -0.0046921890298281576 0.01030346967629157 0.0020413510557300758 0.0035014430052378097
leaf_weight=65 563 21 1076 89 260 31 107 5575 86 119 84 80 254 230
leaf_count=65 563 21 1076 89 260 31 107 5575 86 119 84 80 254 230
internal_value=4.55051e-12 0.000319102 -0.00127641 0.000170461 -0.00227591 0.00359961 0.000441775 0.000498726 0.00442257 0.000379315 0.00224166 0.00542417 0.000367927 0.000207037
internal_weight=8640 6912 1728 652 312 52 6600 6535 193 6342 537 199 338 5805
internal_count=8640 6912 1728 652 312 52 6600 6535 193 6342 537 199 338 5805
is_linear=0
shrinkage=0.05


Tree=33
num_leaves=15
num_cat=0
split_feature=1 6 2 3 3 4 0 4 8 4 0 3 6 3
split_gain=1.2704 0.860295 1.25691 1.58621 1.51197 0.976842 1.2437 0.834983 1.06662 0.964951 0.830168 0.881319 0.866243 0.826994
threshold=31.383250000000004 13.550000000000002 75.043350000000018 17.450000000000003 20.650000000000002 27.050000000000004 36.000000000000007 1.3500000000000003 3.0166666666666671 3.1500000000000008 60.000000000000007 15.050000000000002 15.550000000000004 5.5500000000000007
decision_type=2 2 2 2 2 2 2 2 2 2 2 2 2 2
left_child=1 5 3 10 -4 7 -7 -1 9 -9 11 -3 -12 -2
right_child=13 2 4 -5 -6 6 -8 8 -10 -11 12 -13 -14 -15
leaf_value=-0.00519373362621991 -0.0020022118351334939 -0.0030074299091384527 -0.0025263576669857495 -0.0011211485757520951 0.0044773106543203435 -0.0013086519980182252 0.010278952422372083 0.001031867609001374 0.00041687812892654227 0.0081449897400087262 0.0044439308345317844 0.0068629685295175536 0.015947961645821733 0.00030264036681359899
leaf_weight=64 1136 42 825 229 85 39 57 107 5263 86 36 49 30 592
leaf_count=64 1136 42 825 229 85 39 57 107 5263 86 36 49 30 592
internal_value=-3.17734e-12 0.000303147 -0.000858042 0.00153277 -0.00187217 0.000571113 0.00557149 0.00048415 0.000550753 0.00420145 0.00540378 0.0023074 0.00967304 -0.00121259
internal_weight=8640 6912 1296 386 910 5616 96 5520 5456 193 157 91 66 1728
internal_count=8640 6912 1296 386 910 5616 96 5520 5456 193 157 91 66 1728
is_linear=0
shrinkage=0.05


Tree=34
num_leaves=15
num_cat=0
split_feature=7 5 3 4 1 8 4 3 8 4 4 3 3 8
split_gain=1.19591 1.56807 2.05076 1.6664 1.58722 3.50569 1.70541 1.26283 1.7495 1.46179 1.24047 1.25522 2.20637 0.942204
threshold=2.3823420404806472 12.350000000000003 19.150000000000002 22.750000000000004 16.079350000000005 13.283333333333335 7.8500000000000005 12.050000000000002 8.3166666666666682 26.850000000000005 16.350000000000005 5.9500000000000011 7.9500000000000011 15.483333333333336
decision_type=2 2 2 2 2 2 2 2 2 2 2 2 2 2
left_child=-1 2 4 -4 5 6 -2 -6 -9 -10 11 -8 -13 -7
right_child=1 -3 3 -5 7 13 10 8 9 -11 -12 12 -14 -15
leaf_value=0.0008687697525816149 -0.0077875709352202907 0.001218250325127017 0.006962887931376522 -0.00090030106742832274 -0.0023150617933149417 -0.0012266451482990342 -0.0063750403800180979 0.010633739929746937 -0.0010169920274055667 0.009179489052778966 0.0013495793669414322 0.018447364818403554 0.0046950890138593186 -0.0054519087940645521
leaf_weight=2716 39 1197 149 123 2247 408 21 37 703 37 484 33 251 195
leaf_count=2716 39 1197 149 123 2247 408 21 37 703 37 484 33 251 195
internal_value=3.52568e-12 -0.000398308 -0.000807663 0.00340711 -0.001065 0.000306948 0.00241888 -0.00171422 2.33515e-05 -0.000507168 0.00292339 0.00542083 0.00629306 -0.00259302
internal_weight=8640 5924 4727 272 4455 1431 828 3024 777 740 789 305 284 603
internal_count=8640 5924 4727 272 4455 1431 828 3024 777 740 789 305 284 603
is_linear=0
shrinkage=0.05


Tree=35
num_leaves=15
num_cat=0
split_feature=1 6 5 4 6 5 4 1 3 4 8 5 3 5
split_gain=1.081 0.773569 0.807528 0.798987 0.76943 1.06309 0.946323 0.736236 1.53402 1.36941 0.821243 0.847147 0.677755 1.68028
threshold=31.383250000000004 2.0000000000000013 15.950000000000001 10.950000000000001 8.1500000000000039 17.450000000000003 22.150000000000002 16.079350000000005 10.450000000000001 10.750000000000002 9.5833333333333375 8.9500000000000011 14.350000000000003 4.3500000000000005
decision_type=2 2 2 2 2 2 2 2 2 2 2 2 2 2
left_child=4 -2 -3 -4 6 12 7 8 9 -1 -10 -12 -6 -14
right_child=1 2 3 -5 5 -7 -8 -9 10 -11 11 -13 13 -15
leaf_value=0.00094431755132973194 0.0037147578605763094 -0.0017910535602513095 0.0063713024800138868 -0.00036101196622560138 -0.0009741624218712249 0.0059558271765982849 0.0082782295953837178 0.00045404636531673102 -0.0056787888617691358 0.010300243557624829 0.0053623446049944814 -0.0014644614640138857 0.010816013931272258 0.00016813306645372089
leaf_weight=66 79 1423 60 166 1949 68 42 2939 48 96 84 99 38 1483
leaf_count=66 79 1423 60 166 1949 68 42 2939 48 96 84 99 38 1483
internal_value=2.19736e-12 -0.00111855 -0.0013501 0.00142633 0.000279637 -0.000235528 0.000819843 0.00072583 0.00275833 0.00648857 0.000142309 0.00166915 -0.000356857 0.000434155
internal_weight=8640 1728 1649 226 6912 3538 3374 3332 393 162 231 183 3470 1521
internal_count=8640 1728 1649 226 6912 3538 3374 3332 393 162 231 183 3470 1521
is_linear=0
shrinkage=0.05


Tree=36
num_leaves=15
num_cat=0
split_feature=7 5 3 4 1 3 6 4 8 4 3 3 4 3
split_gain=1.04039 1.3337 1.80286 1.48837 1.38186 3.1824 2.06677 1.39641 1.12411 1.0637 1.56782 0.909236 0.90396 0.910328
threshold=2.3823420404806472 12.350000000000003 19.150000000000002 22.750000000000004 16.079350000000005 11.050000000000002 12.150000000000004 19.950000000000003 16.716666666666672 11.550000000000002 10.450000000000001 21.650000000000002 8.7500000000000018 12.550000000000002
decision_type=2 2 2 2 2 2 2 2 2 2 2 2 2 2
left_child=-1 2 4 -4 5 6 -2 12 9 10 -6 -5 -7 -14
right_child=1 -3 3 11 8 7 -8 -9 -10 -11 -12 -13 13 -15
leaf_value=0.00081031501687664649 0.0060577301949763865 0.0011193551507971712 0.0065632675553284493 -0.0052019982684602143 -0.0015226384579467356 -0.0060576248079693565 -7.9821652858906117e-05 -0.0035709752458338209 0.0032744559345015307 -0.0025562840935050082 0.0031109402266386163 0.0033960532618361721 -0.0021826976235735564 0.002931950061591468
leaf_weight=2716 301 1197 149 61 916 48 252 440 114 1766 228 62 131 259
leaf_count=2716 301 1197 149 61 916 48 252 440 114 1766 228 62 131 259
internal_value=1.12295e-11 -0.000371508 -0.000749034 0.0032028 -0.000990313 0.000289803 0.00326087 -0.0015815 -0.00159608 -0.00178689 -0.000599163 -0.000868021 0.000417068 0.00121395
internal_weight=8640 5924 4727 272 4455 1431 553 878 3024 2910 1144 123 438 390
internal_count=8640 5924 4727 272 4455 1431 553 878 3024 2910 1144 123 438 390
is_linear=0
shrinkage=0.05


Tree=37
num_leaves=15
num_cat=0
split_feature=7 5 3 4 1 3 8 6 3 8 4 4 8 7
split_gain=0.938952 1.20367 1.62709 1.34325 1.24713 2.89198 1.6514 1.12514 1.03226 1.51179 1.27318 0.864939 1.22628 1.08217
threshold=2.3823420404806472 12.350000000000003 19.150000000000002 22.750000000000004 16.079350000000005 9.3500000000000032 15.483333333333336 9.3500000000000032 12.050000000000002 8.3166666666666682 26.850000000000005 2.1500000000000008 3.2333333333333338 1.5666647001726597
decision_type=2 2 2 2 2 2 2 2 2 2 2 2 2 2
left_child=11 2 4 -4 5 7 -7 -2 -6 -10 -11 13 -13 -1
right_child=1 -3 3 -5 8 6 -8 -9 9 10 -12 12 -14 -15
leaf_value=-0.0066108524058777172 0.010120144570867221 0.0010633873683930498 0.0062351042060603407 -0.00082462004923481282 -0.0020595061006083025 3.3598305361450826e-05 -0.005012092495565482 0.0029291158181619877 0.0099179197656544486 -0.00091428079456554602 0.008601674739573453 0.0045825962424291796 0.00063926044135771112 0.0031621816670955268
leaf_weight=83 75 1197 149 123 2247 963 195 198 37 703 37 215 2375 43
leaf_count=83 75 1197 149 123 2247 963 195 198 37 703 37 215 2375 43
internal_value=4.54208e-12 -0.000352933 -0.000711582 0.00304266 -0.000940797 0.000275313 -0.000816065 0.00490467 -0.00151628 5.4679e-05 -0.000438483 0.000769799 0.000966603 -0.00327561
internal_weight=8640 5924 4727 272 4455 1431 1158 273 3024 777 740 2716 2590 126
internal_count=8640 5924 4727 272 4455 1431 1158 273 3024 777 740 2716 2590 126
is_linear=0
shrinkage=0.05


Tree=38
num_leaves=15
num_cat=0
split_feature=1 4 4 5 3 1 8 8 3 8 3 2 3 4
split_gain=0.873184 0.672049 0.666984 1.15841 1.14409 0.952962 2.47782 1.15525 1.04473 1.03901 0.847292 1.23789 1.38512 0.801043
threshold=31.383250000000004 7.6500000000000012 13.450000000000001 11.950000000000001 21.150000000000002 16.079350000000005 11.516666666666667 15.483333333333336 18.050000000000004 15.550000000000001 16.750000000000004 75.043350000000018 10.050000000000002 1.3500000000000003
decision_type=2 2 2 2 2 2 2 2 2 2 2 2 2 2
left_child=2 -2 13 4 5 6 -4 8 -8 -7 11 12 -5 -1
right_child=1 -3 3 10 -6 9 7 -9 -10 -11 -12 -13 -14 -15
leaf_value=-0.0046751673372748956 0.00097252190140817798 -0.0014968982696420604 0.0042881080017541538 0.016686518507247623 0.0044398937750464449 -0.0025039371975096882 -0.00054804074223945085 -0.0043617362269599523 0.0091123605050660427 0.00079239468503051059 0.00031527757253873765 -0.0042939820637305582 0.0036001991716213527 0.00093688844046027956
leaf_weight=65 344 1384 275 22 104 1119 801 210 29 304 768 45 250 2920
leaf_count=65 344 1384 275 22 104 1119 801 210 29 304 768 45 250 2920
internal_value=7.87302e-13 -0.0010053 0.000251325 -0.000176896 -0.000707504 -0.000903022 6.7333e-05 -0.00104874 -0.000210509 -0.00179973 0.00121296 0.00338777 0.00465865 0.000814683
internal_weight=8640 1728 6912 3927 2842 2738 1315 1040 830 1423 1085 317 272 2985
internal_count=8640 1728 6912 3927 2842 2738 1315 1040 830 1423 1085 317 272 2985
is_linear=0
shrinkage=0.05


Tree=39
num_leaves=15
num_cat=0
split_feature=1 6 5 4 6 4 3 5 1 3 3 4 8 5
split_gain=0.788049 0.643293 0.642583 0.712247 0.633494 1.04251 1.09443 0.967802 0.761231 1.80151 1.21042 1.15075 1.53789 1.1281
threshold=31.383250000000004 2.0000000000000013 15.950000000000001 10.950000000000001 10.250000000000002 21.450000000000003 21.850000000000005 16.750000000000004 16.079350000000005 9.4500000000000011 5.9500000000000011 11.15 15.483333333333336 10.15
decision_type=2 2 2 2 2 2 2 2 2 2 2 2 2 2
left_child=4 -2 -3 -4 5 6 8 -6 9 10 -1 -10 -13 -11
right_child=1 2 3 -5 7 -7 -8 -9 11 13 -12 12 -14 -15
leaf_value=-0.0035700243003666402 0.0034525340722867913 -0.0015595398699006643 0.0059793461136481109 -0.00037703272575899648 -0.00056295318175609503 0.004036244661359655 -0.0085007570218294855 0.0047722599004786891 0.00086570001721218834 0.0018350665660342433 0.00836745958729046 -0.0018851193574654136 0.0029711896066591907 -0.0039164392889307984
leaf_weight=25 79 1423 60 166 2494 211 34 88 2265 379 141 969 196 110
leaf_count=25 79 1423 60 166 2494 211 34 88 2265 379 141 969 196 110
internal_value=-4.92104e-12 -0.000955036 -0.00116619 0.0013105 0.000238759 0.000608394 0.000432799 -0.000381118 0.000507155 0.00206907 0.00656965 0.000208887 -0.00106809 0.000541272
internal_weight=8640 1728 1649 226 6912 4330 4119 2582 4085 655 166 3430 1165 489
internal_count=8640 1728 1649 226 6912 4330 4119 2582 4085 655 166 3430 1165 489
is_linear=0
shrinkage=0.05


Tree=40
num_leaves=15
num_cat=0
split_feature=7 5 1 5 3 4 2 3 7 4 1 4 3 5
split_gain=0.735292 1.02629 1.03361 0.84212 1.29082 1.21521 0.904474 0.885928 0.788694 0.924098 1.80681 1.81173 1.29129 1.57588
threshold=2.3823420404806472 15.65 31.383250000000004 5.7500000000000009 2.3500000000000001 5.6500000000000012 77.393050000000017 6.3500000000000005 2.4740876804485592 16.950000000000003 16.079350000000005 9.2500000000000018 11.850000000000003 6.5500000000000007
decision_type=2 2 2 2 2 2 2 2 2 2 2 2 2 2
left_child=3 2 8 4 -1 6 -5 -8 -2 10 11 -10 -12 -14
right_child=1 -3 -4 5 -6 -7 7 -9 9 -11 12 -13 13 -15
leaf_value=0.0038399651773727023 -0.0043319387602553305 0.0019505094501275058 -0.0020046086729198888 -0.00067451986937950821 -0.00060984611603197725 0.001074482194793067 0.0045896544001366507 0.013695020397955721 -0.0042298257435923296 -0.00066573559656171299 -0.0010150596532887191 0.0049409207574002741 0.0087255524213833268 0.00060521960293013859
leaf_weight=185 112 462 948 39 1369 1011 68 44 63 2673 979 371 80 236
leaf_count=185 112 462 948 39 1369 1011 68 44 63 2673 979 371 80 236
internal_value=-2.81249e-13 -0.000312321 -0.000503721 0.000681218 -8.01067e-05 0.00169937 0.00588325 0.00816676 -0.000188514 -8.30932e-05 0.000817661 0.00360968 -0.000118044 0.002661
internal_weight=8640 5924 5462 2716 1554 1162 151 112 4514 4402 1729 434 1295 316
internal_count=8640 5924 5462 2716 1554 1162 151 112 4514 4402 1729 434 1295 316
is_linear=0
shrinkage=0.05


Tree=41
num_leaves=15
num_cat=0
split_feature=7 3 5 1 3 6 5 4 3 5 5 4 4 2
split_gain=0.663601 0.957256 1.29985 1.06468 2.26347 1.63355 1.31577 1.07025 1.57977 0.760013 1.24886 1.09672 0.892805 0.816288
threshold=2.3823420404806472 14.250000000000002 4.3500000000000005 16.079350000000005 11.050000000000002 12.150000000000004 12.250000000000002 14.550000000000002 10.750000000000002 5.7500000000000009 2.0500000000000003 5.6500000000000012 2.5500000000000003 77.393050000000017
decision_type=2 2 2 2 2 2 2 2 2 2 2 2 2 2
left_child=9 3 -3 4 5 -2 7 8 -5 10 12 13 -1 -11
right_child=1 2 -4 6 -6 -7 -8 -9 -10 11 -12 -13 -14 -15
leaf_value=-0.0023672111756500923 0.0053341745578572896 0.0097950417147091556 0.00045164381653021025 -0.0014274322989191116 -0.0016739737524516058 -0.00011822597478472051 0.0014076860511172194 -0.0030249811744303984 0.0035363311480937736 -0.00064079399960927476 -0.00069228687174926432 0.0010207581442502019 0.0048121529745903478 0.007758424155846504
leaf_weight=56 302 38 1823 1464 550 252 410 905 180 39 1307 1011 191 112
leaf_count=56 302 38 1823 1464 550 252 410 905 180 39 1307 1011 191 112
internal_value=-1.96167e-12 -0.000296705 0.000642428 -0.000726861 0.000598227 0.00285402 -0.00122125 -0.00164411 -0.000883955 0.000647157 -7.61014e-05 0.00161441 0.00318444 0.00558909
internal_weight=8640 5924 1861 4063 1104 554 2959 2549 1644 2716 1554 1162 247 151
internal_count=8640 5924 1861 4063 1104 554 2959 2549 1644 2716 1554 1162 247 151
is_linear=0
shrinkage=0.05


Tree=42
num_leaves=15
num_cat=0
split_feature=1 3 5 0 5 3 4 4 8 4 5 8 3 3
split_gain=0.620839 0.570188 0.625053 0.59235 0.829749 1.33162 1.24285 1.0124 1.00969 0.939273 0.959075 1.20357 1.1088 1.01389
threshold=31.383250000000004 2.8500000000000001 2.4500000000000006 36.000000000000007 14.350000000000003 22.450000000000003 19.550000000000004 24.050000000000004 18.050000000000004 15.350000000000003 5.4500000000000011 5.8833333333333337 5.2500000000000009 5.7500000000000009
decision_type=2 2 2 2 2 2 2 2 2 2 2 2 2 2
left_child=1 2 -1 -3 9 6 -6 -7 -8 10 -5 12 -12 -13
right_child=-2 3 -4 4 5 7 8 -9 -10 -11 11 13 -14 -15
leaf_value=0.0049719697991285226 -0.00084768135935409767 -0.00056650496406994942 0.00060852119023710937 -0.00010047633840883084 -0.0014890768880940091 -0.0080071586081985301 0.015241300960381827 0.0018358399739049167 0.0052200347288031013 -0.00054566417707792607 0.0026327147614210846 -0.002915890573805899 0.015941188359183484 0.0022042273246582816
leaf_weight=127 1728 2185 232 1021 59 41 30 72 155 1962 34 109 29 856
leaf_count=127 1728 2185 232 1021 59 41 30 72 155 1962 34 109 29 856
internal_value=2.36759e-12 0.00021192 0.00215214 0.000105627 0.000441847 0.00275175 0.00482987 -0.00173551 0.0068451 0.000236254 0.000984972 0.00206303 0.00875884 0.00162589
internal_weight=8640 6912 359 6553 4368 357 244 113 185 4011 2049 1028 63 965
internal_count=8640 6912 359 6553 4368 357 244 113 185 4011 2049 1028 63 965
is_linear=0
shrinkage=0.05


Tree=43
num_leaves=15
num_cat=0
split_feature=5 7 1 4 5 7 5 4 8 2 7 4 1 4
split_gain=0.566614 0.79492 0.831895 0.743623 0.983219 0.941791 0.866715 0.957202 0.885873 0.76781 0.719871 0.799098 1.50287 1.61755
threshold=15.65 2.3823420404806472 31.383250000000004 2.1500000000000008 2.0500000000000003 1.5666647001726597 5.4500000000000011 5.6500000000000012 2.7333333333333338 77.393050000000017 2.4740876804485592 16.950000000000003 16.079350000000005 7.8500000000000005
decision_type=2 2 2 2 2 2 2 2 2 2 2 2 2 2
left_child=1 3 10 5 -5 -1 8 9 -6 -8 -3 12 13 -12
right_child=-2 2 -4 4 6 -7 7 -9 -10 -11 11 -13 -14 -15
leaf_value=-0.0062521812362955455 0.0015775732464595076 -0.0041241579913600746 -0.0017949173092976691 0.0041229315581457577 0.0072461693751392888 0.0028649739157625064 -0.00078988819233407931 0.00088666245485573649 -0.0007231848382341779 0.0070649817043643764 -0.0062610792927443983 -0.00060672778485553348 -8.068392633946576e-05 0.0042916808398954604
leaf_weight=83 534 112 948 204 36 43 42 1004 1112 120 40 2673 1295 394
leaf_count=83 534 112 948 204 36 43 42 1004 1112 120 40 2673 1295 394
internal_value=-1.49097e-11 -0.000103926 -0.000448421 0.000607736 0.00079531 -0.00314077 0.00050195 0.00146212 -0.000473275 0.00502853 -0.000165639 -6.49228e-05 0.000772697 0.00331908
internal_weight=8640 8106 5462 2644 2518 126 2314 1166 1148 162 4514 4402 1729 434
internal_count=8640 8106 5462 2644 2518 126 2314 1166 1148 162 4514 4402 1729 434
is_linear=0
shrinkage=0.05


Tree=44
num_leaves=15
num_cat=0
split_feature=4 8 3 2 7 4 3 4 5 2 3 3 5 4
split_gain=0.521131 0.779105 0.786644 1.58509 1.33835 1.16631 1.3179 0.971468 1.02833 1.19718 0.858854 0.764404 1.59881 0.758105
threshold=1.3500000000000003 3.0166666666666671 6.3500000000000005 77.393050000000017 3.137585746881967 6.4500000000000011 5.8500000000000005 15.350000000000003 11.350000000000003 77.393050000000017 3.7500000000000004 18.950000000000003 14.850000000000003 2.8500000000000001
decision_type=2 2 2 2 2 2 2 2 2 2 2 2 2 2
left_child=-1 13 3 4 5 -3 -7 -4 -9 11 -6 12 -10 -2
right_child=1 2 7 -5 10 6 -8 8 9 -11 -12 -13 -14 -15
leaf_value=-0.0044259464458181437 -0.00031968070680715065 0.00052655839309992912 0.0010465247036554983 -0.0013095116992089333 0.0035890834281024965 0.012127846807121196 -0.0022974787652492524 -0.00093305155013615544 0.0014036940326870055 -0.0035788838116542453 -0.0023853373639967021 0.00015286355059877576 0.0082214065521300124 0.0058746332936156706
leaf_weight=66 89 67 2428 2168 95 76 20 2124 422 134 164 568 108 111
leaf_count=66 89 67 2428 2168 95 76 20 2124 422 134 164 568 108 111
internal_value=2.21221e-12 3.40696e-05 -3.95892e-05 -0.000763787 0.00203984 0.00558924 0.00912257 0.000284697 -0.00026647 0.000882733 -0.000193947 0.00142723 0.00279296 0.00311816
internal_weight=8640 8574 8374 2590 422 163 96 5784 3356 1232 259 1098 530 200
internal_count=8640 8574 8374 2590 422 163 96 5784 3356 1232 259 1098 530 200
is_linear=0
shrinkage=0.05


Tree=45
num_leaves=15
num_cat=0
split_feature=5 7 1 7 4 4 4 5 7 4 2 3 5 6
split_gain=0.484032 0.676619 0.701006 0.667732 0.688074 0.626416 0.906985 0.984771 0.848733 0.789122 0.73595 0.93473 0.705929 0.61581
threshold=15.65 2.3823420404806472 31.383250000000004 2.4740876804485592 13.850000000000003 2.1500000000000008 4.5500000000000007 7.0500000000000007 1.5666647001726597 8.1500000000000004 77.393050000000017 4.5500000000000007 2.2500000000000004 2.2000000000000011
decision_type=2 2 2 2 2 2 2 2 2 2 2 2 2 2
left_child=1 5 3 -3 -5 8 12 10 13 -9 11 -8 -7 -1
right_child=-2 2 -4 4 -6 6 7 9 -10 -11 -12 -13 -14 -15
leaf_value=-0.0011468923816114272 0.0014580847683970028 -0.0039667692528122904 -0.0016499209595109924 0.001078807293703538 -0.00040125720165750626 0.0055863568082230386 0.010352371784877808 0.0042931724030025415 0.0028214000595928454 0.00067386563467723226 -0.0011221747869413045 0.00073942977078953148 0.0014574826110775273 -0.0097912820097472934
leaf_weight=38 534 112 948 1023 3379 143 30 209 43 539 1061 161 375 45
leaf_count=38 534 112 948 1023 3379 143 30 209 43 539 1061 161 375 45
internal_value=-8.23837e-12 -9.60544e-05 -0.000413883 -0.000154299 -5.72986e-05 0.00056052 0.000732678 0.000249739 -0.00287992 0.00168514 -0.000607834 0.00224932 0.00259731 -0.00583361
internal_weight=8640 8106 5462 4514 4402 2644 2518 2000 126 748 1252 191 518 83
internal_count=8640 8106 5462 4514 4402 2644 2518 2000 126 748 1252 191 518 83
is_linear=0
shrinkage=0.05


Tree=46
num_leaves=15
num_cat=0
split_feature=3 2 4 3 7 4 4 3 4 3 1 3 5 1
split_gain=0.452018 0.808942 1.31334 1.2843 1.29773 1.53577 1.08297 0.820706 0.770574 0.918583 0.901074 1.58338 1.09964 0.938374
threshold=6.5500000000000007 77.393050000000017 5.4500000000000011 5.8500000000000005 3.137585746881967 6.4500000000000011 2.1500000000000008 1.9500000000000002 15.350000000000003 14.65 16.079350000000005 8.8500000000000032 11.450000000000001 22.610250000000004
decision_type=2 2 2 2 2 2 2 2 2 2 2 2 2 2
left_child=1 3 6 4 5 -1 -3 -8 -2 10 11 -10 -12 -14
right_child=8 2 -4 -5 -6 -7 7 -9 9 -11 12 -13 13 -15
leaf_value=0.00069569891556360141 0.00095551282678613386 -0.0034109722205229905 -0.0015965188979494402 -0.0036035228127877066 0.00046791707255616283 0.011396585472883951 0.0060368927220176708 0.00098510225360844031 0.0055481956540780518 0.00061282064333752424 -0.0032714204911959196 -0.00076089795867599239 0.0034091407406287126 -0.0046509058903902775
leaf_weight=60 2345 121 1762 99 221 76 95 523 114 1648 617 779 130 50
leaf_count=60 2345 121 1762 99 221 76 95 523 114 1648 617 779 130 50
internal_value=5.58854e-12 -0.000501365 -0.00085449 0.0014354 0.00283275 0.00667561 0.00091473 0.00176167 0.000260872 -0.000227124 -0.00104619 4.45182e-05 -0.00226829 0.00117024
internal_weight=8640 2957 2501 456 357 136 739 618 5683 3338 1690 893 797 180
internal_count=8640 2957 2501 456 357 136 739 618 5683 3338 1690 893 797 180
is_linear=0
shrinkage=0.05


Tree=47
num_leaves=15
num_cat=0
split_feature=5 6 5 5 1 4 5 6 3 2 7 7 8 8
split_gain=0.439103 0.577416 0.739438 1.15055 0.54744 0.583318 1.52232 0.809142 0.69413 1.06931 0.801203 1.4979 0.681901 0.690342
threshold=15.65 7.2500000000000018 6.1500000000000012 2.2500000000000004 31.383250000000004 13.350000000000003 9.1500000000000004 8.5500000000000025 8.4500000000000011 86.003450000000015 3.2116107635207718 3.4658652586296932 11.15 8.3166666666666682
decision_type=2 2 2 2 2 2 2 2 2 2 2 2 2 2
left_child=1 2 3 -1 5 6 8 -8 9 -3 -10 -12 13 -13
right_child=-2 4 -4 -5 -6 -7 7 -9 10 -11 11 12 -14 -15
leaf_value=0.0022489602854975578 0.0013887650000721946 0.0022975232934135353 0.0012254615416857947 -0.0007396275675455201 -0.0018386866071833262 -0.00049889771914319464 0.001005649274835984 -0.0096434137783944617 -0.0028372349265294201 -0.0071169824339449407 0.012427632196032882 0.0054554192292002538 0.0087580179213546227 -0.0012037042158742235
leaf_weight=391 534 107 1498 1826 634 3241 30 44 39 42 52 65 40 97
leaf_count=391 534 107 1498 1826 634 3241 30 44 39 42 52 65 40 97
internal_value=-1.37561e-12 -9.14879e-05 0.000367301 -0.000212547 -0.000479646 -0.000250306 0.0013111 -0.00532623 0.00242233 -0.00035623 0.00383532 0.00485984 0.0029117 0.00146817
internal_weight=8640 8106 3715 2217 4391 3757 516 74 442 149 293 254 202 162
internal_count=8640 8106 3715 2217 4391 3757 516 74 442 149 293 254 202 162
is_linear=0
shrinkage=0.05


Tree=48
num_leaves=15
num_cat=0
split_feature=4 8 4 3 2 4 4 4 8 6 7 8 4 4
split_gain=0.41062 0.591545 0.619281 0.596658 1.20069 1.05483 0.775435 0.766666 0.754135 0.63353 0.632763 1.34664 0.650811 0.673603
threshold=1.3500000000000003 3.0166666666666671 2.8500000000000001 6.3500000000000005 77.393050000000017 12.950000000000001 5.7500000000000009 9.4500000000000011 4.116666666666668 17.850000000000005 8.4601679504210257 15.183333333333335 5.7500000000000009 2.1500000000000008
decision_type=2 2 2 2 2 2 2 2 2 2 2 2 2 2
left_child=-1 2 -2 4 5 6 -3 -8 -5 -10 12 -12 13 -6
right_child=1 3 -4 8 10 -7 7 -9 9 -11 11 -13 -14 -15
leaf_value=-0.0039287363235471833 -0.00038958451687096714 -0.0012247480417028312 0.0052089251489756076 0.009488135988464241 -0.006881002403820129 -0.0010001199813337908 0.0091701572315154092 0.0026025533220987557 0.0003269463076733724 -0.0022034611708544034 0.014125360654933111 -0.0017271854235111055 -0.0017802161469360007 0.00072177375846005202
leaf_weight=66 89 54 111 22 31 189 82 97 5503 259 21 37 1595 484
leaf_count=66 89 54 111 22 31 189 82 97 5503 259 21 37 1595 484
internal_value=3.42627e-12 3.02422e-05 0.00271759 -3.39409e-05 -0.000664652 0.00177545 0.00402688 0.00561118 0.000248483 0.000213205 -0.00113962 0.00401253 -0.00128124 0.000264131
internal_weight=8640 8574 200 8374 2590 422 233 179 5784 5762 2168 58 2110 515
internal_count=8640 8574 200 8374 2590 422 233 179 5784 5762 2168 58 2110 515
is_linear=0
shrinkage=0.05


Tree=49
num_leaves=15
num_cat=0
split_feature=5 7 7 5 3 4 6 5 3 8 2 3 1 4
split_gain=0.390132 0.508313 0.552165 0.529618 0.914018 0.834457 0.75075 0.833389 0.727421 0.715427 0.682497 0.763048 0.502261 0.549303
threshold=15.65 2.3823420404806472 2.4740876804485592 5.7500000000000009 2.3500000000000001 5.6500000000000012 4.8500000000000014 1.7000000000000004 5.7500000000000009 6.9500000000000002 77.393050000000017 6.3500000000000005 31.383250000000004 16.950000000000003
decision_type=2 2 2 2 2 2 2 2 2 2 2 2 2 2
left_child=1 3 -3 4 -1 10 -6 -8 -9 -10 -5 -12 13 -4
right_child=-2 2 12 5 6 -7 7 8 9 -11 11 -13 -14 -15
leaf_value=0.0031888472502327502 0.0013090357758829237 -0.0034059460005915632 0.00063733263549576973 -0.00091882904943747399 -0.001063761366435756 0.00077303153030350291 0.010729296877980233 -0.002862180823560905 0.0064633857622440607 -0.0015876423863863402 0.0034415035215822759 0.01189184422520074 -0.0013445928552355923 -0.00050634614160837625
leaf_weight=185 534 145 1729 39 1152 939 25 74 74 44 68 44 915 2673
leaf_count=185 534 145 1729 39 1152 939 25 74 74 44 68 44 915 2673
internal_value=-1.05074e-12 -8.62355e-05 -0.000361714 0.00048285 -0.000109814 0.0013278 -0.000555579 0.00214224 0.00102413 0.00346131 0.00477768 0.00676128 -0.000278694 -5.71366e-05
internal_weight=8640 8106 5462 2644 1554 1090 1369 217 192 118 151 112 5317 4402
internal_count=8640 8106 5462 2644 1554 1090 1369 217 192 118 151 112 5317 4402
is_linear=0
shrinkage=0.05


Tree=50
num_leaves=15
num_cat=0
split_feature=0 3 8 3 7 5 4 8 4 8 7 5 4 8
split_gain=0.377872 0.606007 1.27746 0.900899 0.881512 0.539585 0.758386 0.607813 0.494005 1.31019 0.492709 0.480327 0.735972 1.30901
threshold=36.000000000000007 21.150000000000002 20.816666666666674 23.850000000000005 6.7058846278328188 11.750000000000002 23.750000000000004 22.100000000000005 2.5500000000000003 3.350000000000001 5.2762570057631306 14.250000000000002 19.550000000000004 18.050000000000004
decision_type=2 2 2 2 2 2 2 2 2 2 2 2 2 2
left_child=1 2 8 4 5 -3 -7 -8 -1 -10 -5 -2 -13 -14
right_child=11 3 -4 10 -6 6 7 -9 9 -11 -12 12 13 -15
leaf_value=-0.0042104883906590243 8.5463204076694296e-05 0.01373137556137922 -0.0095296145010797789 -0.0069802532034615675 -0.0042556530335873723 -0.0023226750772058343 0.013318211851375446 0.0019056900590658189 0.006663574355479796 -0.00058149720633681129 0.0012920967862010003 -0.00041672093035612995 0.012368040611036121 0.0020951712155853302
leaf_weight=88 5210 23 40 30 21 24 28 20 64 2497 45 243 35 272
leaf_count=88 5210 23 40 30 21 24 28 20 64 2497 45 243 35 272
internal_value=-1.16395e-12 -0.000467628 -0.000660929 0.00225377 0.00501493 0.00706422 0.00493444 0.00856299 -0.000527011 -0.000400441 -0.00201684 0.000233814 0.0016391 0.00326635
internal_weight=8640 2880 2689 191 116 95 72 48 2649 2561 75 5760 550 307
internal_count=8640 2880 2689 191 116 95 72 48 2649 2561 75 5760 550 307
is_linear=0
shrinkage=0.05


Tree=51
num_leaves=15
num_cat=0
split_feature=4 8 4 3 2 7 4 3 3 8 0 4 6 4
split_gain=0.360893 0.505439 0.986086 0.449436 1.00963 0.970144 0.894463 1.04723 0.733091 0.660809 0.642899 0.579504 0.653657 0.64277
threshold=1.3500000000000003 2.7333333333333338 3.1500000000000008 6.3500000000000005 77.393050000000017 3.137585746881967 6.4500000000000011 5.8500000000000005 3.7500000000000004 4.116666666666668 60.000000000000007 5.4500000000000011 14.350000000000003 2.1500000000000008
decision_type=2 2 2 2 2 2 2 2 2 2 2 2 2 2
left_child=-1 2 -2 4 5 6 -3 10 -7 -5 -8 13 -13 -6
right_child=1 3 -4 9 11 8 7 -9 -10 -11 -12 12 -14 -15
leaf_value=-0.0036831754132766619 -0.00011509027784032858 0.00027366708199590893 0.0089100936328635576 0.0088767207587476492 -0.0059982636141487295 0.0032785527664236725 0.013415752633267809 -0.0023784367553889752 -0.0022411423266464957 0.00019463652417461066 0.0032757083038714805 -0.0017145439431525606 0.0019747008878486945 0.00091962115055245009
leaf_weight=66 85 67 47 22 36 95 54 20 164 5762 22 1571 130 499
leaf_count=66 85 67 47 22 36 95 54 20 164 5762 22 1571 130 499
internal_value=6.83915e-12 2.8352e-05 0.00309842 -1.9652e-05 -0.00055782 0.0016853 0.00470726 0.00780154 -0.000216544 0.00022766 0.0104805 -0.000981165 -0.00143259 0.000454119
internal_weight=8640 8574 132 8442 2658 422 163 96 259 5784 76 2236 1701 535
internal_count=8640 8574 132 8442 2658 422 163 96 259 5784 76 2236 1701 535
is_linear=0
shrinkage=0.05


Tree=52
num_leaves=15
num_cat=0
split_feature=5 4 2 3 2 3 7 4 0 6 6 4 8 4
split_gain=0.344944 0.662609 0.891892 0.506969 0.632551 0.94495 0.830897 1.04525 0.71416 0.566253 0.524031 0.499452 0.828228 0.504903
threshold=2.2500000000000004 8.4500000000000011 77.393050000000017 6.5500000000000007 77.393050000000017 6.0500000000000007 3.137585746881967 6.8500000000000005 60.000000000000007 17.350000000000005 6.8500000000000014 5.4500000000000011 4.3833333333333346 2.1500000000000008
decision_type=2 2 2 2 2 2 2 2 2 2 2 2 2 2
left_child=1 2 -1 4 5 6 7 -2 -9 -5 -7 13 -13 -6
right_child=3 -3 -4 9 11 10 -8 8 -10 -11 -12 12 -14 -15
leaf_value=0.011271030860594833 0.00067597776668502354 -0.0010755457164718528 0.0017044014894618299 0.00029852999696852462 -0.0035218421781125172 -0.0093462274859434577 7.600603949434626e-05 0.01243414383677121 0.0015092369612483751 -0.0018841352497064878 -0.0004214971084270235 -0.0060003773640346482 -0.001201881136580996 0.00090651929141784488
leaf_weight=26 68 223 387 5244 75 29 191 52 21 315 38 96 1421 454
leaf_count=26 68 223 387 5244 75 29 191 52 21 315 38 96 1421 454
internal_value=7.81822e-12 0.00112076 0.00230666 -8.90559e-05 -0.000689077 0.00113207 0.00222516 0.00513643 0.00929136 0.00017485 -0.00428444 -0.00104423 -0.00150554 0.00027868
internal_weight=8640 636 413 8004 2445 399 332 141 73 5559 67 2046 1517 529
internal_count=8640 636 413 8004 2445 399 332 141 73 5559 67 2046 1517 529
is_linear=0
shrinkage=0.05


Tree=53
num_leaves=15
num_cat=0
split_feature=0 3 8 3 7 5 4 8 7 4 3 4 8 8
split_gain=0.342177 0.541563 1.15597 0.811725 0.788178 0.486975 0.684443 0.548551 0.447418 0.444453 0.78094 0.447556 1.08547 0.435504
threshold=36.000000000000007 21.150000000000002 20.816666666666674 23.850000000000005 6.7058846278328188 11.750000000000002 23.750000000000004 22.100000000000005 5.2762570057631306 23.350000000000005 19.350000000000005 2.5500000000000003 3.350000000000001 18.716666666666672
decision_type=2 2 2 2 2 2 2 2 2 2 2 2 2 2
left_child=1 2 9 4 5 -3 -7 -8 -5 10 11 -1 -13 -2
right_child=13 3 -4 8 -6 6 7 -9 -10 -11 -12 12 -14 -15
leaf_value=-0.0038946859637772752 9.3808250356128332e-05 0.013020148318584846 -0.0090641505067469551 -0.0066558988578617577 -0.0040174857138134982 -0.0022311996241721017 0.012627643027475903 0.0017857474088668825 0.0012270855406920115 -0.0024719509981300093 0.0072360744001343852 0.0061586849195009565 -0.00044674852370119381 0.0016913215311119688
leaf_weight=88 5296 23 40 30 21 24 28 20 45 258 34 64 2205 464
leaf_count=88 5296 23 40 30 21 24 28 20 45 258 34 64 2205 464
internal_value=7.90658e-12 -0.000444994 -0.000627728 0.00212763 0.00474859 0.00668635 0.00466306 0.00811019 -0.00192611 -0.000500337 -0.000287591 -0.000396121 -0.000260434 0.000222497
internal_weight=8640 2880 2689 191 116 95 72 48 75 2649 2391 2357 2269 5760
internal_count=8640 2880 2689 191 116 95 72 48 75 2649 2391 2357 2269 5760
is_linear=0
shrinkage=0.05


Tree=54
num_leaves=15
num_cat=0
split_feature=5 6 5 5 7 7 3 8 4 8 8 0 3 4
split_gain=0.335867 0.462484 0.662423 0.851022 0.48142 0.835782 0.587464 0.492489 0.445476 0.848356 0.814944 0.6328 0.991269 0.57175
threshold=15.65 7.1500000000000021 6.1500000000000012 2.2500000000000004 3.097667692644388 2.9024892520491368 12.350000000000003 16.616666666666671 22.850000000000005 19.283333333333339 20.950000000000006 36.000000000000007 21.550000000000004 27.250000000000004
decision_type=2 2 2 2 2 2 2 2 2 2 2 2 2 2
left_child=1 2 3 -1 5 7 -7 -4 9 -2 -10 12 -12 -13
right_child=8 -3 4 -5 -6 6 -8 -9 10 -11 11 13 -14 -15
leaf_value=0.0019258976487435576 0.0010994209012596271 -0.00042157148765913864 0.00088784123196102883 -0.00066599445062800328 -0.0054501077561225327 0.0027126503012947401 0.011699017164327447 0.0087925257347524176 0.0094503328221617264 -0.0062200192827731376 -0.0092767173191532493 -0.0026232321824257573 0.0023921866686298296 0.0069032513743473431
leaf_weight=384 284 4459 1334 1807 27 44 31 20 40 46 28 21 52 63
leaf_count=384 284 4459 1334 1807 27 44 31 20 40 46 28 21 52 63
internal_value=-4.64704e-12 -8.00136e-05 0.000337592 -0.000211733 0.00116422 0.00128919 0.00642702 0.0010046 0.00121459 7.91353e-05 0.00305135 0.00149063 -0.00169193 0.00452163
internal_weight=8640 8106 3647 2191 1456 1429 75 1354 534 330 204 164 80 84
internal_count=8640 8106 3647 2191 1456 1429 75 1354 534 330 204 164 80 84
is_linear=0
shrinkage=0.05


Tree=55
num_leaves=15
num_cat=0
split_feature=7 3 4 3 3 1 8 4 7 4 8 4 1 7
split_gain=0.313883 0.707491 0.585533 0.553336 0.640502 1.41861 1.13518 0.996204 1.00291 0.543873 0.484126 1.06724 1.01271 0.481394
threshold=1.3984097660274213 1.9500000000000002 3.1500000000000008 7.0500000000000007 7.9500000000000011 16.079350000000005 9.4500000000000028 9.7500000000000018 1.922382780706162 2.3500000000000001 10.650000000000002 10.250000000000002 22.610250000000004 1.3727504468431067
decision_type=2 2 2 2 2 2 2 2 2 2 2 2 2 2
left_child=1 2 -1 10 5 6 -5 8 -7 -3 -2 -12 -13 -11
right_child=3 9 -4 4 -6 7 -8 -9 -10 13 11 12 -14 -15
leaf_value=0.00098285680104579247 -0.00099244434466714735 -0.0037939530364434482 0.010065022459699929 0.017752486305392307 1.3609722576946212e-05 -0.0014643780059284636 0.0040452497099811979 -0.0017897134801993769 0.0072295931129997895 0.00053603101831772892 0.012127657454194767 0.009244312792517511 -0.00091480826338720183 0.0066699768727024392
leaf_weight=35 2135 71 36 23 4661 54 44 174 86 1041 21 28 198 33
leaf_count=35 2135 71 36 23 4661 54 44 174 86 1041 21 28 198 33
internal_value=5.74274e-12 0.000744644 0.0055879 -0.000121968 0.000174731 0.00214582 0.00875072 0.000736492 0.0038762 0.00044432 -0.000749991 0.00134571 0.000343844 0.000724504
internal_weight=8640 1216 71 7424 5042 381 67 314 140 1145 2382 247 226 1074
internal_count=8640 1216 71 7424 5042 381 67 314 140 1145 2382 247 226 1074
is_linear=0
shrinkage=0.05


Tree=56
num_leaves=15
num_cat=0
split_feature=0 3 8 3 7 5 4 8 3 4 3 4 8 8
split_gain=0.298905 0.484997 0.966449 0.742294 0.706619 0.441344 0.602688 0.495979 0.428877 0.401534 0.702205 0.393934 0.94455 0.375657
threshold=36.000000000000007 21.150000000000002 20.816666666666674 23.850000000000005 6.7058846278328188 11.750000000000002 23.750000000000004 22.100000000000005 24.750000000000004 23.350000000000005 19.350000000000005 2.5500000000000003 3.350000000000001 18.716666666666672
decision_type=2 2 2 2 2 2 2 2 2 2 2 2 2 2
left_child=1 2 9 4 5 -3 -7 -8 -5 10 11 -1 -13 -2
right_child=13 3 -4 8 -6 6 7 -9 -10 -11 -12 12 -14 -15
leaf_value=-0.0036553508710560644 8.8433182632135786e-05 0.012389538939232413 -0.0083027526413206945 -0.0081279005855321891 -0.0037751296734703441 -0.0020357917256963749 0.011963858615074839 0.0016545834392309188 0.00042218932035294454 -0.0023463543194035693 0.0068641780793019707 0.0057422136048444379 -0.0004195541377199981 0.0015721262800196139
leaf_weight=88 5296 23 40 20 21 24 28 20 55 258 34 64 2205 464
leaf_count=88 5296 23 40 20 21 24 28 20 55 258 34 64 2205 464
internal_value=-3.92026e-12 -0.000415906 -0.000588834 0.00201866 0.00452502 0.00635979 0.00443362 0.00766833 -0.00185783 -0.000472353 -0.00027014 -0.000373053 -0.000245754 0.000207953
internal_weight=8640 2880 2689 191 116 95 72 48 75 2649 2391 2357 2269 5760
internal_count=8640 2880 2689 191 116 95 72 48 75 2649 2391 2357 2269 5760
is_linear=0
shrinkage=0.05


Tree=57
num_leaves=15
num_cat=0
split_feature=5 4 3 8 0 3 4 4 6 5 5 7 7 3
split_gain=0.292066 0.40791 0.775589 0.726342 0.539693 0.82114 0.516146 0.512794 0.407416 0.602303 0.754608 0.434246 0.749551 0.528888
threshold=15.65 22.850000000000005 22.750000000000004 20.950000000000006 36.000000000000007 21.950000000000003 27.250000000000004 10.950000000000001 7.1500000000000021 6.1500000000000012 2.2500000000000004 3.097667692644388 2.9024892520491368 12.350000000000003
decision_type=2 2 2 2 2 2 2 2 2 2 2 2 2 2
left_child=8 2 7 -3 5 -5 -6 -2 9 10 -1 12 -11 -14
right_child=1 3 -4 4 6 -7 -8 -9 -10 11 -12 -13 13 -15
leaf_value=0.0018064407049905641 0.0048666555332840568 0.0089313614724960654 -0.0080741299152443258 -0.0080620191209406274 -0.0025726010191387365 0.0024015056490898131 0.0064788019609829731 -0.00026302203255338009 -0.00039519309011490925 0.00095474779216983281 -0.00063421885606315936 -0.0051763427892216936 0.0025655010492879561 0.011092087965939315
leaf_weight=384 61 40 27 30 21 50 63 242 4459 1354 1807 27 44 31
leaf_count=384 61 40 27 30 21 50 63 242 4459 1354 1807 27 44 31
internal_value=1.75886e-12 0.00113263 4.61004e-05 0.00289024 0.0014168 -0.00152232 0.00421595 0.000769685 -7.46141e-05 0.000317341 -0.000206463 0.00110557 0.00122426 0.00608982
internal_weight=8640 534 330 204 164 80 84 303 8106 3647 2191 1456 1429 75
internal_count=8640 534 330 204 164 80 84 303 8106 3647 2191 1456 1429 75
is_linear=0
shrinkage=0.05


Tree=58
num_leaves=15
num_cat=0
split_feature=4 6 8 4 3 2 6 4 8 3 0 5 8 4
split_gain=0.286002 0.412221 0.375573 0.789437 0.331693 1.06202 0.820987 0.82835 0.778278 0.642895 0.534897 0.512931 0.555174 0.51854
threshold=1.3500000000000003 3.8500000000000001 2.7333333333333338 3.1500000000000008 6.1500000000000012 77.393050000000017 7.2500000000000018 6.4500000000000011 4.116666666666668 3.7500000000000004 60.000000000000007 25.350000000000005 15.850000000000003 4.5500000000000007
decision_type=2 2 2 2 2 2 2 2 2 2 2 2 2 2
left_child=1 -1 3 -2 5 6 7 -4 -6 -8 -9 13 -13 -7
right_child=2 -3 4 -5 8 11 9 10 -10 -11 -12 12 -14 -15
leaf_value=-0.0071123513173969354 -0.00020361398134435363 0.00079430321347899739 0.00047740659122637503 0.0078716588540664045 0.0086600956196586296 0.00069950753820456277 0.0033263543298396162 0.010292289724748117 0.00015156607668127128 -0.0019340812458387138 0.0016676656678318979 0.010543285999447108 -0.00036385858631027599 -0.0013980693168738707
leaf_weight=34 85 32 66 47 27 354 94 64 5855 152 25 20 28 1757
leaf_count=34 85 32 66 47 27 354 94 64 5855 152 25 20 28 1757
internal_value=3.65204e-12 -0.00327882 2.52394e-05 0.00267167 -1.61405e-05 -0.000491211 0.00187183 0.00472198 0.000190623 7.60039e-05 0.00786964 -0.000930109 0.00418078 -0.00104632
internal_weight=8640 66 8574 132 8442 2560 401 155 5882 246 89 2159 48 2111
internal_count=8640 66 8574 132 8442 2560 401 155 5882 246 89 2159 48 2111
is_linear=0
shrinkage=0.05


Tree=59
num_leaves=15
num_cat=0
split_feature=4 2 8 1 8 3 8 4 2 3 1 3 3 4
split_gain=0.27485 1.59926 0.755846 0.687074 0.904066 0.8143 0.743488 0.758263 0.589922 0.618719 0.532652 2.47472 1.29852 0.947336
threshold=9.7500000000000018 86.003450000000015 11.516666666666667 22.610250000000004 7.9500000000000002 11.250000000000002 8.3833333333333346 4.3500000000000005 77.393050000000017 12.350000000000003 27.379200000000004 9.3500000000000032 18.050000000000004 18.850000000000005
decision_type=2 2 2 2 2 2 2 2 2 2 2 2 2 2
left_child=2 10 3 -1 5 -5 -6 -8 -9 -10 11 -2 13 -12
right_child=1 -3 -4 4 6 -7 7 8 9 -11 12 -13 -14 -15
leaf_value=-0.0030080718722504877 0.0041155637027852788 -0.0058928206024214252 0.0069663237309256611 1.8733996984648514e-06 0.0065367861132954765 0.0066465398356159965 -0.0074626706201921817 -0.00022074762787038495 0.0030147788904167222 0.012358586962694642 -0.00071320247180854505 -0.00017393445866623742 0.0026332997058768973 -0.004063238062385551
leaf_weight=150 380 121 43 2430 98 47 22 118 91 22 1697 2920 260 241
leaf_count=150 380 121 43 2430 98 47 22 118 91 22 1697 2920 260 241
internal_value=-2.15224e-12 -0.000206779 0.000384605 0.00028957 0.000464481 0.000127953 0.00283935 0.00140714 0.00225189 0.00483393 -8.16409e-05 0.000320008 -0.000684662 -0.0011298
internal_weight=8640 5619 3021 2978 2828 2477 351 253 231 113 5498 3300 2198 1938
internal_count=8640 5619 3021 2978 2828 2477 351 253 231 113 5498 3300 2198 1938
is_linear=0
shrinkage=0.05


Tree=60
num_leaves=15
num_cat=0
split_feature=0 3 8 3 7 7 5 4 8 4 8 6 4 8
split_gain=0.267511 0.417913 0.811942 0.685507 0.638957 0.395942 0.394108 0.543198 0.444045 0.375194 0.676595 0.542899 0.345098 0.824939
threshold=36.000000000000007 21.150000000000002 21.283333333333335 23.850000000000005 6.7058846278328188 5.2762570057631306 11.750000000000002 23.750000000000004 22.100000000000005 23.350000000000005 16.783333333333339 10.050000000000002 2.5500000000000003 3.350000000000001
decision_type=2 2 2 2 2 2 2 2 2 2 2 2 2 2
left_child=1 2 9 4 6 -5 -3 -8 -9 10 12 -12 -1 -14
right_child=-2 3 -4 5 -6 -7 7 8 -10 -11 11 -13 13 -15
leaf_value=-0.0034528934650800446 0.00019672926690519592 0.011717707801448263 -0.0081197594804689292 -0.0063081899626801418 -0.0036177124085259582 0.0011074680669440164 -0.0019422393704492909 0.011334930440144879 0.001580315884202719 -0.0022467074810417491 0.0097563615483735114 -0.00072564526150623965 0.0053342096442065669 -0.00042484837616826269
leaf_weight=88 5760 23 35 30 21 45 24 28 20 263 30 21 64 2188
leaf_count=88 5760 23 35 30 21 45 24 28 20 263 30 21 64 2188
internal_value=8.95287e-12 -0.000393459 -0.000553982 0.00186647 0.00427505 -0.0018588 0.00601977 0.00419959 0.00727051 -0.000454207 -0.000257039 0.00544024 -0.000381211 -0.000261181
internal_weight=8640 2880 2689 191 116 75 95 72 48 2654 2391 51 2340 2252
internal_count=8640 2880 2689 191 116 75 95 72 48 2654 2391 51 2340 2252
is_linear=0
shrinkage=0.05


Tree=61
num_leaves=15
num_cat=0
split_feature=7 3 5 8 4 4 3 4 2 4 5 3 1 3
split_gain=0.261781 0.60521 0.492096 0.598624 0.588527 0.47261 0.437488 0.577183 0.99248 1.57084 0.955338 0.791037 0.747354 1.02786
threshold=1.3984097660274213 1.9500000000000002 5.4500000000000011 6.3500000000000005 5.5500000000000007 3.1500000000000008 7.0500000000000007 15.350000000000003 77.393050000000017 4.7500000000000009 10.15 14.65 16.079350000000005 8.8500000000000032
decision_type=2 2 2 2 2 2 2 2 2 2 2 2 2 2
left_child=1 5 3 -3 -4 -1 -2 8 9 -8 -11 12 13 -9
right_child=6 2 4 -5 -6 -7 7 11 -10 10 -12 -13 -14 -15
leaf_value=0.0010223130083509854 -0.00066981071574853126 -0.00025357195523872749 0.006145792530341929 -0.0086516737175936064 0.00092172502052108036 0.0091818503582746635 -0.0072971918221030919 0.0047718358858761314 0.0018557006362284936 0.00095465732926664794 -0.0049758677972577417 0.00053854083100598343 -0.0021709290177384798 -0.00063693974889585917
leaf_weight=35 2382 598 61 22 464 36 77 99 1055 575 77 1623 757 779
leaf_count=35 2382 598 61 22 464 36 77 99 1055 575 77 1623 757 779
internal_value=9.44388e-12 0.00068004 0.000402272 -0.000551569 0.00152871 0.00515954 -0.000111386 0.000152432 0.000875374 -0.000543344 0.000254273 -0.000243433 -0.00101967 -2.70664e-05
internal_weight=8640 1216 1145 620 525 71 7424 5042 1784 729 652 3258 1635 878
internal_count=8640 1216 1145 620 525 71 7424 5042 1784 729 652 3258 1635 878
is_linear=0
shrinkage=0.05


Tree=62
num_leaves=15
num_cat=0
split_feature=5 4 3 6 3 4 4 4 0 4 3 5 5 7
split_gain=0.261254 0.379692 0.56571 0.395772 0.378059 0.548522 0.520657 0.503869 1.07242 0.466071 0.417415 0.3319 0.370205 0.324474
threshold=15.65 29.750000000000004 26.350000000000005 16.050000000000004 23.750000000000004 22.550000000000004 24.050000000000004 27.450000000000003 36.000000000000007 10.950000000000001 20.450000000000003 17.250000000000004 22.350000000000005 2.3823420404806472
decision_type=2 2 2 2 2 2 2 2 2 2 2 2 2 2
left_child=1 2 13 -3 5 9 -6 -7 -9 -2 -10 -11 -13 -1
right_child=4 3 -4 -5 6 7 -8 8 10 11 -12 12 -14 -15
leaf_value=0.00039659935968860938 0.0044023022429681702 -0.0089665411769048031 0.0079722863431511953 -0.0013501058177401624 -0.0087934505948353385 0.0077778177515414179 0.00022932273134199986 -0.0046959995408542461 0.0024073612997713295 0.0026211549866275163 0.012284003936219961 -0.003478744178285541 0.0010765702031286699 -0.00028045070853598722
leaf_weight=2644 61 23 22 66 21 59 67 36 23 64 20 106 77 5351
leaf_count=2644 61 23 22 66 21 59 67 36 23 64 20 106 77 5351
internal_value=2.99257e-12 -7.05687e-05 -3.45133e-05 -0.0033184 0.00107122 0.00166217 -0.00192384 0.00428177 0.0016708 0.000488453 0.00700115 -0.000478126 -0.00156203 -5.65457e-05
internal_weight=8640 8106 8017 89 534 446 88 138 79 308 43 247 183 7995
internal_count=8640 8106 8017 89 534 446 88 138 79 308 43 247 183 7995
is_linear=0
shrinkage=0.05


Tree=63
num_leaves=15
num_cat=0
split_feature=4 6 5 4 4 2 4 3 4 3 2 3 7 6
split_gain=0.252964 0.369345 0.315068 0.631687 0.536503 0.450245 0.959487 0.385921 0.32588 0.32073 0.555364 0.84528 0.711929 0.84557
threshold=1.3500000000000003 3.8500000000000001 2.2500000000000004 4.5500000000000007 3.1500000000000008 86.003450000000015 6.8500000000000005 2.8500000000000001 8.8500000000000032 6.5500000000000007 77.393050000000017 6.0500000000000007 3.137585746881967 6.3500000000000014
decision_type=2 2 2 2 2 2 2 2 2 2 2 2 2 2
left_child=1 -1 3 4 -2 6 -5 -7 -8 10 11 12 13 -4
right_child=2 -3 9 5 -6 7 8 -9 -10 -11 -12 -13 -14 -15
leaf_value=-0.0067123201867455955 0.00079499457402116788 0.0007718504493823275 0.0031467287160921844 0.01027020733946791 0.0059878829631511829 0.002053814966763769 0.0034183360258361602 -0.0040879794404425317 -0.00074226656878927674 0.00014830558835033034 -0.00087993562968513366 -0.0039539339097300124 0.00022476033768701947 0.013464780144083003
leaf_weight=34 98 32 115 26 101 35 61 95 206 5543 2012 67 191 24
leaf_count=34 98 32 115 26 101 35 61 95 206 5543 2012 67 191 24
internal_value=-5.27339e-13 -0.00308363 2.37368e-05 0.00110747 0.00343058 1.45684e-05 0.00110115 -0.00243442 0.000208283 -6.10322e-05 -0.000542709 0.00116636 0.00220593 0.00492826
internal_weight=8640 66 8574 622 199 423 293 130 267 7952 2409 397 330 139
internal_count=8640 66 8574 622 199 423 293 130 267 7952 2409 397 330 139
is_linear=0
shrinkage=0.05


Tree=64
num_leaves=15
num_cat=0
split_feature=5 3 4 1 4 4 2 5 8 3 3 8 3 3
split_gain=0.240414 0.900513 0.701212 1.27184 1.4369 1.05987 1.07483 0.943607 0.820419 0.726849 1.18039 0.71224 0.740066 0.61283
threshold=12.350000000000003 21.050000000000004 18.850000000000005 16.079350000000005 9.1500000000000004 9.7500000000000018 86.003450000000015 10.050000000000002 15.483333333333336 9.1500000000000004 5.9500000000000011 7.9500000000000002 11.250000000000002 23.750000000000004
decision_type=2 2 2 2 2 2 2 2 2 2 2 2 2 2
left_child=1 2 3 4 -1 11 8 9 -7 10 -6 12 -5 -2
right_child=13 -3 -4 5 7 6 -8 -9 -10 -11 -12 -13 -14 -15
leaf_value=-0.0033047488794244566 0.0010235757806319459 0.0041454586188965402 -0.0011664406438774183 -1.9219920620301279e-05 -0.0028599017610152562 -0.00094692942109658577 -0.0058069005163143518 -0.0028711682728802166 0.0083553240944941841 0.0023005496118422334 0.0080902336033598192 0.0026165049755440847 0.0063149690746944001 -0.0021081484669897084
leaf_weight=116 1182 122 1455 2445 30 1914 115 69 24 487 137 317 47 180
leaf_count=116 1182 122 1455 2445 30 1914 115 69 24 487 137 317 47 180
internal_value=2.20161e-12 -0.000114097 -0.000186717 6.33267e-05 0.00186111 -0.000246904 -0.00111042 0.00268993 -0.000831731 0.00327666 0.00612314 0.000384209 0.000100245 0.000609692
internal_weight=8640 7278 7156 5701 839 4862 2053 723 1938 654 167 2809 2492 1362
internal_count=8640 7278 7156 5701 839 4862 2053 723 1938 654 167 2809 2492 1362
is_linear=0
shrinkage=0.05


Tree=65
num_leaves=15
num_cat=0
split_feature=0 3 8 3 7 3 4 3 8 8 4 8 5 7
split_gain=0.240137 0.356611 0.865205 0.60303 0.475563 0.366544 0.325067 0.745093 0.309078 0.371635 0.30392 0.696269 0.385404 0.363147
threshold=36.000000000000007 21.250000000000004 20.950000000000006 23.850000000000005 6.7058846278328188 24.750000000000004 23.350000000000005 19.350000000000005 16.783333333333339 16.116666666666671 2.5500000000000003 3.350000000000001 5.6500000000000012 0.98601184834208133
decision_type=2 2 2 2 2 2 2 2 2 2 2 2 2 2
left_child=1 2 6 4 -3 -5 7 8 9 10 12 13 -1 -12
right_child=-2 3 -4 5 -6 -7 -8 -9 -10 -11 11 -13 -14 -15
leaf_value=-0.0011925007864192596 0.00018639223807693069 0.005581191701197025 -0.0078181723714806136 -0.0075276767741888767 -0.0029257636098191145 0.00037669554691423073 -0.0020884376544003879 0.00691199774882989 0.0042614286364470099 -0.0061327705309460207 0.0012661373764840944 -0.00037596937506071423 -0.0086222436123838033 0.0088025281386029334
leaf_weight=64 5760 92 40 20 20 55 260 36 36 28 33 2141 24 31
leaf_count=64 5760 92 40 20 20 55 260 36 36 28 33 2141 24 31
internal_value=4.85199e-12 -0.000372784 -0.000519398 0.0017386 0.00406209 -0.00173114 -0.000409352 -0.000226919 -0.000335957 -0.000407265 -0.00033735 -0.000222354 -0.00321879 0.00491658
internal_weight=8640 2880 2693 187 112 75 2653 2393 2357 2321 2293 2205 88 64
internal_count=8640 2880 2693 187 112 75 2653 2393 2357 2321 2293 2205 88 64
is_linear=0
shrinkage=0.05


Tree=66
num_leaves=15
num_cat=0
split_feature=5 4 8 8 0 3 4 3 8 3 4 4 7 7
split_gain=0.229295 0.352772 0.663301 0.586148 0.412543 0.61053 0.439251 0.333929 0.356624 0.331816 0.331031 0.325085 0.290636 0.505873
threshold=15.65 22.850000000000005 19.283333333333339 20.950000000000006 36.000000000000007 21.950000000000003 27.250000000000004 26.450000000000003 22.283333333333339 26.250000000000004 10.950000000000001 30.550000000000004 2.3823420404806472 2.4740876804485592
decision_type=2 2 2 2 2 2 2 2 2 2 2 2 2 2
left_child=7 2 10 -3 5 -5 -6 8 12 -7 -2 -8 -1 -14
right_child=1 3 -4 4 6 9 11 -9 -10 -11 -12 -13 13 -15
leaf_value=0.00037170247391349998 0.0041591717174551531 0.0080649557453580205 -0.0055767813241919097 -0.0068942385446280246 -0.0025007452657778879 0.0055943028262720029 0.010133867087559058 0.0060855932618406692 -0.0044727774701364669 -0.0026583747317393621 2.494408861804971e-06 0.0028384263060886317 -0.0031815563137783543 -0.00018774840611066664
leaf_weight=2644 61 40 46 30 21 29 26 22 46 21 223 37 145 5249
leaf_count=2644 61 40 46 30 21 29 26 22 46 21 223 37 145 5249
internal_value=2.32734e-12 0.00100356 -6.86731e-06 0.00263807 0.00131444 -0.00125523 0.00376175 -6.61116e-05 -8.2853e-05 0.00212818 0.000895302 0.00584924 -5.77302e-05 -0.000268227
internal_weight=8640 534 330 204 164 80 84 8106 8084 50 284 63 8038 5394
internal_count=8640 534 330 204 164 80 84 8106 8084 50 284 63 8038 5394
is_linear=0
shrinkage=0.05


Tree=67
num_leaves=15
num_cat=0
split_feature=4 5 5 4 4 2 4 3 3 4 3 2 3 6
split_gain=0.225428 0.352936 0.280333 0.547368 0.481434 0.421303 0.843297 0.342513 0.30509 0.289164 0.270795 0.51053 0.763144 0.633042
threshold=1.3500000000000003 4.2500000000000009 2.2500000000000004 4.5500000000000007 3.1500000000000008 86.003450000000015 6.8500000000000005 2.8500000000000001 4.3500000000000005 8.8500000000000032 6.5500000000000007 77.393050000000017 6.0500000000000007 7.2500000000000018
decision_type=2 2 2 2 2 2 2 2 2 2 2 2 2 2
left_child=1 -1 3 4 -2 6 -5 -7 -9 -8 11 12 13 -4
right_child=2 -3 10 5 -6 7 9 8 -10 -11 -12 -13 -14 -15
leaf_value=-0.005496383713431318 0.00071050938900693193 0.0022598716345700351 0.0046774437048173112 0.0096743671904103122 0.0056296718269955408 0.0018866282275744847 0.0032651388367874639 -0.0074470563099493046 -0.0016363213693819428 -0.00065407458550378102 0.00013480044160108046 -0.00082347489879933252 -0.0037266823692497482 0.00024643818983014702
leaf_weight=44 98 22 140 26 101 35 61 37 58 206 5543 2012 67 190
leaf_count=44 98 22 140 26 101 35 61 37 58 206 5543 2012 67 190
internal_value=-1.03177e-12 -0.00291097 2.24077e-05 0.00104466 0.00320717 2.73095e-05 0.00107839 -0.00234166 -0.00389945 0.000241326 -5.75522e-05 -0.000500147 0.00113848 0.00212626
internal_weight=8640 66 8574 622 199 423 293 130 95 267 7952 2409 397 330
internal_count=8640 66 8574 622 199 423 293 130 95 267 7952 2409 397 330
is_linear=0
shrinkage=0.05


Tree=68
num_leaves=15
num_cat=0
split_feature=0 3 8 8 6 4 8 7 4 8 6 2 7 3
split_gain=0.212691 0.319141 0.60526 0.565805 0.393042 0.778503 0.525317 0.286721 0.284687 0.547929 0.487246 0.302179 0.983591 0.67106
threshold=36.000000000000007 21.150000000000002 20.816666666666674 18.150000000000006 14.950000000000005 23.050000000000004 22.100000000000005 5.4584287058503618 23.350000000000005 16.783333333333339 10.050000000000002 77.393050000000017 2.2674015105971397 3.6500000000000008
decision_type=2 2 2 2 2 2 2 2 2 2 2 2 2 2
left_child=1 2 8 -3 5 -5 -7 -8 9 11 -11 12 -1 -14
right_child=-2 3 -4 4 -6 6 7 -9 -10 10 -12 -13 13 -15
leaf_value=0.0016817126880036973 0.00017541750212533066 0.0095814336463809022 -0.0065957029233686629 -0.0039283202016829619 -0.003035685781389475 0.0085502697409699773 -0.0035580028779804707 0.0049084161221981046 -0.0019768811544868502 0.0089872697981384902 -0.00094294925885541096 4.3715209939231768e-05 0.0047830826572833529 -0.0028025301008090873
leaf_weight=213 5760 20 40 36 50 45 20 20 258 30 21 1606 31 490
leaf_count=213 5760 20 40 36 50 45 20 20 258 30 21 1606 31 490
internal_value=2.25345e-12 -0.000350835 -0.000491112 0.00162406 0.000693372 0.0022343 0.00484436 0.000675207 -0.000398932 -0.000228664 0.00489836 -0.000340407 -0.00118087 -0.00235118
internal_weight=8640 2880 2689 191 171 121 85 40 2649 2391 51 2340 734 521
internal_count=8640 2880 2689 191 171 121 85 40 2649 2391 51 2340 734 521
is_linear=0
shrinkage=0.05


Tree=69
num_leaves=15
num_cat=0
split_feature=5 3 8 1 4 4 2 3 6 3 3 8 3 8
split_gain=0.212354 0.733268 0.62785 1.24436 1.1801 1.08609 0.889791 0.732169 0.884016 0.643247 0.637996 0.622512 0.677813 0.625414
threshold=12.15 21.050000000000004 13.283333333333335 16.079350000000005 9.1500000000000004 9.7500000000000018 86.003450000000015 9.3500000000000032 9.3500000000000032 15.350000000000003 13.050000000000002 7.9500000000000002 11.250000000000002 8.3833333333333346
decision_type=2 2 2 2 2 2 2 2 2 2 2 2 2 2
left_child=1 2 3 4 -1 11 10 8 -6 -9 -7 12 -5 -13
right_child=-2 -3 -4 5 7 6 -8 9 -10 -11 -12 13 -14 -15
leaf_value=-0.0031123580509776496 0.00055847323533021829 0.003799116303818695 -0.0011658015223291356 -3.186852977940348e-05 0.0081151940140615011 -0.0011577552505223738 -0.0055089381589953391 0.00075176226988805266 0.0022990300974531754 0.0063800760178959791 0.0026703782760987768 0.0057085666283383033 0.0060301288249010737 0.00092237699319348615
leaf_weight=115 1422 118 1305 2442 101 1763 112 543 185 56 116 100 47 215
leaf_count=115 1422 118 1305 2442 101 1763 112 543 185 56 116 100 47 215
internal_value=-5.09755e-12 -0.000110023 -0.000174992 4.81322e-05 0.00165253 -0.000286465 -0.00117949 0.00227169 0.00435299 0.00127795 -0.000921426 0.000347632 8.26007e-05 0.0024418
internal_weight=8640 7218 7100 5795 1000 4795 1991 885 286 599 1879 2804 2489 315
internal_count=8640 7218 7100 5795 1000 4795 1991 885 286 599 1879 2804 2489 315
is_linear=0
shrinkage=0.05


Tree=70
num_leaves=15
num_cat=0
split_feature=4 8 4 5 7 7 6 8 5 8 3 1 7 7
split_gain=0.209816 0.378906 0.461075 0.306214 0.282391 0.821503 0.372154 0.290915 0.224362 0.83919 0.84986 0.292107 0.452134 0.341228
threshold=1.8500000000000003 2.7333333333333338 3.1500000000000008 1.7000000000000004 1.5666647001726597 2.2474674933022869 2.1000000000000014 4.950000000000002 1.7000000000000004 4.616666666666668 6.1500000000000012 27.379200000000004 1.6739839372652963 3.097667692644388
decision_type=2 2 2 2 2 2 2 2 2 2 2 2 2 2
left_child=4 2 -2 -4 6 -6 -1 -7 9 10 11 12 -3 -13
right_child=1 8 3 -5 5 7 -8 -9 -10 -11 -12 13 -14 -15
leaf_value=0.00016651424290291196 -7.5512178268076643e-05 0.0057056147760401171 0.0022066552413716202 0.010324401123664128 0.0070006581455735227 -0.0082052487702596755 -0.0072344667414521299 -0.00014693497990568479 -5.1135735577588082e-05 -0.0019776284305169901 0.012426705177252492 0.009881761263717306 -0.0021714937540569476 0.0014930184947809688
leaf_weight=29 54 27 21 26 28 21 41 24 8133 107 24 22 56 27
leaf_count=29 54 27 21 26 28 21 41 24 8133 107 24 22 56 27
internal_value=1.54029e-12 3.19645e-05 0.0030762 0.00669732 -0.00189932 0.000276463 -0.00416835 -0.00390748 -4.65627e-06 0.00143267 0.00377179 0.00219817 0.000390939 0.00525939
internal_weight=8640 8497 101 47 143 73 70 45 8396 263 156 132 83 49
internal_count=8640 8497 101 47 143 73 70 45 8396 263 156 132 83 49
is_linear=0
shrinkage=0.05


Tree=71
num_leaves=15
num_cat=0
split_feature=4 4 3 3 4 8 5 4 3 5 1 4 4 3
split_gain=0.201897 0.455959 0.264925 0.286224 0.932111 1.08174 0.416711 0.474303 1.54282 0.895025 0.810094 1.03018 0.960383 0.811835
threshold=32.850000000000001 32.050000000000004 28.400000000000002 23.750000000000004 23.050000000000004 22.550000000000004 12.350000000000003 18.850000000000005 17.350000000000005 6.0500000000000007 16.079350000000005 9.1500000000000004 11.15 9.3500000000000032
decision_type=2 2 2 2 2 2 2 2 2 2 2 2 2 2
left_child=1 2 3 6 -5 -6 7 8 10 -10 11 -1 -12 -13
right_child=-2 -3 -4 4 5 -7 -8 -9 9 -11 12 13 -14 -15
leaf_value=-0.0030081525215300154 -0.0042388783767819405 0.0068958846241002902 0.0057424582354724408 -0.0081281961367020133 0.0047167827187877265 -0.0046689596860294653 0.00090724434496718045 -0.00089933096423064915 0.013394400464104755 0.0033023332225104031 0.00020876813776842968 0.0048808218243371962 -0.0013055232787890694 0.0010710599099994177
leaf_weight=111 28 24 20 46 64 59 1148 1532 28 102 3262 198 1542 476
leaf_count=111 28 24 20 46 64 59 1148 1532 28 102 3262 198 1542 476
internal_value=2.18152e-13 1.37818e-05 -5.45094e-06 -1.88681e-05 -0.00205616 0.000214679 2.21252e-05 -0.000118009 9.12901e-05 0.00547601 -3.39583e-05 0.00145519 -0.000277293 0.00219025
internal_weight=8640 8612 8588 8568 169 123 8399 7251 5719 130 5589 785 4804 674
internal_count=8640 8612 8588 8568 169 123 8399 7251 5719 130 5589 785 4804 674
is_linear=0
shrinkage=0.05


Tree=72
num_leaves=15
num_cat=0
split_feature=0 3 8 3 7 7 6 4 3 4 8 5 3 6
split_gain=0.194207 0.267112 0.680533 0.494094 0.424631 0.326366 0.28175 0.265194 0.632095 0.260404 0.569218 0.360057 0.343887 0.324778
threshold=36.000000000000007 21.250000000000004 21.283333333333335 23.850000000000005 6.7058846278328188 5.2762570057631306 14.050000000000002 23.350000000000005 19.350000000000005 2.5500000000000003 3.350000000000001 5.6500000000000012 4.5500000000000007 2.9499999999999997
decision_type=2 2 2 2 2 2 2 2 2 2 2 2 2 2
left_child=1 2 7 4 6 -5 -3 8 9 11 13 12 -1 -11
right_child=-2 3 -4 5 -6 -7 -8 -9 -10 10 -12 -13 -14 -15
leaf_value=-0.003574543550264004 0.00016762203112496841 0.0033868791490984972 -0.0071963892645529803 -0.0056882472770909479 -0.0030078044417314233 0.0010444094240665436 0.0096882586289818093 -0.001875383413185192 0.0063726543125489522 0.0019596782166424187 -0.00033453819591352981 -0.008194498981659611 0.0042313739834796823 0.0095456148364714208
leaf_weight=43 5760 68 37 30 20 45 24 263 36 43 2205 24 21 21
leaf_count=43 5760 68 37 30 20 45 24 263 36 43 2205 24 21 21
internal_value=-2.48039e-12 -0.000335244 -0.000462133 0.00149209 0.00359527 -0.00164865 0.00503072 -0.00036832 -0.000202688 -0.000303117 -0.000199618 -0.00297176 -0.00101323 0.00444881
internal_weight=8640 2880 2693 187 112 75 92 2656 2393 2357 2269 88 64 64
internal_count=8640 2880 2693 187 112 75 92 2656 2393 2357 2269 88 64 64
is_linear=0
shrinkage=0.05


Tree=73
num_leaves=15
num_cat=0
split_feature=5 4 3 8 0 7 5 4 4 3 6 4 5 4
split_gain=0.195785 0.330444 0.567064 0.514753 0.340122 0.469551 0.431297 0.391012 0.302892 0.448469 0.376181 0.299342 0.300174 0.294856
threshold=15.65 22.850000000000005 20.150000000000002 20.950000000000006 36.000000000000007 4.5230273345514691 16.950000000000003 27.250000000000004 29.750000000000004 26.350000000000005 16.050000000000004 10.950000000000001 16.750000000000004 30.550000000000004
decision_type=2 2 2 2 2 2 2 2 2 2 2 2 2 2
left_child=8 2 11 -3 5 -5 -7 -6 9 -1 -10 -2 -13 -9
right_child=1 3 -4 4 7 6 -8 13 10 -11 -12 12 -14 -15
leaf_value=-4.850376251328854e-05 0.0038962869981273279 0.0075949223048519341 -0.0051365572255738876 0.0055704152793623514 -0.0024176074291712476 -0.0082918390408158304 0.00030679933194603242 0.0095411026277221183 -0.0084684943537349285 0.0071001063291491438 -0.0010429583264119698 0.0041914467746391893 -0.00085375431139410578 0.0025931300872282406
leaf_weight=7995 61 40 47 20 21 25 35 26 23 22 66 35 187 37
leaf_count=7995 61 40 47 20 21 25 35 26 23 22 66 35 187 37
internal_value=-4.58929e-12 0.000927333 -5.05942e-05 0.00250927 0.00126887 -0.00106437 -0.00327597 0.00349101 -6.109e-05 -2.88868e-05 -0.00296192 0.000794071 -5.83397e-05 0.00546055
internal_weight=8640 534 330 204 164 80 60 84 8106 8017 89 283 222 63
internal_count=8640 534 330 204 164 80 60 84 8106 8017 89 283 222 63
is_linear=0
shrinkage=0.05


Tree=74
num_leaves=15
num_cat=0
split_feature=5 3 8 2 4 4 3 3 6 8 0 5 3 6
split_gain=0.185385 0.42273 0.432538 0.710821 0.350025 0.641104 0.254229 0.34265 0.308753 0.251578 0.251346 0.24766 1.4038 0.654399
threshold=2.2500000000000004 10.850000000000003 5.7166666666666677 77.393050000000017 4.5500000000000007 3.1500000000000008 3.1500000000000008 1.9500000000000002 7.1500000000000021 5.1500000000000012 60.000000000000007 5.4500000000000011 18.550000000000004 4.1500000000000021
decision_type=2 2 2 2 2 2 2 2 2 2 2 2 2 2
left_child=1 2 3 -1 5 10 7 -6 -9 -8 -5 12 -2 -13
right_child=11 -3 -4 4 6 -7 9 8 -10 -11 -12 13 -14 -15
leaf_value=0.0084196592724765651 -0.00061290814568259327 0.0079756148625165224 -0.0022522961631925272 0.0014182809020093742 -0.0020300822088029236 0.0051417357007740062 -0.0029456772578313299 0.0071355252917255129 0.00062075358476828451 0.0023393357538485102 -0.0036305272512552806 0.0014581224318265284 0.01064713155584676 -0.00010060625882632069
leaf_weight=32 2421 20 110 67 50 100 115 31 44 28 39 784 28 4771
leaf_count=32 2421 20 110 67 50 100 115 31 44 28 39 784 28 4771
internal_value=9.26847e-12 0.000821628 0.000589356 0.00120711 0.000720183 0.00226994 -0.000471049 0.00117608 0.00331353 -0.00191085 -0.000439299 -6.52868e-05 -0.000484169 0.000119384
internal_weight=8640 636 616 506 474 206 268 125 75 143 106 8004 2449 5555
internal_count=8640 636 616 506 474 206 268 125 75 143 106 8004 2449 5555
is_linear=0
shrinkage=0.05


Tree=75
num_leaves=15
num_cat=0
split_feature=4 4 3 3 5 5 1 3 4 8 1 4 3 5
split_gain=0.181379 0.404991 0.215471 0.252339 0.308461 0.258716 0.600694 0.404294 0.710965 0.53768 0.924542 1.02945 0.95872 0.983255
threshold=32.850000000000001 32.050000000000004 28.400000000000002 25.350000000000005 14.550000000000002 12.15 16.079350000000005 21.050000000000004 24.650000000000002 12.750000000000002 16.079350000000005 9.1500000000000004 12.350000000000003 7.4500000000000011
decision_type=2 2 2 2 2 2 2 2 2 2 2 2 2 2
left_child=1 2 3 5 -5 7 -7 9 -9 10 11 -1 -12 -14
right_child=-2 -3 -4 4 -6 6 -8 8 -10 -11 12 -13 13 -15
leaf_value=-0.0028248139185851201 -0.0040177187749317715 0.0064991216466296466 0.0051786759868264198 0.001595133065711707 -0.0052301052292542801 -0.0054505308379586316 0.00085077296861186473 0.0056773982199563372 -0.0030573562558000797 -0.00098357572574919012 -0.00037086244599091679 0.0022569862095943942 0.0066534160492010413 0.00023543898494461101
leaf_weight=115 28 24 20 25 49 39 1251 74 34 1534 4452 747 100 148
leaf_count=115 28 24 20 25 49 39 1251 74 34 1534 4452 747 100 148
internal_value=2.35768e-12 1.30627e-05 -5.0632e-06 -1.71634e-05 -0.00292428 8.16347e-06 0.000660268 -0.000108607 0.00292757 -0.000154817 7.37544e-05 0.00157902 -0.000202318 0.00282333
internal_weight=8640 8612 8588 8568 74 8494 1290 7204 108 7096 5562 862 4700 248
internal_count=8640 8612 8588 8568 74 8494 1290 7204 108 7096 5562 862 4700 248
is_linear=0
shrinkage=0.05


Tree=76
num_leaves=15
num_cat=0
split_feature=4 5 4 2 3 4 8 7 6 4 2 5 7 6
split_gain=0.176374 0.308516 0.229895 2.00176 0.666658 0.606608 0.634685 0.566225 0.519115 0.388152 0.916878 1.16755 0.921354 1.18676
threshold=1.3500000000000003 4.2500000000000009 8.0500000000000025 86.003450000000015 14.850000000000003 7.5500000000000007 4.8166666666666673 2.0127369157738562 2.5000000000000018 6.3500000000000005 77.393050000000017 5.4500000000000011 4.0220225162510852 6.9000000000000021
decision_type=2 2 2 2 2 2 2 2 2 2 2 2 2 2
left_child=1 -1 4 -4 5 9 -7 -8 -5 10 -2 -12 13 -13
right_child=2 -3 3 8 -6 6 7 -9 -10 -11 11 12 -14 -15
leaf_value=-0.0049920931052342479 -0.0024022865298320541 0.0022596632215109739 5.3325511301853106e-05 0.002525234363973141 -0.0056430050362409516 -0.0031572835629608918 0.0017795906729090396 0.0067712585702137925 -0.0050369786664586124 -0.00095394237349295504 0.00031996747663936941 0.0032477611401839019 -0.0062053977201382317 0.012192105798220094
leaf_weight=44 208 22 6035 25 44 39 146 93 246 492 945 236 21 44
leaf_count=44 208 22 6035 25 44 39 146 93 246 492 945 236 21 44
internal_value=2.12586e-12 -0.00257484 1.98203e-05 -0.00013545 0.000451537 0.000572112 0.00275688 0.00372196 -0.00433936 0.000260003 0.000670773 0.00118377 0.00389572 0.0046533
internal_weight=8640 66 8574 6306 2268 2224 278 239 271 1946 1454 1246 301 280
internal_count=8640 66 8574 6306 2268 2224 278 239 271 1946 1454 1246 301 280
is_linear=0
shrinkage=0.05


end of trees

feature_importances:
Column_4=277
Column_3=214
Column_5=162
Column_8=108
Column_1=90
Column_6=85
Column_7=61
Column_2=54
Column_0=27

parameters:
[boosting: gbdt]
[objective: regression]
[metric: l2]
[tree_learner: serial]
[device_type: cpu]
[data_sample_strategy: bagging]
[data: ]
[valid: ]
[num_iterations: 100]
[learning_rate: 0.05]
[num_leaves: 15]
[num_threads: 0]
[seed: 42]
[deterministic: 0]
[force_col_wise: 0]
[force_row_wise: 0]
[histogram_pool_size: -1]
[max_depth: -1]
[min_data_in_leaf: 20]
[min_sum_hessian_in_leaf: 0.001]
[bagging_fraction: 1]
[pos_bagging_fraction: 1]
[neg_bagging_fraction: 1]
[bagging_freq: 0]
[bagging_seed: 400]
[bagging_by_query: 0]
[feature_fraction: 1]
[feature_fraction_bynode: 1]
[feature_fraction_seed: 30056]
[extra_trees: 0]
[extra_seed: 12879]
[early_stopping_round: 0]
[early_stopping_min_delta: 0]
[first_metric_only: 0]
[max_delta_step: 0]
[lambda_l1: 0]
[lambda_l2: 0]
[linear_lambda: 0]
[min_gain_to_split: 0]
[drop_rate: 0.1]
[max_drop: 50]
[skip_drop: 0.5]
[xgboost_dart_mode: 0]
[uniform_drop: 0]
[drop_seed: 17869]
[top_rate: 0.2]
[other_rate: 0.1]
[min_data_per_group: 100]
[max_cat_threshold: 32]
[cat_l2: 10]
[cat_smooth: 10]
[max_cat_to_onehot: 4]
[top_k: 20]
[monotone_constraints: ]
[monotone_constraints_method: basic]
[monotone_penalty: 0]
[feature_contri: ]
[forcedsplits_filename: ]
[refit_decay_rate: 0.9]
[cegb_tradeoff: 1]
[cegb_penalty_split: 0]
[cegb_penalty_feature_lazy: ]
[cegb_penalty_feature_coupled: ]
[path_smooth: 0]
[interaction_constraints: ]
[verbosity: -1]
[saved_feature_importance_type: 0]
[use_quantized_grad: 0]
[num_grad_quant_bins: 4]
[quant_train_renew_leaf: 0]
[stochastic_rounding: 1]
[linear_tree: 0]
[max_bin: 255]
[max_bin_by_feature: ]
[min_data_in_bin: 3]
[bin_construct_sample_cnt: 200000]
[data_random_seed: 175]
[is_enable_sparse: 1]
[enable_bundle: 1]
[use_missing: 1]
[zero_as_missing: 0]
[feature_pre_filter: 1]
[pre_partition: 0]
[two_round: 0]
[header: 0]
[label_column: ]
[weight_column: ]
[group_column: ]
[ignore_column: ]
[categorical_feature: ]
[forcedbins_filename: ]
[precise_float_parser: 0]
[parser_config_file: ]
[objective_seed: 16083]
[num_class: 1]
[is_unbalance: 0]
[scale_pos_weight: 1]
[sigmoid: 1]
[boost_from_average: 1]
[reg_sqrt: 0]
[alpha: 0.9]
[fair_c: 1]
[poisson_max_delta_step: 0.7]
[tweedie_variance_power: 1.5]
[lambdarank_truncation_level: 30]
[lambdarank_norm: 1]
[label_gain: ]
[lambdarank_position_bias_regularization: 0]
[eval_at: ]
[multi_error_top_k: 1]
[auc_mu_weights: ]
[num_machines: 1]
[local_listen_port: 12400]
[time_out: 120]
[machine_list_filename: ]
[machines: ]
[gpu_platform_id: -1]
[gpu_device_id: -1]
[gpu_device_id_list: ]
[gpu_use_dp: 0]
[num_gpu: 1]

end of parameters

pandas_categorical:null
