tree
version=v4
num_class=1
num_tree_per_iteration=1
label_index=0
max_feature_idx=8
objective=regression
feature_names=Column_0 Column_1 Column_2 Column_3 Column_4 Column_5 Column_6 Column_7 Column_8
feature_infos=[24:72] [13.082700000000001:34.1526] [72.877700000000004:91.736199999999997] [0:34.399999999999999] [0:39.600000000000001] [0:37.600000000000001] [0.099999999999999645:35.600000000000001] [0.047140452079103001:14.833970023788869] [0.86666666666666659:28.166666666666668]
tree_sizes=1391 1465 1476 1477 1460 1483 1471 1467 1482 1485 1481 1471 1474 1484 1480 1482 1466 1453 1450 1467 1464 1483 1474 1482 1470 1483 1473 1459 1479 1483 1469 1483 1477 1445 1468 1472 1455 1457 1480 1482 1453 1488 1459 1475 1483 1479 1472 1472 1478 1459 1459 1475 1464 1451 1465 1475 1468 1453 1454 1479 1472 1430 1460 1482 1460 1461 1456 1463 1497 1439 1446 1458 1461 1491 1442 1442 1466 1479 1444 1473 1444 1460 1493 1463 1470 1446 1471 1481 1473 1474 1491 1446 1455 1465 1464 1457 1454 1477 1482 1455

Tree=0
num_leaves=15
num_cat=0
split_feature=5 1 8 1 3 4 5 3 5 5 6 2 2 5
split_gain=36.3177 31.4295 6.25409 4.19486 4.26736 4.08132 4.19354 3.73716 3.93509 3.64654 2.87406 2.63826 2.26778 4.33806
threshold=11.950000000000001 16.079350000000005 15.550000000000001 27.379200000000004 14.65 9.2500000000000018 2.0500000000000003 5.9500000000000011 8.3500000000000032 5.7500000000000009 10.350000000000003 77.393050000000017 77.393050000000017 6.1500000000000012
decision_type=2 2 2 2 2 2 2 2 2 2 2 2 2 2
left_child=1 7 5 4 -2 6 -3 -1 -9 11 -11 -8 13 -7
right_child=3 2 -4 -5 -6 12 9 8 -10 10 -12 -13 -14 -15
leaf_value=0.29936200847991323 0.2927802714548286 0.28837324390027569 0.28809231420846387 0.28023777272330513 0.28427375725785281 0.29161383985230066 0.29011311344071683 0.28435695315090476 0.28957489616225585 0.29082504392508701 0.30714562593290973 0.29644160504194239 0.29822455127458114 0.29711283183144022
leaf_weight=55 181 352 370 505 795 565 188 1076 544 737 28 1328 934 982
leaf_count=55 181 352 370 505 795 565 188 1076 544 737 28 1328 934 982
internal_value=0.291064 0.292539 0.29437 0.283937 0.285851 0.294824 0.293453 0.286544 0.286109 0.294237 0.291422 0.295657 0.296279 0.295104
internal_weight=8640 7159 5484 1481 976 5114 2633 1675 1620 2281 765 1516 2481 1547
internal_count=8640 7159 5484 1481 976 5114 2633 1675 1620 2281 765 1516 2481 1547
is_linear=0
shrinkage=1


Tree=1
num_leaves=15
num_cat=0
split_feature=5 1 8 1 3 4 5 3 5 5 6 2 2 2
split_gain=32.7767 28.3651 5.64431 3.78586 3.85129 3.68339 3.78467 3.37279 3.59714 3.291 2.59384 2.38103 2.05929 2.04667
threshold=11.950000000000001 16.079350000000005 15.550000000000001 27.379200000000004 14.65 9.2500000000000018 2.0500000000000003 5.9500000000000011 8.9500000000000011 5.7500000000000009 10.350000000000003 77.393050000000017 78.923900000000017 77.393050000000017
decision_type=2 2 2 2 2 2 2 2 2 2 2 2 2 2
left_child=1 7 5 4 -2 6 -3 -1 -9 11 -11 -8 -6 -7
right_child=3 2 -4 -5 12 13 9 8 -10 10 -12 -13 -14 -15
leaf_value=0.0078827279840003369 0.001630077702610738 -0.0025565984243381868 -0.0028234816363987489 -0.010285296150492413 -0.0070290950870479547 0.0038380695867017353 -0.00090372234046028229 -0.006150697001850676 -0.00086110187177541062 -0.00022738856775085905 0.015277163764195785 0.0051083444095457904 0.0047528938067933693 0.0068021433495146794
leaf_weight=55 181 352 370 505 756 1547 188 1178 442 737 28 1328 39 934
leaf_count=55 181 352 370 505 756 1547 188 1178 442 737 28 1328 39 934
internal_value=-1.16295e-11 0.00140071 0.00314009 -0.00677087 -0.00495245 0.00357155 0.00226898 -0.00429408 -0.00470749 0.00301366 0.000340098 0.00436278 -0.00645111 0.00495393
internal_weight=8640 7159 5484 1481 976 5114 2633 1675 1620 2281 765 1516 795 2481
internal_count=8640 7159 5484 1481 976 5114 2633 1675 1620 2281 765 1516 795 2481
is_linear=0
shrinkage=0.05


Tree=2
num_leaves=15
num_cat=0
split_feature=5 1 8 1 3 4 5 3 5 5 6 2 5 2
split_gain=29.6038 25.2303 5.4963 3.37964 3.66493 3.36148 3.39336 3.05959 3.40784 3.04321 2.3537 2.14888 1.81308 1.78614
threshold=12.050000000000002 16.079350000000005 15.550000000000001 27.379200000000004 15.550000000000002 9.2500000000000018 2.0500000000000003 6.6500000000000012 8.9500000000000011 5.7500000000000009 10.350000000000003 77.393050000000017 12.750000000000002 77.393050000000017
decision_type=2 2 2 2 2 2 2 2 2 2 2 2 2 2
left_child=1 7 5 4 -2 6 -3 -1 -9 11 -11 -8 -5 -7
right_child=3 2 -4 12 -6 13 9 8 -10 10 -12 -13 -14 -15
leaf_value=0.0058269338806470235 0.00072932747835495872 -0.0024287686575751814 -0.0028249292456461045 -0.0018502301034224672 -0.006515762540325265 0.0036622688276895079 -0.00085853628239574212 -0.0059341787302150022 -0.00079569893640932742 -0.00025466011530009134 0.01451330572682699 0.004852927087447452 -0.010988302479848937 0.0064284091952242564
leaf_weight=75 230 352 383 62 724 1550 188 1160 447 741 28 1328 436 936
leaf_count=75 230 352 383 62 724 1550 188 1160 447 741 28 1328 436 936
internal_value=-7.2954e-11 0.00131543 0.0029527 -0.0065119 -0.00476904 0.00338464 0.00214108 -0.00404418 -0.00450487 0.00284506 0.000283055 0.00414465 -0.00985063 0.00470374
internal_weight=8640 7188 5506 1452 954 5123 2637 1682 1607 2285 769 1516 498 2486
internal_count=8640 7188 5506 1452 954 5123 2637 1682 1607 2285 769 1516 498 2486
is_linear=0
shrinkage=0.05


Tree=3
num_leaves=15
num_cat=0
split_feature=5 1 8 1 3 4 5 3 5 5 6 2 5 2
split_gain=26.7175 22.7704 4.96041 3.05012 3.3076 3.03374 3.06251 2.77164 3.10069 2.7465 2.12421 1.93936 1.63631 1.61199
threshold=12.050000000000002 16.079350000000005 15.550000000000001 27.379200000000004 15.550000000000002 9.2500000000000018 2.0500000000000003 5.9500000000000011 8.3500000000000032 5.7500000000000009 10.350000000000003 77.393050000000017 12.750000000000002 77.393050000000017
decision_type=2 2 2 2 2 2 2 2 2 2 2 2 2 2
left_child=1 7 5 4 -2 6 -3 -1 -9 11 -11 -8 -5 -7
right_child=3 2 -4 12 -6 13 9 8 -10 10 -12 -13 -14 -15
leaf_value=0.0071972448663622018 0.00069286117056870588 -0.0023073301544090184 -0.0026836825622240808 -0.0017577185793103832 -0.0061899743070864526 0.0034791554177645598 -0.00081560967701853825 -0.0057771217009389871 -0.0011648909312128549 -0.00024192693479430322 0.013787640438282065 0.0046102811900348038 -0.01043888736156311 0.0061069885722380979
leaf_weight=55 230 352 383 62 724 1550 188 1076 551 741 28 1328 436 936
leaf_count=55 230 352 383 62 724 1550 188 1076 551 741 28 1328 436 936
internal_value=3.28501e-11 0.00124965 0.00280507 -0.00618631 -0.00453059 0.00321541 0.00203403 -0.00384197 -0.00421514 0.0027028 0.000268903 0.00393741 -0.0093581 0.00446856
internal_weight=8640 7188 5506 1452 954 5123 2637 1682 1627 2285 769 1516 498 2486
internal_count=8640 7188 5506 1452 954 5123 2637 1682 1627 2285 769 1516 498 2486
is_linear=0
shrinkage=0.05


Tree=4
num_leaves=15
num_cat=0
split_feature=5 1 8 1 3 4 3 5 3 5 5 2 7 2
split_gain=24.1213 20.8755 4.12908 2.79174 2.91546 2.71784 2.56433 2.56574 2.55711 2.7679 2.44637 1.83416 1.70818 1.62282
threshold=11.950000000000001 16.079350000000005 15.550000000000001 27.379200000000004 14.65 9.5500000000000025 1.3500000000000003 2.0500000000000003 6.6500000000000012 7.9500000000000011 5.7500000000000009 78.923900000000017 4.1350802563475346 77.393050000000017
decision_type=2 2 2 2 2 2 2 2 2 2 2 2 2 2
left_child=1 8 5 4 -2 6 -3 -8 -1 -10 13 -6 -12 -9
right_child=3 2 -4 -5 11 -7 7 10 9 -11 12 -13 -14 -15
leaf_value=0.0053394918258612353 0.0014802677613472083 0.01001591145565423 -0.0024068770447794687 -0.0088264041770443249 -0.0060963489331211903 0.0042996995543326333 -0.0023505681437266789 -0.00076500059613881979 -0.0057609181470467535 -0.0014922138955350214 -0.00045248728907810743 0.0050229813545369191 0.010845911454941546 0.0041126530033979208
leaf_weight=75 181 96 370 505 756 2377 341 196 980 620 757 39 35 1312
leaf_count=75 181 96 370 505 756 2377 341 196 980 620 757 39 35 1312
internal_value=7.62776e-12 0.00120161 0.00269379 -0.00580847 -0.00424694 0.00306283 0.00198864 0.00169685 -0.00368383 -0.0041068 0.00229693 -0.00555087 4.68106e-05 0.00347869
internal_weight=8640 7159 5484 1481 976 5114 2737 2641 1675 1600 2300 795 792 1508
internal_count=8640 7159 5484 1481 976 5114 2737 2641 1675 1600 2300 795 792 1508
is_linear=0
shrinkage=0.05


Tree=5
num_leaves=15
num_cat=0
split_feature=5 1 8 4 5 1 3 3 5 5 6 2 5 3
split_gain=21.7776 18.5483 4.04191 2.48766 2.5253 2.48631 2.74034 2.2915 2.59627 2.23267 1.76189 1.5818 1.47677 1.45943
threshold=12.050000000000002 16.079350000000005 15.550000000000001 9.2500000000000018 2.0500000000000003 27.379200000000004 16.250000000000004 5.9500000000000011 8.9500000000000011 5.7500000000000009 10.350000000000003 77.393050000000017 12.750000000000002 6.5500000000000007
decision_type=2 2 2 2 2 2 2 2 2 2 2 2 2 2
left_child=1 7 3 4 -3 6 -2 -1 -9 11 -11 -6 -7 -5
right_child=5 2 -4 13 9 12 -8 8 -10 10 -12 -13 -14 -15
leaf_value=0.0065704077830411158 0.00015299852018549299 -0.0021095672513845123 -0.0024225368070405211 0.0054435233126539674 -0.00073944622219758145 -0.0012285123999801375 -0.0057826754930405261 -0.0050395988260992551 -0.00057129428269785468 -0.00021970576306069132 0.012557445486475314 0.0041607984167846982 -0.0094756227086240513 0.0029936030642286932
leaf_weight=55 272 352 383 1059 188 62 682 1178 449 741 28 1328 436 1427
leaf_count=55 272 352 383 1059 188 62 682 1178 449 741 28 1328 436 1427
internal_value=-9.07983e-12 0.00112823 0.00253205 0.00290246 0.00183267 -0.0055852 -0.00409032 -0.00346717 -0.00380649 0.00243997 0.000245522 0.00355312 -0.00844887 0.00403723
internal_weight=8640 7188 5506 5123 2637 1452 954 1682 1627 2285 769 1516 498 2486
internal_count=8640 7188 5506 5123 2637 1452 954 1682 1627 2285 769 1516 498 2486
is_linear=0
shrinkage=0.05


Tree=6
num_leaves=15
num_cat=0
split_feature=5 1 8 1 4 4 3 3 5 5 5 7 7 5
split_gain=19.658 17.0134 3.35426 2.27727 2.50707 2.22628 2.30124 2.1213 2.30651 2.08924 2.00012 1.46417 1.40644 1.40058
threshold=11.950000000000001 16.079350000000005 15.550000000000001 27.379200000000004 17.650000000000002 9.5500000000000025 1.3500000000000003 6.6500000000000012 7.9500000000000011 2.0500000000000003 5.7500000000000009 7.4223382686496828 4.1350802563475346 13.250000000000002
decision_type=2 2 2 2 2 2 2 2 2 2 2 2 2 2
left_child=1 7 5 4 -2 6 -3 -1 -9 -8 -11 -10 -12 -5
right_child=3 2 -4 13 -6 -7 9 8 11 10 12 -13 -14 -15
leaf_value=0.004892839283992847 0.002519021666962341 0.0093966131770381878 -0.0021654063835740089 -0.0025689718546345833 -0.0048442275248782611 0.0038839126863872628 -0.0021364511075344953 -0.0052208924258831052 -0.0019707574512703354 0.0031258980065900078 -0.00043028012781033031 0.0078068127960716259 0.0098217683924095977 -0.0092532294459898353
leaf_weight=75 134 96 370 97 842 2377 341 980 579 1508 757 41 35 408
leaf_count=75 134 96 370 97 842 2377 341 980 579 1508 757 41 35 408
internal_value=-3.07042e-11 0.00108476 0.00243186 -0.00524362 -0.00383329 0.00276447 0.00179227 -0.00332567 -0.00371091 0.00151585 0.00205735 -0.00132418 2.27776e-05 -0.00796932
internal_weight=8640 7159 5484 1481 976 5114 2737 1675 1600 2641 2300 620 792 505
internal_count=8640 7159 5484 1481 976 5114 2737 1675 1600 2641 2300 620 792 505
is_linear=0
shrinkage=0.05


Tree=7
num_leaves=15
num_cat=0
split_feature=5 1 8 4 5 1 3 5 3 3 5 2 5 5
split_gain=17.7461 15.0971 3.2956 2.0389 2.08366 2.02183 2.42464 2.01277 2.11708 1.85702 1.56932 1.37966 4.08082 3.25315
threshold=12.050000000000002 16.079350000000005 15.550000000000001 9.2500000000000018 2.0500000000000003 27.379200000000004 14.65 9.9500000000000011 5.9500000000000011 1.3500000000000003 5.7500000000000009 77.393050000000017 5.0500000000000007 8.6500000000000004
decision_type=2 2 2 2 2 2 2 2 2 2 2 2 2 2
left_child=1 7 3 4 -3 6 -2 8 -1 -6 -11 12 -5 -13
right_child=5 2 -4 11 9 -7 -8 -9 -10 10 -12 13 -14 -15
leaf_value=0.0060120371785999929 0.0015693179590384257 -0.0019300308385523256 -0.0021888902917256282 -0.0016555877853939426 0.0099939527580391856 -0.0076241687900970231 -0.0049010189173188962 0.00080198884170652534 -0.0042681749534899029 0.0029020041959267034 9.3804620717963667e-05 0.0062159505709185247 0.0042317619260883836 -0.0030858768545583173
leaf_weight=52 178 352 383 395 74 498 776 273 1357 1455 756 830 1155 106
leaf_count=52 178 352 383 395 74 498 776 273 1357 1455 756 830 1155 106
internal_value=3.20369e-11 0.00101846 0.00228497 0.00261944 0.00165093 -0.0050418 -0.00369377 -0.00312743 -0.00388878 0.00220258 0.00194181 0.00364677 0.00273144 0.00516254
internal_weight=8640 7188 5506 5123 2637 1452 954 1682 1409 2285 2211 2486 1550 936
internal_count=8640 7188 5506 5123 2637 1452 954 1682 1409 2285 2211 2486 1550 936
is_linear=0
shrinkage=0.05


Tree=8
num_leaves=15
num_cat=0
split_feature=5 1 3 6 3 5 4 5 4 8 2 5 5 8
split_gain=16.0209 13.8649 2.806 1.87568 1.76214 1.96334 1.72278 2.23045 1.72091 2.15109 2.43447 4.83122 2.8606 2.64155
threshold=11.950000000000001 16.079350000000005 18.750000000000004 6.1500000000000021 6.6500000000000012 7.9500000000000011 5.6500000000000012 2.0500000000000003 22.250000000000004 12.616666666666669 77.393050000000017 8.5500000000000025 5.0500000000000007 9.7500000000000018
decision_type=2 2 2 2 2 2 2 2 2 2 2 2 2 2
left_child=1 4 6 -2 -1 -6 7 -3 9 10 12 13 -8 -12
right_child=3 2 -4 -5 5 -7 8 -9 -10 -11 11 -13 -14 -15
leaf_value=0.0044883249777679648 -0.00049625596364274169 -0.0036378243572854083 -0.0040525887330094806 -0.0054809438937763084 -0.004746439095364696 -0.001151277326810692 -0.0019479667854532389 0.0017882093864396099 -0.00095080293893704123 0.0066560612531655688 0.0043671320804571376 -0.0040628852503640312 0.0028197102511185873 0.018235905151814221
leaf_weight=75 222 233 174 1259 980 620 484 1012 271 397 1804 175 899 35
leaf_count=75 222 233 174 1259 980 620 484 1012 271 397 1804 175 899 35
internal_value=-3.90462e-11 0.000979282 0.00219536 -0.00473375 -0.0030022 -0.00335331 0.0024001 0.000772735 0.00289851 0.00317346 0.00276646 0.00387565 0.0011512 0.00463108
internal_weight=8640 7159 5484 1481 1675 1600 5310 1245 4065 3794 3397 2014 1383 1839
internal_count=8640 7159 5484 1481 1675 1600 5310 1245 4065 3794 3397 2014 1383 1839
is_linear=0
shrinkage=0.05


Tree=9
num_leaves=15
num_cat=0
split_feature=5 1 8 1 3 4 3 5 3 5 5 6 3 5
split_gain=14.4692 12.2872 2.72477 1.79598 2.14887 1.78284 1.92142 1.72673 1.75433 1.53916 1.66479 1.31331 1.25888 2.29317
threshold=12.050000000000002 16.079350000000005 15.550000000000001 27.379200000000004 16.750000000000004 9.5500000000000025 1.3500000000000003 9.9500000000000011 5.9500000000000011 2.0500000000000003 5.7500000000000009 10.350000000000003 6.5500000000000007 6.1500000000000012
decision_type=2 2 2 2 2 2 2 2 2 2 2 2 2 2
left_child=1 7 5 4 -2 6 -3 8 -1 -8 -11 -12 -7 -14
right_child=3 2 -4 -5 -6 12 9 -9 -10 10 11 -13 13 -15
leaf_value=0.0054870190219774564 -3.7367757380618459e-06 0.0084455313074613524 -0.0020057742962949271 -0.0069864296276392571 -0.0049997684304057934 0.0047263730825953167 -0.0018905695121874623 0.00081892672330465162 -0.0038711247678397706 0.0026851158462866554 -0.00052183483839982709 0.010697456435472878 -0.00061358800642968467 0.0037668751836844685
leaf_weight=52 328 96 383 498 626 993 341 273 1357 1508 769 27 435 954
leaf_count=52 328 96 383 498 626 993 341 273 1357 1508 769 27 435 954
internal_value=-1.05013e-11 0.000919633 0.00206221 -0.00455256 -0.00328206 0.00236634 0.00149682 -0.00282059 -0.00352576 0.00124462 0.00170863 -0.000141281 0.00336691 0.00239502
internal_weight=8640 7188 5506 1452 954 5123 2741 1682 1409 2645 2304 796 2382 1389
internal_count=8640 7188 5506 1452 954 5123 2741 1682 1409 2645 2304 796 2382 1389
is_linear=0
shrinkage=0.05


Tree=10
num_leaves=15
num_cat=0
split_feature=5 1 3 6 2 3 4 4 3 5 8 3 0 5
split_gain=13.0588 11.3003 2.39862 1.67183 1.5231 1.49993 1.59074 1.73203 1.49218 1.73186 1.47648 2.04204 1.54886 1.35586
threshold=11.950000000000001 16.079350000000005 18.750000000000004 3.4000000000000017 78.923900000000017 1.7000000000000004 10.050000000000002 22.250000000000004 6.9500000000000011 7.9500000000000011 12.616666666666669 12.850000000000003 36.000000000000007 2.6500000000000008
decision_type=2 2 2 2 2 2 2 2 2 2 2 2 2 2
left_child=1 8 5 -2 -5 -3 13 10 -1 -10 11 -8 -12 -7
right_child=3 2 -4 4 -6 6 7 -9 9 -11 12 -13 -14 -15
leaf_value=0.0034801273325802354 0.0032125274216423996 0.0061943276596532482 -0.0037946416551164278 -0.0050402760115445143 0.0022824495031187934 -0.00092349307164947222 0.0031805389574920242 -0.00083503232209434304 -0.0043900348273621303 -0.00099797747442808746 0.0015109888028554104 -0.0048148537176616844 0.0082647073376850722 0.0017658449243668187
leaf_weight=92 71 222 174 1335 75 602 1620 269 967 616 123 84 274 2116
leaf_count=92 71 222 174 1335 75 602 1620 269 967 616 123 84 274 2116
internal_value=-1.65143e-11 0.000884131 0.00198199 -0.0042738 -0.00465077 0.00217128 0.00199575 0.00294252 -0.0027103 -0.00307007 0.00342618 0.0027864 0.00617225 0.00117019
internal_weight=8640 7159 5484 1481 1410 5310 5088 2370 1675 1583 2101 1704 397 2718
internal_count=8640 7159 5484 1481 1410 5310 5088 2370 1675 1583 2101 1704 397 2718
is_linear=0
shrinkage=0.05


Tree=11
num_leaves=15
num_cat=0
split_feature=5 1 3 1 3 5 3 4 5 2 5 5 8 3
split_gain=11.7926 10.0065 2.27492 1.57279 1.94307 1.47505 1.46479 1.38204 1.81692 1.40692 4.70828 3.20018 2.7481 2.03192
threshold=12.050000000000002 16.079350000000005 18.750000000000004 27.379200000000004 14.65 9.9500000000000011 5.9500000000000011 5.6500000000000012 1.8500000000000003 77.393050000000017 8.5500000000000025 5.0500000000000007 9.7500000000000018 7.0500000000000007
decision_type=2 2 2 2 2 2 2 2 2 2 2 2 2 2
left_child=1 5 7 4 -2 6 -1 8 -3 11 12 -9 -11 -13
right_child=3 2 -4 -5 -6 -7 -8 9 -10 10 -12 13 -14 -15
leaf_value=0.0050386617354188975 0.0017904979913898359 -0.0037898257740682003 -0.0036830064344792837 -0.006387580137131324 -0.0040017503723274129 0.0008187525086763704 -0.0035124203409108178 -0.0019047086958798067 0.0014224894227834871 0.0039060033565885711 -0.0041774368552944148 0.0071785643106124751 0.017321235027450782 0.0019621083476827456
leaf_weight=52 178 199 179 498 776 273 1357 501 1046 1804 185 217 39 1336
leaf_count=52 178 199 179 498 776 273 1357 501 1046 1804 185 217 39 1336
internal_value=-1.18562e-11 0.000830226 0.00186133 -0.00410996 -0.00292102 -0.00254508 -0.00319684 0.00204763 0.000589356 0.00249241 0.00342659 0.00157004 0.00418989 0.002691
internal_weight=8640 7188 5506 1452 954 1682 1409 5327 1245 4082 2028 2054 1843 1553
internal_count=8640 7188 5506 1452 954 1682 1409 5327 1245 4082 2028 2054 1843 1553
is_linear=0
shrinkage=0.05


Tree=12
num_leaves=15
num_cat=0
split_feature=5 1 3 1 3 1 3 4 4 3 5 7 8 3
split_gain=10.6452 9.21044 1.99791 1.47831 2.78782 1.5962 1.35683 1.33801 1.76305 1.29048 1.35176 1.40471 1.2542 1.86007
threshold=11.950000000000001 16.079350000000005 19.650000000000002 31.383250000000004 15.550000000000002 16.079350000000005 1.7000000000000004 10.050000000000002 22.250000000000004 4.2500000000000009 7.9500000000000011 7.4223382686496828 12.616666666666669 13.950000000000001
decision_type=2 2 2 2 2 2 2 2 2 2 2 2 2 2
left_child=1 9 6 4 -2 -6 -3 -8 12 -1 -11 -12 13 -9
right_child=3 2 -4 -5 5 -7 7 8 -10 10 11 -13 -14 -15
leaf_value=0.0093151251259057429 0.0014720652864379147 0.0057690785587912116 -0.0041727572133132412 -0.0067692212674777836 0.006099306669618402 -0.0047980919000957436 0.0010161366651452392 0.0028070643312288002 -0.0010429264045440517 -0.0037378563968920794 -0.0014317707555127821 0.0079288725478596292 0.0055941442423947871 -0.0073858490132767234
leaf_weight=23 267 222 137 337 35 842 2718 1658 287 1019 590 43 416 46
leaf_count=23 267 222 137 337 35 842 2718 1658 287 1019 590 43 416 46
internal_value=1.0666e-11 0.000798254 0.00178941 -0.00385868 -0.00300129 -0.00436319 0.00194217 0.0017764 0.0026349 -0.00244682 -0.00261058 -0.000795898 0.0031328 0.0025319
internal_weight=8640 7159 5484 1481 1144 877 5347 5125 2407 1675 1652 633 2120 1704
internal_count=8640 7159 5484 1481 1144 877 5347 5125 2407 1675 1652 633 2120 1704
is_linear=0
shrinkage=0.05


Tree=13
num_leaves=15
num_cat=0
split_feature=5 1 8 6 4 5 3 5 2 5 5 8 3 5
split_gain=9.60763 8.15047 1.95105 1.45232 1.32502 1.25764 1.28884 1.22574 1.159 3.9598 3.21028 2.42648 2.00412 1.8028
threshold=12.050000000000002 16.079350000000005 15.550000000000001 3.4000000000000017 6.3500000000000005 9.9500000000000011 6.9500000000000011 2.0500000000000003 77.393050000000017 8.5500000000000025 5.5500000000000007 9.3500000000000032 6.7500000000000009 5.7500000000000009
decision_type=2 2 2 2 2 2 2 2 2 2 2 2 2 2
left_child=1 5 4 -2 7 6 -1 -3 10 11 -6 13 -12 -10
right_child=3 2 -4 -5 8 -7 -8 -9 9 -11 12 -13 -14 -15
leaf_value=0.0030325679674333091 0.0033165041395529574 -0.002424168004521048 -0.0017623461221068779 -0.0040656142127701838 -0.0015282369025549592 0.00080920921360575794 -0.0032842158147333017 0.0013437875335946547 0.0047114715723498013 -0.0038417378841931454 0.0081605110088923231 0.014044216578289616 0.0022052878243542886 0.00088682283964702118
leaf_weight=86 70 262 383 1382 576 273 1323 1225 1188 174 163 59 1060 416
leaf_count=86 70 262 383 1382 576 273 1323 1225 1188 174 163 59 1060 416
internal_value=-1.38945e-11 0.000749377 0.00167995 -0.00370973 0.0019373 -0.00229685 -0.00289866 0.000679898 0.00245154 0.00333494 0.00154947 0.00408584 0.00299899 0.00371954
internal_weight=8640 7188 5506 1452 5123 1682 1409 1487 3636 1837 1799 1663 1223 1604
internal_count=8640 7188 5506 1452 5123 1682 1409 1487 3636 1837 1799 1663 1223 1604
is_linear=0
shrinkage=0.05


Tree=14
num_leaves=15
num_cat=0
split_feature=5 1 3 7 3 4 5 4 8 2 5 5 3 8
split_gain=8.67509 7.50667 1.70673 1.32537 1.24263 1.1694 1.30908 1.12044 1.69448 1.72346 3.21246 2.11039 2.11387 2.06319
threshold=11.950000000000001 16.079350000000005 19.650000000000002 2.4740876804485592 0.90000000000000013 4.5500000000000007 2.6500000000000008 22.250000000000004 12.616666666666669 77.393050000000017 8.5500000000000025 5.0500000000000007 6.6500000000000012 9.7500000000000018
decision_type=2 2 2 2 2 2 2 2 2 2 2 2 2 2
left_child=1 -1 4 -2 -3 6 -6 8 9 11 13 -7 -13 -11
right_child=3 2 -4 -5 5 7 -8 -9 -10 10 -12 12 -14 -15
leaf_value=-0.0022089917100097207 0.00036919981866208453 0.0090996499340817855 -0.0038951878732471409 -0.0040640914288727478 -0.0027939081756120322 -0.0020634642817583429 0.0013959516846354107 -0.0010140366250065811 0.0052331549938221898 0.0030711956292208123 -0.0035295970927647969 0.0064729728940434161 0.00068661462587659209 0.015312097962014376
leaf_weight=1675 194 57 137 1287 285 512 539 289 416 2089 189 201 735 35
leaf_count=1675 194 57 137 1287 285 512 539 289 416 2089 189 201 735 35
internal_value=1.70158e-11 0.000720612 0.00161541 -0.00348336 0.0017566 0.00167748 -5.3211e-05 0.0019968 0.00220512 0.00187019 0.00271706 0.000517428 0.0019292 0.00327291
internal_weight=8640 7159 5484 1481 5347 5290 824 4466 4177 3761 2313 1448 936 2124
internal_count=8640 7159 5484 1481 5347 5290 824 4466 4177 3761 2313 1448 936 2124
is_linear=0
shrinkage=0.05


Tree=15
num_leaves=15
num_cat=0
split_feature=5 1 8 1 4 4 3 5 5 3 5 5 6 6
split_gain=7.83346 6.6319 1.61698 1.26362 1.56918 1.22323 1.40275 1.14827 1.13656 1.16318 1.02998 1.40549 1.23433 1.13412
threshold=12.050000000000002 16.079350000000005 15.550000000000001 27.379200000000004 16.550000000000004 9.5500000000000025 1.3500000000000003 12.750000000000002 9.9500000000000011 6.9500000000000011 2.0500000000000003 5.7500000000000009 10.350000000000003 6.3500000000000014
decision_type=2 2 2 2 2 2 2 2 2 2 2 2 2 2
left_child=1 8 5 4 -2 6 -3 -5 9 -1 -8 13 -13 -12
right_child=3 2 -4 7 -6 -7 10 -9 -10 -11 11 12 -14 -15
leaf_value=0.0029913892861195778 0.0035447527550486399 0.0069673429735151631 -0.0016176948345958697 0.00097559048388633999 -0.0029895162095778683 0.0025791533147164728 -0.0017500668298069027 -0.0062966402439045971 0.00088157684716222049 -0.0030095553456386186 0.0025488360626088574 -0.00087447741655290721 0.010002209549700773 -0.0020191129546809866
leaf_weight=86 103 96 383 62 851 2382 341 436 273 1323 1357 769 27 151
leaf_count=86 103 96 383 62 851 2382 341 436 273 1323 1357 769 27 151
internal_value=1.78812e-11 0.000676658 0.00151608 -0.00334974 -0.00228403 0.00175036 0.00103012 -0.00539126 -0.00207117 -0.00264328 0.000814631 0.00119421 -0.000505545 0.00209144
internal_weight=8640 7188 5506 1452 954 5123 2741 498 1682 1409 2645 2304 796 1508
internal_count=8640 7188 5506 1452 954 5123 2741 498 1682 1409 2645 2304 796 1508
is_linear=0
shrinkage=0.05


Tree=16
num_leaves=15
num_cat=0
split_feature=5 1 3 1 3 2 3 5 3 4 4 8 3 0
split_gain=7.07072 6.11873 1.46914 1.18979 2.34476 1.4522 1.08652 1.10056 1.07548 1.08296 1.25844 1.03454 1.6457 1.41919
threshold=11.950000000000001 16.079350000000005 19.650000000000002 31.383250000000004 14.65 78.923900000000017 11.250000000000002 9.8500000000000032 1.7000000000000004 10.050000000000002 22.250000000000004 12.616666666666669 13.950000000000001 36.000000000000007
decision_type=2 2 2 2 2 2 2 2 2 2 2 2 2 2
left_child=1 6 8 4 -2 -6 7 -1 -3 -10 11 12 -11 -13
right_child=3 2 -4 -5 5 -7 -8 -9 9 10 -12 13 -14 -15
leaf_value=-0.0011820398154919799 0.0023705787523623551 0.0049965368748457924 -0.0036542402281110214 -0.0057559211730462351 -0.0038676868395111762 0.0059890550573189292 -0.0030880150756818249 0.0052600272506399945 0.00075785821653137186 0.0023479189109881504 -0.00089304614489661206 0.00048966348185786046 -0.0072396584968689994 0.0068172251722788575
leaf_weight=637 212 222 137 337 893 39 964 74 2718 1658 287 128 46 288
leaf_count=637 212 222 137 337 893 39 964 74 2718 1658 287 128 46 288
internal_value=-1.34692e-11 0.000650573 0.00145843 -0.0031448 -0.00237562 -0.00345523 -0.00199437 -0.000511557 0.00158942 0.00144184 0.00221419 0.00263484 0.0020891 0.00487028
internal_weight=8640 7159 5484 1481 1144 932 1675 711 5347 5125 2407 2120 1704 416
internal_count=8640 7159 5484 1481 1144 932 1675 711 5347 5125 2407 2120 1704 416
is_linear=0
shrinkage=0.05


Tree=17
num_leaves=15
num_cat=0
split_feature=5 1 3 6 5 3 3 5 7 7 1 3 2 0
split_gain=6.38218 5.4021 1.40553 1.12172 1.05543 1.27016 1.04366 1.13121 1.16277 0.991233 0.875409 1.32099 1.04201 0.953426
threshold=12.050000000000002 16.079350000000005 18.750000000000004 3.4000000000000017 1.5500000000000003 2.4500000000000006 4.2500000000000009 7.4500000000000011 2.7872724048220836 7.4223382686496828 27.379200000000004 14.65 78.923900000000017 60.000000000000007
decision_type=2 2 2 2 2 2 2 2 2 2 2 2 2 2
left_child=1 6 4 -2 -3 -6 -1 8 -8 -9 11 13 -13 -5
right_child=3 2 -4 10 5 -7 7 9 -10 -11 -12 12 -14 -15
leaf_value=0.0087085534656501339 0.0031514063577508622 -0.0014845209042629623 -0.0029896234341652535 0.0055108852472962678 0.004262753284901606 0.0014364546870698075 0.0019734730433507747 -0.0011064262770264673 -0.0038512838046381097 0.005860738587692719 -0.005020866540208873 -0.0036865512611930842 0.0051531204235340869 -0.0024966311641037467
leaf_weight=23 70 278 179 82 435 4614 96 711 797 55 495 702 35 68
leaf_count=23 70 278 179 82 435 4614 96 711 797 55 495 702 35 68
internal_value=1.1126e-11 0.000610769 0.00136837 -0.00302356 0.00151481 0.00167996 -0.00186923 -0.00201588 -0.00322511 -0.000606173 -0.00333633 -0.00239625 -0.00326676 0.00188081
internal_weight=8640 7188 5506 1452 5327 5049 1682 1659 893 766 1382 887 737 150
internal_count=8640 7188 5506 1452 5327 5049 1682 1659 893 766 1382 887 737 150
is_linear=0
shrinkage=0.05


Tree=18
num_leaves=15
num_cat=0
split_feature=5 1 8 8 4 0 6 3 7 3 5 4 1 3
split_gain=5.76409 4.98944 1.22787 1.20852 1.32165 1.25438 1.08988 1.00387 0.9951 0.965103 0.970222 0.850301 0.849832 1.1665
threshold=11.950000000000001 16.079350000000005 15.116666666666669 12.616666666666669 20.050000000000004 36.000000000000007 9.6500000000000039 0.90000000000000013 1.265789169736502 11.250000000000002 9.8500000000000032 27.750000000000004 27.379200000000004 14.65
decision_type=2 2 2 2 2 2 2 2 2 2 2 2 2 2
left_child=1 9 3 7 5 -5 -7 -3 -2 10 -1 -11 13 -10
right_child=8 2 -4 4 -6 6 -8 -9 12 11 -12 -13 -14 -15
leaf_value=-0.0010330533475542531 0.0038880690486381218 0.0079032694479744692 -0.0012513001703640658 0.0010580898628810818 -0.00040233103348255421 0.0060413294788576712 0.014587069091387093 0.0012268022651962473 0.0016928734596149298 -0.0031156919792071375 0.0050155460445927714 0.004934640419121613 -0.0047431835211317244 -0.0030016513338489035
leaf_weight=637 53 57 429 89 113 147 50 4599 160 930 74 34 503 765
leaf_count=637 53 57 429 89 113 147 50 4599 160 930 74 34 503 765
internal_value=1.99245e-11 0.000587395 0.0013169 0.00153485 0.00417578 0.00598461 0.0082103 0.00130854 -0.0028394 -0.00180103 -0.000403523 -0.00283176 -0.00308909 -0.00218963
internal_weight=8640 7159 5484 5055 399 286 197 4656 1481 1675 711 964 1428 925
internal_count=8640 7159 5484 5055 399 286 197 4656 1481 1675 711 964 1428 925
is_linear=0
shrinkage=0.05


Tree=19
num_leaves=15
num_cat=0
split_feature=3 5 1 8 5 4 2 5 3 5 3 4 5 3
split_gain=5.2274 2.83283 2.89943 2.6889 2.27581 1.05437 1.13552 2.50904 2.51064 2.39085 2.30278 1.13397 1.31145 1.42141
threshold=19.150000000000002 19.850000000000005 16.079350000000005 17.416666666666671 11.050000000000002 4.5500000000000007 77.393050000000017 5.5500000000000007 6.5500000000000007 5.7500000000000009 6.9500000000000011 9.8500000000000032 6.5500000000000007 9.2500000000000018
decision_type=2 2 2 2 2 2 2 2 2 2 2 2 2 2
left_child=1 2 3 -1 5 -4 7 -7 -9 -8 -11 -12 -13 -14
right_child=-2 -3 4 -5 -6 6 9 8 -10 10 11 12 13 -15
leaf_value=-0.0017259268268534262 -0.003863393916329662 -0.0061311891790982228 -0.00018457292314217298 0.0098316627885931401 -0.001252357089080859 -0.0017343051911840196 0.0035904858423762617 0.0079289235670498958 0.0012965750260966859 -0.0020121410362290868 0.0016529757032517607 0.019165050881830129 -0.0016104568567659175 0.013999475792050362
leaf_weight=1562 795 163 835 52 925 628 1595 162 1197 460 184 22 35 25
leaf_count=1562 795 163 835 52 925 628 1595 162 1197 460 184 22 35 25
internal_value=-8.89615e-12 0.00039151 0.000529912 -0.00135356 0.00103089 0.00144154 0.00175673 0.000879387 0.00208719 0.00250782 0.000129221 0.00383233 0.00872259 0.00489368
internal_weight=8640 7845 7682 1614 6068 5143 4308 1987 1359 2321 726 266 82 60
internal_count=8640 7845 7682 1614 6068 5143 4308 1987 1359 2321 726 266 82 60
is_linear=0
shrinkage=0.05


Tree=20
num_leaves=15
num_cat=0
split_feature=3 5 1 5 3 5 4 2 5 5 4 3 5 7
split_gain=4.71773 2.55663 2.6184 2.02349 1.68834 1.52696 1.32871 1.26093 1.25735 1.41961 1.25131 1.29519 1.28769 1.24947
threshold=19.150000000000002 19.850000000000005 22.610250000000004 7.4500000000000011 6.9500000000000011 11.050000000000002 8.9500000000000011 77.393050000000017 2.6500000000000008 5.4500000000000011 19.450000000000003 10.65 15.850000000000003 2.8150376215268342
decision_type=2 2 2 2 2 2 2 2 2 2 2 2 2 2
left_child=1 2 3 4 -1 6 8 -7 -4 -10 12 -12 -5 -6
right_child=-2 -3 5 10 13 7 -8 -9 9 -11 11 -13 -14 -15
leaf_value=0.0045873601913440209 -0.003670224211604844 -0.005824629735898661 -0.0012655120557339857 0.0013215847165861389 0.0019381261139642448 0.0033301722910255198 0.0024236218098073379 -0.0039144278089013494 0.0024732371911036777 -0.00034656044981712044 0.004011840430507045 -0.00153683382099641 0.011701309979863225 -0.0037337006072496607
leaf_weight=78 795 163 618 827 110 80 1989 241 1109 747 119 905 31 828
leaf_count=78 795 163 618 827 110 80 1989 241 1109 747 119 905 31 828
internal_value=-6.68721e-12 0.000371935 0.000503416 -0.000682619 -0.0024808 0.00122188 0.00146145 -0.00210892 0.000687895 0.00133833 0.000288133 -0.000892017 0.00169661 -0.00306856
internal_weight=8640 7845 7682 2898 1016 4784 4463 321 2474 1856 1882 1024 858 938
internal_count=8640 7845 7682 2898 1016 4784 4463 321 2474 1856 1882 1024 858 938
is_linear=0
shrinkage=0.05


Tree=21
num_leaves=15
num_cat=0
split_feature=5 1 3 5 3 3 5 7 6 3 4 4 8 4
split_gain=4.27935 3.64737 0.958641 0.905969 1.08388 0.884323 0.891203 1.05295 0.828052 0.795633 0.789347 0.776487 1.13147 0.732086
threshold=12.050000000000002 16.079350000000005 18.750000000000004 1.5500000000000003 2.4500000000000006 4.2500000000000009 7.9500000000000011 7.4223382686496828 3.4000000000000017 13.350000000000003 9.4500000000000011 2.6500000000000008 2.7333333333333338 10.050000000000002
decision_type=2 2 2 2 2 2 2 2 2 2 2 2 2 2
left_child=1 5 3 -3 11 -1 10 9 -2 -8 -7 -5 -13 -6
right_child=8 2 -4 4 13 6 7 -9 -10 -11 -12 12 -14 -15
leaf_value=0.0081992563913049904 0.0028295879152470402 -0.0015352697862921914 -0.0024764632477097259 0.010710890938502712 0.0005609292264030693 0.0020821432981370804 0.00081071781292679562 0.0073464139429635783 -0.002744569047375221 -0.0028830885592656644 -0.0030054693274524833 -0.0060344165461438323 0.0039132025272379904 0.0018211543789910592
leaf_weight=23 70 278 179 37 2378 83 344 43 1382 253 936 31 367 2236
leaf_count=23 70 278 179 37 2378 83 344 43 1382 253 936 31 367 2236
internal_value=-1.13754e-11 0.000500128 0.00112264 0.00124358 0.00139659 -0.00153767 -0.00167266 -0.000210373 -0.00247584 -0.000754664 -0.00259107 0.00378249 0.00313839 0.00117165
internal_weight=8640 7188 5506 5327 5049 1682 1659 640 1452 597 1019 435 398 4614
internal_count=8640 7188 5506 5327 5049 1682 1659 640 1452 597 1019 435 398 4614
is_linear=0
shrinkage=0.05


Tree=22
num_leaves=15
num_cat=0
split_feature=3 5 1 5 3 4 5 4 2 3 5 5 4 8
split_gain=3.9492 2.19237 2.14859 1.73524 1.45285 1.44962 1.26979 1.1428 1.11022 1.09435 1.07326 0.970164 0.92733 0.896631
threshold=19.150000000000002 19.850000000000005 22.610250000000004 7.8500000000000005 6.9500000000000011 19.450000000000003 11.050000000000002 4.5500000000000007 77.393050000000017 1.3500000000000003 15.850000000000003 1.8500000000000003 9.6500000000000004 9.6500000000000021
decision_type=2 2 2 2 2 2 2 2 2 2 2 2 2 2
left_child=1 2 3 4 -1 10 7 11 -8 -9 -5 -4 -6 -11
right_child=-2 -3 6 5 12 -7 8 9 -10 13 -12 -13 -14 -15
leaf_value=0.0042102195324592428 -0.0033580011571830715 -0.0053978796791216716 -0.0039830162654009961 0.0016218506817043878 0.0022664586513099169 -0.00089608224742797099 0.003179178155260161 0.0073200772839653143 -0.0036186911787884114 0.0012167758352214194 0.011118614093133909 0.00046011618770067813 -0.0030647229044389566 0.0033219276320577643
leaf_weight=84 795 163 150 738 89 979 80 85 241 2938 31 679 977 611
leaf_count=84 795 163 150 738 89 979 80 85 241 2938 31 679 977 611
internal_value=-1.37352e-11 0.000340295 0.00046205 -0.000612327 -0.00212075 0.000380056 0.00111287 0.00133134 -0.00192452 0.00171348 0.00200469 -0.000343828 -0.00261962 0.0015792
internal_weight=8640 7845 7682 2898 1150 1748 4784 4463 321 3634 769 829 1066 3549
internal_count=8640 7845 7682 2898 1150 1748 4784 4463 321 3634 769 829 1066 3549
is_linear=0
shrinkage=0.05


Tree=23
num_leaves=15
num_cat=0
split_feature=3 5 1 5 8 5 5 4 5 5 7 2 2 4
split_gain=3.56416 1.97861 1.93911 1.58447 1.17093 1.14598 1.14561 1.05583 1.04926 1.27741 1.23596 1.00197 0.908175 0.887551
threshold=19.150000000000002 19.850000000000005 22.610250000000004 7.2500000000000009 9.3500000000000032 11.050000000000002 5.3500000000000005 8.9500000000000011 2.6500000000000008 5.4500000000000011 4.1350802563475346 77.393050000000017 77.393050000000017 19.450000000000003
decision_type=2 2 2 2 2 2 2 2 2 2 2 2 2 2
left_child=1 2 3 4 6 7 -1 8 12 -10 -11 -7 -4 -5
right_child=-2 -3 5 13 -6 11 -8 -9 9 10 -12 -13 -14 -15
leaf_value=-0.0028301741794816088 -0.0031901010887480617 -0.0051279856467710966 -0.0084953335346654064 0.0013785933802059884 -0.0031554156198218943 0.0030202193686272951 0.0049230854932102372 0.0021224712095571736 0.0022459543598204856 -0.00082272979475722728 0.01007370814267132 -0.0034377566413157836 -0.00070501671342467604 -0.00075769062292210571
leaf_weight=91 795 163 40 904 751 80 100 1989 1109 720 27 241 578 1052
leaf_count=91 795 163 40 904 751 80 100 1989 1109 720 27 241 578 1052
internal_value=-1.0581e-11 0.00032328 0.000438947 -0.00058171 -0.00226641 0.00105723 0.00122912 0.00126477 0.000575212 0.00116939 -0.000428883 -0.00182829 -0.00120924 0.000229631
internal_weight=8640 7845 7682 2898 942 4784 191 4463 2474 1856 747 321 618 1956
internal_count=8640 7845 7682 2898 942 4784 191 4463 2474 1856 747 321 618 1956
is_linear=0
shrinkage=0.05


Tree=24
num_leaves=15
num_cat=0
split_feature=3 5 1 5 3 4 5 4 3 5 3 7 5 6
split_gain=3.21665 1.7857 1.75004 1.44174 1.26676 1.20883 1.03425 0.993278 0.991163 0.968613 0.94546 0.8596 0.835914 0.803226
threshold=19.150000000000002 19.850000000000005 22.610250000000004 7.8500000000000005 6.9500000000000011 19.450000000000003 11.050000000000002 4.5500000000000007 1.3500000000000003 15.850000000000003 10.050000000000002 3.137585746881967 1.8500000000000003 8.7500000000000018
decision_type=2 2 2 2 2 2 2 2 2 2 2 2 2 2
left_child=1 2 3 4 13 9 7 12 -9 11 -8 -5 -4 -1
right_child=-2 -3 6 5 -6 -7 10 8 -10 -11 -12 -13 -14 -15
leaf_value=-0.0016616534603397467 -0.0030305960348883422 -0.004871586389251145 -0.003738227415752287 -0.0001053762176397228 -0.0023934061794822878 -0.00081339361389952197 -0.0031305466219416172 0.0068935267055092167 0.0014300070948108602 0.010493753836940855 0.0035465840403157384 0.0033180858396158058 0.00038604706666221095 0.0082183397358069968
leaf_weight=36 795 163 150 398 1066 979 254 85 3549 31 67 340 679 48
leaf_count=36 795 163 150 398 1066 979 254 85 3549 31 67 340 679 48
internal_value=-9.01605e-12 0.000307116 0.000417 -0.000552625 -0.00192757 0.000351947 0.00100437 0.00120153 0.0015578 0.00183552 -0.00173688 0.00147183 -0.000360203 0.00398406
internal_weight=8640 7845 7682 2898 1150 1748 4784 4463 3634 769 321 738 829 84
internal_count=8640 7845 7682 2898 1150 1748 4784 4463 3634 769 321 738 829 84
is_linear=0
shrinkage=0.05


Tree=25
num_leaves=15
num_cat=0
split_feature=5 1 5 8 5 3 4 3 5 5 6 3 2 8
split_gain=2.94211 2.07782 1.1889 1.07938 1.02362 0.792253 0.869749 1.18613 0.930146 1.48772 1.42887 0.983295 0.944405 1.00816
threshold=13.750000000000002 22.610250000000004 7.2500000000000009 9.3500000000000032 5.3500000000000005 1.7000000000000004 9.8500000000000032 19.650000000000002 5.7500000000000009 2.6500000000000008 10.350000000000003 4.8500000000000005 77.393050000000017 5.9500000000000002
decision_type=2 2 2 2 2 2 2 2 2 2 2 2 2 2
left_child=1 2 3 4 -1 -3 8 -8 9 -7 11 -10 -11 -14
right_child=-2 5 -4 -5 -6 6 7 -9 10 12 -12 -13 13 -15
leaf_value=-0.0025975444757093034 -0.0025899964755060683 0.0038884620317068304 3.7336469081684198e-06 -0.0029438864242069939 0.004731285140733235 -0.0011900414954784562 0.0019925434930138926 -0.0028212626250393256 -0.0048255103012541612 -0.001578170714441975 0.0099701654997521229 -0.0006026655240895947 0.0014511863446265262 0.0048636714297463184
leaf_weight=91 973 221 1874 800 100 593 1760 138 176 173 28 636 777 300
leaf_count=91 973 221 1874 800 100 593 1760 138 176 173 28 636 777 300
internal_value=1.75284e-11 0.00032869 -0.00073695 -0.0021376 0.00123954 0.000964479 0.000823418 0.00164254 0.000243956 0.000872466 -0.00113502 -0.00151796 0.00185092 0.00240174
internal_weight=8640 7667 2865 991 191 4802 4581 1898 2683 1843 840 812 1250 1077
internal_count=8640 7667 2865 991 191 4802 4581 1898 2683 1843 840 812 1250 1077
is_linear=0
shrinkage=0.05


Tree=26
num_leaves=15
num_cat=0
split_feature=3 5 1 8 8 3 3 7 5 3 5 3 7 7
split_gain=2.70855 1.52153 1.42176 2.34399 1.28533 0.86784 0.765789 1.01876 1.02519 0.872469 0.745364 0.743995 0.734132 0.726732
threshold=19.150000000000002 19.850000000000005 16.079350000000005 17.416666666666671 17.283333333333339 14.250000000000002 11.250000000000002 5.240546572374809 6.4500000000000011 9.7500000000000018 19.450000000000003 0.60000000000000009 1.1537362788843575 4.3117406992071334
decision_type=2 2 2 2 2 2 2 2 2 2 2 2 2 2
left_child=1 2 3 6 11 -6 7 12 -9 -10 -2 -4 -1 -8
right_child=10 -3 4 -5 5 -7 13 8 9 -11 -12 -13 -14 -15
leaf_value=0.007760545985111094 -0.0030331377768907119 -0.0044985072599064008 0.010086861381899905 0.0095075611365385924 0.0075585441042979561 -0.0029412626193499919 -0.00043574893454745138 -0.00097482265403064396 0.0087066817745755001 0.0010692376813225769 0.0065136568088616648 0.00087434467896143448 -0.002048144935611658 -0.0034470818976267423
leaf_weight=20 774 163 22 52 21 313 324 130 79 71 21 5712 413 525
leaf_count=20 774 163 22 52 21 313 324 130 79 71 21 5712 413 525
internal_value=-1.93102e-11 0.000281818 0.000383249 -0.000935665 0.000734061 -0.0022811 -0.00128333 -7.52541e-05 0.00227506 0.00509162 -0.00278096 0.000909691 -0.00159509 -0.00229788
internal_weight=8640 7845 7682 1614 6068 334 1562 713 280 150 795 5734 433 849
internal_count=8640 7845 7682 1614 6068 334 1562 713 280 150 795 5734 433 849
is_linear=0
shrinkage=0.05


Tree=27
num_leaves=15
num_cat=0
split_feature=3 3 5 1 8 3 3 2 8 5 5 7 4 6
split_gain=2.45565 1.33632 1.07164 1.63729 1.70481 1.31327 1.21957 1.1821 0.874346 0.796596 0.751216 0.720661 0.720553 0.737701
threshold=19.650000000000002 2.4500000000000006 11.950000000000001 16.079350000000005 17.416666666666671 10.050000000000002 14.65 75.043350000000018 3.0166666666666671 17.250000000000004 1.8500000000000003 1.1537362788843575 2.6500000000000008 8.0500000000000025
decision_type=2 2 2 2 2 2 2 2 2 2 2 2 2 2
left_child=1 10 3 4 11 -4 -7 9 -5 -8 -1 -3 -12 -14
right_child=-2 2 5 8 -6 6 7 -9 -10 -11 12 -13 13 -15
leaf_value=-0.0013209969085205267 -0.0027957162630789551 0.0074448128585177277 -0.0038037202895695541 -0.0035546498403786438 0.0092453178686973374 0.0036408041001325755 -0.0027378544793183659 0.0078420434176223359 0.00087656909957615635 0.0061534567072090733 0.010835158335248708 -0.001472388945974686 0.0012412380304371695 0.0056877517324979776
leaf_weight=94 720 23 371 114 39 165 376 32 4737 27 32 1522 232 156
leaf_count=94 720 23 371 114 39 165 376 32 4737 27 32 1522 232 156
internal_value=-1.31587e-11 0.000254156 8.30553e-05 0.00031669 -0.00107903 -0.00146529 -1.93531e-05 -0.00140769 0.000772434 -0.00214216 0.00271947 -0.00133964 0.00362377 0.00302901
internal_weight=8640 7920 7406 6435 1584 971 600 435 4851 403 514 1545 420 388
internal_count=8640 7920 7406 6435 1584 971 600 435 4851 403 514 1545 420 388
is_linear=0
shrinkage=0.05


Tree=28
num_leaves=15
num_cat=0
split_feature=5 1 5 8 5 7 4 5 5 4 2 5 5 3
split_gain=2.22558 1.54697 0.957577 0.938171 0.904769 0.743029 0.720116 0.973127 0.699073 0.774929 0.868375 2.81929 1.96041 2.1371
threshold=14.250000000000002 22.610250000000004 7.2500000000000009 9.3500000000000032 5.3500000000000005 2.92669698316366 18.150000000000002 16.350000000000005 11.050000000000002 4.5500000000000007 77.393050000000017 5.5500000000000007 5.7500000000000009 6.9500000000000011
decision_type=2 2 2 2 2 2 2 2 2 2 2 2 2 2
left_child=1 2 3 4 -1 6 7 -2 9 -3 11 -11 -12 -14
right_child=5 8 -4 -5 -6 -7 -8 -9 -10 10 12 -13 13 -15
leaf_value=-0.0023640996303184187 4.9724982392678911e-05 -0.00041443961541762794 3.3125274367894952e-08 -0.0026568339095354079 0.0045261487107491121 -0.0031117499055449476 -0.0025290961283543668 0.012726651810711096 -0.0015538330505357311 -0.0022764323426149487 0.0028475773612038763 0.0022570549230295001 -0.0023495547700772678 0.0032807372662298296
leaf_weight=91 41 831 1972 800 100 699 72 24 293 606 1595 790 460 266
leaf_count=91 41 831 1972 800 100 699 72 24 293 606 1595 790 460 266
internal_value=6.67799e-12 0.000262651 -0.000637165 -0.00190513 0.00124336 -0.00245183 0.000915208 0.00473044 0.000813396 0.000965902 0.0012745 0.00028908 0.0018672 -0.000286665
internal_weight=8640 7804 2963 991 191 836 137 65 4841 4548 3717 1396 2321 726
internal_count=8640 7804 2963 991 191 836 137 65 4841 4548 3717 1396 2321 726
is_linear=0
shrinkage=0.05


Tree=29
num_leaves=15
num_cat=0
split_feature=3 5 3 1 8 8 4 5 2 8 5 3 2 3
split_gain=2.09559 1.18552 1.13869 0.883358 1.923 0.907907 0.769293 0.980407 2.49797 1.92983 0.95952 0.918716 0.948306 0.890506
threshold=19.150000000000002 19.850000000000005 2.4500000000000006 16.079350000000005 17.416666666666671 17.283333333333339 12.950000000000001 5.7500000000000009 77.393050000000017 4.5166666666666684 1.9500000000000002 6.9500000000000011 77.393050000000017 3.3500000000000001
decision_type=2 2 2 2 2 2 2 2 2 2 2 2 2 2
left_child=1 2 -1 4 -4 6 7 8 -5 -10 13 12 -9 -11
right_child=-2 -3 3 5 -6 -7 -8 11 9 10 -12 -13 -14 -15
leaf_value=0.0026323048536819036 -0.0024461253647767183 -0.0039717172493638929 -0.0011718507728649466 -0.0029179332173933366 0.0086025758718068779 -0.002053327614103291 0.0014611191187478951 0.002028157327961373 -0.00067084915973219031 0.015821419455111028 0.002406023608414797 0.00022727227150895013 -0.0034859563033906049 0.0046684766646533735
leaf_weight=505 795 163 1557 365 52 334 1833 95 602 25 1073 743 435 63
leaf_count=505 795 163 1557 365 52 334 1833 95 602 25 1073 743 435 63
internal_value=-1.51055e-11 0.000247886 0.00033742 0.000175943 -0.000855959 0.000474135 0.000635421 0.000190404 0.000847 0.00162647 0.00281767 -0.00090719 -0.00249758 0.00783693
internal_weight=8640 7845 7682 7177 1609 5568 5234 3401 2128 1763 1161 1273 530 88
internal_count=8640 7845 7682 7177 1609 5568 5234 3401 2128 1763 1161 1273 530 88
is_linear=0
shrinkage=0.05


Tree=30
num_leaves=15
num_cat=0
split_feature=3 3 5 1 8 3 1 5 8 3 4 4 5 4
split_gain=1.89941 1.04787 0.821829 1.21724 1.38993 1.08787 1.14636 0.82084 0.743888 0.691706 0.849973 0.826032 0.684979 0.66056
threshold=19.650000000000002 2.4500000000000006 11.950000000000001 16.079350000000005 17.416666666666671 10.050000000000002 27.379200000000004 17.650000000000002 3.0166666666666671 11.250000000000002 17.850000000000005 10.850000000000003 1.8500000000000003 2.6500000000000008
decision_type=2 2 2 2 2 2 2 2 2 2 2 2 2 2
left_child=1 12 3 4 9 -4 7 -7 -5 10 11 -3 -1 -14
right_child=-2 2 5 8 -6 6 -8 -9 -10 -11 -12 -13 13 -15
leaf_value=-0.0014516130909620923 -0.002458776475530158 0.0023630585634037034 -0.003412232349182396 -0.0033216673653090802 0.008395416518816581 -0.00085040650092847139 0.011801511185622076 0.00704875288963584 0.00076562050472684219 -0.0021313559265053344 0.001731251278306445 -0.0031664250923306432 0.010174787352116256 0.0027006669107810088
leaf_weight=94 720 91 371 114 39 545 20 35 4737 840 352 262 32 388
leaf_count=94 720 91 371 114 39 545 20 35 4737 840 352 262 32 388
internal_value=1.88354e-12 0.000223525 7.20117e-05 0.000276611 -0.00092682 -0.00128391 3.21084e-05 -0.000373733 0.000669568 -0.00116214 -7.32567e-06 -0.00174098 0.00240662 0.00327012
internal_weight=8640 7920 7406 6435 1584 971 600 580 4851 1545 705 353 514 420
internal_count=8640 7920 7406 6435 1584 971 600 580 4851 1545 705 353 514 420
is_linear=0
shrinkage=0.05


Tree=31
num_leaves=15
num_cat=0
split_feature=3 5 3 1 8 8 4 5 2 8 5 3 3 3
split_gain=1.71719 0.997882 0.929229 0.714394 1.61246 0.797984 0.697932 0.876731 2.26753 1.70158 0.865967 0.851009 1.79502 0.826626
threshold=19.150000000000002 19.650000000000002 2.4500000000000006 16.079350000000005 17.416666666666671 17.283333333333339 12.950000000000001 5.7500000000000009 77.393050000000017 4.5166666666666684 1.9500000000000002 6.5500000000000007 3.3500000000000001 6.9500000000000011
decision_type=2 2 2 2 2 2 2 2 2 2 2 2 2 2
left_child=1 2 -1 4 -4 6 7 8 -5 -10 11 12 -11 -9
right_child=-2 -3 3 5 -6 -7 -8 13 9 10 -12 -13 -14 -15
leaf_value=0.0023806209144721937 -0.0022142966173636087 -0.003599263851051247 -0.0010555593703562803 -0.0028097577722207326 0.0078949196622348766 -0.0019509226988875827 0.0013669667827270367 -0.0023900903536024382 -0.0006372269667328051 0.014992067366838455 0.0022474414730656767 0.01567267010231381 -0.0020868697017431262 0.00019531250222789431
leaf_weight=505 795 167 1557 365 52 331 1833 530 602 25 1073 23 40 742
leaf_count=505 795 167 1557 365 52 331 1833 530 602 25 1073 23 40 742
internal_value=5.50245e-12 0.000224393 0.00030756 0.00016161 -0.000766296 0.000429942 0.000580538 0.00015656 0.000777317 0.00151996 0.0026385 0.0074068 0.00448195 -0.000881939
internal_weight=8640 7845 7678 7173 1609 5564 5233 3400 2128 1763 1161 88 65 1272
internal_count=8640 7845 7678 7173 1609 5564 5233 3400 2128 1763 1161 88 65 1272
is_linear=0
shrinkage=0.05


Tree=32
num_leaves=15
num_cat=0
split_feature=3 3 5 1 8 3 1 3 8 4 8 3 7 5
split_gain=1.55557 0.853468 0.692149 0.999947 1.14395 0.957962 1.02988 0.781041 0.650477 0.641462 1.084 0.62388 0.771622 0.942797
threshold=19.650000000000002 2.4500000000000006 11.950000000000001 16.079350000000005 17.416666666666671 10.050000000000002 27.379200000000004 13.850000000000003 3.0166666666666671 2.1500000000000008 2.7333333333333338 11.250000000000002 5.3077511361802143 6.4500000000000011
decision_type=2 2 2 2 2 2 2 2 2 2 2 2 2 2
left_child=1 9 3 4 11 -4 7 -7 -5 -1 -11 12 -3 -14
right_child=-2 2 5 8 -6 6 -8 -9 -10 10 -12 -13 13 -15
leaf_value=0.010153653955785559 -0.0022251228163056819 -0.0012534853491678231 -0.0031760122256436342 -0.0031227697530994193 0.0076197813241145555 0.0037158071867782966 0.011211568912258371 -0.0011609466925368447 0.00069929026046306104 -0.0045746404373765755 0.0026516830830363744 -0.0019713894317794169 -0.00097825387630274337 0.0049511265908991006
leaf_weight=24 720 436 371 114 39 99 20 481 4737 59 431 840 127 142
leaf_count=24 720 436 371 114 39 99 20 481 4737 59 431 840 127 142
internal_value=-3.77541e-12 0.000202284 6.55454e-05 0.00025331 -0.000837433 -0.0011788 5.61349e-05 -0.000328535 0.000609471 0.00217249 0.00178157 -0.00105092 4.58186e-05 0.00215175
internal_weight=8640 7920 7406 6435 1584 971 600 580 4851 514 490 1545 705 269
internal_count=8640 7920 7406 6435 1584 971 600 580 4851 514 490 1545 705 269
is_linear=0
shrinkage=0.05


Tree=33
num_leaves=15
num_cat=0
split_feature=5 1 5 3 6 3 6 5 4 4 8 5 8 0
split_gain=1.40619 0.993224 0.746002 1.12398 0.812591 1.04354 0.795137 0.838119 0.667826 0.641573 0.631336 0.782179 0.786707 0.675387
threshold=14.250000000000002 22.610250000000004 7.9500000000000011 6.9500000000000011 11.150000000000004 10.65 8.7500000000000018 6.0500000000000007 22.450000000000003 9.6500000000000004 18.31666666666667 9.1500000000000004 12.516666666666667 60.000000000000007
decision_type=2 2 2 2 2 2 2 2 2 2 2 2 2 2
left_child=1 2 3 6 10 8 -1 -8 -6 -5 11 12 -4 -14
right_child=-2 -3 4 9 5 -7 7 -9 -10 -11 -12 -13 13 -15
leaf_value=-0.0016533879851016939 -0.00194890414843387 0.00065007492939194811 0.00095102603716238981 0.0021489969024475176 -0.00016609260812401773 -0.0017607568589104257 7.2019714862108232e-05 0.013200428757456042 0.0086004919488914307 -0.002203025333506838 0.0077069874240883757 1.4983521220434843e-05 0.0093992014196036117 0.00032484409367216044
leaf_weight=36 836 4841 144 92 45 658 20 31 42 1065 35 696 70 29
leaf_count=36 836 4841 144 92 45 658 20 31 42 1065 35 696 70 29
internal_value=2.51885e-11 0.000208776 -0.000512227 -0.00144484 0.000162684 -0.00108031 0.004036 0.00805203 0.00406605 -0.00185697 0.00111343 0.000867669 0.00330993 0.00674106
internal_weight=8640 7804 2963 1244 1719 745 87 51 87 1157 974 939 243 99
internal_count=8640 7804 2963 1244 1719 745 87 51 87 1157 974 939 243 99
is_linear=0
shrinkage=0.05


Tree=34
num_leaves=15
num_cat=0
split_feature=3 3 4 6 5 8 1 8 4 6 8 6 1 6
split_gain=1.33691 0.745088 0.69223 0.756297 0.615967 0.611059 0.60388 0.615021 0.594456 0.692228 0.975427 1.11351 0.894611 0.98495
threshold=19.650000000000002 2.4500000000000006 29.950000000000003 20.050000000000004 1.8500000000000003 18.616666666666671 16.079350000000005 17.416666666666671 2.8500000000000001 8.0500000000000025 4.3833333333333346 4.5500000000000025 31.383250000000004 12.250000000000004
decision_type=2 2 2 2 2 2 2 2 2 2 2 2 2 2
left_child=1 4 3 5 -1 6 7 -3 -6 10 11 -10 -11 -14
right_child=-2 2 -4 -5 8 -7 -8 -9 9 12 -12 -13 13 -15
leaf_value=-0.0016303167740338818 -0.0020628155872933953 -0.00087369110905430574 0.0056482648828320887 -0.0040968186742181634 0.0090860551901693863 -0.0027881726125585341 0.00040109447076438083 0.0053318079424703995 -0.00053737130110675935 0.010528397115801152 -0.00419260262121522 0.0081907747548184036 0.0050813564252974982 -0.0059458255103823771
leaf_weight=94 720 1527 55 110 35 181 5492 41 96 48 74 59 81 27
leaf_count=94 720 1527 55 110 35 181 5492 41 96 48 74 59 81 27
internal_value=-5.32374e-12 0.000187529 5.97669e-05 1.79539e-05 0.00202839 8.04626e-05 0.000154007 -0.00071143 0.00284725 0.00228008 0.000530199 0.00278496 0.00484882 0.00232456
internal_weight=8640 7920 7406 7351 514 7241 7060 1568 420 385 229 155 156 108
internal_count=8640 7920 7406 7351 514 7241 7060 1568 420 385 229 155 156 108
is_linear=0
shrinkage=0.05


Tree=35
num_leaves=15
num_cat=0
split_feature=5 1 3 3 7 5 3 5 8 3 4 5 8 3
split_gain=1.22641 1.10669 0.70947 1.89525 0.668055 0.641755 0.596792 0.529241 0.512975 0.497053 0.884626 0.632603 0.574216 0.653889
threshold=11.15 16.079350000000005 10.050000000000002 13.850000000000003 1.1537362788843575 1.0500000000000003 0.90000000000000013 19.050000000000004 16.416666666666671 11.250000000000002 17.850000000000005 9.8500000000000032 9.1166666666666689 9.9500000000000011
decision_type=2 2 2 2 2 2 2 2 2 2 2 2 2 2
left_child=1 4 -2 -4 -1 -3 -7 8 -5 10 12 -12 13 -6
right_child=2 5 3 7 9 6 -8 -9 -10 -11 11 -13 -14 -15
leaf_value=0.0078043770891698923 -0.0029053885782185868 -0.003126295776058793 0.0042698750287112402 0.0010191835093824469 -0.0010083238596820998 0.0060627091794650863 0.00067900804275185776 0.0046398795390915548 -0.001970281412765128 -0.0017376005057600547 0.0011001480279045101 0.0081048275777397469 -0.0033101918845743596 0.0078634774933258704
leaf_weight=22 443 110 174 169 90 52 5104 36 951 902 308 36 216 27
leaf_count=22 443 110 174 169 90 52 5104 36 951 902 308 36 216 27
internal_value=-1.35406e-11 0.000302692 -0.00117236 -0.000595114 -0.000848493 0.000652682 0.000733304 -0.00132739 -0.00151919 -0.000969052 5.49227e-05 0.0018332 -0.00178209 0.00103901
internal_weight=8640 6867 1773 1330 1601 5266 5156 1156 1120 1579 677 344 333 117
internal_count=8640 6867 1773 1330 1601 5266 5156 1156 1120 1579 677 344 333 117
is_linear=0
shrinkage=0.05


Tree=36
num_leaves=15
num_cat=0
split_feature=3 4 6 3 6 5 6 8 6 1 0 8 4 3
split_gain=1.12691 0.650599 0.849456 0.746162 0.627326 0.601708 0.56373 1.26528 1.12237 0.751439 0.558431 0.548317 0.525094 0.505173
threshold=19.850000000000005 29.950000000000003 20.050000000000004 2.4500000000000006 17.850000000000005 1.8500000000000003 8.0500000000000025 4.3166666666666673 4.5500000000000025 31.383250000000004 60.000000000000007 18.616666666666671 2.6500000000000008 22.650000000000002
decision_type=2 2 2 2 2 2 2 2 2 2 2 2 2 2
left_child=1 2 3 5 -3 -1 7 8 12 -8 -2 -5 -7 -12
right_child=10 4 -4 11 -6 6 9 -9 -10 -11 13 -13 -14 -15
leaf_value=-0.0015516999754138254 -0.002904928931339952 0.0015258778666926397 -0.0040287247589550724 0.00013617694170029931 0.012345704595125948 0.0069283271112061786 0.010586866641298254 -0.0037881575530701421 0.0093235139221670565 0.0028966443841250576 -0.0019088199521869052 -0.0025581701778006841 -0.00075834665177880152 0.0030538129350144334
leaf_weight=94 472 37 121 7082 21 29 47 79 61 98 121 194 95 89
leaf_count=94 472 37 121 7082 21 29 47 79 61 98 121 194 95 89
internal_value=-1.26469e-11 0.000167166 0.000128429 0.000193092 0.0054434 0.00205555 0.0028846 0.0015089 0.00377088 0.00538934 -0.00195059 6.43376e-05 0.00103934 0.000194391
internal_weight=8640 7958 7900 7779 58 503 409 264 185 145 682 7276 124 210
internal_count=8640 7958 7900 7779 58 503 409 264 185 145 682 7276 124 210
is_linear=0
shrinkage=0.05


Tree=37
num_leaves=15
num_cat=0
split_feature=5 1 3 3 7 5 3 5 3 8 8 4 3 8
split_gain=1.03044 0.980991 0.658171 1.67334 0.601967 0.571985 0.489847 0.474449 0.450409 1.214 0.826529 0.561492 0.558748 0.44035
threshold=11.15 16.079350000000005 10.050000000000002 13.850000000000003 1.1537362788843575 1.0500000000000003 0.90000000000000013 19.050000000000004 10.15 11.650000000000002 9.5166666666666693 8.1500000000000004 5.9500000000000011 16.416666666666671
decision_type=2 2 2 2 2 2 2 2 2 2 2 2 2 2
left_child=1 4 -2 -4 -1 -3 -7 13 9 12 11 -10 -6 -5
right_child=2 5 3 7 8 6 -8 -9 10 -11 -12 -13 -14 -15
leaf_value=0.0074073494962331931 -0.0027438196876005093 -0.0029606782594187695 0.0040526694657305132 0.00096352529717532137 0.0035225316026837243 0.0055114200721548589 0.00063389334017526975 0.0044432342747717886 -0.0002040623128414154 0.004323755711590385 -0.0017887123543802756 0.0086818732321262363 -0.002322373599066637 -0.0018062482891571194
leaf_weight=22 443 110 174 169 49 52 5104 36 40 138 1073 32 247 951
leaf_count=22 443 110 174 169 49 52 5104 36 40 138 1073 32 247 951
internal_value=1.57835e-11 0.000277457 -0.00107462 -0.000518636 -0.000806379 0.000606971 0.000683085 -0.0012067 -0.00092082 0.00045082 -0.00144073 0.00374524 -0.0013548 -0.00138831
internal_weight=8640 6867 1773 1330 1601 5266 5156 1156 1579 434 1145 72 296 1120
internal_count=8640 6867 1773 1330 1601 5266 5156 1156 1579 434 1145 72 296 1120
is_linear=0
shrinkage=0.05


Tree=38
num_leaves=15
num_cat=0
split_feature=3 3 4 8 4 6 8 3 4 2 7 3 3 7
split_gain=0.951638 0.558834 0.552568 0.956566 0.497245 0.653943 0.618656 1.30742 1.22185 0.645115 0.760192 0.591323 0.567988 0.563908
threshold=20.350000000000005 2.4500000000000006 2.1500000000000008 2.7333333333333338 29.950000000000003 11.650000000000004 12.616666666666669 13.850000000000003 19.450000000000003 77.393050000000017 3.6739321831401912 14.950000000000001 13.450000000000001 4.9542349806248929
decision_type=2 2 2 2 2 2 2 2 2 2 2 2 2 2
left_child=1 2 -1 -4 5 6 7 -3 9 10 11 12 -8 -7
right_child=-2 4 3 -5 -6 13 8 -9 -10 -11 -12 -13 -14 -15
leaf_value=0.009145968295827818 -0.0019208856347274076 0.0001778034074264757 -0.0045953159259979502 0.0021929833565335162 0.0044228584982192844 -0.0050194787677958035 0.0018484645680291577 -0.0042527132196556452 -0.00068125498249140004 0.00042734111028104116 0.0077004386340267968 0.00053113858256311473 0.0077881694550016589 -0.00064610301087246599
leaf_weight=24 600 4440 59 431 64 77 80 173 432 197 100 158 81 1724
leaf_count=24 600 4440 59 431 64 77 80 173 432 197 100 158 81 1724
internal_value=-3.20319e-12 0.00014335 0.00173843 0.00137562 3.44108e-05 -3.22796e-06 0.000260783 1.1647e-05 0.00135741 0.00278712 0.00389662 0.0027042 0.00483676 -0.000833082
internal_weight=8640 8040 514 490 7526 7462 5661 4613 1048 616 419 319 161 1801
internal_count=8640 8040 514 490 7526 7462 5661 4613 1048 616 419 319 161 1801
is_linear=0
shrinkage=0.05


Tree=39
num_leaves=15
num_cat=0
split_feature=5 1 5 3 7 3 4 7 5 5 6 8 8 7
split_gain=0.902427 0.644492 0.599543 0.657691 0.62357 0.66956 0.578056 0.795752 0.816735 1.12196 0.990427 1.15974 1.03834 0.92176
threshold=14.250000000000002 22.610250000000004 6.8500000000000005 8.4500000000000011 2.6712460679532239 9.9500000000000011 9.6500000000000004 4.5972213433062903 5.7500000000000009 3.5500000000000003 5.2000000000000028 5.9500000000000002 3.4500000000000006 1.836360911830458
decision_type=2 2 2 2 2 2 2 2 2 2 2 2 2 2
left_child=1 2 4 -4 5 -1 7 8 9 -3 11 12 -11 -13
right_child=-2 6 3 -5 -6 -7 -8 -9 -10 10 -12 13 -14 -15
leaf_value=-0.00048075619814001393 -0.0015612583009583889 -0.00062001335090443581 0.0034893531592331776 -0.00019368815980535682 -0.0020319357930274357 0.0089763707032910114 0.0011546157808433174 0.0073337656666046455 -0.0013766040207533485 0.0077542291369966489 -0.0013614753805480167 0.0079200742269347393 0.00045416789233767619 0.0011236685078280669
leaf_weight=61 836 1021 129 2008 738 27 2071 37 813 55 194 149 426 75
leaf_count=61 836 1021 129 2008 738 27 2071 37 813 55 194 149 426 75
internal_value=7.99635e-12 0.000167249 -0.000413544 2.86386e-05 -0.00155755 0.00242086 0.000522732 5.03013e-05 -4.83039e-05 0.000514148 0.00180222 0.0026728 0.00128889 0.00564449
internal_weight=8640 7804 2963 2137 826 88 4841 2770 2733 1920 899 705 481 224
internal_count=8640 7804 2963 2137 826 88 4841 2770 2733 1920 899 705 481 224
is_linear=0
shrinkage=0.05


Tree=40
num_leaves=15
num_cat=0
split_feature=3 5 5 0 3 5 3 5 4 6 8 6 1 5
split_gain=0.83643 0.579505 0.561822 0.480153 0.579693 0.808109 0.474229 0.487592 0.463128 0.640768 0.789116 0.910543 0.628251 0.592071
threshold=19.150000000000002 19.450000000000003 19.650000000000002 60.000000000000007 22.650000000000002 14.050000000000002 2.4500000000000006 1.8500000000000003 2.6500000000000008 8.0500000000000025 4.3833333333333346 4.5500000000000025 31.383250000000004 5.8500000000000005
decision_type=2 2 2 2 2 2 2 2 2 2 2 2 2 2
left_child=2 3 6 -2 -5 -6 7 -1 -9 10 11 -10 -11 -14
right_child=1 -3 -4 4 5 -7 -8 8 9 12 -12 -13 13 -15
leaf_value=-0.0015487243758237109 -0.0026152679976218932 0.0066501059258977577 -0.0027124446937906721 -0.0017265279301482109 0.0096653648826759316 -0.00036189482726277443 0.000114747437866549 0.0082192120578838523 -0.00065554920627025181 0.0092324011978538092 -0.0039421871584538071 0.0071654110300975547 0.0049342599491512323 -0.0033330068879877219
leaf_weight=94 529 21 167 159 32 54 7173 32 98 48 74 60 67 32
leaf_count=94 529 21 167 159 32 54 7173 32 98 48 74 60 67 32
internal_value=1.32408e-11 -0.0015454 0.000156608 -0.00176776 6.2169e-05 0.00336918 0.000219012 0.00169998 0.00244299 0.00195529 0.000318789 0.00231444 0.00453806 0.00226201
internal_weight=8640 795 7845 774 245 86 7678 505 411 379 232 158 147 99
internal_count=8640 795 7845 774 245 86 7678 505 411 379 232 158 147 99
is_linear=0
shrinkage=0.05


Tree=41
num_leaves=15
num_cat=0
split_feature=5 1 3 3 7 5 5 3 5 4 2 5 5 8
split_gain=0.774214 0.751211 0.591708 1.44167 0.534005 0.503888 0.418719 0.416553 0.506466 0.393115 1.15269 1.70751 1.68935 1.87106
threshold=11.15 16.079350000000005 10.050000000000002 13.850000000000003 1.1537362788843575 1.0500000000000003 11.750000000000002 24.750000000000004 19.050000000000004 6.3500000000000005 77.393050000000017 5.0500000000000007 8.5500000000000025 9.3500000000000032
decision_type=2 2 2 2 2 2 2 2 2 2 2 2 2 2
left_child=1 4 6 -4 -1 -3 -2 8 -5 -7 11 -11 13 -12
right_child=2 5 3 7 -6 9 -8 -9 -10 10 12 -13 -14 -15
leaf_value=0.0070282353342256756 -0.0071431855120780794 -0.0028196964095431299 0.003838773658826958 -0.00090699221993338739 -0.00081573251548441687 -0.00010718419145758012 -0.0020036894259717604 -0.00373276696245739 0.0054835373648529639 -0.0026105536323075777 0.0019196359379972504 0.00085675154530547742 -0.0034943351756593737 0.010989564536652386
leaf_weight=22 44 110 174 996 1579 1422 399 128 32 465 1569 1502 139 59
leaf_count=22 44 110 174 996 1579 1422 399 128 32 465 1569 1502 139 59
internal_value=5.0531e-12 0.0002405 -0.000931478 -0.000404315 -0.000707945 0.000528851 -0.00251416 -0.00104298 -0.000708065 0.000600291 0.000869714 3.70785e-05 0.00179659 0.00224834
internal_weight=8640 6867 1773 1330 1601 5266 443 1156 1028 5156 3734 1967 1767 1628
internal_count=8640 6867 1773 1330 1601 5266 443 1156 1028 5156 3734 1967 1767 1628
is_linear=0
shrinkage=0.05


Tree=42
num_leaves=15
num_cat=0
split_feature=3 4 6 7 3 6 8 1 0 3 5 4 5 5
split_gain=0.717411 0.443255 0.639395 0.53566 0.526417 0.483787 0.467524 0.656712 0.440504 0.477831 0.771118 0.381056 0.358637 0.326565
threshold=20.350000000000005 29.950000000000003 20.050000000000004 7.8329055777205214 1.7000000000000004 3.5000000000000018 4.3166666666666673 31.383250000000004 60.000000000000007 22.650000000000002 14.050000000000002 26.550000000000004 4.7500000000000009 1.0500000000000003
decision_type=2 2 2 2 2 2 2 2 2 2 2 2 2 2
left_child=1 2 4 -3 5 -1 -7 -8 -2 -10 -11 13 -9 -6
right_child=8 3 -4 -5 11 6 7 12 9 10 -12 -13 -14 -15
leaf_value=-0.0014238853232216157 -0.0025617792722369779 0.0011849657209082084 -0.0034858592097814067 0.01105374513193965 -0.0027189595909375285 0.0068706707254907982 0.0063152918312698609 0.0018689310285620966 -0.0021209181554275014 0.0092157468541699938 -0.00048294071773916742 -0.0021457371272845193 -0.0065184471458196646 0.00017201863101801835
leaf_weight=57 418 44 123 20 99 74 40 26 93 32 57 188 25 7344
leaf_count=57 418 44 123 20 99 74 40 26 93 32 57 188 25 7344
internal_value=-1.83996e-12 0.000124464 9.12086e-05 0.00426896 0.000147235 0.00254735 0.00391923 0.00151915 -0.00166782 0.000385335 0.00300423 7.74118e-05 -0.00224253 0.000133565
internal_weight=8640 8040 7976 64 7853 222 165 91 600 182 89 7631 51 7443
internal_count=8640 8040 7976 64 7853 222 165 91 600 182 89 7631 51 7443
is_linear=0
shrinkage=0.05


Tree=43
num_leaves=15
num_cat=0
split_feature=5 1 3 3 7 5 8 5 5 3 3 2 3 8
split_gain=0.65572 0.666932 0.542169 1.27707 0.480783 0.432454 0.386124 0.380144 0.378806 0.60639 0.497744 0.378665 0.915753 0.458028
threshold=11.15 16.079350000000005 10.050000000000002 13.850000000000003 1.1537362788843575 1.5500000000000003 13.350000000000003 11.750000000000002 10.050000000000002 10.750000000000002 5.9500000000000011 77.393050000000017 6.8500000000000005 7.2500000000000009
decision_type=2 2 2 2 2 2 2 2 2 2 2 2 2 2
left_child=1 4 7 6 -1 11 -4 -2 10 -10 -6 13 -13 -3
right_child=2 5 3 -5 8 -7 -8 -9 9 -11 -12 12 -14 -15
leaf_value=0.0066682226532562214 -0.0067828675562685188 -0.0088580844345305006 -0.00067013075225986541 -0.00095372573931756712 0.0039073483125135608 0.00059999626548434511 0.0049277724662131926 -0.0018858312439514243 0.0069279458493185361 -0.00017441233392548927 -0.0012219850760854625 -0.0015484668397037268 0.0094194821969029452 0.00058787802145594641
leaf_weight=22 44 33 40 1156 49 4988 134 399 39 131 1360 203 21 21
leaf_count=22 44 33 40 1156 49 4988 134 399 39 131 1360 203 21 21
internal_value=4.08388e-13 0.000221332 -0.000857238 -0.000352625 -0.000672328 0.000493027 0.0036409 -0.00237222 -0.000774603 0.00145495 -0.00104361 -0.00142626 -0.000520222 -0.00518465
internal_weight=8640 6867 1773 1330 1601 5266 174 443 1579 170 1409 278 224 54
internal_count=8640 6867 1773 1330 1601 5266 174 443 1579 170 1409 278 224 54
is_linear=0
shrinkage=0.05


Tree=44
num_leaves=15
num_cat=0
split_feature=3 0 3 5 3 4 8 8 6 7 8 3 4 2
split_gain=0.617084 0.400648 0.439461 0.6927 0.399204 0.49822 0.805348 0.412503 0.392782 0.594882 0.574387 1.17948 0.980081 0.554446
threshold=20.450000000000003 60.000000000000007 22.650000000000002 14.050000000000002 2.4500000000000006 2.1500000000000008 2.7333333333333338 3.0166666666666671 11.650000000000004 5.1105554513643305 12.616666666666669 13.850000000000003 19.450000000000003 77.393050000000017
decision_type=2 2 2 2 2 2 2 2 2 2 2 2 2 2
left_child=4 -2 -3 -4 5 -1 -7 -6 10 -10 11 -9 13 -12
right_child=1 2 3 -5 7 6 -8 8 9 -11 12 -13 -14 -15
leaf_value=0.0084959378184673081 -0.0024368131584160974 -0.0020609660110332902 0.0087812156707514077 -0.00041110733638337837 -0.0029628783578804713 -0.0043610822052992798 0.001867585680355683 0.00019495944647796517 -0.0033967806888367275 -0.00027850433892626905 0.0036429546875679122 -0.0040152863020647992 -0.00048430530121282961 0.00043223456272648442
leaf_weight=24 406 90 32 57 114 59 431 4326 168 1707 419 173 436 198
leaf_count=24 406 90 32 57 114 59 431 4326 168 1707 419 173 436 198
internal_value=-3.23351e-12 -0.00156798 0.000402675 0.002894 0.000113876 0.00146212 0.0011176 2.19784e-05 6.77942e-05 -0.000557902 0.000279102 3.30629e-05 0.00133032 0.00261261
internal_weight=8640 585 179 89 8055 514 490 7541 7427 1875 5552 4499 1053 617
internal_count=8640 585 179 89 8055 514 490 7541 7427 1875 5552 4499 1053 617
is_linear=0
shrinkage=0.05


Tree=45
num_leaves=15
num_cat=0
split_feature=5 1 3 3 7 8 4 5 2 5 3 5 8 7
split_gain=0.572421 0.568908 0.497511 1.11579 0.430196 0.394174 0.389789 1.0611 0.662634 1.75767 1.53525 1.42187 1.87541 1.15041
threshold=11.15 16.079350000000005 10.050000000000002 14.050000000000002 1.1537362788843575 13.350000000000003 4.0500000000000007 7.8500000000000005 77.393050000000017 4.8500000000000005 6.6500000000000012 8.5500000000000025 9.7500000000000018 3.137585746881967
decision_type=2 2 2 2 2 2 2 2 2 2 2 2 2 2
left_child=1 4 -2 5 -1 -4 7 -3 9 -8 13 12 -10 -11
right_child=2 6 3 -5 -6 -7 8 -9 11 10 -12 -13 -14 -15
leaf_value=0.0063250634861602029 -0.0022521860370518635 -0.0011674387805985008 -0.0010770488113468124 -0.00092144045509417864 -0.0007153256828991533 0.004337376890955009 -0.0025614708973980935 0.0065350159939650144 0.0013258150050045854 0.00029517300763582614 0.00020501761430502736 -0.0032778847539034414 0.012385618607871809 0.0079257058470174058
leaf_weight=22 443 653 43 1133 1579 154 515 48 2232 83 1408 166 39 122
leaf_count=22 443 653 43 1133 1579 154 515 48 2232 83 1408 166 39 122
internal_value=-1.25679e-12 0.000206796 -0.000800941 -0.000317556 -0.000618581 0.00315555 0.000457732 -0.000640024 0.000626303 -1.8354e-05 0.000793615 0.00118922 0.00151575 0.00483627
internal_weight=8640 6867 1773 1330 1601 197 5266 701 4565 2128 1613 2437 2271 205
internal_count=8640 6867 1773 1330 1601 197 5266 701 4565 2128 1613 2437 2271 205
is_linear=0
shrinkage=0.05


Tree=46
num_leaves=15
num_cat=0
split_feature=3 3 0 3 5 4 0 6 7 4 5 3 7 6
split_gain=0.528237 0.37718 0.361219 0.397401 0.62285 0.350933 0.625961 0.532132 0.311095 0.31001 0.295175 0.339905 0.388346 1.00437
threshold=20.450000000000003 0.60000000000000009 60.000000000000007 22.650000000000002 14.050000000000002 29.950000000000003 36.000000000000007 20.050000000000004 8.3199893065861943 26.550000000000004 1.0500000000000003 2.4500000000000006 3.0699257190458185 6.2500000000000018
decision_type=2 2 2 2 2 2 2 2 2 2 2 2 2 2
left_child=1 -1 -2 -4 -5 7 -7 8 9 10 -3 12 13 -12
right_child=2 5 3 4 -6 6 -8 -9 -10 -11 11 -13 -14 -15
leaf_value=0.0064991688517772638 -0.0022756909012789906 -0.0024470543937432933 -0.0019223246310785828 0.0083720640730462047 -0.00034447992914928157 0.011091723181307316 0.00059496935323945113 -0.0032204935665444672 0.0051061824812824209 -0.0019462562568836892 0.0015467290125722713 8.7946900320132616e-05 0.0032226274237281793 -0.0070403662626631561
leaf_weight=23 406 109 90 32 57 20 49 122 31 183 229 7059 190 40
leaf_count=23 406 109 90 32 57 20 49 122 31 183 229 7059 190 40
internal_value=1.25347e-11 0.000105359 -0.00145072 0.000420455 0.00278956 8.70503e-05 0.00363751 5.62854e-05 0.00010727 8.74275e-05 0.000136223 0.000173677 0.00149213 0.000269838
internal_weight=8640 8055 585 179 89 8032 69 7963 7841 7810 7627 7518 459 269
internal_count=8640 8055 585 179 89 8032 69 7963 7841 7810 7627 7518 459 269
is_linear=0
shrinkage=0.05


Tree=47
num_leaves=15
num_cat=0
split_feature=5 1 3 3 5 3 3 4 4 3 4 7 8 3
split_gain=0.486351 0.504736 0.456953 0.998996 0.399904 0.469204 0.377066 0.387324 0.59313 0.609203 0.967337 0.480262 0.416458 0.386708
threshold=11.15 16.079350000000005 10.050000000000002 13.850000000000003 9.9500000000000011 10.950000000000001 4.2500000000000009 10.250000000000002 17.050000000000004 9.6500000000000004 17.450000000000003 2.6712460679532239 12.883333333333335 9.9500000000000011
decision_type=2 2 2 2 2 2 2 2 2 2 2 2 2 2
left_child=1 4 -2 -4 6 -6 -1 11 -9 12 -11 13 -10 -8
right_child=2 -3 3 -5 5 -7 7 8 9 10 -12 -13 -14 -15
leaf_value=0.0057712668996481673 -0.0021291076979595394 0.00042697572224752899 0.0032570682785168677 -0.00080665508652009445 0.0056637263902481281 6.7349390377759519e-05 0.00091232151237570437 -0.0028367958659128089 0.0012327006356495005 0.0087294859346002344 -0.0014876568782620824 -0.0017798788594229828 0.0084190867686023321 0.007899939532702167
leaf_weight=21 443 5266 174 1156 51 141 44 404 126 24 667 63 24 36
leaf_count=21 443 5266 174 1156 51 141 44 404 126 24 667 63 24 36
internal_value=-9.56482e-12 0.000190616 -0.000738273 -0.00027501 -0.000586818 0.00155389 -0.000878526 -0.000979135 -0.00126221 -0.000505804 -0.00113279 0.00148537 0.00238252 0.00405675
internal_weight=8640 6867 1773 1330 1601 192 1409 1388 1245 841 691 143 150 80
internal_count=8640 6867 1773 1330 1601 192 1409 1388 1245 841 691 143 150 80
is_linear=0
shrinkage=0.05


Tree=48
num_leaves=15
num_cat=0
split_feature=3 5 5 3 0 3 2 4 5 1 4 5 1 6
split_gain=0.454867 0.484994 0.338592 0.340467 0.32865 0.408316 0.631342 0.295037 0.292679 0.29817 0.658687 0.626761 0.839501 0.585181
threshold=19.150000000000002 19.450000000000003 19.650000000000002 0.60000000000000009 60.000000000000007 22.650000000000002 75.043350000000018 26.350000000000005 1.0500000000000003 22.610250000000004 14.450000000000001 5.4500000000000011 31.383250000000004 17.350000000000005
decision_type=2 2 2 2 2 2 2 2 2 2 2 2 2 2
left_child=2 4 3 -1 -2 7 -7 -6 -5 -10 -11 12 13 -12
right_child=1 -3 -4 8 5 6 -8 -9 9 10 11 -13 -14 -15
leaf_value=0.0063751020384105773 -0.0020442285822987881 0.0063578381070068905 -0.0021118068634002596 -0.0024026981886342037 2.2899840086322737e-05 0.0078763815486249892 -0.00077633959412270667 -0.0047584214351243451 -0.00021488775606157335 0.00017917549696551657 -0.0026634452860394616 0.0029047257704322869 0.0075979635247495035 0.003869443780980831
leaf_weight=22 529 21 167 111 114 37 49 45 2894 3942 169 467 30 43
leaf_count=22 529 21 167 111 114 37 49 45 2894 3942 169 467 30 43
internal_value=1.00785e-11 -0.00113964 0.00011549 0.000163934 -0.00134306 0.000170886 0.00294634 -0.0013303 0.000146086 0.000183583 0.000431524 0.00183457 -0.000230567 -0.00133838
internal_weight=8640 795 7845 7678 774 245 86 159 7656 7545 4651 709 242 212
internal_count=8640 795 7845 7678 774 245 86 159 7656 7545 4651 709 242 212
is_linear=0
shrinkage=0.05


Tree=49
num_leaves=15
num_cat=0
split_feature=3 4 0 6 3 6 5 0 0 3 5 7 8 6
split_gain=0.418827 0.324057 0.555313 0.451472 0.403866 0.512722 0.456419 0.366108 0.294336 0.322495 0.574865 0.284075 0.268065 0.2594
threshold=20.450000000000003 29.950000000000003 36.000000000000007 20.050000000000004 1.3500000000000003 2.6000000000000014 4.4500000000000011 60.000000000000007 60.000000000000007 22.650000000000002 14.050000000000002 8.3199893065861943 21.916666666666671 11.550000000000002
decision_type=2 2 2 2 2 2 2 2 2 2 2 2 2 2
left_child=1 3 -3 4 5 -1 7 -7 -2 -10 -11 13 -12 -6
right_child=8 2 -4 -5 11 6 -8 -9 9 10 12 -13 -14 -15
leaf_value=-0.0040821924170648515 -0.0020364628473911526 0.010526625937782228 0.00063994496262499267 -0.002941480019826412 0.00020190420777441146 0.0099521196819841867 0.00058929979246347521 0.0017994526596296402 -0.0017131603703859988 0.0078946475146949528 -0.0039689793536256601 0.0048416522722090453 0.0028898424308361681 -0.0004932556124912339
leaf_weight=22 406 20 49 123 5971 40 47 21 90 32 28 31 29 1731
leaf_count=22 406 20 49 123 5971 40 47 21 90 32 28 31 29 1731
internal_value=1.03255e-11 9.38157e-05 0.00350565 6.43371e-05 0.000111357 0.00287509 0.00429232 0.00714546 -0.00129177 0.000397309 0.00253149 6.48954e-05 -0.000479403 4.56692e-05
internal_weight=8640 8055 69 7986 7863 130 108 61 585 179 89 7733 57 7702
internal_count=8640 8055 69 7986 7863 130 108 61 585 179 89 7733 57 7702
is_linear=0
shrinkage=0.05


Tree=50
num_leaves=15
num_cat=0
split_feature=5 3 3 1 5 3 7 8 5 4 4 6 5 1
split_gain=0.391094 0.418389 0.878405 0.414998 0.386578 0.501725 0.919037 0.695004 0.625305 0.525437 0.41767 0.399064 0.36135 1.19644
threshold=11.15 10.050000000000002 13.850000000000003 16.079350000000005 4.4500000000000011 10.15 3.9524956054352089 9.5166666666666693 6.2500000000000009 8.6500000000000004 7.6500000000000012 12.250000000000004 2.6500000000000008 31.383250000000004
decision_type=2 2 2 2 2 2 2 2 2 2 2 2 2 2
left_child=3 -2 -3 4 -1 6 9 10 -8 -6 -7 -10 13 -5
right_child=1 2 -4 12 5 7 8 -9 11 -11 -12 -13 -14 -15
leaf_value=-0.0036449090167963655 -0.0019928895714826796 0.0030932876358297791 -0.0007172790982115573 -0.0017153092240804531 0.0045480603800603639 0.0002352290569494168 -0.00045824937405996029 -0.001208725585591759 0.0021536760207536763 -0.0030927443419824594 0.0086502049503655275 0.0070108280857451829 0.00057431053609104305 0.0022387058587139816
leaf_weight=94 443 174 1156 634 27 30 87 1029 79 135 29 91 4358 274
leaf_count=94 443 174 1156 634 27 30 87 1029 79 135 29 91 4358 274
internal_value=-5.26044e-12 -0.000662038 -0.000218754 0.000170932 -0.000534011 -0.000339967 0.00113016 -0.000906127 0.00298933 -0.00181928 0.0043714 0.00475368 0.000385253 -0.000522137
internal_weight=8640 1773 1330 6867 1601 1507 419 1088 257 162 59 170 5266 908
internal_count=8640 1773 1330 6867 1601 1507 419 1088 257 162 59 170 5266 908
is_linear=0
shrinkage=0.05


Tree=51
num_leaves=15
num_cat=0
split_feature=3 6 3 4 3 4 4 7 0 7 1 5 3 5
split_gain=0.368957 0.307858 0.470394 1.05985 0.606029 0.794998 0.506902 0.497798 0.507677 0.548199 0.499455 0.479662 0.466546 0.457923
threshold=24.250000000000004 12.050000000000002 11.250000000000002 18.750000000000004 4.1500000000000012 14.250000000000002 9.7500000000000018 8.7467451753360859 36.000000000000007 7.8329055777205214 27.379200000000004 9.8500000000000032 22.550000000000004 3.6500000000000008
decision_type=2 2 2 2 2 2 2 2 2 2 2 2 2 2
left_child=1 -1 3 4 5 -3 -4 8 -8 10 12 -12 -10 -5
right_child=-2 2 6 13 -6 -7 7 -9 9 -11 11 -13 -14 -15
leaf_value=0.00021077221828116595 -0.0023562885640886115 -0.0065749575752609719 0.0067647097952431073 0.0075168241545356604 -0.0028574666732699258 0.0036550449943016437 -0.0029338843725246208 0.0049882697643742211 -0.0011242159964595423 -0.0055949957426285968 0.0050008469659911653 -0.0034213729541410103 0.0059876569857199996 0.0016828875618867226
leaf_weight=6513 163 24 20 37 253 91 377 31 589 53 73 22 24 370
leaf_count=6513 163 24 20 37 253 91 377 31 589 53 73 22 24 370
internal_value=-1.12568e-11 4.53079e-05 -0.000503404 0.000455048 -0.00148948 0.00152009 -0.00112813 -0.00126317 -0.00143346 -0.000690148 -0.000322977 0.00305044 -0.000845774 0.00221325
internal_weight=8640 8477 1964 775 368 115 1189 1169 1138 761 708 95 613 407
internal_count=8640 8477 1964 775 368 115 1189 1169 1138 761 708 95 613 407
is_linear=0
shrinkage=0.05


Tree=52
num_leaves=15
num_cat=0
split_feature=3 4 7 6 3 6 5 0 0 3 5 7 4 5
split_gain=0.333868 0.375272 0.395167 0.384397 0.358929 0.452681 0.412463 0.329758 0.259334 0.285778 0.515631 0.254867 0.264307 0.244329
threshold=20.350000000000005 29.950000000000003 7.8329055777205214 20.050000000000004 1.3500000000000003 2.6000000000000014 4.4500000000000011 60.000000000000007 60.000000000000007 22.650000000000002 14.050000000000002 8.3199893065861943 26.550000000000004 1.5500000000000003
decision_type=2 2 2 2 2 2 2 2 2 2 2 2 2 2
left_child=1 3 -3 4 5 -1 7 -7 -2 -10 -11 12 13 -6
right_child=8 2 -4 -5 11 6 -8 -9 9 10 -12 -13 -14 -15
leaf_value=-0.0038340780206701976 -0.001823682261187512 0.0012494948480955581 0.0097258506761863841 -0.002719220669128046 -0.0014219692290914014 0.0094107961095869549 0.00051463996951884412 0.0016734312864996139 -0.0015006336518713543 0.0075422461923153605 -0.00038864808340900042 0.0045784176913120098 -0.0018577590536521409 0.00013512839517232795
leaf_weight=22 418 44 20 123 261 40 47 21 93 32 57 31 180 7251
leaf_count=22 418 44 20 123 261 40 47 21 93 32 57 31 180 7251
internal_value=8.56761e-12 8.49079e-05 0.00389836 5.43085e-05 9.77497e-05 0.00270317 0.00403483 0.00674711 -0.00113777 0.000437582 0.00246291 5.38931e-05 3.56585e-05 8.1028e-05
internal_weight=8640 8040 64 7976 7853 130 108 61 600 182 89 7723 7692 7512
internal_count=8640 8040 64 7976 7853 130 108 61 600 182 89 7723 7692 7512
is_linear=0
shrinkage=0.05


Tree=53
num_leaves=15
num_cat=0
split_feature=3 3 6 7 8 5 8 1 3 6 6 6 3 8
split_gain=0.317463 0.283081 0.264416 0.412158 0.632197 0.600505 0.755305 0.680683 0.676919 0.46745 0.360584 0.454099 0.729176 0.354298
threshold=24.250000000000004 0.60000000000000009 12.050000000000002 6.1224537939662573 12.300000000000002 6.1500000000000012 12.750000000000002 31.383250000000004 6.7500000000000009 14.15 12.850000000000003 13.350000000000003 9.8500000000000032 20.816666666666674
decision_type=2 2 2 2 2 2 2 2 2 2 2 2 2 2
left_child=1 -1 13 5 -5 9 7 8 -7 10 -4 12 -12 -3
right_child=-2 2 3 4 -6 6 -8 -9 -10 -11 11 -13 -14 -15
leaf_value=0.0055815415598614061 -0.0021856806785556736 0.00014382416339064877 -0.004932347250300958 0.0026324899598526266 -0.00042102410687332192 0.01410378779983148 -0.0012781868329568625 -0.0023705662464525439 0.0030854424431353161 -0.0087431442820363591 -0.003274789953644833 -0.0035256758276052003 0.0091837025036511487 0.0038824811653512372
leaf_weight=23 163 6428 86 208 916 20 512 33 46 36 23 58 24 64
leaf_count=23 163 6428 86 208 916 20 512 33 46 36 23 58 24 64
internal_value=5.91791e-12 4.20274e-05 2.69565e-05 -0.000481697 0.000144039 -0.00132099 -0.000505162 0.0034927 0.00642433 -0.0035169 -0.00253184 -0.000565719 0.00308699 0.000180681
internal_weight=8640 8477 8454 1962 1124 838 611 99 66 227 191 105 47 6492
internal_count=8640 8477 8454 1962 1124 838 611 99 66 227 191 105 47 6492
is_linear=0
shrinkage=0.05


Tree=54
num_leaves=15
num_cat=0
split_feature=5 3 3 5 8 1 8 5 3 2 2 5 5 2
split_gain=0.295405 0.384192 0.765138 0.371178 0.368749 0.346294 0.643981 0.822707 0.693361 0.863539 0.78489 1.28977 0.77849 0.66099
threshold=11.15 10.050000000000002 14.050000000000002 11.750000000000002 13.350000000000003 22.610250000000004 9.6500000000000021 8.5500000000000025 6.4500000000000011 77.393050000000017 77.393050000000017 9.1500000000000004 7.6500000000000012 77.393050000000017
decision_type=2 2 2 2 2 2 2 2 2 2 2 2 2 2
left_child=5 3 4 -2 -3 -1 7 13 9 -8 12 -12 -10 -7
right_child=1 2 -4 -5 -6 6 8 -9 10 -11 11 -13 -14 -15
leaf_value=-0.00034917241586824145 -0.0062090041454542777 -0.0013683617450730053 -0.00065066481836561997 -0.0013700623090088194 0.0038685318821883919 -0.00095318051612274565 0.012017467500908034 -0.0027447673040079321 -0.001126252739984346 -1.2241730179924234e-05 0.012804998984534501 -0.0016515111490325246 0.0025502843177026054 0.00068782939318776624
leaf_weight=2316 44 43 1133 399 154 783 35 231 285 26 36 27 291 2837
leaf_count=2316 44 43 1133 399 154 783 35 231 285 26 36 27 291 2837
internal_value=1.1506e-11 -0.000575375 -0.000150593 -0.00185068 0.00272545 0.000148557 0.000401851 0.000148271 0.0017969 0.00689005 0.0013107 0.00660935 0.000731164 0.000332882
internal_weight=8640 1773 1330 443 197 6867 4551 3851 700 61 639 63 576 3620
internal_count=8640 1773 1330 443 197 6867 4551 3851 700 61 639 63 576 3620
is_linear=0
shrinkage=0.05


Tree=55
num_leaves=15
num_cat=0
split_feature=3 5 3 0 3 2 4 4 5 5 4 8 3 8
split_gain=0.280759 0.41707 0.249155 0.246261 0.316833 0.566858 0.268567 0.250463 0.241252 0.217651 0.211376 0.35329 0.386668 0.391825
threshold=19.150000000000002 19.450000000000003 0.60000000000000009 60.000000000000007 22.650000000000002 75.043350000000018 24.150000000000002 26.350000000000005 1.0500000000000003 19.650000000000002 1.3500000000000003 2.7333333333333338 2.4500000000000006 3.0166666666666671
decision_type=2 2 2 2 2 2 2 2 2 2 2 2 2 2
left_child=2 3 -1 -2 7 -6 -7 -5 -4 10 -10 -12 -13 -14
right_child=1 -3 8 4 5 6 -8 -9 9 -11 11 12 13 -15
leaf_value=0.0052871437290298714 -0.0016909371504281951 0.0060573245088259382 -0.0022389560593879441 0.00015095804425838748 0.007342860864701907 0.003601329610683024 -0.0039301502903730705 -0.0042544063377297587 0.0031040648966397084 -0.0016821290756141309 -0.0026500757509193215 0.001695032971361352 -0.0055275908986767456 0.00010621286347849275
leaf_weight=23 529 21 111 114 37 20 29 45 60 166 113 392 31 6949
leaf_count=23 529 21 111 114 37 20 29 45 60 166 113 392 31 6949
internal_value=-3.98864e-12 -0.00089535 9.07333e-05 -0.00108399 0.000226527 0.00267137 -0.000856077 -0.00109584 7.54537e-05 0.00010877 0.000148172 0.000124477 0.000167006 8.11917e-05
internal_weight=8640 795 7845 774 245 86 49 159 7822 7711 7545 7485 7372 6980
internal_count=8640 795 7845 774 245 86 49 159 7822 7711 7545 7485 7372 6980
is_linear=0
shrinkage=0.05


Tree=56
num_leaves=15
num_cat=0
split_feature=3 4 6 3 4 3 4 4 0 6 5 4 5 5
split_gain=0.27117 0.250324 0.264785 0.448808 0.887208 0.498274 0.676229 0.459621 0.428771 0.422958 0.76752 0.720324 0.553302 0.536547
threshold=24.250000000000004 32.850000000000001 12.050000000000002 11.250000000000002 18.750000000000004 4.1500000000000012 14.250000000000002 9.7500000000000018 36.000000000000007 20.050000000000004 3.6500000000000008 24.550000000000004 5.9500000000000011 10.950000000000001
decision_type=2 2 2 2 2 2 2 2 2 2 2 2 2 2
left_child=1 2 -1 4 5 6 -4 -5 -9 10 -6 12 -12 -14
right_child=-2 -3 3 7 9 -7 -8 8 -10 -11 11 -13 13 -15
leaf_value=0.00017847938429938373 -0.002020046283116713 0.0056260364316403876 -0.0060695187077120264 0.0064095881115645171 0.010300663188099862 -0.002572948563008352 0.0033654294863911245 -0.0025991365556668217 -0.00055153140789080486 -0.0023528352875776667 -0.0019746098106185419 0.0099332506025138385 0.0038536978042361496 -0.0027077588840926951
leaf_weight=6513 163 20 24 20 30 253 91 384 765 48 92 26 173 38
leaf_count=6513 163 20 24 20 30 253 91 384 765 48 92 26 173 38
internal_value=-4.91367e-12 3.88425e-05 2.56293e-05 -0.000486466 0.000446592 -0.00133253 0.0013964 -0.00110505 -0.00123585 0.00205523 0.00264461 0.00194649 0.00126116 0.00267201
internal_weight=8640 8477 8457 1944 775 368 115 1169 1149 407 359 329 303 211
internal_count=8640 8477 8457 1944 775 368 115 1169 1149 407 359 329 303 211
is_linear=0
shrinkage=0.05


Tree=57
num_leaves=15
num_cat=0
split_feature=3 3 8 6 5 1 6 3 6 3 5 3 8 2
split_gain=0.244731 0.227764 0.385749 0.443933 0.244704 0.812923 1.18033 1.03968 0.791398 0.777853 0.734437 0.638824 0.947304 0.559702
threshold=24.250000000000004 1.7000000000000004 6.6500000000000012 3.5000000000000018 2.6500000000000008 31.383250000000004 7.5500000000000007 4.3500000000000005 10.550000000000002 2.4500000000000006 2.3500000000000001 3.0500000000000003 5.7166666666666677 86.003450000000015
decision_type=2 2 2 2 2 2 2 2 2 2 2 2 2 2
left_child=1 2 3 -1 5 13 7 10 9 -8 -7 -11 -13 -3
right_child=-2 4 -4 -5 -6 6 8 -9 -10 11 -12 12 -14 -15
leaf_value=-0.0013959389130928015 -0.0019190439577300125 -0.004306920374553401 -0.0040207231106857456 0.003812206909542197 8.5665704483864433e-05 -0.0021598352293949576 -0.00017501539400508327 -0.0090468427509461571 -0.0022703349226944601 0.016643541625567845 0.0090510959426561999 0.0012423895725182125 0.014139758904154101 -0.00087272326322489517
leaf_weight=57 163 164 27 145 7404 48 31 38 33 21 21 35 24 429
leaf_count=57 163 164 27 145 7404 48 31 38 33 21 21 35 24 429
internal_value=4.84348e-12 3.69003e-05 0.00159232 0.00234258 -6.28489e-06 -0.000812923 0.00157222 -0.00240541 0.00452782 0.00654889 0.00125219 0.0091544 0.00648878 -0.00182248
internal_weight=8640 8477 229 202 8248 844 251 107 144 111 69 80 59 593
internal_count=8640 8477 229 202 8248 844 251 107 144 111 69 80 59 593
is_linear=0
shrinkage=0.05


Tree=58
num_leaves=15
num_cat=0
split_feature=3 4 0 6 3 6 5 0 7 0 3 5 8 6
split_gain=0.226253 0.286234 0.482008 0.295746 0.26674 0.371093 0.363516 0.29883 0.214451 0.207363 0.254793 0.462569 0.234165 0.196415
threshold=20.450000000000003 29.950000000000003 36.000000000000007 20.050000000000004 1.3500000000000003 2.6000000000000014 4.4500000000000011 60.000000000000007 8.3199893065861943 60.000000000000007 22.650000000000002 14.050000000000002 21.916666666666671 19.150000000000006
decision_type=2 2 2 2 2 2 2 2 2 2 2 2 2 2
left_child=1 3 -3 4 5 -1 7 -7 13 -2 -11 -12 -13 -6
right_child=9 2 -4 -5 8 6 -8 -9 -10 10 11 12 -14 -15
leaf_value=-0.0035935167011550886 -0.001574493691835867 0.0098166703479364518 0.00060563577358059735 -0.0023915497314613652 4.238364048403477e-05 0.0086130292131565509 0.00022634248932863169 0.0012474412985500835 0.0041918626288890903 -0.0014076072634715173 0.0071761753624741687 -0.0035970392736739349 0.0028134410815506151 -0.0036093710921704771
leaf_weight=22 406 20 49 123 7665 40 47 21 31 90 32 28 29 37
leaf_count=22 406 20 49 123 7665 40 47 21 31 90 32 28 29 37
internal_value=-7.59698e-12 6.89533e-05 0.0032755 4.12483e-05 7.93043e-05 0.00232537 0.00353107 0.00607734 4.15455e-05 -0.000949434 0.0004683 0.00236528 -0.000335567 2.48408e-05
internal_weight=8640 8055 69 7986 7863 130 108 61 7733 585 179 89 57 7702
internal_count=8640 8055 69 7986 7863 130 108 61 7733 585 179 89 57 7702
is_linear=0
shrinkage=0.05


Tree=59
num_leaves=15
num_cat=0
split_feature=5 4 4 1 5 3 6 4 5 2 3 5 4 5
split_gain=0.212961 0.363185 0.448828 0.308343 0.354859 0.378746 0.370164 0.310343 1.11755 0.744709 1.46136 1.71653 1.66424 1.32667
threshold=11.15 11.350000000000003 5.3500000000000005 16.079350000000005 9.9500000000000011 10.750000000000002 10.250000000000002 6.3500000000000005 9.8500000000000032 77.393050000000017 9.2500000000000018 8.6500000000000004 10.850000000000003 5.0500000000000007
decision_type=2 2 2 2 2 2 2 2 2 2 2 2 2 2
left_child=3 2 -2 4 -1 6 -6 8 -5 13 11 -11 -12 -9
right_child=1 -3 -4 7 5 -7 -8 9 -10 10 12 -13 -14 -15
leaf_value=-0.00075629566859805402 0.0039771019481122495 -0.0002420725338476819 -0.0034785080641846766 -0.00051030190430698228 0.0013428848317783813 0.00034205057875459529 0.010643734373152256 -0.0023784663776985175 0.0089367913440582935 0.0013159968403528666 0.0034923168221105113 -0.0051460203453263442 0.017452491137751002 0.00061998858287314778
leaf_weight=1409 23 1585 165 1441 23 149 20 489 32 1563 102 110 27 1502
leaf_count=1409 23 1585 165 1441 23 149 20 489 32 1563 102 110 27 1502
internal_value=-2.79417e-13 -0.000488531 -0.00256639 0.000126134 -0.000481508 0.00153503 0.00566886 0.000310873 -0.00030507 0.000550073 0.0012865 0.000891118 0.00641421 -0.000116448
internal_weight=8640 1773 188 6867 1601 192 43 5266 1473 3793 1802 1673 129 1991
internal_count=8640 1773 188 6867 1601 192 43 5266 1473 3793 1802 1673 129 1991
is_linear=0
shrinkage=0.05


Tree=60
num_leaves=15
num_cat=0
split_feature=3 3 4 6 3 4 4 3 4 0 7 5 5 5
split_gain=0.208364 0.204453 0.222199 0.207138 0.414165 0.788314 0.412455 0.408244 0.578442 0.395437 0.416685 0.36921 0.421584 0.393662
threshold=0.60000000000000009 24.250000000000004 32.850000000000001 12.050000000000002 11.250000000000002 18.750000000000004 9.7500000000000018 4.1500000000000012 14.250000000000002 60.000000000000007 7.8329055777205214 3.6500000000000008 5.4500000000000011 10.950000000000001
decision_type=2 2 2 2 2 2 2 2 2 2 2 2 2 2
left_child=-1 2 3 -2 5 7 -6 8 -5 -8 -11 -7 -13 -14
right_child=1 -3 -4 4 6 11 9 -9 -10 10 -12 12 13 -15
leaf_value=0.0047526855396268809 0.00014417461124146947 -0.0017666720884475012 0.0052850855095312003 -0.0056204689783044166 0.0060804534435737884 0.006729930533549271 -0.0018295645411310858 -0.0023462513626755352 0.0031261186605957706 0.00063734931048887577 -0.0050793924861188451 -0.0018280538142119583 0.0032272864121185799 -0.0014643570009238004
leaf_weight=23 6492 163 20 24 20 37 757 253 89 357 35 76 239 55
leaf_count=23 6492 163 20 24 20 37 757 253 89 357 35 76 239 55
internal_value=5.70531e-12 -1.26856e-05 2.11327e-05 8.65e-06 -0.000444401 0.000453543 -0.00103817 -0.00123024 0.00126844 -0.00116208 0.000126926 0.00196771 0.00149149 0.0023496
internal_weight=8640 8617 8454 8434 1942 773 1169 366 113 1149 392 407 370 294
internal_count=8640 8617 8454 8434 1942 773 1169 366 113 1149 392 407 370 294
is_linear=0
shrinkage=0.05


Tree=61
num_leaves=15
num_cat=0
split_feature=5 3 4 8 4 6 6 8 6 5 5 3 5 4
split_gain=0.20146 0.254563 0.552689 0.724264 0.284619 0.596286 0.340709 1.14024 0.78442 0.348498 0.31931 0.53569 0.334599 0.271292
threshold=1.0500000000000003 2.4500000000000006 2.1500000000000008 2.7333333333333338 4.9500000000000011 3.7000000000000011 7.2500000000000018 4.3166666666666673 4.4000000000000021 7.7500000000000009 3.3500000000000001 1.5500000000000003 5.0500000000000007 7.4500000000000011
decision_type=2 2 2 2 2 2 2 2 2 2 2 2 2 2
left_child=-1 2 -2 -4 5 -5 7 8 -6 10 -8 -12 -13 -9
right_child=1 -3 3 4 6 -7 9 13 -10 -11 11 12 -14 -15
leaf_value=-0.0021067963605414012 0.008876665279438551 -3.9997566309172194e-05 -0.0045688086039652786 0.0012189628773326563 -0.0039237172110006217 0.011459385189006016 0.00087554540436763284 -0.0021775234350934628 0.005742263225895796 -0.0020749503973332283 0.00067421215636706035 0.0134180793627387 0.0052439099620847458 -0.0095574935792352676
leaf_weight=112 22 8035 56 44 32 21 77 20 61 38 37 21 31 33
leaf_count=112 22 8035 56 44 32 21 77 20 61 38 37 21 31 33
internal_value=1.478e-11 2.7669e-05 0.00113051 0.000768695 0.00148894 0.00452741 0.000924648 -0.000919374 0.00241633 0.00224439 0.00323315 0.00527288 0.00854502 -0.0067726
internal_weight=8640 8528 493 471 415 65 350 146 93 204 166 89 52 53
internal_count=8640 8528 493 471 415 65 350 146 93 204 166 89 52 53
is_linear=0
shrinkage=0.05


Tree=62
num_leaves=15
num_cat=0
split_feature=3 5 8 8 5 8 4 4 1 0 4 6 0 4
split_gain=0.187619 0.361839 0.200726 0.229703 0.23042 0.200616 0.226015 0.490801 0.441359 0.258013 0.224688 0.288144 0.207165 0.199262
threshold=19.150000000000002 19.450000000000003 23.650000000000006 14.750000000000002 6.7500000000000009 20.650000000000006 28.150000000000002 24.850000000000005 27.379200000000004 60.000000000000007 26.350000000000005 15.450000000000005 36.000000000000007 29.950000000000003
decision_type=2 2 2 2 2 2 2 2 2 2 2 2 2 2
left_child=13 2 3 -2 -5 10 7 -7 -9 -8 11 12 -6 -1
right_child=1 -3 -4 4 5 6 9 8 -10 -11 -12 -13 -14 -15
leaf_value=5.5464297472845892e-05 -0.004283463606815331 0.0057440453519423812 -0.0034412924095358652 0.0044900506937309457 -0.0033453617428636389 -0.0020849559192283778 -0.002563068945959061 0.0066496398032980103 -0.00090497971255460688 0.0024699973498678047 -0.0049844856864135513 0.0046033666934818035 -0.0005140671323894373 0.003468506432376629
leaf_weight=7802 41 21 71 23 90 50 87 58 29 36 38 22 229 43
leaf_count=7802 41 21 71 23 90 50 87 58 29 36 38 22 229 43
internal_value=7.30625e-12 -0.000731922 -0.000907627 -0.000651737 -0.000426812 -0.000603788 0.000465845 0.00186268 0.00413143 -0.00108998 -0.00133757 -0.000931173 -0.00131286 7.41719e-05
internal_weight=8640 795 774 703 662 639 260 137 87 123 379 341 319 7845
internal_count=8640 795 774 703 662 639 260 137 87 123 379 341 319 7845
is_linear=0
shrinkage=0.05


Tree=63
num_leaves=15
num_cat=0
split_feature=4 3 8 3 8 5 6 7 3 7 3 5 4 3
split_gain=0.185479 0.350555 0.306957 0.295444 0.449534 0.269163 0.213636 1.09966 1.22436 0.906743 0.786662 0.893337 0.74913 0.680685
threshold=1.3500000000000003 3.8500000000000001 3.0166666666666671 1.7000000000000004 6.6500000000000012 2.8500000000000001 6.4000000000000021 3.137585746881967 6.5500000000000007 3.3109246778237389 4.6500000000000012 5.1500000000000012 15.250000000000002 17.350000000000005
decision_type=2 2 2 2 2 2 2 2 2 2 2 2 2 2
left_child=1 -1 5 4 -4 -2 10 -8 -9 12 11 -5 -10 -14
right_child=2 -3 3 6 -6 -7 7 8 9 -11 -12 -13 13 -15
leaf_value=0.0081668324838392436 -0.0028876021163210088 0.00023769494475108451 0.0032471089487496234 -7.4560048784460932e-05 -0.0037992299066563311 0.0016560187676876057 -0.0023803251780170416 0.0015802286519959513 -6.9029325799595926e-05 -0.00056967865165744415 0.00076981113470743804 -0.0040881995686349723 0.009059689498485568 -0.00081420989396671455
leaf_weight=20 159 46 140 528 27 41 525 1004 93 3485 2296 188 64 24
leaf_count=20 159 46 140 528 27 41 525 1004 93 3485 2296 188 64 24
internal_value=-6.20894e-12 0.00264046 -2.03255e-05 2.59089e-05 0.00210788 -0.00195616 -1.6456e-05 -0.000210701 3.32075e-05 -0.000390472 0.000318571 -0.00112842 0.00306 0.00636681
internal_weight=8640 66 8574 8374 167 200 8207 5195 4670 3666 3012 716 181 88
internal_count=8640 66 8574 8374 167 200 8207 5195 4670 3666 3012 716 181 88
is_linear=0
shrinkage=0.05


Tree=64
num_leaves=15
num_cat=0
split_feature=5 4 6 8 3 4 8 1 5 4 5 3 8 5
split_gain=0.183736 0.218512 0.328981 0.234081 0.357938 0.370152 0.319322 0.210682 0.612135 0.614953 0.423432 0.330635 0.376969 0.7019
threshold=1.0500000000000003 1.3500000000000003 4.0499999999999998 2.7333333333333338 2.4500000000000006 3.1500000000000008 3.0166666666666671 31.383250000000004 4.7500000000000009 10.750000000000002 2.3500000000000001 1.3500000000000003 5.0833333333333348 2.5500000000000003
decision_type=2 2 2 2 2 2 2 2 2 2 2 2 2 2
left_child=-1 2 -2 -3 5 -5 -6 10 11 -10 -7 -9 13 -13
right_child=1 3 -4 4 6 7 -8 8 9 -11 -12 12 -14 -15
leaf_value=-0.0020119868607642792 0.0065038057178753664 -0.0022064467684870933 -0.00084888964634517142 0.0081010460504330698 -0.0051035647130300921 -0.0028836759333048141 -1.8996805459256861e-05 0.0075681018724065756 -0.0076672232766613006 0.0011030240676915034 0.0035543610106607707 0.0041175948812023685 0.0046799432232298632 -0.0056537427566945558
leaf_weight=112 32 118 29 20 31 31 7901 23 41 39 145 34 44 40
leaf_count=112 32 118 29 20 31 31 7901 23 41 39 145 34 44 40
internal_value=-8.26356e-12 2.64238e-05 0.00300826 4.94136e-06 3.61959e-05 0.00146404 -3.88684e-05 0.00112968 0.000101783 -0.00339173 0.00242039 0.00208392 0.00101497 -0.00116421
internal_weight=8640 8528 61 8467 8349 417 7932 397 221 80 176 141 118 74
internal_count=8640 8528 61 8467 8349 417 7932 397 221 80 176 141 118 74
is_linear=0
shrinkage=0.05


Tree=65
num_leaves=15
num_cat=0
split_feature=5 7 4 5 7 7 3 5 8 4 6 7 0 8
split_gain=0.17018 0.224274 0.416598 0.764869 0.204611 0.51666 0.408414 0.316811 0.270097 0.200916 0.30052 0.325004 0.230864 0.854563
threshold=14.250000000000002 2.92669698316366 18.150000000000002 16.350000000000005 4.5972213433062903 5.1424162023079303 23.150000000000002 16.650000000000002 20.050000000000004 29.950000000000003 20.050000000000004 8.3199893065861943 36.000000000000007 11.933333333333335
decision_type=2 2 2 2 2 2 2 2 2 2 2 2 2 2
left_child=9 2 3 -2 -3 6 7 8 -6 10 11 12 13 -1
right_child=1 4 -4 -5 5 -7 -8 -9 -10 -11 -12 -13 -14 -15
leaf_value=0.00028444817932151984 -7.6013852887582491e-05 -0.0023371091473272142 -0.0014478895240851368 0.011162857282882518 0.0032689760765060786 -0.0012568262811236302 -0.0033900511451065542 0.00067953915447638985 0.011297357370230285 0.0036994420629190769 -0.0031603897519138025 0.0054620167697846354 0.00025882120447192849 -0.0017034046915492798
leaf_weight=1767 41 212 72 24 20 396 20 29 22 38 72 28 5120 779
leaf_count=1767 41 212 72 24 20 396 20 29 22 38 72 28 5120 779
internal_value=7.13296e-12 -0.00067799 0.00117185 0.00407372 -0.00104055 -0.000476132 0.00292118 0.00469899 0.00747432 7.26294e-05 5.48829e-05 8.49712e-05 6.53316e-05 -0.000323775
internal_weight=8640 836 137 65 699 487 91 71 42 7804 7766 7694 7666 2546
internal_count=8640 836 137 65 699 487 91 71 42 7804 7766 7694 7666 2546
is_linear=0
shrinkage=0.05


Tree=66
num_leaves=15
num_cat=0
split_feature=5 4 6 8 3 4 8 1 5 4 5 8 4 5
split_gain=0.168021 0.195331 0.296898 0.213999 0.317921 0.334126 0.289938 0.18951 0.54972 0.557517 0.382292 0.329032 0.675383 0.333769
threshold=1.0500000000000003 1.3500000000000003 4.0499999999999998 2.7333333333333338 2.4500000000000006 3.1500000000000008 3.0166666666666671 31.383250000000004 4.7500000000000009 10.750000000000002 2.3500000000000001 4.3166666666666673 9.4500000000000011 3.2500000000000004
decision_type=2 2 2 2 2 2 2 2 2 2 2 2 2 2
left_child=-1 2 -2 -3 5 -5 -6 10 11 -10 -7 -9 -13 -14
right_child=1 3 -4 4 6 7 -8 8 9 -11 -12 12 13 -15
leaf_value=-0.001924021853483282 0.0061652339274587582 -0.0021094456024988856 -0.00081973954200230805 0.0076862654485739777 -0.0048619475027906799 -0.0027528464658966951 -1.6967340525090715e-05 0.0056745949939275833 -0.0072936063927666441 0.0010570381529247149 0.0033644478262606844 -0.0073330129750750275 0.00051858704621818936 0.0078055318783630022
leaf_weight=112 32 118 29 20 31 31 7901 42 41 39 145 22 55 22
leaf_count=112 32 118 29 20 31 31 7901 42 41 39 145 22 55 22
internal_value=2.95923e-13 2.52686e-05 0.00284451 4.95753e-06 3.48413e-05 0.0013805 -3.59026e-05 0.00106283 8.79517e-05 -0.00322267 0.00228697 0.00196632 0.000393108 0.00260057
internal_weight=8640 8528 61 8467 8349 417 7932 397 221 80 176 141 99 77
internal_count=8640 8528 61 8467 8349 417 7932 397 221 80 176 141 99 77
is_linear=0
shrinkage=0.05


Tree=67
num_leaves=15
num_cat=0
split_feature=5 7 4 5 7 7 3 5 8 4 6 7 0 6
split_gain=0.153202 0.202417 0.37598 0.690294 0.184647 0.466306 0.368594 0.285922 0.243762 0.181665 0.266349 0.293528 0.205976 0.791687
threshold=14.250000000000002 2.92669698316366 18.150000000000002 16.350000000000005 4.5972213433062903 5.1424162023079303 23.150000000000002 16.650000000000002 20.050000000000004 30.150000000000002 20.050000000000004 8.3199893065861943 36.000000000000007 6.2500000000000018
decision_type=2 2 2 2 2 2 2 2 2 2 2 2 2 2
left_child=9 2 3 -2 -3 6 7 8 -6 10 11 12 13 -1
right_child=1 4 -4 -5 5 -7 -8 -9 -10 -11 -12 -13 -14 -15
leaf_value=0.00072873669506394478 -7.136479451707224e-05 -0.0022194053058305972 -0.0013746466427821563 0.010605562765461703 0.0031063754158094526 -0.0011932209415870677 -0.003219700218178332 0.0006464106279650125 0.010733337652477944 0.0040890980046242474 -0.0029309715222995227 0.005193169849059944 0.00024710632284091299 -0.0010558635506412875
leaf_weight=1075 41 212 72 24 20 396 20 29 22 28 74 28 5126 1473
leaf_count=1075 41 212 72 24 20 396 20 29 22 28 74 28 5126 1473
internal_value=-3.52271e-12 -0.000643282 0.00111411 0.00387089 -0.00098772 -0.000451545 0.00277597 0.00446489 0.00710145 6.89113e-05 5.44353e-05 8.31188e-05 6.44738e-05 -0.000302942
internal_weight=8640 836 137 65 699 487 91 71 42 7804 7776 7702 7674 2548
internal_count=8640 836 137 65 699 487 91 71 42 7804 7776 7702 7674 2548
is_linear=0
shrinkage=0.05


Tree=68
num_leaves=15
num_cat=0
split_feature=5 3 7 7 5 5 6 8 4 5 8 7 4 5
split_gain=0.151997 0.177709 1.17132 0.872763 1.04891 1.08612 0.834732 0.821691 0.937953 0.788314 1.19006 0.829754 0.774664 0.846548
threshold=1.0500000000000003 6.3500000000000005 2.4280765135299096 2.5381533094401969 6.3500000000000005 1.9500000000000002 5.950000000000002 7.9000000000000012 5.5500000000000007 5.2500000000000009 5.9500000000000002 2.1581875583210586 4.2500000000000009 8.8500000000000032
decision_type=2 2 2 2 2 2 2 2 2 2 2 2 2 2
left_child=-1 2 9 6 5 -5 -3 8 -7 10 -2 -11 -4 -14
right_child=1 3 12 4 -6 7 -8 -9 -10 11 -12 -13 13 -15
leaf_value=-0.0018299747656523584 -0.0003810633628894204 0.00069596016423286182 0.010683777437291363 0.0050361855869943449 -3.1966225186807845e-05 -0.0015354390287658671 0.0075374562515998673 -0.0014582690637706536 -0.0080673582868370352 -0.0018257095558185587 0.0076036847719200412 -0.0091927711978893392 0.0018882343168516763 -0.0011106305985421634
leaf_weight=112 979 1449 22 55 3164 107 46 841 113 291 49 44 1066 302
leaf_count=112 979 1449 22 55 3164 107 46 841 113 291 49 44 1066 302
internal_value=-3.4496e-12 2.40334e-05 0.000354612 -0.000133557 -0.000496836 -0.0018148 0.000906468 -0.00216994 -0.00489047 -0.000686899 -4.67391e-07 -0.00279332 0.00137589 0.0012262
internal_weight=8640 8528 2753 5775 4280 1116 1495 1061 220 1363 1028 335 1390 1368
internal_count=8640 8528 2753 5775 4280 1116 1495 1061 220 1363 1028 335 1390 1368
is_linear=0
shrinkage=0.05


Tree=69
num_leaves=15
num_cat=0
split_feature=5 1 7 3 6 5 8 0 8 2 8 0 8 5
split_gain=0.148306 0.838754 1.04376 0.753175 0.676791 0.482283 0.658464 0.522439 0.528756 0.4761 0.88789 0.833742 0.598936 0.725359
threshold=2.6500000000000008 31.383250000000004 2.9508936763297724 4.3500000000000005 10.550000000000002 2.3500000000000001 5.5833333333333339 60.000000000000007 4.616666666666668 86.003450000000015 8.1500000000000039 60.000000000000007 4.450000000000002 1.8500000000000003
decision_type=2 2 2 2 2 2 2 2 2 2 2 2 2 2
left_child=1 9 3 -3 5 6 7 8 -4 10 -1 -12 -11 -14
right_child=-2 2 4 -5 -6 -7 -8 -9 -10 12 11 -13 13 -15
leaf_value=-0.0062571455818261571 7.1642125761264605e-05 0.00099147808403103502 0.0012348840234889871 -0.0082463696288565796 -0.0023117568488565405 0.00021404239266891689 0.014554608742827956 -0.00059012098520595053 0.011032560218518485 -0.0016324098775835245 0.0064155076337611364 -0.0065220338013023144 0.0095691527705639608 -7.960519287735224e-05
leaf_weight=118 7717 57 21 36 35 34 23 28 40 386 33 20 28 64
leaf_count=118 7717 57 21 36 35 34 23 28 40 386 33 20 28 64
internal_value=-3.77125e-13 -0.000598984 0.00172072 -0.00258446 0.00393278 0.00542976 0.0070131 0.00506418 0.00765959 -0.00157834 -0.00384253 0.00153342 -0.000768344 0.00285697
internal_weight=8640 923 274 93 181 146 112 89 61 649 171 53 478 92
internal_count=8640 923 274 93 181 146 112 89 61 649 171 53 478 92
is_linear=0
shrinkage=0.05


Tree=70
num_leaves=15
num_cat=0
split_feature=3 3 4 5 5 1 7 3 7 2 8 0 8 5
split_gain=0.143482 0.136774 0.187305 0.165369 0.137281 0.694432 0.904299 0.679741 0.595068 0.443318 0.801321 0.752452 0.52625 0.654637
threshold=0.60000000000000009 24.550000000000004 32.850000000000001 13.15 2.6500000000000008 31.383250000000004 2.9790004321879375 4.3500000000000005 4.6514035561320224 86.003450000000015 8.1500000000000039 60.000000000000007 4.450000000000002 1.8500000000000003
decision_type=2 2 2 2 2 2 2 2 2 2 2 2 2 2
left_child=-1 2 4 -3 5 9 7 -7 -8 10 -2 -12 -11 -14
right_child=1 3 -4 -5 -6 6 8 -9 -10 12 11 -13 13 -15
leaf_value=0.0039439056858258407 -0.005944288277335591 0.0024824171665717258 0.0047320476777496789 -0.0022157876626200351 7.4372477248485806e-05 0.0009419041309963194 0.0050184951077119032 -0.0078340509686515569 -0.0023309775943155674 -0.0014993503703935908 0.0060947325189993013 -0.006195932156406344 0.009090695204213262 -7.5624824967235332e-05
leaf_weight=23 118 22 21 126 7532 57 145 36 34 381 33 20 28 64
leaf_count=23 118 22 21 126 7532 57 145 36 34 381 33 20 28 64
internal_value=1.72419e-12 -1.05268e-05 1.58066e-05 -0.00151741 4.08301e-06 -0.000573887 0.00154445 -0.00245524 0.00362251 -0.00146859 -0.0036504 0.00145675 -0.000679816 0.00271412
internal_weight=8640 8617 8469 148 8448 916 272 93 179 644 171 53 473 92
internal_count=8640 8617 8469 148 8448 916 272 93 179 644 171 53 473 92
is_linear=0
shrinkage=0.05


Tree=71
num_leaves=15
num_cat=0
split_feature=5 4 7 5 1 8 5 4 3 2 2 5 5 0
split_gain=0.140922 0.334153 0.386788 0.460095 0.221892 0.626081 0.716914 0.60285 0.570346 0.737964 0.612318 1.12971 0.640208 0.503005
threshold=11.15 11.350000000000003 4.5729883106555045 18.750000000000004 22.610250000000004 9.6500000000000021 8.5500000000000025 4.7500000000000009 6.4500000000000011 77.393050000000017 77.393050000000017 9.1500000000000004 7.6500000000000012 60.000000000000007
decision_type=2 2 2 2 2 2 2 2 2 2 2 2 2 2
left_child=4 2 -2 -4 -1 6 -6 -8 9 -7 12 -12 -10 -14
right_child=1 -3 3 -5 5 8 7 -9 10 -11 11 -13 13 -15
leaf_value=-0.00029581447895417242 -0.0040391406551669772 -0.00016100015331130206 0.0070392824336886406 -0.0020751436323755315 0.00022766376517206006 0.011040152521537883 0.0032035280377729924 -0.0037607977292488438 -0.00095634753194948042 -8.0539547623350078e-05 0.01171842842983703 -0.0018113337942243864 0.00089640522413703724 0.0052949709138281793
leaf_weight=2316 123 1585 20 45 3620 35 37 194 285 26 36 27 193 98
leaf_count=2316 123 1585 20 45 3620 35 37 194 285 26 36 27 193 98
internal_value=-5.96355e-12 -0.000397403 -0.00239048 0.000729295 0.000102606 0.000305362 5.53307e-05 -0.0026453 0.00168089 0.00630019 0.00123992 0.00591996 0.000728046 0.00237771
internal_weight=8640 1773 188 65 6867 4551 3851 231 700 61 639 63 576 291
internal_count=8640 1773 188 65 6867 4551 3851 231 700 61 639 63 576 291
is_linear=0
shrinkage=0.05


Tree=72
num_leaves=15
num_cat=0
split_feature=4 3 8 3 5 1 2 3 4 5 5 4 7 8
split_gain=0.13675 0.295016 0.2014 0.20852 0.526136 0.193761 0.176507 0.894198 1.0142 1.04651 0.697464 0.504454 0.734833 0.492451
threshold=1.3500000000000003 3.8500000000000001 2.7333333333333338 1.3500000000000003 4.4500000000000011 31.383250000000004 86.003450000000015 6.8500000000000005 4.5500000000000007 8.1500000000000004 2.5500000000000003 6.3500000000000005 2.454474205352057 4.6833333333333345
decision_type=2 2 2 2 2 2 2 2 2 2 2 2 2 2
left_child=1 -1 -2 4 -4 -6 13 -8 -9 10 -10 -12 -13 -5
right_child=2 -3 3 6 5 -7 7 8 9 -11 11 12 -14 -15
leaf_value=0.0073369678878225392 -0.0019554058973770944 6.3009411299034306e-05 0.0057197278141448244 -0.0025484445120616279 0.0013285750922347819 -0.0049418565859510148 -0.00045200334789420718 -0.001245210618413065 0.012893795780837537 -0.0019784445354970458 0.001409482367262574 0.0070717674338710585 -0.0016180991387829699 -4.838988636003165e-05
leaf_weight=20 132 46 53 203 28 22 952 162 24 72 113 151 29 6633
leaf_count=20 132 46 53 203 28 22 952 162 24 72 113 151 29 6633
internal_value=-9.62296e-13 0.00226724 -1.74525e-05 1.28495e-05 0.00224878 -0.00143041 -1.47678e-05 0.000475819 0.00207888 0.0034632 0.00469916 0.00402793 0.00567173 -0.000122631
internal_weight=8640 66 8574 8442 103 50 8339 1503 551 389 317 293 180 6836
internal_count=8640 66 8574 8442 103 50 8339 1503 551 389 317 293 180 6836
is_linear=0
shrinkage=0.05


Tree=73
num_leaves=15
num_cat=0
split_feature=3 7 6 7 5 7 5 6 3 5 8 7 7 5
split_gain=0.13467 0.96836 0.80646 0.845109 0.777436 0.773473 0.961057 0.835186 0.771824 0.694659 1.07798 0.744745 0.767609 0.656985
threshold=6.3500000000000005 2.4280765135299096 6.1500000000000021 3.137585746881967 4.8500000000000005 2.5381533094401969 6.3500000000000005 5.950000000000002 3.3500000000000001 5.2500000000000009 5.9500000000000002 2.1581875583210586 1.922382780706162 2.0500000000000003
decision_type=2 2 2 2 2 2 2 2 2 2 2 2 2 2
left_child=1 9 -3 4 -4 7 13 -2 -6 10 -1 12 -11 -7
right_child=5 2 3 -5 8 6 -8 -9 -10 11 -12 -13 -14 -15
leaf_value=-0.00037896798310567414 0.00062860384704146652 0.0048272965154720245 0.0010277624786935551 0.001428932600523016 -0.01009459682474179 0.0025620597539503264 -2.9567527402437108e-05 0.0074010309129160781 -0.0018095110159586456 -0.0028930553375198448 0.0072140705541289436 -0.0087028521853922455 0.0039145306134596462 -0.0020574265521368889
leaf_weight=1015 1449 138 123 1051 42 83 3164 47 85 241 49 44 50 1059
leaf_count=1015 1449 138 123 1051 42 83 3164 47 85 241 49 44 50 1059
internal_value=3.24951e-12 0.000282248 0.00119292 0.000807411 -0.00180547 -0.000138059 -0.000478336 0.000841374 -0.00454946 -0.000654459 -2.92886e-05 -0.00264008 -0.00172337 -0.00172168
internal_weight=8640 2838 1439 1301 250 5802 4306 1496 127 1399 1064 335 291 1142
internal_count=8640 2838 1439 1301 250 5802 4306 1496 127 1399 1064 335 291 1142
is_linear=0
shrinkage=0.05


Tree=74
num_leaves=15
num_cat=0
split_feature=5 1 7 3 6 5 8 0 8 2 8 0 8 5
split_gain=0.135977 0.678068 0.831269 0.632227 0.565798 0.43784 0.594069 0.465914 0.474891 0.394727 0.721973 0.673533 0.445621 0.588487
threshold=2.6500000000000008 31.383250000000004 2.9508936763297724 3.6500000000000008 10.550000000000002 2.3500000000000001 5.5833333333333339 60.000000000000007 4.616666666666668 86.003450000000015 8.1500000000000039 60.000000000000007 4.450000000000002 2.3500000000000001
decision_type=2 2 2 2 2 2 2 2 2 2 2 2 2 2
left_child=1 9 3 -3 5 6 7 8 -4 10 -1 -12 -11 -14
right_child=-2 2 4 -5 -6 -7 -8 -9 -10 12 11 -13 13 -15
leaf_value=-0.0056930988000989981 6.8599683638337453e-05 0.0025210862179310661 0.00087475601051534941 -0.0058333806422996093 -0.0022233211881081973 -0.00011460534844766645 0.013526867686406428 -0.00082722900219128607 0.010159975222777576 -0.001461889317224019 0.0057199831586331133 -0.0059082951257005342 0.0053309129147479936 -0.0030652677291072906
leaf_weight=118 7717 39 21 54 35 34 23 28 40 386 33 20 60 32
leaf_count=118 7717 39 21 54 35 34 23 28 40 386 33 20 60 32
internal_value=-1.47069e-12 -0.000573547 0.00151216 -0.00232989 0.00348625 0.00485499 0.00636361 0.00451243 0.00696342 -0.00145411 -0.00351574 0.00133195 -0.000716575 0.0024105
internal_weight=8640 923 274 93 181 146 112 89 61 649 171 53 478 92
internal_count=8640 923 274 93 181 146 112 89 61 649 171 53 478 92
is_linear=0
shrinkage=0.05


Tree=75
num_leaves=15
num_cat=0
split_feature=5 7 4 5 3 4 4 7 3 5 8 6 0 3
split_gain=0.137263 0.168812 0.363325 0.250111 0.390828 0.165595 0.255765 0.223363 0.64972 0.658764 0.396273 0.342992 0.469349 0.771891
threshold=14.250000000000002 2.92669698316366 15.15 16.850000000000005 21.550000000000004 29.950000000000003 26.650000000000002 6.1224537939662573 9.7500000000000018 3.0500000000000003 12.300000000000002 13.850000000000003 60.000000000000007 13.65
decision_type=2 2 2 2 2 2 2 2 2 2 2 2 2 2
left_child=5 2 -2 -4 -5 6 7 11 9 -9 -10 -1 -13 -14
right_child=1 -3 3 4 -6 -7 -8 8 10 -11 -12 12 13 -15
leaf_value=6.5069630638480086e-05 0.0058588254762192565 -0.00092344907448654217 -0.0031511600124244782 0.0052982950432445206 -0.0027593170749713428 0.0033578467506327129 -0.0016197112925176304 -0.0017675087335519493 0.0047949344624215982 0.0047931289886505822 -0.00045398017053175196 -0.0042006659428567078 -0.0047319427803158764 0.0074607001548563992
leaf_weight=6672 30 699 46 34 27 38 223 50 39 163 461 106 25 27
leaf_count=6672 30 699 46 34 27 38 223 50 39 163 461 106 25 27
internal_value=2.73493e-12 -0.000608898 0.000995999 -0.00036741 0.00173181 6.5228e-05 4.91168e-05 9.84537e-05 0.000940564 0.00325307 -4.45648e-05 1.05438e-05 -0.00229196 0.00159885
internal_weight=8640 836 137 107 61 7804 7766 7543 713 213 500 6830 158 52
internal_count=8640 836 137 107 61 7804 7766 7543 713 213 500 6830 158 52
is_linear=0
shrinkage=0.05


Tree=76
num_leaves=15
num_cat=0
split_feature=4 3 8 2 3 4 5 5 5 7 3 5 4 7
split_gain=0.129185 0.265151 0.167631 0.218683 0.671404 0.900469 0.942908 0.596842 0.563567 0.660689 0.803359 0.476532 0.451709 0.649899
threshold=1.3500000000000003 3.8500000000000001 3.0166666666666671 86.003450000000015 6.8500000000000005 4.5500000000000007 8.1500000000000004 2.5500000000000003 4.6500000000000012 2.454474205352057 4.7500000000000009 2.0500000000000003 6.3500000000000005 2.454474205352057
decision_type=2 2 2 2 2 2 2 2 2 2 2 2 2 2
left_child=1 -1 -2 -4 8 -6 7 -7 11 -10 -11 -5 -9 -14
right_child=2 -3 3 4 5 6 -8 12 9 10 -12 -13 13 -15
leaf_value=0.0070099128596484671 -0.0014475268866244735 0.00011394927986776052 -0.00010098923780646949 -0.0021440514435137935 -0.001180901145418807 0.012009367455417912 -0.0019095964313439455 0.0013301521533506766 -0.0031181975205569756 0.0053672609177672047 -0.0061285789568154593 0.0013838966163938538 0.0066800653345463496 -0.0014921851680967315
leaf_weight=20 200 46 6898 120 162 24 72 113 256 55 21 473 151 29
leaf_count=20 200 46 6898 120 162 24 72 113 256 55 21 473 151 29
internal_value=-9.59574e-12 0.00220364 -1.69629e-05 1.72039e-05 0.000569573 0.00195127 0.00325567 0.00442886 -0.000253473 -0.00190289 0.00219078 0.000669978 0.00380793 0.00536342
internal_weight=8640 66 8574 8374 1476 551 389 317 925 332 76 593 293 180
internal_count=8640 66 8574 8374 1476 551 389 317 925 332 76 593 293 180
is_linear=0
shrinkage=0.05


Tree=77
num_leaves=15
num_cat=0
split_feature=3 7 6 7 5 3 6 5 8 5 8 7 7 5
split_gain=0.129048 0.820241 0.738328 0.757223 0.711483 0.706118 0.698848 1.05946 1.10032 0.603776 0.968486 0.677227 0.679908 0.489539
threshold=6.3500000000000005 2.4280765135299096 6.1500000000000021 3.137585746881967 4.8500000000000005 3.3500000000000001 3.2000000000000011 5.4500000000000011 6.3500000000000005 5.2500000000000009 5.9500000000000002 2.1581875583210586 1.922382780706162 8.8500000000000032
decision_type=2 2 2 2 2 2 2 2 2 2 2 2 2 2
left_child=1 9 -3 4 -4 -6 7 8 -2 10 -1 12 -11 -5
right_child=6 2 3 13 5 -7 -8 -9 -10 11 -12 -13 -14 -15
leaf_value=-0.0003344052119608946 0.0030718528004029027 0.0045918980731242476 0.00098266505893713596 0.0019620390539799052 -0.0096565991307475743 -0.0017320174165070057 -0.00029882106388168933 0.00065551711317073005 0.015938759486501416 -0.0026636517703768903 0.006862678117717483 -0.0082184023117985242 0.0037432484268210831 -0.00051988992766526182
leaf_weight=1015 54 138 123 785 42 85 5328 396 24 241 49 44 50 266
leaf_count=1015 54 138 123 785 42 85 5328 396 24 241 49 44 50 266
internal_value=4.28263e-12 0.000276294 0.00111443 0.000745564 -0.00172772 -0.00435275 -0.000135147 0.00170463 0.0070309 -0.000585802 -2.96058e-06 -0.00243698 -0.00156281 0.00133388
internal_weight=8640 2838 1439 1301 250 127 5802 474 78 1399 1064 335 291 1051
internal_count=8640 2838 1439 1301 250 127 5802 474 78 1399 1064 335 291 1051
is_linear=0
shrinkage=0.05


Tree=78
num_leaves=15
num_cat=0
split_feature=5 1 7 3 7 5 8 0 8 2 7 3 0 8
split_gain=0.132643 0.583962 0.735669 0.571001 0.514067 0.392005 0.387352 0.423018 0.457856 0.359246 0.688807 0.657443 0.574554 0.36201
threshold=2.6500000000000008 31.383250000000004 2.9508936763297724 4.3500000000000005 4.6514035561320224 2.3500000000000001 5.5833333333333339 60.000000000000007 4.616666666666668 86.003450000000015 4.5230273345514691 7.1500000000000012 60.000000000000007 4.450000000000002
decision_type=2 2 2 2 2 2 2 2 2 2 2 2 2 2
left_child=1 9 3 -3 5 6 7 8 -4 10 -1 -12 -13 -11
right_child=-2 2 4 -5 -6 -7 -8 -9 -10 13 11 12 -14 -15
leaf_value=-0.0071622640195502241 6.775360732170703e-05 0.0008682996776769869 0.00074403956754221813 -0.0071751267235312197 -0.0023144327343770249 -0.00019941992907072695 0.011714850706250772 -0.00065673774973090205 0.0098228453442726921 -0.0013518071256953001 -0.0048642670602670746 0.0077080868914102514 -0.0029300426429306921 0.0021384450070478993
leaf_weight=70 7717 57 21 36 34 34 23 28 41 386 49 30 22 92
leaf_count=70 7717 57 21 36 34 34 23 28 41 386 49 30 22 92
internal_value=8.5833e-13 -0.000566473 0.00136909 -0.00224528 0.00322621 0.00450772 0.00592402 0.00444414 0.00674777 -0.00138365 -0.00335044 -0.000708588 0.00320734 -0.000680043
internal_weight=8640 923 274 93 181 147 113 90 62 649 171 101 52 478
internal_count=8640 923 274 93 181 147 113 90 62 649 171 101 52 478
is_linear=0
shrinkage=0.05


Tree=79
num_leaves=15
num_cat=0
split_feature=3 7 4 6 5 8 5 8 5 5 8 7 7 1
split_gain=0.121942 0.717438 0.722792 0.630419 0.956162 0.993038 0.591934 0.961921 0.771722 0.558761 0.866248 0.611197 0.613617 0.486799
threshold=6.3500000000000005 2.4280765135299096 4.2500000000000009 3.2000000000000011 5.4500000000000011 6.3500000000000005 8.8500000000000032 8.9833333333333361 6.8500000000000005 5.2500000000000009 5.9500000000000002 2.1581875583210586 1.922382780706162 31.383250000000004
decision_type=2 2 2 2 2 2 2 2 2 2 2 2 2 2
left_child=1 9 -3 4 5 -2 7 -4 -9 10 -1 12 -11 -14
right_child=3 2 6 -5 -6 -7 -8 8 -10 11 -12 -13 13 -15
leaf_value=-0.00029045364768176947 0.0029148726210998441 0.010045750481499867 0.00096617157991319791 -0.00028682753327357262 0.00061935356746960115 0.015138433733955027 -0.0010508076750383472 0.0018233548468825492 0.010319252177410258 -0.0025338569074420886 0.0065161564415890955 -0.0078108699187975049 0.0088980685803107928 -0.0010007652057403768
leaf_weight=1015 54 22 1008 5328 396 24 302 55 52 241 49 44 23 27
leaf_count=1015 54 22 1008 5328 396 24 302 55 52 241 49 44 23 27
internal_value=-4.56124e-12 0.000268579 0.00105243 -0.000131373 0.00161601 0.00667597 0.000912804 0.00144465 0.0059522 -0.000537685 2.30087e-05 -0.00231852 -0.00148806 0.0035527
internal_weight=8640 2838 1439 5802 474 78 1417 1115 107 1399 1064 335 291 50
internal_count=8640 2838 1439 5802 474 78 1417 1115 107 1399 1064 335 291 50
is_linear=0
shrinkage=0.05


Tree=80
num_leaves=15
num_cat=0
split_feature=5 1 7 3 6 5 8 0 8 2 7 3 0 3
split_gain=0.122748 0.512131 0.654502 0.538533 0.46654 0.359004 0.499466 0.378681 0.384978 0.329567 0.619673 0.602762 0.518535 0.341167
threshold=2.6500000000000008 31.383250000000004 2.9508936763297724 2.7500000000000004 10.550000000000002 2.3500000000000001 5.5833333333333339 60.000000000000007 4.616666666666668 86.003450000000015 4.5230273345514691 7.1500000000000012 60.000000000000007 6.8500000000000005
decision_type=2 2 2 2 2 2 2 2 2 2 2 2 2 2
left_child=1 9 3 -3 5 6 7 8 -4 10 -1 -12 -13 -11
right_child=-2 2 4 -5 -6 -7 -8 -9 -10 13 11 12 -14 -15
leaf_value=-0.0068094734752750302 6.5177344775621142e-05 0.0044962559793772098 0.00065852897241711625 -0.0043224503266225973 -0.0021652715533439604 -0.00023775753147407052 0.012196498137453328 -0.00088298021167117582 0.0090186681223713098 -0.0011756183268875394 -0.0046673428590352437 0.0073370239549937349 -0.0027691991872746836 0.0026721525937318802
leaf_weight=70 7717 23 21 70 35 34 23 28 40 411 49 30 22 67
leaf_count=70 7717 23 21 70 35 34 23 28 40 411 49 30 22 67
internal_value=3.47882e-13 -0.000544933 0.00126769 -0.00214148 0.00301936 0.00426225 0.00562832 0.00393093 0.00614059 -0.0013102 -0.003194 -0.000688232 0.00306131 -0.000636286
internal_weight=8640 923 274 93 181 146 112 89 61 649 171 101 52 478
internal_count=8640 923 274 93 181 146 112 89 61 649 171 101 52 478
is_linear=0
shrinkage=0.05


Tree=81
num_leaves=15
num_cat=0
split_feature=4 3 8 2 3 4 5 8 7 4 5 3 5 7
split_gain=0.124052 0.238459 0.130863 0.17726 0.587944 0.791442 0.829438 0.540229 0.858132 0.572595 0.542351 0.416325 0.613859 0.552309
threshold=1.3500000000000003 3.8500000000000001 2.7333333333333338 86.003450000000015 6.8500000000000005 4.5500000000000007 8.1500000000000004 6.0833333333333339 2.1286404161464163 6.3500000000000005 4.3500000000000005 2.4500000000000006 5.1500000000000012 2.454474205352057
decision_type=2 2 2 2 2 2 2 2 2 2 2 2 2 2
left_child=1 -1 -2 -4 11 -6 7 8 -7 -9 -11 -5 -13 -14
right_child=2 -3 3 4 5 6 -8 9 -10 10 -12 12 13 -15
leaf_value=0.006717357157031075 -0.0015787698874412332 0.00017769602937218936 -0.00010042093321735207 0.0022188232490970268 -0.0011347136826737336 0.0041011144656960558 -0.0018199053310026002 -0.0004619723506785261 0.016530259432537216 -0.00013196839929812334 0.0062719331066915423 0.00019238635116441098 -0.0040556891844115133 0.0017199475041432483
leaf_weight=20 132 46 6902 147 162 41 72 78 21 44 133 600 189 53
leaf_count=20 132 46 6902 147 162 41 72 78 21 44 133 600 189 53
internal_value=4.107e-12 0.00215941 -1.66225e-05 7.80342e-06 0.000492845 0.00180173 0.00302461 0.00412495 0.00831099 0.00310716 0.00468 -0.000236369 -0.000665007 -0.00279078
internal_weight=8640 66 8574 8442 1540 551 389 317 62 255 177 989 842 242
internal_count=8640 66 8574 8442 1540 551 389 317 62 255 177 989 842 242
is_linear=0
shrinkage=0.05


Tree=82
num_leaves=15
num_cat=0
split_feature=3 7 6 7 5 8 7 5 6 7 4 1 5 5
split_gain=0.122844 0.611463 0.6755 0.676818 0.654581 0.657526 0.564046 0.911315 0.785358 0.785356 0.774674 0.5234 2.0637 0.899368
threshold=6.3500000000000005 2.4280765135299096 6.1500000000000021 3.137585746881967 4.8500000000000005 6.5166666666666675 2.5381533094401969 7.8500000000000005 5.950000000000002 4.6279343487913271 4.0500000000000007 31.383250000000004 2.8500000000000001 5.8500000000000005
decision_type=2 2 2 2 2 2 2 2 2 2 2 2 2 2
left_child=1 -1 -3 4 -4 -6 8 9 -2 -8 -9 12 -5 -13
right_child=6 2 3 11 5 -7 7 10 -10 -11 -12 13 -14 -15
leaf_value=-0.00047476753291716902 0.00049820769286939128 0.0043194434138401272 0.00090185465400932521 -0.0046490108769697445 -0.0093338671140372753 -0.0016868101882145687 -0.0023064173734084555 0.0070164343807846315 0.0070655008223145565 -0.00023025503898423325 8.6139721351293907e-05 0.0020311964914173047 0.0046658404346901069 -0.0015979144294714133
leaf_weight=1399 1449 138 123 75 42 85 914 41 47 908 2443 377 287 312
leaf_count=1399 1449 138 123 75 42 85 914 41 47 908 2443 377 287 312
internal_value=-6.63931e-13 0.000269571 0.000993219 0.000640399 -0.00169789 -0.00421576 -0.000131858 -0.000422439 0.000704533 -0.00127175 0.000200529 0.00119661 0.00273597 0.000387826
internal_weight=8640 2838 1439 1301 250 127 5802 4306 1496 1822 2484 1051 362 689
internal_count=8640 2838 1439 1301 250 127 5802 4306 1496 1822 2484 1051 362 689
is_linear=0
shrinkage=0.05


Tree=83
num_leaves=15
num_cat=0
split_feature=4 3 8 8 2 3 4 5 8 7 4 5 3 0
split_gain=0.114005 0.215713 0.114618 0.169436 0.164002 0.531009 0.707094 0.755062 0.487025 0.785011 0.511989 0.485819 0.374699 0.601581
threshold=1.3500000000000003 3.8500000000000001 2.7333333333333338 2.3500000000000005 86.003450000000015 6.8500000000000005 4.5500000000000007 8.1500000000000004 6.0833333333333339 2.1286404161464163 6.3500000000000005 4.1500000000000012 2.4500000000000006 36.000000000000007
decision_type=2 2 2 2 2 2 2 2 2 2 2 2 2 2
left_child=1 -1 3 -2 -4 12 -7 8 9 -8 -10 -12 -6 -14
right_child=2 -3 4 -5 5 6 7 -9 10 -11 11 -13 13 -15
leaf_value=0.0064052277154405604 0.0005455192622070298 0.00018528743404085221 -9.7174111486574802e-05 -0.0030638393398525346 0.0021096879081027647 -0.0010581891396999887 0.0038711483022425236 -0.0017489557476235659 -0.00041823996132454622 0.015758968659100078 -0.00074016056799640264 0.0057676193560308496 0.0011889676794895865 -0.0016102132013586996
leaf_weight=20 58 46 6902 74 147 162 41 72 78 21 36 141 296 546
leaf_count=20 58 46 6902 74 147 162 41 72 78 21 36 141 296 546
internal_value=1.39738e-12 0.00207012 -1.59351e-05 -0.00147791 6.92445e-06 0.000473475 0.00171737 0.00287326 0.0039231 0.00789767 0.00295673 0.004444 -0.000219533 -0.000626178
internal_weight=8640 66 8574 132 8442 1540 551 389 317 62 255 177 989 842
internal_count=8640 66 8574 132 8442 1540 551 389 317 62 255 177 989 842
is_linear=0
shrinkage=0.05


Tree=84
num_leaves=15
num_cat=0
split_feature=3 3 5 2 7 5 6 5 8 5 2 8 5 6
split_gain=0.116976 0.579204 0.575655 0.574044 0.565726 0.960064 0.511722 0.831824 0.877719 0.487053 1.12085 1.14959 0.767183 0.861107
threshold=6.3500000000000005 6.0500000000000007 3.0500000000000003 77.393050000000017 3.137585746881967 5.1500000000000012 3.2000000000000011 5.4500000000000011 6.3500000000000005 4.8500000000000005 86.003450000000015 6.0833333333333339 2.0500000000000003 4.5500000000000025
decision_type=2 2 2 2 2 2 2 2 2 2 2 2 2 2
left_child=1 4 -3 -4 5 -1 7 8 -2 10 11 -8 -13 -14
right_child=6 2 3 -5 -6 -7 9 -9 -10 -11 -12 12 13 -15
leaf_value=0.00028083689908245109 0.0026291787969293418 -0.0034286171335864953 0.010290970179167662 0.0026566325792485909 0.0010333938564181227 -0.0023707451147994343 -0.0096102439020848227 0.00051604217055637033 0.014121096457044284 -5.7976524940812405e-05 0.0012706326930371822 0.0042828282564068626 0.0063851663215945542 -0.002965147059976614
leaf_weight=1207 54 27 33 97 998 476 53 396 24 4461 277 46 26 465
leaf_count=1207 54 27 33 97 998 476 53 396 24 4461 277 46 26 465
internal_value=8.05155e-13 0.000263053 0.00321479 0.00459458 9.01986e-05 -0.000469105 -0.00012867 0.00144564 0.00616515 -0.000268727 -0.00135311 -0.00258494 -0.00189156 -0.00247002
internal_weight=8640 2838 157 130 2681 1683 5802 474 78 5328 867 590 537 491
internal_count=8640 2838 157 130 2681 1683 5802 474 78 5328 867 590 537 491
is_linear=0
shrinkage=0.05


Tree=85
num_leaves=15
num_cat=0
split_feature=5 1 3 8 3 3 6 3 3 4 5 5 8 6
split_gain=0.118344 0.427524 0.586021 0.773053 0.515364 0.449267 0.331973 0.277261 0.440381 0.416359 0.305725 0.267444 0.467468 0.908301
threshold=2.6500000000000008 31.383250000000004 3.7500000000000004 5.8833333333333337 4.2500000000000009 4.5500000000000007 10.550000000000002 2.1500000000000008 1.7000000000000004 8.7500000000000018 1.8500000000000003 2.9500000000000006 6.5833333333333339 5.5500000000000007
decision_type=2 2 2 2 2 2 2 2 2 2 2 2 2 2
left_child=1 -1 6 4 -4 -6 7 8 -3 -9 -11 12 13 -2
right_child=11 2 3 -5 5 -7 -8 9 -10 10 -12 -13 -14 -15
leaf_value=-0.0012342705229583476 0.00040168656246483475 0.0059033315334956916 -0.011058683659542691 0.0049873259625044363 0.0039293243316933513 -0.0057452480386321753 -0.0024412913601845505 0.0008215462456324272 -0.0039182999841868875 0.010779799717877592 0.0040179755970711998 1.6231894451216677e-05 -0.0028043288643294501 0.0084571520991201677
leaf_weight=649 103 21 22 29 20 30 25 35 25 35 32 7519 42 53
leaf_count=649 103 21 22 29 20 30 25 35 25 35 32 7519 42 53
internal_value=-2.99016e-12 -0.000535069 0.00112107 -0.00190524 -0.00468142 -0.00187542 0.00288788 0.00378807 0.000565488 0.0052414 0.00755027 6.39975e-05 0.00187788 0.00313848
internal_weight=8640 923 274 101 72 50 173 148 46 102 67 7717 198 156
internal_count=8640 923 274 101 72 50 173 148 46 102 67 7717 198 156
is_linear=0
shrinkage=0.05


Tree=86
num_leaves=15
num_cat=0
split_feature=3 4 5 4 7 7 3 5 5 4 4 8 8 3
split_gain=0.111663 0.171735 0.146444 0.116909 0.511847 1.04053 0.548198 0.754039 1.00023 0.666341 0.542358 0.520691 0.501923 0.471126
threshold=24.550000000000004 32.850000000000001 13.15 13.450000000000001 3.3514507269118305 3.1610472505604283 6.5500000000000007 3.0500000000000003 8.8500000000000032 13.950000000000001 13.750000000000002 11.850000000000003 10.383333333333335 14.750000000000002
decision_type=2 2 2 2 2 2 2 2 2 2 2 2 2 2
left_child=1 3 -2 12 5 10 7 -6 9 -9 -5 -12 -1 -13
right_child=2 -3 -4 4 6 -7 -8 8 -10 -11 11 13 -14 -15
leaf_value=-1.9843674698098106e-06 0.0024024163245816126 0.0045397132989906134 -0.0020187809763084507 0.0062129922521611059 -0.0039523279493865133 0.0055795882087200889 -0.0002976496491330065 -0.0024128209479385987 -0.00070332743939915737 0.0053253193237237251 -0.0034043248160742223 0.0025962763099437441 -0.0019033526817971555 -0.00073648186497716442
leaf_weight=4008 22 21 126 39 55 125 2938 32 167 213 88 199 380 227
leaf_count=4008 22 21 126 39 55 125 2938 32 167 213 88 199 380 227
internal_value=-3.37824e-12 2.37298e-05 -0.00136158 1.25344e-05 0.000205096 0.00145966 -4.47124e-05 0.00154657 0.00228065 0.00431462 0.000528397 9.70759e-05 -0.000166643 0.00082037
internal_weight=8640 8492 148 8471 4083 678 3405 467 412 245 553 514 4388 426
internal_count=8640 8492 148 8471 4083 678 3405 467 412 245 553 514 4388 426
is_linear=0
shrinkage=0.05


Tree=87
num_leaves=15
num_cat=0
split_feature=5 8 8 6 8 3 4 3 3 7 5 5 5 5
split_gain=0.108624 0.338563 0.288079 0.228788 0.691381 0.313799 0.220238 0.200275 0.5664 0.493509 1.03666 0.640244 0.88949 0.626116
threshold=1.5500000000000003 2.3500000000000005 2.7333333333333338 9.3500000000000032 4.616666666666668 5.8500000000000005 2.3500000000000001 6.3500000000000005 6.0500000000000007 4.0544899457160932 4.8500000000000005 8.9500000000000011 4.2500000000000009 11.750000000000002
decision_type=2 2 2 2 2 2 2 2 2 2 2 2 2 2
left_child=3 -2 6 4 -1 -5 -3 8 9 10 -4 12 -11 -13
right_child=1 2 7 5 -6 -7 -8 -9 -10 11 -12 13 -14 -15
leaf_value=-0.0012656612059645967 0.0043578713700278765 0.00047489000367932025 0.00077808472074064443 -0.0065934758784400443 0.0071531105187854598 0.00035305575242844124 -0.006174497834096352 -0.00013008763884124591 0.0033843819474180543 0.00014576114130712695 -0.0016735597301844728 -0.0068706030997314621 0.0050890185980601169 0.00052915826767835263
leaf_weight=189 45 20 1098 37 28 29 33 5745 150 173 710 35 192 156
leaf_count=189 45 20 1098 37 28 29 33 5745 150 173 710 35 192 156
internal_value=-3.40632e-12 3.26245e-05 9.20821e-06 -0.000963402 -0.000179368 -0.00354121 -0.00366529 3.27884e-05 0.000404993 0.000215946 -0.000184674 0.00151868 0.00274605 -0.000826819
internal_weight=8640 8357 8312 283 217 66 53 8259 2514 2364 1808 556 365 191
internal_count=8640 8357 8312 283 217 66 53 8259 2514 2364 1808 556 365 191
is_linear=0
shrinkage=0.05


Tree=88
num_leaves=15
num_cat=0
split_feature=7 7 5 5 8 5 3 6 3 3 7 8 4 7
split_gain=0.108137 0.594411 0.646821 0.518008 0.724359 0.664869 0.94783 0.66907 0.865575 0.640953 0.865113 0.807 0.7423 0.517608
threshold=2.5776819545164815 2.3823420404806472 4.2500000000000009 3.5500000000000003 5.5166666666666666 6.1500000000000012 9.2500000000000018 5.3500000000000014 12.950000000000001 5.8500000000000005 2.2221110520747529 3.4500000000000006 4.9500000000000011 3.137585746881967
decision_type=2 2 2 2 2 2 2 2 2 2 2 2 2 2
left_child=1 3 -3 4 -1 9 -7 -8 -9 11 12 -5 -11 -2
right_child=13 2 -4 5 -6 6 7 8 -10 10 -12 -13 -14 -15
leaf_value=-0.00071998591234623645 -0.0012818976032020774 0.0055367593716793848 0.0007392060679564784 0.0056980939419840337 -0.0071327947278289096 -0.0019788759430677222 0.00043187646807960837 0.011369959678444447 -0.0014337357681308111 -0.00098843609378525764 -0.0044022646565467886 -0.00071152100382713534 0.0043875146790274553 7.0331317507392382e-05
leaf_weight=698 831 103 221 56 47 511 489 33 22 79 39 399 343 4769
leaf_count=698 831 103 221 56 47 511 489 33 22 79 39 399 343 4769
internal_value=-8.33703e-13 0.000240081 0.00226435 -1.40056e-06 -0.00112455 0.000423129 -0.000432561 0.00101995 0.00624848 0.00140867 0.00272265 7.73547e-05 0.00338112 -0.00013033
internal_weight=8640 3040 324 2716 745 1971 1055 544 55 916 461 455 422 5600
internal_count=8640 3040 324 2716 745 1971 1055 544 55 916 461 455 422 5600
is_linear=0
shrinkage=0.05


Tree=89
num_leaves=15
num_cat=0
split_feature=0 6 6 7 7 4 8 3 2 8 3 1 3 6
split_gain=0.101639 0.586619 0.589815 0.559604 0.458931 0.408942 0.379708 0.734717 0.859928 0.568423 1.24163 1.9853 0.508919 0.434121
threshold=36.000000000000007 6.2500000000000018 5.950000000000002 2.5381533094401969 7.9677818846305497 28.150000000000002 12.616666666666669 13.350000000000003 75.043350000000018 15.116666666666669 13.550000000000002 27.379200000000004 19.650000000000002 5.1500000000000021
decision_type=2 2 2 2 2 2 2 2 2 2 2 2 2 2
left_child=1 2 -1 -4 -3 -6 7 -2 -9 10 -8 12 13 -12
right_child=6 4 3 -5 5 -7 9 8 -10 -11 11 -13 -14 -15
leaf_value=0.00038795074151938059 -2.2538783831852567e-05 -0.0009819830413985767 0.011841363832354547 0.001771483788065411 0.00064343124770133175 0.008503350632710625 0.00024662360267992725 -0.012604727325114338 -0.0020147594964114528 -3.6833799023754345e-06 -0.0018348968641034196 0.013643965324930228 -0.0045815747636167902 0.0042622416769683528
leaf_weight=1045 3585 1694 22 37 59 23 510 22 149 1212 35 48 23 176
leaf_count=1045 3585 1694 22 37 59 23 510 22 149 1212 35 48 23 176
internal_value=1.27529e-13 -0.000242527 0.000662557 0.00552635 -0.000805146 0.00284804 0.000121263 -0.000175267 -0.00337721 0.000677036 0.00171874 0.00438109 0.00248101 0.00325087
internal_weight=8640 2880 1104 59 1776 82 5760 3756 171 2004 792 282 234 211
internal_count=8640 2880 1104 59 1776 82 5760 3756 171 2004 792 282 234 211
is_linear=0
shrinkage=0.05


Tree=90
num_leaves=15
num_cat=0
split_feature=3 6 7 7 0 7 5 3 5 7 2 5 8 4
split_gain=0.100315 0.102079 0.790116 0.837315 0.472342 0.42139 0.416525 0.454554 1.03609 0.753143 0.721571 1.02433 0.788358 0.720137
threshold=0.60000000000000009 6.4000000000000021 3.137585746881967 3.2549106004550858 36.000000000000007 7.9677818846305497 14.450000000000001 6.5500000000000007 7.7500000000000009 4.6279343487913271 77.393050000000017 2.8500000000000001 9.6500000000000021 18.350000000000005
decision_type=2 2 2 2 2 2 2 2 2 2 2 2 2 2
left_child=-1 -2 -3 -4 5 -5 7 10 9 -9 11 -6 -13 -10
right_child=1 2 3 4 6 -7 -8 8 13 -11 -12 12 -14 -15
leaf_value=0.0032976917132897226 0.00020926513307307259 -0.0019443721447792925 0.0035184984336491436 -0.00097855192222666919 -0.0034656996330754324 0.0027056406825644581 -0.0012304258632266423 -0.0028695412488324631 0.0039510820273799489 4.53376728203227e-05 0.00060963935319729686 0.0042430939271904103 0.013082985094550885 0.00061467370180084209
leaf_weight=23 3307 547 169 1451 33 82 391 356 195 587 411 107 33 948
leaf_count=23 3307 547 169 1451 33 82 391 356 195 587 411 107 33 948
internal_value=-6.04014e-14 -8.80201e-06 -0.000144611 6.20795e-05 -6.50721e-05 -0.000781485 0.000293719 0.000516918 0.00017173 -0.00105508 0.0017499 0.00445885 0.00632678 0.00118388
internal_weight=8640 8617 5310 4763 4594 1533 3061 2670 2086 943 584 173 140 1143
internal_count=8640 8617 5310 4763 4594 1533 3061 2670 2086 943 584 173 140 1143
is_linear=0
shrinkage=0.05


Tree=91
num_leaves=15
num_cat=0
split_feature=4 5 1 3 8 3 3 6 3 8 5 8 2 6
split_gain=0.0989169 0.102643 0.395367 0.53724 0.715238 0.456157 0.408808 0.279773 0.250824 0.533162 0.327241 0.382145 0.926192 0.568783
threshold=1.0500000000000003 2.6500000000000008 31.383250000000004 3.7500000000000004 5.8833333333333337 4.2500000000000009 4.5500000000000007 10.550000000000002 6.8500000000000005 5.0166666666666684 2.2500000000000004 4.450000000000002 86.003450000000015 11.150000000000004
decision_type=2 2 2 2 2 2 2 2 2 2 2 2 2 2
left_child=-1 2 8 7 5 -5 -7 -4 9 -2 11 -10 13 -13
right_child=1 -3 3 4 -6 6 -8 -9 10 -11 -12 12 -14 -15
leaf_value=0.002866086958286663 -0.00099440238497040356 4.9544110590882276e-05 0.0035971357939431343 -0.010488666086034342 0.0048112678823286096 0.0036882020300254229 -0.005540462952728073 -0.0021215328406542543 -0.0035315173293423395 -0.0053914502807275722 -0.0028708979316511528 -0.0059293875301426116 0.01226176342562489 0.0042751836267092991
leaf_weight=30 407 7695 148 22 29 20 30 25 23 83 47 22 23 36
leaf_count=30 407 7695 148 22 29 20 30 25 23 83 47 22 23 36
internal_value=-2.16573e-12 -9.98637e-06 -0.000510628 0.00107907 -0.00181855 -0.0044889 -0.001849 0.00277074 -0.00119015 -0.00173921 0.000591547 0.00215631 0.00377137 0.000404484
internal_weight=8640 8610 915 274 101 72 50 173 641 490 151 104 81 58
internal_count=8640 8610 915 274 101 72 50 173 641 490 151 104 81 58
is_linear=0
shrinkage=0.05


Tree=92
num_leaves=15
num_cat=0
split_feature=2 3 4 5 3 4 8 4 6 5 3 7 7 4
split_gain=0.0954854 0.59008 0.516343 0.611013 0.526525 0.487462 0.588741 0.425396 0.68611 0.439302 0.336067 0.362253 0.959596 0.747511
threshold=86.003450000000015 6.8500000000000005 6.3500000000000005 8.7500000000000018 7.1500000000000012 6.8500000000000005 6.7500000000000009 8.0500000000000025 5.5500000000000007 6.8500000000000005 6.6500000000000012 2.4280765135299096 2.1286404161464163 10.450000000000001
decision_type=2 2 2 2 2 2 2 2 2 2 2 2 2 2
left_child=-1 10 4 5 -3 6 -4 -7 9 -9 11 12 -2 -13
right_child=1 2 3 -5 -6 7 -8 8 -10 -11 -12 13 -14 -15
leaf_value=-8.3109674553451514e-05 -0.00012256866858527819 0.0062937408064802488 0.01526624600269965 -0.0018326677452853843 -0.00038129122747588862 0.00044373991937997446 0.0034266294024529911 0.011750141514512973 -0.0010100315635402999 0.0029137906914746218 -0.0053629922011168675 0.0045143666582236298 -0.0066998000868390938 -0.0030405224344576712
leaf_weight=6912 923 33 21 46 282 72 21 39 27 22 32 103 59 48
leaf_count=6912 923 33 21 46 282 72 21 39 27 22 32 103 59 48
internal_value=1.22355e-11 0.000332439 0.00166155 0.00336808 0.000317998 0.00455241 0.00934644 0.00329398 0.005626 0.00856326 -0.000309871 -0.000167153 -0.000517738 0.00211281
internal_weight=8640 1728 563 248 315 202 42 160 88 61 1165 1133 982 151
internal_count=8640 1728 563 248 315 202 42 160 88 61 1165 1133 982 151
is_linear=0
shrinkage=0.05


Tree=93
num_leaves=15
num_cat=0
split_feature=4 3 5 5 5 5 4 8 2 3 5 8 4 7
split_gain=0.096495 0.339205 0.570132 0.387528 0.406971 0.323748 0.191598 0.189836 0.244749 0.410846 0.498912 0.563129 0.60857 0.567252
threshold=2.6500000000000008 2.4500000000000006 2.5500000000000003 7.9500000000000011 5.2500000000000009 1.5500000000000003 2.8500000000000001 3.4500000000000006 86.003450000000015 6.8500000000000005 8.1500000000000004 8.2500000000000018 3.8500000000000001 2.4092414224711662
decision_type=2 2 2 2 2 2 2 2 2 2 2 2 2 2
left_child=1 2 -1 4 5 -3 -2 -8 -9 -10 11 12 13 -11
right_child=6 3 -4 -5 -6 -7 7 8 9 10 -12 -13 -14 -15
leaf_value=-0.00098089864530431282 -0.0035737455856226586 -0.0039776574693281544 0.010162549259257504 0.006066839400678873 -0.0049998895878471984 0.0014891922966696997 -0.0014781520434351278 -9.3440119911626174e-05 -7.2220744466324304e-05 0.0031280696857720613 -0.0018338815927381802 0.0072920623129971752 0.0026839593787467732 -0.00679570217228805
leaf_weight=22 38 33 24 25 41 151 216 6846 747 24 80 53 304 36
leaf_count=22 38 33 24 25 41 151 216 6846 747 24 80 53 304 36
internal_value=-5.30694e-12 0.00088717 0.00483307 0.000161123 -0.000495067 0.000508725 -3.1472e-05 -1.52661e-05 2.37924e-05 0.000668948 0.00178294 0.00247681 0.00177569 -0.00282619
internal_weight=8640 296 46 250 225 184 8344 8306 8090 1244 497 417 364 60
internal_count=8640 296 46 250 225 184 8344 8306 8090 1244 497 417 364 60
is_linear=0
shrinkage=0.05


Tree=94
num_leaves=15
num_cat=0
split_feature=3 3 5 2 6 5 8 5 2 8 5 6 3 6
split_gain=0.0985803 0.45532 0.471982 0.484304 0.41128 0.680894 0.768728 0.444851 0.908602 1.01468 0.667184 0.73215 1.05467 0.643928
threshold=6.3500000000000005 6.0500000000000007 3.0500000000000003 77.393050000000017 3.2000000000000011 5.4500000000000011 6.3500000000000005 4.8500000000000005 86.003450000000015 6.0833333333333339 2.0500000000000003 4.5500000000000025 9.8500000000000032 3.8500000000000001
decision_type=2 2 2 2 2 2 2 2 2 2 2 2 2 2
left_child=1 -1 -3 -4 5 6 -2 8 9 -6 -11 -12 -13 -9
right_child=4 2 3 -5 7 -7 -8 13 -10 10 11 12 -14 -15
leaf_value=8.8227204874876593e-05 0.0022540270005939186 -0.00315692705033278 0.0093401890360947822 0.0023279294256089715 -0.008989300396082537 0.00045220968932844336 0.013008794467896224 -0.003355257099528771 0.0010822698358355582 0.0040202656183796733 0.0058881214175086757 -0.0049707578812812564 -0.00019899341392591425 6.665573425364617e-05
leaf_weight=2681 54 27 33 97 53 396 24 142 277 46 26 247 218 4319
leaf_count=2681 54 27 33 97 53 396 24 142 277 46 26 247 218 4319
internal_value=1.2344e-11 0.000241485 0.00285859 0.00410796 -0.000118121 0.00129326 0.00556319 -0.000243682 -0.00128002 -0.0023891 -0.00173768 -0.00227712 -0.00273367 -4.22686e-05
internal_weight=8640 2838 157 130 5802 474 78 5328 867 590 537 491 465 4461
internal_count=8640 2838 157 130 5802 474 78 5328 867 590 537 491 465 4461
is_linear=0
shrinkage=0.05


Tree=95
num_leaves=15
num_cat=0
split_feature=3 4 4 3 6 0 4 2 7 8 0 6 6 7
split_gain=0.0922835 0.151703 0.138539 0.166862 0.107391 0.199022 0.209885 0.172968 0.150633 0.276843 0.117068 0.553694 0.531659 0.504926
threshold=24.750000000000004 32.850000000000001 26.550000000000004 26.450000000000003 20.050000000000004 36.000000000000007 26.550000000000004 77.393050000000017 8.1229411887492411 13.916666666666668 36.000000000000007 6.2500000000000018 5.950000000000002 2.5381533094401969
decision_type=2 2 2 2 2 2 2 2 2 2 2 2 2 2
left_child=1 4 3 -2 8 6 -6 -7 10 -10 11 12 -1 -14
right_child=2 -3 -4 -5 5 7 -8 -9 9 -11 -12 -13 13 -15
leaf_value=0.00035465623623864563 -0.0013145467140711845 0.0042652536804477373 -0.0029134442744804408 0.003996536644574787 -0.001511492836289108 -0.0067262710027751471 0.0051465214649215347 -0.001552413784665987 0.006160438155555832 -0.00064738425862742588 0.00014783316308512884 -0.000831944324174885 0.011231854879720645 0.001666574048136386
leaf_weight=1044 50 21 67 21 29 21 20 70 28 32 5531 1647 22 37
leaf_count=1044 50 21 67 21 29 21 20 70 28 32 5531 1647 22 37
internal_value=3.32734e-12 2.08187e-05 -0.00128261 0.000256337 1.0309e-05 -0.00136303 0.00120606 -0.00274638 3.33598e-05 0.0025296 1.52733e-05 -0.000251341 0.000615617 0.00523329
internal_weight=8640 8502 138 71 8481 140 49 91 8341 60 8281 2750 1103 59
internal_count=8640 8502 138 71 8481 140 49 91 8341 60 8281 2750 1103 59
is_linear=0
shrinkage=0.05


Tree=96
num_leaves=15
num_cat=0
split_feature=4 7 6 4 8 3 0 3 5 5 1 5 7 6
split_gain=0.0975106 0.436157 0.916821 0.491742 0.502678 0.455834 0.514083 0.436013 0.56643 0.807439 0.581796 1.13443 0.542389 0.439479
threshold=13.450000000000001 3.3514507269118305 7.4000000000000021 13.750000000000002 11.850000000000003 16.750000000000004 60.000000000000007 6.5500000000000007 3.0500000000000003 8.8500000000000032 31.383250000000004 6.0500000000000007 4.5483812936032093 12.250000000000004
decision_type=2 2 2 2 2 2 2 2 2 2 2 2 2 2
left_child=-1 2 3 -2 -5 6 -4 8 -3 10 11 -10 -12 -14
right_child=1 7 5 4 -6 -7 -8 -9 9 -11 12 -13 13 -15
leaf_value=-0.0001652344572909744 0.0061363053787823049 -0.0033926854435015808 0.0094984488709578454 -0.0032395810710005865 0.00081115276171838703 -0.0007110103720333427 0.0017162331962026656 -0.00026556782289669791 0.001566246697514477 -0.00067150191191572026 -0.0051773011218756437 0.010045802853633896 0.0068465785628982955 -0.0019380883624156315
leaf_weight=4391 36 55 63 93 434 25 32 3099 82 167 28 76 35 24
leaf_count=4391 36 55 63 93 434 25 32 3099 82 167 28 76 35 24
internal_value=-2.97151e-12 0.000170757 0.00132828 0.000482533 9.63174e-05 0.00529622 0.00687707 -5.09445e-05 0.00137329 0.00200952 0.003837 0.00564502 0.000553468 0.00327315
internal_weight=8640 4249 683 563 527 120 95 3566 467 412 245 158 87 59
internal_count=8640 4249 683 563 527 120 95 3566 467 412 245 158 87 59
is_linear=0
shrinkage=0.05


Tree=97
num_leaves=15
num_cat=0
split_feature=4 4 3 5 2 1 8 5 3 5 8 6 7 8
split_gain=0.0888359 0.576765 0.498048 0.366798 1.10469 0.467598 0.627343 0.524833 0.763106 0.471906 0.552516 0.528517 0.449166 0.436062
threshold=13.65 13.750000000000002 8.2500000000000018 5.7500000000000009 77.393050000000017 31.383250000000004 6.5833333333333339 9.1500000000000004 4.1500000000000012 13.850000000000003 11.71666666666667 10.150000000000004 2.5161697739044233 9.5166666666666693
decision_type=2 2 2 2 2 2 2 2 2 2 2 2 2 2
left_child=3 2 -2 4 -1 9 -7 8 -8 10 11 -5 -9 -6
right_child=1 -3 -4 5 13 6 7 12 -10 -11 -12 -13 -14 -15
leaf_value=-0.0021288045010438733 0.00029234649347407478 0.0001046748466245605 0.010942565584960193 -0.00022754837888413386 0.00072622024947091015 -0.0061742720197224508 -0.0032427316247776619 -0.0067761660042119079 0.0029917545713792283 0.0074309604754671452 -0.0042488798178614579 0.0056975879873602817 -0.0016554347537509114 -0.0052446284166146676
leaf_weight=426 21 4151 23 1076 2249 76 80 56 127 20 83 39 182 31
leaf_count=426 21 4151 23 1076 2249 76 80 56 127 20 83 39 182 31
internal_value=-2.08611e-12 0.000165035 0.00585951 -0.000155753 0.000208357 -0.000722334 -0.00197594 -0.00125892 0.000582291 -0.000186103 -0.000313266 -2.03015e-05 -0.00286031 0.000645038
internal_weight=8640 4195 44 4445 2706 1739 521 445 207 1218 1198 1115 238 2280
internal_count=8640 4195 44 4445 2706 1739 521 445 207 1218 1198 1115 238 2280
is_linear=0
shrinkage=0.05


Tree=98
num_leaves=15
num_cat=0
split_feature=5 8 8 6 8 0 0 4 3 3 7 4 5 4
split_gain=0.0864987 0.288852 0.269805 0.200948 0.605112 0.272518 0.455382 0.180043 0.171615 0.435086 0.420347 0.540666 0.749144 0.569317
threshold=1.5500000000000003 2.3500000000000005 2.7333333333333338 9.3500000000000032 4.616666666666668 36.000000000000007 60.000000000000007 2.3500000000000001 6.3500000000000005 6.0500000000000007 2.4280765135299096 5.7500000000000009 8.8500000000000032 14.250000000000002
decision_type=2 2 2 2 2 2 2 2 2 2 2 2 2 2
left_child=3 -2 7 4 -1 -5 -7 -3 9 10 -4 -12 13 -13
right_child=1 2 8 5 -6 6 -8 -9 -10 -11 11 12 -14 -15
leaf_value=-0.0011411841570248178 0.0040242242660476933 0.0001948009990155697 -0.00050981433732961111 -0.0076686406589072682 0.0067348571294652566 0.0041013357229530813 -0.0061923597274082046 -0.0058172733438285919 -0.00012046828762596425 0.0029861258279221758 0.0072442994278389961 0.00070682190680646417 -0.0016897209730814212 0.0037517936718321032
leaf_weight=189 45 20 1093 23 28 22 21 33 5745 150 32 782 266 191
leaf_count=189 45 20 1093 23 28 22 21 33 5745 150 32 782 266 191
internal_value=-1.85457e-13 2.91129e-05 7.48395e-06 -0.000859706 -0.000124921 -0.00327559 -0.000925818 -0.00354857 3.0304e-05 0.000374849 0.000209159 0.000827442 0.000661712 0.00130455
internal_weight=8640 8357 8312 283 217 66 43 53 8259 2514 2364 1271 1239 973
internal_count=8640 8357 8312 283 217 66 43 53 8259 2514 2364 1271 1239 973
is_linear=0
shrinkage=0.05


Tree=99
num_leaves=15
num_cat=0
split_feature=4 3 4 7 6 3 0 4 3 5 5 4 1 5
split_gain=0.0829142 0.178428 0.0942226 0.39222 0.841624 0.524699 0.693212 0.436729 0.360851 0.511296 0.66335 0.523884 0.354013 1.02532
threshold=1.3500000000000003 3.8500000000000001 13.450000000000001 3.3514507269118305 7.6500000000000021 11.350000000000003 36.000000000000007 13.750000000000002 6.5500000000000007 3.0500000000000003 8.8500000000000032 13.950000000000001 31.383250000000004 6.0500000000000007
decision_type=2 2 2 2 2 2 2 2 2 2 2 2 2 2
left_child=1 -1 -2 4 7 -6 -7 -4 9 -5 11 -11 13 -13
right_child=2 -3 3 8 5 6 -8 -9 -10 10 -12 12 -14 -15
leaf_value=0.0057081193994963546 -0.00017787770312743779 5.1198712469119096e-05 0.0056845921184867625 -0.0032890177433463662 0.0001522536079088847 0.0021501837231751001 0.013994716418286167 0.00027924247113870977 -0.00025185093539530307 -0.0024651607869600415 -0.00058651246173583053 0.0017001618727420767 0.0013870813426921759 0.010083505476523244
leaf_weight=20 4325 46 40 55 24 21 30 568 3099 32 167 75 67 71
leaf_count=20 4325 46 40 55 24 21 30 568 3099 32 167 75 67 71
internal_value=4.24666e-12 0.00176542 -1.35896e-05 0.000153637 0.00125131 0.00624866 0.00911756 0.000634858 -5.6601e-05 0.00123907 0.00184355 0.00349996 0.00439613 0.00577699
internal_weight=8640 66 8574 4249 683 75 51 608 3566 467 412 245 213 146
internal_count=8640 66 8574 4249 683 75 51 608 3566 467 412 245 213 146
is_linear=0
shrinkage=0.05


end of trees

feature_importances:
Column_5=345
Column_3=296
Column_4=174
Column_8=163
Column_7=114
Column_6=104
Column_1=91
Column_2=65
Column_0=48

parameters:
[boosting: gbdt]
[objective: regression]
[metric: l2]
[tree_learner: serial]
[device_type: cpu]
[data_sample_strategy: bagging]
[data: ]
[valid: ]
[num_iterations: 100]
[learning_rate: 0.05]
[num_leaves: 15]
[num_threads: 0]
[seed: 42]
[deterministic: 0]
[force_col_wise: 0]
[force_row_wise: 0]
[histogram_pool_size: -1]
[max_depth: -1]
[min_data_in_leaf: 20]
[min_sum_hessian_in_leaf: 0.001]
[bagging_fraction: 1]
[pos_bagging_fraction: 1]
[neg_bagging_fraction: 1]
[bagging_freq: 0]
[bagging_seed: 400]
[bagging_by_query: 0]
[feature_fraction: 1]
[feature_fraction_bynode: 1]
[feature_fraction_seed: 30056]
[extra_trees: 0]
[extra_seed: 12879]
[early_stopping_round: 0]
[early_stopping_min_delta: 0]
[first_metric_only: 0]
[max_delta_step: 0]
[lambda_l1: 0]
[lambda_l2: 0]
[linear_lambda: 0]
[min_gain_to_split: 0]
[drop_rate: 0.1]
[max_drop: 50]
[skip_drop: 0.5]
[xgboost_dart_mode: 0]
[uniform_drop: 0]
[drop_seed: 17869]
[top_rate: 0.2]
[other_rate: 0.1]
[min_data_per_group: 100]
[max_cat_threshold: 32]
[cat_l2: 10]
[cat_smooth: 10]
[max_cat_to_onehot: 4]
[top_k: 20]
[monotone_constraints: ]
[monotone_constraints_method: basic]
[monotone_penalty: 0]
[feature_contri: ]
[forcedsplits_filename: ]
[refit_decay_rate: 0.9]
[cegb_tradeoff: 1]
[cegb_penalty_split: 0]
[cegb_penalty_feature_lazy: ]
[cegb_penalty_feature_coupled: ]
[path_smooth: 0]
[interaction_constraints: ]
[verbosity: -1]
[saved_feature_importance_type: 0]
[use_quantized_grad: 0]
[num_grad_quant_bins: 4]
[quant_train_renew_leaf: 0]
[stochastic_rounding: 1]
[linear_tree: 0]
[max_bin: 255]
[max_bin_by_feature: ]
[min_data_in_bin: 3]
[bin_construct_sample_cnt: 200000]
[data_random_seed: 175]
[is_enable_sparse: 1]
[enable_bundle: 1]
[use_missing: 1]
[zero_as_missing: 0]
[feature_pre_filter: 1]
[pre_partition: 0]
[two_round: 0]
[header: 0]
[label_column: ]
[weight_column: ]
[group_column: ]
[ignore_column: ]
[categorical_feature: ]
[forcedbins_filename: ]
[precise_float_parser: 0]
[parser_config_file: ]
[objective_seed: 16083]
[num_class: 1]
[is_unbalance: 0]
[scale_pos_weight: 1]
[sigmoid: 1]
[boost_from_average: 1]
[reg_sqrt: 0]
[alpha: 0.9]
[fair_c: 1]
[poisson_max_delta_step: 0.7]
[tweedie_variance_power: 1.5]
[lambdarank_truncation_level: 30]
[lambdarank_norm: 1]
[label_gain: ]
[lambdarank_position_bias_regularization: 0]
[eval_at: ]
[multi_error_top_k: 1]
[auc_mu_weights: ]
[num_machines: 1]
[local_listen_port: 12400]
[time_out: 120]
[machine_list_filename: ]
[machines: ]
[gpu_platform_id: -1]
[gpu_device_id: -1]
[gpu_device_id_list: ]
[gpu_use_dp: 0]
[num_gpu: 1]

end of parameters

pandas_categorical:null
